# 3ds Max Wavefront OBJ Exporter v0.99 - (c)2007 guruware
# File Created: 29.11.2024 10:21:37

mtllib DiskectomyModel.mtl

#
# object VertebraeLower2
#

v  -29.513412 8.942657 5.873123
v  -19.900824 -6.256073 10.786575
v  -20.651731 -5.110901 11.631622
v  -23.595856 11.021454 1.184006
v  -29.249584 5.643890 7.049118
v  -16.321833 11.066650 1.220169
v  -19.954622 -0.827820 5.934341
v  -26.432751 4.008850 -0.770279
v  -9.113155 7.092865 4.681168
v  -14.277784 6.094025 -0.855118
v  -25.763849 6.006927 -1.080917
v  -20.089733 7.685852 5.059494
v  -9.660751 5.854767 7.211578
v  -13.485922 4.189484 -0.950668
v  -20.071175 -5.938354 11.796417
v  -14.359978 3.876648 2.158936
v  -19.240307 -4.902100 11.645248
v  -17.024139 2.626465 1.852386
v  -30.952129 7.184570 4.810074
v  -22.936586 2.563660 1.831787
v  -19.327663 6.338776 5.994858
v  -20.394007 2.850555 -8.674423
v  -19.315762 2.844177 -8.588333
v  -25.903212 4.417206 2.334381
v  -17.039637 9.565613 -0.576691
v  -17.797756 4.184906 2.638504
v  -23.545837 3.653046 0.104996
v  -22.083773 8.967163 2.156952
v  -30.606586 6.637512 7.306046
v  -13.656866 5.756226 2.210465
v  -18.024824 8.707489 2.290451
v  -23.198120 9.684753 -0.512512
v  -26.568375 5.959106 2.306168
v  -22.245729 4.246826 2.576691
v  -16.345663 3.399597 -0.049347
v  -22.556005 8.175598 5.069626
v  -9.651672 6.501160 7.497238
v  -17.154255 8.172424 5.119339
v  -20.371033 2.884308 -9.897659
v  -25.493937 8.785522 1.055466
v  -14.577137 9.006012 1.028152
v  -20.685089 8.747467 -8.685211
v  -18.695072 8.700317 -8.212112
v  -20.038538 1.390320 4.365387
v  -21.390947 2.821198 -8.147064
v  -28.723526 8.978088 5.492218
v  -28.980812 8.621857 4.960724
v  -29.837177 8.520599 5.548477
v  -30.311356 8.518585 5.933655
v  -29.709465 9.124084 6.232636
v  -28.576965 9.203339 5.946243
v  -19.763288 -5.885193 10.767075
v  -19.893394 -6.157196 11.008377
v  -20.118866 -6.070435 10.706711
v  -19.909016 -5.401550 10.150147
v  -19.738611 -5.267944 10.282639
v  -20.125771 -5.376038 10.158432
v  -20.536877 -5.212738 11.793655
v  -20.701914 -4.444183 11.802414
v  -20.766972 -4.504211 11.524841
v  -20.588976 -5.332855 11.508270
v  -20.471519 -5.483856 11.668900
v  -20.753843 -4.612030 11.247681
v  -23.692415 10.607727 0.762100
v  -24.057058 10.699493 0.796021
v  -23.789503 11.179016 1.345581
v  -23.215038 10.729095 1.293030
v  -23.245886 10.340668 0.861542
v  -23.303288 10.977783 1.623947
v  -29.649765 5.530212 6.805878
v  -28.555691 5.495514 6.234314
v  -28.265133 5.726807 6.669464
v  -28.049671 6.188141 7.065857
v  -29.362240 5.928833 7.416641
v  -30.116657 5.746735 7.254654
v  -16.660744 10.835205 1.305389
v  -16.524263 11.026611 1.649857
v  -16.117682 11.169983 1.438049
v  -16.266071 10.633331 0.782135
v  -16.680586 10.403534 0.863052
v  -15.884214 10.731720 0.834381
v  -20.407692 -1.031372 6.226822
v  -20.767105 -0.316833 5.469833
v  -20.403408 -0.144409 5.223969
v  -19.535744 -0.156464 5.232071
v  -19.149292 -0.319336 5.485275
v  -19.478783 -1.023834 6.255920
v  -19.981756 0.203522 4.923386
v  -26.233545 3.524353 -0.616669
v  -25.937929 4.156738 -0.142838
v  -26.270615 4.595123 -0.587753
v  -26.561623 3.864166 -1.490478
v  -26.411079 3.162750 -1.433884
v  -26.383854 4.691040 -1.391113
v  -9.810184 7.016205 4.100555
v  -9.833951 7.525391 4.205658
v  -9.038418 7.450134 4.926666
v  -8.842117 7.222290 5.287048
v  -8.971977 6.802948 4.884110
v  -9.820438 6.533875 4.151444
v  -14.477671 5.420929 -0.072296
v  -13.994537 4.557617 -0.246353
v  -13.727470 4.896881 -0.923294
v  -13.780302 4.845734 -1.882904
v  -14.256460 5.959686 -1.946854
v  -14.256237 7.034851 -2.151581
v  -14.115742 7.315491 -1.093796
v  -14.289690 6.771393 0.154968
v  -14.567442 5.960419 0.520950
v  -14.035027 7.679230 -0.008331
v  -25.656418 5.462494 -0.347626
v  -25.460638 6.109192 0.364578
v  -25.736727 6.915253 0.063126
v  -25.773727 5.507233 -2.377808
v  -26.222223 4.454681 -2.507858
v  -25.972467 7.833862 -0.044540
v  -25.834822 7.241302 -1.238129
v  -25.672173 6.734375 -2.417801
v  -20.043921 7.911469 4.589142
v  -21.351467 8.538208 4.373535
v  -21.725592 8.434204 4.638962
v  -20.969133 7.303650 5.434494
v  -20.099827 6.128784 6.172226
v  -18.789528 8.061890 4.875809
v  -19.025099 8.220947 4.577103
v  -18.357481 7.430389 5.371872
v  -9.569859 6.190582 7.360367
v  -10.362041 6.010254 7.499496
v  -10.254280 5.628387 7.128571
v  -9.342342 5.886597 6.941742
v  -9.228516 6.351837 7.153641
v  -9.974152 5.526886 6.586029
v  -13.600813 3.763885 -0.711624
v  -13.461691 3.429047 -1.810776
v  -13.455374 4.048767 -1.884262
v  -20.161936 -5.897461 11.670731
v  -20.065773 -6.013214 11.568970
v  -19.949924 -5.909363 11.706482
v  -19.902567 -5.722076 11.835892
v  -20.054333 -5.740662 11.865540
v  -20.196226 -5.735413 11.800674
v  -14.515951 4.837097 2.055847
v  -13.486013 4.949951 2.619171
v  -14.892612 3.680176 1.863754
v  -14.952217 4.429596 1.922699
v  -13.213377 4.445099 3.096298
v  -14.008780 3.364716 2.675537
v  -19.319609 -5.021515 11.831436
v  -19.393026 -5.323090 11.694580
v  -19.270420 -5.110748 11.499832
v  -19.207729 -4.434509 11.494919
v  -19.259678 -4.374237 11.765976
v  -19.224789 -4.539642 11.226547
v  -17.696140 2.380554 2.701904
v  -17.781031 3.126984 2.722382
v  -16.895247 3.375336 1.772034
v  -16.503611 2.473206 1.756699
v  -17.451164 1.852478 2.686707
v  -16.127979 3.472107 1.592712
v  -30.923843 7.589844 5.080124
v  -30.417137 7.719574 4.564590
v  -30.529186 7.169189 4.353790
v  -31.073677 6.912354 5.008469
v  -31.118679 7.400879 5.426971
v  -30.569149 6.649445 4.380905
v  -23.430235 2.366028 1.793640
v  -23.846403 3.324707 1.589355
v  -23.055111 3.329071 1.781555
v  -22.291073 2.349884 2.711685
v  -22.516935 1.805634 2.706482
v  -22.221790 3.121094 2.679123
v  -10.901430 9.001312 5.702606
v  -10.753159 9.196350 6.172943
v  -9.864811 8.714325 5.991043
v  -10.494705 8.653259 5.467239
v  -18.711660 5.677917 6.082626
v  -17.901836 6.656281 5.597397
v  -19.571598 4.620514 6.961716
v  -19.153118 4.324066 6.825058
v  -20.021330 4.639618 7.055908
v  -19.053629 2.758362 -7.614975
v  -20.301720 2.722321 -7.298264
v  -21.520990 2.731140 -7.216995
v  -22.248249 2.870483 -8.708511
v  -21.249950 2.893097 -9.507355
v  -19.599747 2.881561 -9.801132
v  -18.542053 2.888275 -9.259216
v  -17.863993 2.829865 -8.121414
v  -25.647676 5.124786 2.056229
v  -25.116928 4.683990 1.949219
v  -25.209936 4.176758 1.981918
v  -26.849056 5.292999 2.763779
v  -25.490549 3.080231 2.079834
v  -25.731073 2.893738 2.510452
v  -26.330013 4.058411 2.789566
v  -27.126411 4.885010 3.200211
v  -25.064266 3.193726 1.818192
v  -16.188478 9.747375 -0.674591
v  -16.047506 9.432587 -1.527466
v  -16.767788 9.391663 -1.478821
v  -17.657104 9.326324 -1.534485
v  -17.847845 9.356567 -0.973221
v  -16.757534 9.948029 0.292984
v  -16.246317 10.151581 0.153580
v  -17.431644 9.297150 -0.100601
v  -17.106848 9.599182 0.521011
v  -18.000744 9.143433 -0.534409
v  -18.271461 5.399750 2.805496
v  -17.818777 5.610657 2.415161
v  -17.333977 4.751099 2.212341
v  -18.928289 4.083923 3.520309
v  -19.084747 5.302948 3.395126
v  -16.643246 4.475250 1.835815
v  -16.776869 4.022217 1.875015
v  -18.875284 2.991913 3.678909
v  -23.790203 2.814331 -0.412903
v  -22.858400 2.524536 -0.596344
v  -22.658901 3.078888 -0.335892
v  -22.360260 3.906677 -0.144882
v  -22.961922 4.478516 0.457871
v  -24.509268 4.017090 0.259140
v  -24.724213 3.181671 -0.244797
v  -22.340183 8.907776 1.791275
v  -22.725695 10.007629 1.474197
v  -22.653507 10.182922 1.775513
v  -22.073011 9.616394 2.468079
v  -21.445583 8.929474 2.993210
v  -21.496731 8.457703 2.743042
v  -21.544682 7.872345 2.655548
v  -21.977564 8.005981 2.205109
v  -22.163685 8.032837 1.950821
v  -30.202332 6.807861 7.521790
v  -30.293827 7.336182 7.380890
v  -30.785667 6.904572 7.103104
v  -30.958183 6.386627 6.810135
v  -30.685951 6.230652 7.170517
v  -30.194519 6.252747 7.484787
v  -14.655260 5.230988 1.768326
v  -14.217411 5.999847 1.616119
v  -12.353144 6.146820 2.939560
v  -12.301144 5.594727 3.222595
v  -13.387472 6.799988 2.071304
v  -12.295650 6.851288 2.833191
v  -13.956018 6.901917 1.484024
v  -17.720598 8.562317 1.860657
v  -17.844116 7.733002 1.948593
v  -18.065393 7.760590 2.282227
v  -18.718031 8.236115 2.952820
v  -18.820055 8.631165 3.244644
v  -18.194519 9.294189 2.712906
v  -18.610962 7.637878 2.803268
v  -17.574699 10.012878 2.299988
v  -17.581011 9.703156 1.931747
v  -17.504162 9.453278 1.678024
v  -24.031719 9.779846 -0.672195
v  -23.813297 10.179108 0.155029
v  -23.271008 10.001404 0.313583
v  -23.627764 9.414459 -1.510788
v  -24.269678 9.417908 -1.617187
v  -22.812490 9.560852 0.651749
v  -22.645826 9.355347 0.124222
v  -22.345131 9.202423 -0.279861
v  -22.668119 9.472351 -0.802689
v  -23.017170 9.387848 -1.470749
v  -26.923824 7.021515 2.312408
v  -26.166508 7.120239 1.618179
v  -25.866199 6.160675 1.649918
v  -25.453621 5.436218 1.720764
v  -21.161289 4.118347 3.438858
v  -21.161392 2.981812 3.642166
v  -21.741106 5.538269 2.755219
v  -21.027819 5.373199 3.301407
v  -23.169115 4.005035 1.879196
v  -22.631813 4.787506 2.202805
v  -22.093895 5.777100 2.431015
v  -23.270468 4.456726 1.869904
v  -17.140713 2.839874 -0.411011
v  -16.853760 2.225494 -0.841492
v  -15.944880 2.473267 -0.708893
v  -15.061525 2.702057 -0.682602
v  -15.394003 3.523224 -0.037445
v  -16.122353 4.372406 0.660797
v  -16.609388 4.696533 0.838608
v  -16.929298 4.133087 0.286087
v  -15.557848 4.432220 0.577301
v  -17.448669 3.472778 -0.225906
v  -23.150162 8.905304 4.457764
v  -24.056356 8.683685 4.955093
v  -23.891548 8.246521 5.389862
v  -22.614584 9.083008 4.165466
v  -23.943958 7.654053 5.597397
v  -22.749868 7.373230 5.424484
v  -10.328457 6.502014 7.653229
v  -9.443153 6.760590 7.364212
v  -10.206581 7.020020 7.645187
v  -16.577318 8.887909 4.500763
v  -17.089558 9.183655 4.065765
v  -17.794151 8.597565 4.586273
v  -16.857895 7.256348 5.478729
v  -15.665062 8.168121 5.608841
v  -15.457441 8.635590 5.220566
v  -20.404608 2.807617 -10.531052
v  -19.225401 2.825439 -10.452286
v  -21.694998 2.851196 -10.130295
v  -25.342953 9.365356 0.846024
v  -25.821569 8.911957 -0.083191
v  -25.931538 8.516022 -0.046097
v  -25.192617 9.381500 1.959732
v  -25.009199 9.856049 1.643402
v  -25.861773 7.969513 0.899185
v  -26.187269 7.872070 1.748657
v  -25.947647 8.500916 2.105072
v  -14.698746 9.574402 0.837357
v  -15.036678 10.088928 1.602890
v  -14.890467 9.602478 1.873291
v  -14.319368 8.728119 1.974686
v  -14.030575 8.211395 1.654190
v  -14.223883 8.358765 0.893463
v  -14.015686 8.365662 0.019516
v  -14.145271 8.851501 -0.023361
v  -14.249008 9.204834 -0.100189
v  -20.977388 8.782257 -9.317459
v  -21.910364 8.710968 -8.553650
v  -21.120907 8.688568 -7.973526
v  -20.034138 8.758087 -8.623276
v  -20.014952 8.814728 -9.546722
v  -20.254747 8.678711 -7.510605
v  -18.214499 8.728729 -8.800796
v  -19.054958 8.786316 -9.363693
v  -19.355858 8.732758 -8.410324
v  -18.391424 8.647827 -7.556976
v  -17.563475 8.667358 -8.000366
v  -19.374382 8.656769 -7.334976
v  -19.403379 0.721436 4.524399
v  -20.617538 0.753998 4.495575
v  -18.572943 1.606628 3.800888
v  -18.318544 1.187622 3.866257
v  -20.037243 2.116974 4.206635
v  -18.766314 2.174805 3.762009
v  -21.644890 1.202423 3.843079
v  -21.422365 1.595520 3.775345
v  -21.245596 2.163239 3.734070
v  -22.827265 2.773376 -7.548599
v  -23.591917 2.707764 -7.902954
v  -22.843922 2.856445 -9.200027
v  -21.667225 2.614471 -6.044113
v  -23.076307 2.655945 -6.246323
v  -23.966976 2.602051 -6.447800
v  -24.529985 2.499756 -6.610764
v  -24.085606 2.600037 -8.163513
v  -23.122717 2.525238 -4.828247
v  -24.095421 2.522217 -4.945190
v  -24.751625 2.443787 -5.061233
v  -25.265406 2.528381 -5.159500
v  -25.034781 2.483704 -6.755798
v  -24.155354 2.368896 -3.466370
v  -24.899218 2.422943 -3.580658
v  -25.456123 2.588623 -3.687332
v  -25.853840 2.979309 -3.794128
v  -25.622074 2.882263 -5.250488
v  -25.109838 2.345764 -2.349564
v  -25.772041 2.569519 -2.430405
v  -26.256403 3.014648 -2.539459
v  -26.385473 3.695312 -2.574234
v  -25.971613 3.548004 -3.860031
v  -25.883762 2.667603 -1.385086
v  -25.116224 2.356537 -1.417511
v  -24.956463 2.631073 -0.755051
v  -25.729832 3.012146 -0.615189
v  -25.460459 3.618958 -0.095261
v  -25.046921 4.464569 0.240051
v  -25.376663 4.927429 0.063400
v  -24.815228 4.993073 0.821472
v  -25.150249 5.439270 0.665894
v  -24.868788 5.065521 1.316071
v  -25.237921 5.554474 1.261704
v  -25.582684 6.272614 1.059982
v  -25.832352 7.139984 0.899185
v  -24.985620 4.974365 1.716965
v  -24.439995 4.809204 1.319977
v  -24.485502 4.717926 1.625458
v  -24.553944 4.449066 1.759613
v  -23.951397 4.630585 1.607803
v  -23.953779 4.353149 1.676804
v  -23.936230 3.971222 1.676727
v  -24.617718 4.032654 1.749054
v  -24.521358 3.250519 1.624222
v  -23.874861 2.145905 1.979126
v  -24.243370 1.927917 2.133408
v  -22.755951 1.460815 2.808472
v  -23.008362 1.207306 2.983795
v  -23.246376 1.032135 3.215515
v  -24.550528 1.696320 2.353790
v  -23.434835 0.998077 3.528275
v  -24.764496 1.533325 2.719131
v  -23.532703 1.141846 3.863556
v  -24.828438 1.590363 3.183228
v  -25.748207 2.802032 3.012939
v  -26.476460 3.841888 3.317581
v  -24.741465 1.824646 3.645767
v  -25.634924 2.814972 3.534912
v  -26.407784 3.742188 3.861588
v  -27.208275 4.488281 4.251892
v  -27.268814 4.605316 3.718933
v  -25.368773 2.967865 4.041016
v  -26.157721 3.828400 4.345612
v  -26.978477 4.557861 4.739883
v  -27.896500 5.091949 5.233093
v  -28.157555 5.056305 4.716080
v  -25.819153 4.093018 4.716568
v  -26.658287 4.793152 5.151459
v  -27.585087 5.294708 5.696259
v  -28.844223 5.380463 5.746201
v  -26.306377 5.158051 5.513672
v  -27.261795 5.596283 6.116074
v  -25.902937 5.702393 5.845093
v  -26.922001 6.107239 6.492523
v  -25.517405 6.448151 6.090668
v  -26.690983 6.748169 6.786575
v  -27.999683 6.741608 7.331451
v  -29.307392 6.455109 7.586624
v  -26.577473 7.408173 6.954285
v  -28.040073 7.362244 7.500977
v  -29.331169 7.074921 7.664932
v  -28.116371 7.972626 7.492706
v  -29.436543 7.703430 7.591629
v  -28.193130 8.497833 7.315887
v  -29.545563 8.224091 7.341614
v  -30.417923 7.784088 7.125900
v  -30.920204 7.235748 6.790924
v  -29.637302 8.625671 7.086029
v  -30.519852 8.125549 6.830978
v  -31.009003 7.523346 6.458893
v  -31.205036 6.915710 6.069275
v  -31.134804 6.647400 6.422714
v  -30.547073 8.326050 6.519531
v  -31.010239 7.756042 6.134933
v  -31.200428 7.174805 5.729752
v  -30.884789 7.928833 5.798187
v  -31.131611 6.619659 5.249970
v  -31.099247 6.334625 5.579880
v  -30.572960 6.206390 4.583786
v  -30.474884 5.907867 4.933365
v  -30.304779 5.687775 5.376495
v  -31.015976 6.052063 5.968140
v  -30.100079 5.528351 5.843384
v  -30.826077 5.806824 6.426559
v  -29.863029 5.504700 6.344147
v  -30.538734 5.740204 6.901260
v  -29.112247 5.398407 5.230362
v  -29.334251 5.527405 4.742111
v  -28.290447 5.195648 4.187531
v  -29.469547 5.753754 4.271668
v  -28.290325 5.482117 3.745621
v  -29.477707 6.136780 3.961868
v  -28.212418 5.893158 3.421997
v  -29.477112 6.615326 3.771301
v  -28.113731 6.419006 3.157715
v  -29.474789 7.194977 3.757935
v  -28.251308 7.144989 3.122574
v  -29.444740 7.794098 3.970749
v  -28.257130 7.822998 3.327957
v  -27.023956 7.803558 2.564270
v  -28.133636 8.315704 3.712051
v  -26.909801 8.347137 2.955002
v  -27.862576 8.680695 4.246201
v  -26.678368 8.729889 3.440338
v  -25.735931 8.982910 2.665680
v  -26.368435 8.948944 3.952316
v  -25.471865 9.235565 3.143341
v  -25.027277 9.705383 2.554550
v  -25.133205 9.287201 3.571243
v  -24.666105 9.781921 2.959808
v  -24.367136 10.216187 2.547501
v  -24.819790 10.161743 2.212692
v  -24.133636 10.563232 2.299316
v  -24.677557 10.594910 2.007767
v  -24.886335 10.247162 1.447723
v  -24.452066 10.935364 1.836868
v  -24.744661 10.527130 1.257034
v  -25.138340 9.998871 0.550873
v  -25.271816 9.720062 0.723465
v  -25.561815 9.539856 -0.318527
v  -25.720377 9.255981 -0.177872
v  -25.761806 9.040955 -1.539993
v  -25.891012 8.765625 -1.474792
v  -25.926580 8.399902 -1.407272
v  -25.750124 8.293182 -2.720993
v  -25.734518 7.889984 -2.657806
v  -25.709440 7.417725 -2.556335
v  -25.913403 7.939240 -1.341476
v  -25.523102 7.571838 -3.917648
v  -25.509268 7.066040 -3.856216
v  -25.511583 6.250885 -3.789429
v  -25.340984 6.762787 -5.347183
v  -25.375614 5.809723 -5.319168
v  -25.508995 4.738373 -5.314209
v  -25.683214 5.052063 -3.798660
v  -25.625986 4.033142 -5.319275
v  -25.889111 4.204437 -3.847214
v  -25.709251 3.419800 -5.304871
v  -25.382761 3.878693 -6.964798
v  -25.481913 3.313110 -6.952057
v  -25.402380 2.794769 -6.880814
v  -24.961794 3.209595 -8.670212
v  -24.842939 2.758759 -8.567245
v  -24.509834 2.535034 -8.385971
v  -23.876623 2.718475 -10.163895
v  -23.566593 2.620422 -9.862640
v  -23.228863 2.725464 -9.542999
v  -22.186087 2.674072 -10.950745
v  -21.961405 2.764404 -10.567169
v  -20.542177 2.616119 -11.509857
v  -20.480724 2.696777 -11.057877
v  -18.845177 2.626740 -11.384094
v  -19.020428 2.713043 -10.962479
v  -17.281231 2.670319 -10.550842
v  -17.574100 2.785614 -10.211655
v  -17.964676 2.888794 -9.797256
v  -16.517603 2.728546 -8.911224
v  -17.022545 2.820587 -8.594589
v  -15.951214 2.606384 -7.339355
v  -16.547491 2.695862 -7.105087
v  -17.561430 2.700104 -6.762558
v  -16.400091 2.582458 -5.521103
v  -17.482853 2.556427 -5.269089
v  -18.843065 2.504944 -4.970505
v  -18.884356 2.639496 -6.356384
v  -20.280670 2.480835 -4.765335
v  -20.262312 2.608582 -6.094696
v  -21.755924 2.480438 -4.721039
v  -20.345030 2.279358 -3.377624
v  -21.792223 2.276154 -3.318680
v  -23.107260 2.315826 -3.364624
v  -21.797646 2.029907 -2.374039
v  -23.096443 2.060669 -2.311233
v  -24.191832 2.157928 -2.307556
v  -23.056282 1.972717 -1.579376
v  -24.178427 2.102386 -1.505783
v  -22.988792 2.125946 -1.000473
v  -24.039003 2.335022 -0.871353
v  -21.766825 1.986511 -1.166443
v  -21.711956 2.350739 -0.797989
v  -21.789019 1.919678 -1.721054
v  -20.449223 1.891632 -1.791000
v  -20.473330 1.949799 -1.275360
v  -20.409504 2.017609 -2.464325
v  -19.023346 2.029877 -2.471573
v  -19.109095 1.888550 -1.782227
v  -18.910198 2.305267 -3.502991
v  -17.576935 2.360474 -3.675491
v  -17.714304 2.066589 -2.451157
v  -16.571100 2.124146 -2.503250
v  -16.686251 1.992554 -1.584045
v  -17.835716 1.920746 -1.671158
v  -16.436563 2.412659 -3.852737
v  -15.684988 2.440582 -4.044479
v  -15.643373 2.224640 -2.602585
v  -15.725285 2.535950 -5.690628
v  -15.196133 2.475891 -5.839600
v  -15.091562 2.439819 -4.211746
v  -15.488411 2.548004 -7.525253
v  -15.100067 2.644684 -7.687973
v  -14.738194 2.534912 -5.971298
v  -16.123663 2.618439 -9.175034
v  -15.763123 2.604645 -9.416748
v  -15.519960 2.944092 -9.582397
v  -14.824247 2.937805 -7.809998
v  -17.011330 2.639282 -10.879730
v  -16.829048 2.955597 -11.104523
v  -16.777155 3.374237 -11.164947
v  -15.478300 3.402893 -9.633484
v  -18.699734 2.679138 -11.804688
v  -18.615376 2.972504 -12.053482
v  -18.579582 3.373840 -12.109467
v  -18.584663 3.817780 -12.046371
v  -16.818132 3.837921 -11.126282
v  -20.596043 2.963715 -12.216675
v  -20.576029 3.379883 -12.269302
v  -20.544601 3.835205 -12.209412
v  -20.498726 4.404785 -12.086258
v  -18.591082 4.375275 -11.927841
v  -22.467459 3.459564 -11.629272
v  -22.419033 3.914337 -11.603378
v  -22.329817 4.522278 -11.512802
v  -22.221205 5.381256 -11.390503
v  -20.438173 5.252228 -11.940079
v  -23.890081 4.052460 -10.321091
v  -23.768572 4.697662 -10.258774
v  -23.634604 5.576691 -10.173904
v  -23.527744 6.511414 -10.083817
v  -22.121422 6.410858 -11.270325
v  -24.661615 4.994293 -8.638168
v  -24.547499 5.887970 -8.603485
v  -24.505867 6.673645 -8.579727
v  -24.505836 7.232147 -8.573105
v  -23.527689 7.216431 -10.060989
v  -25.060762 6.362610 -6.954849
v  -25.075386 6.957916 -6.967209
v  -25.086863 7.396484 -6.969528
v  -25.078867 7.779633 -6.967972
v  -24.504560 7.652466 -8.559952
v  -25.359901 7.285248 -5.377808
v  -25.375868 7.674255 -5.400909
v  -25.380062 8.022827 -5.408264
v  -25.336235 8.353088 -5.402206
v  -25.020510 8.132111 -6.946274
v  -25.527283 7.955658 -3.960007
v  -25.495321 8.283630 -3.981445
v  -25.372530 8.546265 -3.978317
v  -25.143871 8.722961 -3.939362
v  -25.108339 8.592041 -5.350616
v  -25.682892 8.634552 -2.753250
v  -25.494009 8.910889 -2.757187
v  -25.210329 9.037750 -2.721298
v  -24.825619 9.067322 -2.653976
v  -24.824097 8.787231 -3.866867
v  -25.515884 9.283295 -1.600510
v  -25.193241 9.390686 -1.641739
v  -24.784605 9.427368 -1.662735
v  -24.380222 9.047058 -2.563004
v  -24.967121 9.780609 -0.594315
v  -24.582956 9.792938 -0.679123
v  -24.624699 10.225189 0.244156
v  -24.266962 10.235657 0.155792
v  -24.340769 10.712158 0.905853
v  -24.563417 10.654846 1.051865
v  -24.221262 11.175018 1.618408
v  -23.998184 11.241913 1.474411
v  -24.910751 10.150421 0.390030
v  -25.310511 9.698853 -0.467270
v  -23.644239 10.952667 2.015472
v  -23.444281 11.028625 1.852600
v  -22.991970 10.500854 2.290009
v  -22.767134 10.479614 2.055496
v  -22.280638 9.882843 2.794144
v  -22.593779 9.873596 3.042023
v  -21.880768 9.280060 3.658859
v  -21.590166 9.183075 3.337601
v  -23.264242 10.407593 2.438873
v  -23.550774 10.275726 2.555222
v  -22.914007 9.778168 3.218063
v  -23.886669 10.819305 2.136475
v  -23.256451 9.632172 3.410812
v  -22.227306 9.223114 3.914612
v  -23.843481 10.022491 2.799057
v  -24.201981 9.656006 3.261932
v  -23.670944 9.365173 3.769974
v  -24.396946 9.009796 4.429382
v  -24.774933 9.204926 3.977081
v  -25.784349 8.981659 4.886490
v  -25.512833 8.868530 5.329269
v  -26.062794 9.024414 4.434555
v  -27.303890 9.079834 5.322830
v  -27.045792 9.155396 5.784958
v  -27.574345 8.932373 4.819382
v  -28.441601 9.269135 6.357193
v  -28.352543 9.158936 6.731384
v  -26.847782 9.052277 6.212326
v  -28.275833 8.897522 7.078018
v  -26.712700 8.827576 6.541519
v  -25.297338 8.643402 5.721054
v  -26.597198 8.475861 6.829910
v  -25.187435 8.283447 6.036362
v  -26.544914 7.991028 6.981476
v  -25.190426 7.802490 6.184143
v  -25.294834 7.200256 6.190765
v  -24.144407 6.927673 5.652664
v  -24.498861 6.071747 5.550461
v  -23.525427 5.606995 5.332809
v  -23.054697 6.530640 5.484909
v  -22.662727 5.047882 5.512604
v  -22.041559 5.933624 5.720718
v  -21.466898 6.691132 5.692078
v  -21.358036 5.176147 6.162201
v  -20.738680 5.771393 6.251389
v  -20.968672 4.095245 6.755417
v  -20.493885 4.453827 6.992142
v  -20.688381 2.989624 7.379395
v  -20.381409 3.246277 7.645218
v  -20.039192 3.385010 7.787949
v  -20.313768 2.140625 8.321289
v  -20.046297 2.260437 8.478104
v  -19.751390 2.208862 8.406311
v  -19.700308 3.335632 7.723999
v  -19.535805 2.021912 8.159653
v  -19.404961 3.118835 7.478958
v  -19.361401 1.775665 7.860230
v  -19.116518 2.827820 7.168457
v  -18.748859 3.929199 6.525711
v  -18.177256 4.991028 5.942917
v  -18.811102 2.414948 6.794998
v  -18.288324 3.325104 6.132660
v  -17.588066 4.107452 5.592590
v  -16.808191 4.768158 5.270279
v  -17.377079 5.748444 5.555191
v  -17.843760 2.619080 5.743774
v  -17.052887 3.225128 5.187820
v  -16.235434 3.832886 4.901505
v  -15.374556 4.482727 4.940247
v  -15.908937 5.370178 5.237885
v  -16.675200 2.525879 4.839371
v  -15.772400 3.089386 4.561325
v  -14.910227 3.823456 4.655502
v  -14.033169 4.592834 5.038712
v  -14.464935 5.106964 5.351486
v  -15.384928 2.552063 4.225937
v  -14.504864 3.395264 4.338287
v  -13.653658 4.267365 4.689346
v  -12.763653 4.920807 5.179764
v  -13.123201 5.219574 5.589798
v  -14.161127 3.169586 3.855530
v  -13.322271 4.092987 4.241303
v  -12.428078 4.777802 4.684876
v  -11.498135 5.226898 5.139511
v  -11.838022 5.312500 5.692505
v  -13.153502 4.150909 3.688477
v  -12.237591 4.866974 4.128128
v  -11.221706 5.335358 4.575577
v  -10.239307 5.593781 5.090485
v  -10.550224 5.469788 5.608933
v  -12.213518 5.140503 3.618835
v  -11.112288 5.579407 4.097794
v  -9.988586 5.797272 4.630524
v  -9.109432 6.044769 5.287491
v  -9.330482 5.759216 5.633881
v  -11.093122 5.953156 3.752853
v  -9.849522 6.097290 4.309311
v  -8.954379 6.424438 5.029282
v  -8.769115 6.954559 5.561005
v  -8.780670 6.636902 5.852402
v  -8.853371 7.484344 5.945251
v  -8.838615 7.206512 6.273163
v  -8.896873 6.911713 6.579849
v  -8.854824 6.300232 6.166245
v  -9.012203 6.609894 6.886414
v  -9.020702 6.051910 6.553101
v  -9.630661 5.539276 6.076691
v  -10.905470 5.485107 6.166885
v  -11.253340 5.643066 6.718796
v  -12.194132 5.554565 6.199661
v  -11.458700 6.041351 7.171371
v  -12.527739 5.997559 6.638535
v  -13.511160 5.663483 5.971207
v  -12.702148 6.597839 6.986786
v  -13.905241 6.334259 6.279953
v  -14.937990 5.869171 5.639313
v  -14.132318 7.060730 6.459579
v  -15.330479 6.739838 5.805161
v  -16.419617 6.329071 5.464996
v  -15.557364 7.525848 5.789536
v  -14.226723 7.719788 6.520935
v  -14.231596 8.259857 6.450150
v  -12.652473 8.388275 7.183487
v  -12.551395 8.801636 6.928360
v  -14.120171 8.655853 6.165894
v  -12.727964 7.852997 7.279587
v  -11.189299 7.746582 7.610596
v  -11.043036 8.262268 7.435684
v  -12.747566 7.250183 7.198792
v  -11.335569 7.160889 7.594467
v  -10.077175 7.500427 7.510864
v  -11.449409 6.557007 7.438416
v  -9.339612 7.114288 7.200638
v  -9.243423 7.469269 6.959549
v  -9.941799 7.924774 7.289078
v  -9.177372 7.776245 6.669327
v  -9.830975 8.270721 7.011520
v  -10.922152 8.677246 7.197708
v  -9.745490 8.523651 6.695740
v  -10.837051 8.983368 6.891342
v  -12.432440 9.064758 6.592331
v  -10.769356 9.179291 6.534225
v  -12.268045 9.206635 6.183868
v  -13.657221 9.026184 5.380493
v  -13.912750 8.900146 5.793121
v  -14.817148 9.038483 4.376785
v  -15.139997 8.893768 4.772537
v  -15.566923 9.484528 3.509293
v  -16.007210 9.279816 3.894028
v  -15.935184 9.911224 2.917938
v  -16.444813 9.661560 3.328033
v  -16.220024 10.245880 2.577560
v  -16.777779 9.887329 3.037582
v  -17.430347 9.386688 3.781250
v  -17.062981 10.029724 2.848984
v  -17.778370 9.520721 3.492615
v  -18.505724 8.904144 3.954376
v  -18.171253 8.822174 4.260605
v  -19.230551 8.263519 4.299042
v  -18.758251 8.856384 3.607086
v  -19.370682 8.213745 3.975540
v  -20.034178 7.920685 4.122513
v  -20.034676 7.929565 4.359055
v  -21.074181 8.548920 4.124985
v  -20.858974 8.447571 3.841141
v  -20.028769 7.790985 3.897842
v  -20.787016 8.232361 3.538269
v  -20.056639 7.598236 3.725113
v  -20.825981 7.946503 3.332779
v  -20.069809 7.275513 3.557861
v  -20.869654 7.509552 3.207901
v  -20.075260 6.477081 3.513504
v  -20.910479 6.634125 3.197968
v  -21.548203 6.873138 2.715927
v  -21.909492 6.989655 2.354858
v  -22.107458 7.053772 2.031448
v  -22.344328 6.022217 2.088394
v  -22.451878 6.158173 1.685944
v  -22.218081 7.091156 1.663544
v  -22.787254 5.185303 1.938583
v  -22.854568 5.410431 1.577744
v  -22.775625 5.429596 1.165283
v  -22.381643 6.186249 1.272797
v  -23.355158 4.797241 1.739761
v  -23.386543 4.980896 1.432251
v  -23.288813 4.886047 1.016098
v  -22.500551 5.283234 0.685104
v  -23.938585 4.748749 1.339905
v  -23.852331 4.579346 0.876862
v  -24.416737 4.710907 0.899948
v  -22.019915 5.041595 0.088974
v  -21.806253 6.092255 0.292984
v  -22.182041 6.161560 0.833969
v  -21.786064 7.064911 0.390823
v  -22.054186 7.080841 0.873276
v  -22.204666 7.092957 1.284409
v  -22.153402 7.951965 0.773117
v  -22.300714 7.962250 1.190704
v  -22.289602 7.989807 1.580399
v  -22.488327 8.787445 1.011429
v  -22.473475 8.853638 1.446304
v  -22.804447 9.782745 1.110535
v  -22.328781 8.725098 0.555588
v  -22.074909 8.658783 0.125305
v  -21.897038 7.945740 0.342423
v  -21.387590 7.966248 -0.116882
v  -21.547493 8.648834 -0.263535
v  -21.249882 7.075928 -0.115952
v  -20.553722 7.153687 -0.367874
v  -20.655695 8.052185 -0.340500
v  -21.203310 6.011536 -0.305649
v  -20.472746 5.999329 -0.564499
v  -19.725174 6.076050 -0.570206
v  -19.781727 7.242798 -0.405197
v  -21.346140 4.743561 -0.484405
v  -20.476675 4.637268 -0.753769
v  -19.604048 4.733887 -0.742844
v  -18.800282 5.043060 -0.510468
v  -18.973413 6.221222 -0.376236
v  -20.489634 3.523438 -0.782928
v  -19.432510 3.628448 -0.780151
v  -18.500795 3.940399 -0.542175
v  -17.827372 4.369202 -0.092743
v  -18.151142 5.405334 0.033020
v  -19.332136 2.917267 -0.793365
v  -18.269894 3.105377 -0.575653
v  -19.258732 2.364716 -0.896576
v  -18.120077 2.516235 -0.678146
v  -19.183264 1.958099 -1.229721
v  -17.963860 2.046112 -1.037903
v  -20.486988 2.307831 -0.938812
v  -20.490877 2.832001 -0.815811
v  -21.633150 2.894897 -0.631409
v  -21.534050 3.613068 -0.566574
v  -17.726665 5.690277 0.669403
v  -17.951834 6.579895 0.744553
v  -18.339340 6.409485 0.157333
v  -17.336338 4.852814 0.513351
v  -17.076157 5.180328 1.006088
v  -17.496326 5.854706 1.155716
v  -17.404289 5.918823 1.613586
v  -17.704559 6.753174 1.626450
v  -17.765148 6.688232 1.203476
v  -16.976023 5.305145 1.456635
v  -17.079584 5.140320 1.883225
v  -17.527737 5.827484 2.057129
v  -16.498121 4.917694 1.284882
v  -16.528015 4.818268 1.665237
v  -16.023060 4.738892 1.156921
v  -16.004778 4.692505 1.486191
v  -16.029432 4.438019 1.652634
v  -16.050043 4.057739 1.681992
v  -15.570433 4.758881 1.443375
v  -15.521292 4.546997 1.701279
v  -15.456623 4.182220 1.741531
v  -15.447496 3.555817 1.654251
v  -15.080042 4.793976 1.765579
v  -15.175188 4.986847 1.432068
v  -14.810131 5.396729 1.360062
v  -15.227818 4.976746 0.986221
v  -14.906342 5.352112 0.822952
v  -14.468924 6.086426 1.103867
v  -14.209965 6.931519 0.873001
v  -14.099266 7.682037 0.813614
v  -13.904623 7.606049 1.494232
v  -13.304844 7.536255 2.157379
v  -13.386900 8.102356 2.392517
v  -12.325434 8.057526 3.158981
v  -12.263338 7.512329 2.899933
v  -13.594492 8.548279 2.755966
v  -12.485216 8.466492 3.530319
v  -11.269369 8.424225 4.273697
v  -11.077726 8.029816 3.846756
v  -13.860355 8.902679 3.181564
v  -12.769342 8.766113 4.014801
v  -11.535618 8.736176 4.786316
v  -10.225880 8.294189 5.007416
v  -13.083429 8.937042 4.503723
v  -11.808371 9.002411 5.270096
v  -13.371763 9.024628 4.942978
v  -12.040709 9.166504 5.745926
v  -14.168819 9.079010 3.602951
v  -14.493980 9.119476 4.001328
v  -14.835073 9.482330 2.870697
v  -15.196520 9.550415 3.221390
v  -15.072502 9.944611 2.408218
v  -15.476191 10.022308 2.717239
v  -15.246643 10.401947 2.109055
v  -15.683125 10.429993 2.368073
v  -15.459112 10.813416 1.915756
v  -15.940361 10.741486 2.173782
v  -16.506241 10.458954 2.392090
v  -16.173441 10.926086 2.039963
v  -16.755863 10.589935 2.268982
v  -17.357445 10.110992 2.631378
v  -16.987619 10.657806 2.055374
v  -18.087580 9.543671 3.152359
v  -16.367905 11.034882 1.862198
v  -17.124224 10.533417 1.726151
v  -17.110962 10.273376 1.412552
v  -17.075447 9.951019 1.031784
v  -17.389009 9.218292 1.275055
v  -17.405317 9.045258 0.785248
v  -17.614342 8.343079 0.990295
v  -17.583567 8.443695 1.458557
v  -17.787724 7.566895 1.135056
v  -17.742579 7.649384 1.562531
v  -17.821985 6.759674 2.041138
v  -18.068506 6.722534 2.400757
v  -18.505281 6.634979 2.792023
v  -19.226030 6.504303 3.291443
v  -19.302769 7.365631 3.327988
v  -19.372568 7.787659 3.493073
v  -19.403368 8.049744 3.713089
v  -20.059914 5.322113 3.638535
v  -20.049160 4.124115 3.784576
v  -20.024771 3.010651 4.019821
v  -17.842346 8.270264 0.526810
v  -17.968489 7.481232 0.697907
v  -18.268867 8.194946 0.046555
v  -18.353746 7.388824 0.174194
v  -18.997639 8.152985 -0.297516
v  -19.014006 7.313202 -0.241333
v  -19.834579 8.115417 -0.389343
v  -18.965820 8.749451 -0.451675
v  -19.873621 8.748230 -0.507385
v  -20.761400 8.684753 -0.472321
v  -19.909283 9.174103 -0.825745
v  -20.887894 9.145996 -0.775009
v  -21.740799 9.120911 -0.598984
v  -21.011187 9.338898 -1.255646
v  -21.960203 9.364838 -1.085251
v  -21.137394 9.277985 -1.773590
v  -22.185770 9.316406 -1.599365
v  -21.295198 9.060913 -2.337997
v  -22.423180 9.019379 -2.260330
v  -23.335930 9.021881 -2.314255
v  -22.674875 8.641327 -3.332931
v  -23.521032 8.684631 -3.529114
v  -24.011465 8.742462 -3.660446
v  -23.890045 9.029877 -2.442474
v  -24.440403 8.786072 -3.772446
v  -24.026037 8.651367 -5.036392
v  -24.432583 8.690674 -5.164322
v  -24.791832 8.682465 -5.267441
v  -24.269281 8.664093 -6.632523
v  -24.606646 8.604156 -6.776932
v  -24.875265 8.425720 -6.889816
v  -24.126909 8.593109 -8.311417
v  -24.371046 8.369904 -8.456009
v  -24.475725 8.030060 -8.529846
v  -23.483826 8.445984 -9.929245
v  -23.543287 8.092621 -10.011154
v  -23.547024 7.699829 -10.047653
v  -22.105925 8.205261 -11.197601
v  -22.103638 7.788635 -11.225601
v  -22.098259 7.240265 -11.235031
v  -20.313116 7.819183 -11.777740
v  -20.334467 7.226868 -11.773651
v  -20.380060 6.318787 -11.812149
v  -18.550816 7.185394 -11.546967
v  -18.590614 6.269623 -11.616058
v  -18.592609 5.208008 -11.772217
v  -17.035511 6.234497 -10.729141
v  -16.964781 5.204254 -10.887756
v  -16.884155 4.388367 -11.028519
v  -15.796459 5.230927 -9.492416
v  -15.675774 4.429169 -9.567001
v  -15.560432 3.873322 -9.619324
v  -14.962238 4.484283 -7.879883
v  -14.833336 3.903137 -7.886246
v  -14.753983 3.390106 -7.869186
v  -14.448584 3.880371 -6.178009
v  -14.370758 3.335876 -6.146072
v  -14.428009 2.862396 -6.079071
v  -14.177626 3.325653 -4.555572
v  -14.297882 2.868744 -4.461548
v  -14.623686 2.558380 -4.342514
v  -13.969242 2.840149 -3.015366
v  -14.401287 2.540436 -2.849731
v  -14.941990 2.364410 -2.723007
v  -14.227880 2.562592 -1.581558
v  -14.891436 2.336517 -1.515762
v  -15.692745 2.143158 -1.524857
v  -14.382732 2.950348 -0.621918
v  -13.841204 3.332794 -0.628601
v  -14.296881 4.141266 -0.024124
v  -14.743023 3.751129 0.000504
v  -13.684740 2.862396 -1.681824
v  -13.798628 3.345093 -3.126724
v  -13.819204 3.954102 -3.171127
v  -14.214464 3.884308 -4.597488
v  -14.324165 4.539886 -4.620209
v  -14.030439 4.650574 -3.154098
v  -14.564980 4.502228 -6.194168
v  -14.694149 5.384125 -6.208160
v  -14.495275 5.524384 -4.658203
v  -15.089542 5.284454 -7.863174
v  -15.164524 6.255188 -7.844498
v  -14.761827 6.440094 -6.249710
v  -15.894686 6.184174 -9.396271
v  -15.901720 6.958069 -9.336807
v  -15.155766 6.923370 -7.842499
v  -17.024090 7.092163 -10.632553
v  -16.977543 7.657104 -10.592728
v  -15.878393 7.493195 -9.304306
v  -18.505178 7.784241 -11.524185
v  -18.478951 8.211090 -11.460358
v  -16.944515 8.069794 -10.539444
v  -20.303909 8.267273 -11.743881
v  -20.276312 8.626495 -11.623093
v  -18.470707 8.568634 -11.351776
v  -22.072710 8.579865 -11.095428
v  -21.953785 8.856262 -10.879562
v  -20.243441 8.888672 -11.400497
v  -23.298136 8.699402 -9.741074
v  -23.024467 8.768829 -9.492188
v  -21.754765 8.874115 -10.532257
v  -23.811365 8.666077 -8.127716
v  -23.442209 8.674683 -7.902557
v  -22.693800 8.755463 -9.203430
v  -23.864325 8.639435 -6.469406
v  -23.388935 8.598480 -6.276291
v  -23.016790 8.655548 -7.655884
v  -23.545057 8.594330 -4.889450
v  -22.790718 8.522034 -4.687973
v  -22.753323 8.553345 -6.029800
v  -21.659239 8.520264 -5.658417
v  -21.541534 8.599976 -6.887360
v  -22.508797 8.625854 -7.375595
v  -21.635941 8.472168 -4.413696
v  -20.218014 8.538239 -4.217133
v  -20.324240 8.514374 -5.338181
v  -21.479010 8.678864 -3.198563
v  -20.111391 8.846466 -3.186691
v  -18.697895 8.738617 -3.101364
v  -18.745775 8.479828 -4.195557
v  -20.033779 9.111145 -2.442703
v  -18.732563 9.072021 -2.319351
v  -17.520926 9.044464 -2.200973
v  -17.460363 8.681030 -3.158798
v  -19.979126 9.309265 -1.842804
v  -18.794111 9.266479 -1.761276
v  -19.944008 9.344574 -1.296509
v  -18.848186 9.318359 -1.236298
v  -18.901207 9.145599 -0.777176
v  -18.160469 8.776398 -0.182632
v  -17.680897 8.896149 0.262466
v  -16.585287 9.054596 -2.249771
v  -16.513411 8.717133 -3.313919
v  -16.550394 8.589264 -4.545197
v  -17.503487 8.511383 -4.351013
v  -16.723009 8.575592 -5.783081
v  -17.666059 8.522369 -5.549805
v  -18.896032 8.503357 -5.332443
v  -17.969246 8.577209 -6.654404
v  -19.140974 8.574036 -6.364868
v  -20.371117 8.587158 -6.434311
v  -17.061617 8.615997 -6.973556
v  -16.188307 8.626251 -5.937851
v  -16.541239 8.644897 -7.193054
v  -17.067335 8.692047 -8.324631
v  -16.106792 8.660583 -7.380646
v  -16.673843 8.711761 -8.592194
v  -17.526585 8.792572 -9.641739
v  -17.835335 8.758850 -9.262497
v  -18.730017 8.864410 -10.381714
v  -18.880733 8.826935 -9.919464
v  -20.135429 8.901093 -10.599915
v  -20.085588 8.857239 -10.116287
v  -21.542439 8.849030 -10.196777
v  -21.283714 8.811493 -9.785889
v  -22.350632 8.734436 -8.916107
v  -20.181847 8.934540 -10.999283
v  -18.605682 8.893280 -10.785583
v  -18.520119 8.864136 -11.125580
v  -17.246622 8.820160 -9.987350
v  -17.044472 8.741974 -10.277374
v  -16.948915 8.441498 -10.455856
v  -16.037737 8.585022 -9.047775
v  -15.887001 8.285431 -9.200180
v  -15.861530 7.908905 -9.268249
v  -15.219740 8.221436 -7.775375
v  -15.146383 7.839264 -7.828384
v  -15.143583 7.416840 -7.839401
v  -14.727365 7.887695 -6.326035
v  -14.732283 7.480560 -6.312653
v  -14.746380 7.030273 -6.288116
v  -14.552841 7.632233 -4.877350
v  -14.567102 7.203461 -4.824219
v  -14.574343 6.627075 -4.740936
v  -14.403212 7.368469 -3.476486
v  -14.407854 6.806213 -3.351944
v  -14.346611 5.727264 -3.205582
v  -14.211248 7.612488 -2.324539
v  -14.188305 8.072449 -2.444351
v  -14.038380 8.465515 -1.291855
v  -14.041714 8.004974 -1.206299
v  -14.398701 7.810852 -3.570145
v  -14.419638 8.199249 -3.635300
v  -14.196178 8.476868 -2.522446
v  -14.554916 8.012360 -4.904327
v  -14.620789 8.354675 -4.912598
v  -14.521229 8.529388 -3.670227
v  -14.777481 8.272705 -6.318954
v  -15.015413 8.546448 -6.265045
v  -14.874783 8.594879 -4.891678
v  -15.402637 8.525238 -7.683182
v  -15.722725 8.630707 -7.544250
v  -15.366787 8.648102 -6.175384
v  -16.328062 8.708374 -8.834183
v  -15.757839 8.663971 -6.067490
v  -15.602076 8.701599 -4.762222
v  -15.219601 8.708649 -4.843292
v  -15.509569 8.830750 -3.527359
v  -15.104982 8.839478 -3.606918
v  -14.764120 8.744965 -3.661209
v  -14.990952 9.129913 -2.535629
v  -14.598883 9.052399 -2.567429
v  -14.324747 8.815125 -2.559219
v  -14.553038 9.367340 -1.509521
v  -14.247133 9.141937 -1.429398
v  -14.090405 8.841705 -1.361908
v  -14.411110 9.547180 -0.262650
v  -14.698097 9.730469 -0.439713
v  -15.042130 10.151581 0.436325
v  -14.806669 9.937195 0.633255
v  -15.361624 10.648865 1.128799
v  -15.180233 10.448975 1.358734
v  -15.655958 11.064240 1.737335
v  -15.595575 10.735107 0.958191
v  -15.920654 11.177551 1.562531
v  -15.374817 10.228882 0.251556
v  -15.765898 10.221588 0.159164
v  -15.102501 9.798584 -0.589813
v  -15.582390 9.792786 -0.684830
v  -14.968573 9.439056 -1.561905
v  -15.466190 9.449890 -1.579544
v  -15.461214 9.091583 -2.458282
v  -15.977518 9.068604 -2.356522
v  -15.959539 8.779633 -3.434692
v  -16.032896 8.653168 -4.662521
v  -15.129459 4.642273 0.444122
v  -14.795538 4.959534 0.268753
v  -15.594667 4.762299 1.081299
v  -14.575359 9.230774 2.455978
v  -9.565037 8.248962 5.564880
v  -9.241730 7.876038 5.177032
v  -9.971310 7.952789 4.549484
v  -11.028275 7.523834 3.567886
v  -11.044373 6.950806 3.473633
v  -11.074116 6.402924 3.560730
v  -8.969547 7.707520 5.595993
v  -9.280163 8.174500 5.957932
v  -9.717976 8.673981 6.360565
v  -9.173374 8.016998 6.326492
v  -16.001991 2.327271 1.887405
v  -15.608521 2.123535 2.024124
v  -15.269056 1.908447 2.211594
v  -16.657539 1.000671 3.169617
v  -16.921061 1.214966 2.925140
v  -17.195827 1.500763 2.761551
v  -18.060608 0.893066 3.992371
v  -17.808670 0.714905 4.184586
v  -18.637070 0.238739 4.925720
v  -18.988350 0.399200 4.713394
v  -17.559792 0.706329 4.452744
v  -18.301313 0.233704 5.186234
v  -18.774672 -0.343414 5.791458
v  -18.063133 0.393616 5.479569
v  -18.530525 -0.205353 6.130783
v  -18.847595 -0.918732 6.911423
v  -19.110332 -1.042999 6.587173
v  -19.106836 -1.679352 7.859558
v  -19.306387 -1.869354 7.619308
v  -19.600893 -1.961975 7.428741
v  -19.380087 -2.727234 8.500977
v  -19.607344 -2.860779 8.312607
v  -19.899332 -2.911774 8.232681
v  -19.922804 -1.932159 7.297028
v  -20.205629 -2.896820 8.257568
v  -20.240839 -1.973999 7.393890
v  -20.454826 -2.807373 8.391861
v  -20.541258 -1.931427 7.549194
v  -20.776693 -1.068054 6.534973
v  -21.138628 -0.381775 5.750580
v  -20.775688 -1.781036 7.769943
v  -21.060947 -0.977631 6.841385
v  -21.414316 -0.284027 6.061935
v  -21.881618 0.303040 5.409622
v  -21.642454 0.176056 5.112045
v  -21.180490 -0.754730 7.145630
v  -21.519175 -0.049744 6.366058
v  -21.971125 0.560577 5.691208
v  -22.607815 1.067657 4.990784
v  -22.537830 0.814362 4.722305
v  -21.455311 0.261902 6.626999
v  -21.924650 0.888550 5.934128
v  -22.566971 1.403778 5.221542
v  -23.482424 1.770538 4.506500
v  -23.558138 1.405640 4.220795
v  -21.790253 1.249023 6.138641
v  -22.448448 1.788330 5.426437
v  -23.300835 2.222565 4.789261
v  -24.200354 2.703796 4.436615
v  -24.534157 2.220123 4.075882
v  -22.223413 2.271698 5.660492
v  -22.997786 2.781616 5.077850
v  -23.794270 3.302277 4.756699
v  -24.582726 3.910126 4.726334
v  -24.994562 3.330811 4.444412
v  -22.552231 3.523468 5.454208
v  -23.291271 4.092072 5.135483
v  -24.091444 4.674683 5.035614
v  -24.967047 5.219238 5.298218
v  -25.419317 4.553619 5.009018
v  -21.964138 4.401367 5.883835
v  -21.851814 2.907654 5.986420
v  -21.413946 3.579224 6.397873
v  -21.310658 2.145111 6.647354
v  -20.984396 2.613678 7.013336
v  -20.891808 1.295197 7.376923
v  -20.695776 1.629242 7.715393
v  -20.511337 1.917999 8.050064
v  -20.561701 0.632721 8.451309
v  -20.438141 0.847992 8.736160
v  -20.279711 1.023682 8.999313
v  -20.400791 -0.223938 9.441376
v  -20.241705 -0.071381 9.666092
v  -20.046309 0.048553 9.847260
v  -20.049133 1.132416 9.163651
v  -19.801399 0.006409 9.782013
v  -19.795486 1.082520 9.083771
v  -19.622103 -0.142548 9.560104
v  -19.613174 0.929352 8.850479
v  -19.502968 -0.313110 9.320541
v  -19.467293 0.738220 8.576324
v  -19.390312 -0.496613 9.083450
v  -19.350447 0.501129 8.286118
v  -19.178253 1.472137 7.526001
v  -19.217201 0.240173 8.011398
v  -18.965500 1.128540 7.206635
v  -18.490915 1.921753 6.462235
v  -18.751776 0.775482 6.944199
v  -18.239418 1.447632 6.199814
v  -17.548595 2.036560 5.454819
v  -18.075834 1.049438 5.994522
v  -17.381687 1.576508 5.239655
v  -16.430029 1.994629 4.543228
v  -17.317001 1.191193 5.017792
v  -16.313902 1.546692 4.236923
v  -15.116072 2.111633 3.798065
v  -16.330736 1.209808 3.874771
v  -14.939451 1.822296 3.263565
v  -13.985521 3.186920 3.280945
v  -14.957632 1.734467 2.668366
v  -16.427792 1.002869 3.505585
v  -17.369564 0.873474 4.751846
v  -17.993477 0.685760 5.762421
v  -18.572243 0.416962 6.715134
v  -18.472164 0.072571 6.454559
v  -18.889215 -0.319794 7.496048
v  -18.810600 -0.627075 7.224121
v  -19.091080 -1.152466 8.376205
v  -19.047516 -1.428955 8.130402
v  -19.222845 -2.082550 9.241119
v  -19.219242 -2.303314 8.988113
v  -19.264666 -2.533478 8.734848
v  -19.358068 -3.214050 9.772491
v  -19.391436 -3.406708 9.520142
v  -19.477833 -3.600555 9.270203
v  -19.485886 -4.239746 10.147125
v  -19.587753 -4.413879 9.938004
v  -19.706638 -4.565491 9.748886
v  -19.656712 -3.744965 9.081299
v  -19.910549 -4.674347 9.607239
v  -19.900364 -3.821777 8.970230
v  -20.142622 -4.658783 9.619141
v  -20.170326 -3.808380 8.982147
v  -20.314270 -4.517517 9.784348
v  -20.385538 -3.688660 9.133865
v  -20.429220 -4.348785 9.985031
v  -20.525677 -3.513123 9.351364
v  -20.623123 -2.635956 8.613388
v  -20.600151 -3.318848 9.593384
v  -20.724682 -2.422546 8.857040
v  -20.895231 -1.562561 8.028702
v  -20.752199 -2.188599 9.112839
v  -20.903326 -1.291687 8.279343
v  -21.133562 -0.473114 7.400375
v  -20.839668 -1.027069 8.502609
v  -20.996931 -0.163727 7.639938
v  -21.303988 0.605377 6.854889
v  -20.827772 0.119598 7.895081
v  -21.102530 0.959045 7.098419
v  -21.592869 1.663696 6.356583
v  -20.688707 0.375183 8.164688
v  -20.743019 -0.802094 8.728561
v  -20.634151 -0.593445 8.966354
v  -20.522030 -0.394806 9.207153
v  -20.654619 -1.596191 9.816376
v  -20.565392 -1.416931 10.036682
v  -20.451664 -1.242340 10.255722
v  -20.608652 -2.428955 10.871109
v  -20.488579 -2.280365 11.089493
v  -20.307728 -2.151672 11.294830
v  -20.288528 -1.083649 10.460419
v  -20.079903 -2.078949 11.418289
v  -20.068079 -0.982971 10.595123
v  -19.804285 -2.091400 11.395813
v  -19.817400 -1.030396 10.534500
v  -19.591627 -2.205902 11.221725
v  -19.602549 -1.156616 10.371002
v  -19.420902 -2.343048 11.020203
v  -19.458420 -1.325592 10.158600
v  -19.338499 -2.506287 10.793396
v  -19.367743 -1.500458 9.943222
v  -19.287329 -2.682343 10.532852
v  -19.291410 -1.689941 9.711288
v  -19.285233 -0.702026 8.846237
v  -19.239943 -1.886963 9.473877
v  -19.174873 -0.920593 8.604080
v  -19.058327 -0.015900 7.753662
v  -19.299948 -2.859741 10.273087
v  -19.331188 -3.032349 10.022217
v  -19.295589 -3.785980 10.880142
v  -19.354588 -3.933044 10.629028
v  -19.420019 -4.082306 10.382736
v  -19.301477 -4.678711 10.999771
v  -19.385111 -4.824615 10.788956
v  -19.480421 -4.966614 10.601517
v  -19.404507 -5.393280 11.119797
v  -19.521873 -5.531219 10.961136
v  -19.646255 -5.685577 10.834717
v  -19.596239 -5.116974 10.431442
v  -19.654610 -5.821777 11.220795
v  -19.764969 -6.001495 11.111465
v  -19.786955 -5.948120 11.369186
v  -19.909296 -6.072235 11.238937
v  -20.076715 -6.134766 11.084641
v  -20.223232 -5.895416 10.781220
v  -20.060482 -6.064240 11.335220
v  -20.199375 -5.993378 11.162674
v  -20.336832 -5.729950 10.888489
v  -20.391401 -5.115082 10.482208
v  -20.263083 -5.250916 10.317657
v  -20.295250 -5.860229 11.266052
v  -20.439102 -5.607056 11.025284
v  -20.497059 -4.979279 10.661621
v  -20.519680 -4.175110 10.203934
v  -20.524694 -5.493469 11.180267
v  -20.594257 -4.858856 10.839249
v  -20.582884 -4.026978 10.434891
v  -20.635376 -3.124756 9.848862
v  -20.681208 -4.731750 11.037567
v  -20.632442 -3.885345 10.685425
v  -20.662752 -2.946014 10.102951
v  -20.745182 -1.978333 9.355362
v  -20.685347 -3.742432 10.944504
v  -20.684202 -2.774689 10.357468
v  -20.713491 -1.789307 9.582382
v  -20.673952 -2.603394 10.612213
v  -20.716242 -3.595184 11.230988
v  -20.667194 -3.480499 11.514648
v  -20.547247 -4.400391 12.041351
v  -20.549934 -3.385101 11.768646
v  -20.319973 -4.369232 12.199173
v  -20.366049 -3.306458 11.968231
v  -20.067583 -4.346741 12.292160
v  -20.089186 -3.263336 12.083954
v  -19.797556 -4.332855 12.285996
v  -19.811180 -3.271210 12.043350
v  -19.564669 -4.333099 12.186295
v  -19.576969 -3.326233 11.897247
v  -19.380991 -4.340942 12.003647
v  -19.389738 -3.408417 11.689133
v  -19.287285 -3.508942 11.441849
v  -19.254560 -3.631287 11.158737
v  -19.628696 -5.100677 12.123428
v  -19.447767 -5.058350 11.996979
v  -19.702042 -5.459808 11.937256
v  -19.545706 -5.397552 11.827454
v  -19.765957 -5.674957 11.756790
v  -19.618336 -5.619446 11.666718
v  -19.468494 -5.502747 11.520569
v  -19.322580 -5.252838 11.300339
v  -19.699516 -5.789795 11.507446
v  -19.552532 -5.663269 11.358795
v  -19.827177 -5.860992 11.614731
v  -19.925543 -6.004059 11.478104
v  -20.170185 -5.958466 11.424912
v  -20.253370 -5.832092 11.543289
v  -20.375019 -5.738403 11.395264
v  -20.315002 -5.698212 11.681381
v  -20.434345 -5.618530 11.533722
v  -20.565161 -5.406433 11.341812
v  -20.350344 -5.508636 11.822464
v  -20.432310 -5.157196 11.972763
v  -20.216913 -5.513489 11.944229
v  -20.271482 -5.143005 12.130280
v  -20.050735 -5.502197 12.002365
v  -20.051291 -5.120575 12.194885
v  -19.876408 -5.480408 11.983841
v  -19.823402 -5.113586 12.191803
v  -22.363373 0.706116 4.438278
v  -22.127092 0.730652 4.176712
v  -21.328281 0.245422 4.874222
v  -21.887011 0.889801 3.974594
v  -21.001606 0.426788 4.679459
v  -29.697289 8.923187 6.816650
v  -29.722275 9.110687 6.517380
v  -30.488899 8.449005 6.237320
v  -30.644711 8.052002 5.469696
v  -30.130383 8.132477 5.038055
v  -29.260212 8.254486 4.420273
v  -25.123175 5.377686 -6.950745
v  -24.780140 4.272461 -8.663696
v  -25.249540 4.508118 -6.958969
v  -24.898985 3.725861 -8.679886
v  -23.996679 3.567139 -10.352585
v  -24.004396 3.111298 -10.319595
v  -22.475601 3.029022 -11.576019
v  -22.380495 2.702209 -11.331970
v  -20.575615 2.648041 -11.910278
# 1455 vertices

vt 0.000000 0.000000 0.000000
# 1 texture coords

o VertebraeLower2
g VertebraeLower2
usemtl HerniatedDiskAsset_default
f 1/1 46/1 47/1 48/1 
f 1/1 48/1 49/1 50/1 
f 1/1 50/1 51/1 46/1 
f 2/1 52/1 53/1 54/1 
f 2/1 55/1 56/1 52/1 
f 2/1 54/1 57/1 55/1 
f 3/1 58/1 59/1 60/1 
f 3/1 61/1 62/1 58/1 
f 3/1 60/1 63/1 61/1 
f 4/1 64/1 65/1 66/1 
f 4/1 67/1 68/1 64/1 
f 4/1 66/1 69/1 67/1 
f 5/1 70/1 71/1 72/1 
f 5/1 72/1 73/1 74/1 
f 5/1 74/1 75/1 70/1 
f 6/1 76/1 77/1 78/1 
f 6/1 79/1 80/1 76/1 
f 6/1 78/1 81/1 79/1 
f 7/1 82/1 83/1 84/1 
f 7/1 85/1 86/1 87/1 
f 7/1 84/1 88/1 85/1 
f 8/1 89/1 90/1 91/1 
f 8/1 92/1 93/1 89/1 
f 8/1 91/1 94/1 92/1 
f 9/1 95/1 96/1 97/1 
f 9/1 97/1 98/1 99/1 
f 9/1 99/1 100/1 95/1 
f 10/1 101/1 102/1 103/1 
f 10/1 103/1 104/1 105/1 
f 10/1 105/1 106/1 107/1 
f 10/1 108/1 109/1 101/1 
f 10/1 107/1 110/1 108/1 
f 11/1 111/1 112/1 113/1 
f 11/1 94/1 91/1 111/1 
f 11/1 114/1 115/1 94/1 
f 11/1 113/1 116/1 117/1 
f 11/1 117/1 118/1 114/1 
f 12/1 119/1 120/1 121/1 
f 12/1 122/1 123/1 21/1 
f 12/1 121/1 36/1 122/1 
f 12/1 124/1 125/1 119/1 
f 12/1 21/1 126/1 124/1 
f 13/1 127/1 128/1 129/1 
f 13/1 130/1 131/1 127/1 
f 13/1 129/1 132/1 130/1 
f 14/1 133/1 134/1 135/1 
f 14/1 135/1 104/1 103/1 
f 14/1 103/1 102/1 133/1 
f 15/1 136/1 137/1 138/1 
f 15/1 138/1 139/1 140/1 
f 15/1 140/1 141/1 136/1 
f 16/1 142/1 30/1 143/1 
f 16/1 144/1 145/1 142/1 
f 16/1 143/1 146/1 147/1 
f 17/1 148/1 149/1 150/1 
f 17/1 151/1 152/1 148/1 
f 17/1 150/1 153/1 151/1 
f 18/1 154/1 155/1 156/1 
f 18/1 157/1 158/1 154/1 
f 18/1 156/1 159/1 157/1 
f 19/1 160/1 161/1 162/1 
f 19/1 163/1 164/1 160/1 
f 19/1 162/1 165/1 163/1 
f 20/1 166/1 167/1 168/1 
f 20/1 169/1 170/1 166/1 
f 20/1 168/1 171/1 169/1 
f 172/1 173/1 174/1 175/1 
f 21/1 176/1 177/1 126/1 
f 21/1 178/1 179/1 176/1 
f 21/1 123/1 180/1 178/1 
f 22/1 23/1 181/1 182/1 
f 22/1 182/1 183/1 45/1 
f 22/1 45/1 184/1 185/1 
f 22/1 186/1 187/1 23/1 
f 22/1 185/1 39/1 186/1 
f 23/1 187/1 188/1 181/1 
f 24/1 189/1 190/1 191/1 
f 24/1 192/1 33/1 189/1 
f 24/1 193/1 194/1 195/1 
f 24/1 195/1 196/1 192/1 
f 24/1 191/1 197/1 193/1 
f 25/1 198/1 199/1 200/1 
f 25/1 200/1 201/1 202/1 
f 25/1 203/1 204/1 198/1 
f 25/1 205/1 206/1 203/1 
f 25/1 202/1 207/1 205/1 
f 26/1 208/1 209/1 210/1 
f 26/1 211/1 212/1 208/1 
f 26/1 210/1 213/1 214/1 
f 26/1 214/1 156/1 155/1 
f 26/1 155/1 215/1 211/1 
f 27/1 216/1 217/1 218/1 
f 27/1 218/1 219/1 220/1 
f 27/1 221/1 222/1 216/1 
f 28/1 223/1 224/1 225/1 
f 28/1 226/1 227/1 228/1 
f 28/1 228/1 229/1 230/1 
f 28/1 230/1 231/1 223/1 
f 29/1 232/1 233/1 234/1 
f 29/1 234/1 235/1 236/1 
f 29/1 236/1 237/1 232/1 
f 30/1 142/1 238/1 239/1 
f 30/1 240/1 241/1 143/1 
f 30/1 242/1 243/1 240/1 
f 30/1 239/1 244/1 242/1 
f 31/1 245/1 246/1 247/1 
f 31/1 248/1 249/1 250/1 
f 31/1 247/1 251/1 248/1 
f 31/1 250/1 252/1 253/1 
f 31/1 253/1 254/1 245/1 
f 32/1 255/1 256/1 257/1 
f 32/1 258/1 259/1 255/1 
f 32/1 257/1 260/1 261/1 
f 32/1 261/1 262/1 263/1 
f 32/1 263/1 264/1 258/1 
f 33/1 265/1 266/1 267/1 
f 33/1 267/1 268/1 189/1 
f 34/1 269/1 270/1 171/1 
f 34/1 271/1 272/1 269/1 
f 34/1 171/1 168/1 273/1 
f 34/1 274/1 275/1 271/1 
f 34/1 273/1 276/1 274/1 
f 35/1 277/1 278/1 279/1 
f 35/1 279/1 280/1 281/1 
f 35/1 282/1 283/1 284/1 
f 35/1 281/1 285/1 282/1 
f 35/1 284/1 286/1 277/1 
f 36/1 287/1 288/1 289/1 
f 36/1 121/1 290/1 287/1 
f 36/1 289/1 291/1 292/1 
f 37/1 293/1 128/1 127/1 
f 37/1 127/1 131/1 294/1 
f 37/1 294/1 295/1 293/1 
f 38/1 296/1 297/1 298/1 
f 38/1 298/1 124/1 126/1 
f 38/1 126/1 177/1 299/1 
f 38/1 300/1 301/1 296/1 
f 39/1 302/1 303/1 186/1 
f 39/1 185/1 304/1 302/1 
f 40/1 305/1 306/1 307/1 
f 40/1 308/1 309/1 305/1 
f 40/1 310/1 311/1 312/1 
f 40/1 307/1 116/1 310/1 
f 41/1 313/1 314/1 315/1 
f 41/1 316/1 317/1 318/1 
f 41/1 318/1 319/1 320/1 
f 41/1 320/1 321/1 313/1 
f 42/1 322/1 323/1 324/1 
f 42/1 325/1 326/1 322/1 
f 42/1 324/1 327/1 325/1 
f 43/1 328/1 329/1 330/1 
f 43/1 331/1 332/1 328/1 
f 43/1 330/1 333/1 331/1 
f 44/1 334/1 88/1 335/1 
f 44/1 336/1 337/1 334/1 
f 44/1 338/1 339/1 336/1 
f 44/1 335/1 340/1 341/1 
f 44/1 341/1 342/1 338/1 
f 45/1 183/1 343/1 184/1 
f 343/1 344/1 345/1 184/1 
f 343/1 183/1 346/1 347/1 
f 343/1 347/1 348/1 344/1 
f 348/1 349/1 350/1 344/1 
f 348/1 347/1 351/1 352/1 
f 348/1 352/1 353/1 349/1 
f 353/1 354/1 355/1 349/1 
f 353/1 352/1 356/1 357/1 
f 353/1 357/1 358/1 354/1 
f 358/1 359/1 360/1 354/1 
f 358/1 357/1 361/1 362/1 
f 358/1 362/1 363/1 359/1 
f 363/1 364/1 365/1 359/1 
f 363/1 362/1 366/1 93/1 
f 363/1 93/1 92/1 364/1 
f 366/1 362/1 361/1 367/1 
f 366/1 367/1 368/1 369/1 
f 366/1 369/1 89/1 93/1 
f 369/1 368/1 222/1 370/1 
f 369/1 370/1 90/1 89/1 
f 370/1 222/1 221/1 371/1 
f 370/1 371/1 372/1 90/1 
f 372/1 371/1 373/1 374/1 
f 372/1 374/1 112/1 111/1 
f 372/1 111/1 91/1 90/1 
f 374/1 373/1 375/1 376/1 
f 374/1 376/1 377/1 112/1 
f 377/1 378/1 113/1 112/1 
f 377/1 376/1 268/1 267/1 
f 377/1 267/1 266/1 378/1 
f 378/1 310/1 116/1 113/1 
f 378/1 266/1 311/1 310/1 
f 376/1 375/1 379/1 268/1 
f 379/1 375/1 380/1 381/1 
f 379/1 381/1 382/1 190/1 
f 379/1 190/1 189/1 268/1 
f 382/1 381/1 383/1 384/1 
f 382/1 384/1 385/1 386/1 
f 382/1 386/1 191/1 190/1 
f 386/1 385/1 167/1 387/1 
f 386/1 387/1 197/1 191/1 
f 387/1 167/1 166/1 388/1 
f 387/1 388/1 389/1 197/1 
f 389/1 388/1 390/1 391/1 
f 389/1 391/1 392/1 393/1 
f 389/1 393/1 193/1 197/1 
f 393/1 392/1 394/1 395/1 
f 393/1 395/1 194/1 193/1 
f 395/1 394/1 396/1 397/1 
f 395/1 397/1 398/1 194/1 
f 398/1 399/1 195/1 194/1 
f 398/1 397/1 400/1 401/1 
f 398/1 401/1 402/1 399/1 
f 402/1 403/1 404/1 399/1 
f 402/1 401/1 405/1 406/1 
f 402/1 406/1 407/1 403/1 
f 407/1 408/1 409/1 403/1 
f 407/1 406/1 410/1 411/1 
f 407/1 411/1 412/1 408/1 
f 412/1 71/1 413/1 408/1 
f 412/1 411/1 414/1 415/1 
f 412/1 415/1 72/1 71/1 
f 415/1 414/1 416/1 417/1 
f 415/1 417/1 73/1 72/1 
f 417/1 416/1 418/1 419/1 
f 417/1 419/1 420/1 73/1 
f 420/1 421/1 74/1 73/1 
f 420/1 419/1 422/1 423/1 
f 420/1 423/1 424/1 421/1 
f 424/1 232/1 237/1 421/1 
f 424/1 423/1 425/1 426/1 
f 424/1 426/1 233/1 232/1 
f 426/1 425/1 427/1 428/1 
f 426/1 428/1 429/1 233/1 
f 429/1 430/1 234/1 233/1 
f 429/1 428/1 431/1 432/1 
f 429/1 432/1 433/1 430/1 
f 433/1 434/1 435/1 430/1 
f 433/1 432/1 436/1 437/1 
f 433/1 437/1 438/1 434/1 
f 438/1 437/1 439/1 164/1 
f 438/1 164/1 163/1 440/1 
f 438/1 440/1 441/1 434/1 
f 441/1 440/1 442/1 443/1 
f 441/1 443/1 444/1 445/1 
f 441/1 445/1 435/1 434/1 
f 445/1 444/1 446/1 447/1 
f 445/1 447/1 235/1 435/1 
f 447/1 446/1 448/1 449/1 
f 447/1 449/1 236/1 235/1 
f 449/1 448/1 70/1 75/1 
f 449/1 75/1 237/1 236/1 
f 448/1 446/1 450/1 413/1 
f 448/1 413/1 71/1 70/1 
f 450/1 446/1 444/1 451/1 
f 450/1 451/1 452/1 409/1 
f 450/1 409/1 408/1 413/1 
f 452/1 451/1 453/1 454/1 
f 452/1 454/1 196/1 404/1 
f 452/1 404/1 403/1 409/1 
f 454/1 453/1 455/1 456/1 
f 454/1 456/1 192/1 196/1 
f 456/1 455/1 457/1 458/1 
f 456/1 458/1 33/1 192/1 
f 458/1 457/1 459/1 460/1 
f 458/1 460/1 265/1 33/1 
f 460/1 459/1 461/1 462/1 
f 460/1 462/1 463/1 265/1 
f 463/1 462/1 464/1 465/1 
f 463/1 465/1 312/1 311/1 
f 463/1 311/1 266/1 265/1 
f 465/1 464/1 466/1 467/1 
f 465/1 467/1 468/1 312/1 
f 468/1 467/1 469/1 470/1 
f 468/1 470/1 471/1 308/1 
f 468/1 308/1 40/1 312/1 
f 471/1 470/1 472/1 473/1 
f 471/1 473/1 474/1 475/1 
f 471/1 475/1 309/1 308/1 
f 475/1 474/1 476/1 477/1 
f 475/1 477/1 478/1 309/1 
f 478/1 477/1 479/1 480/1 
f 478/1 480/1 481/1 482/1 
f 478/1 482/1 305/1 309/1 
f 482/1 481/1 483/1 484/1 
f 482/1 484/1 306/1 305/1 
f 484/1 483/1 485/1 486/1 
f 484/1 486/1 487/1 306/1 
f 487/1 486/1 488/1 489/1 
f 487/1 489/1 490/1 491/1 
f 487/1 491/1 307/1 306/1 
f 491/1 490/1 118/1 117/1 
f 491/1 117/1 116/1 307/1 
f 490/1 489/1 492/1 493/1 
f 490/1 493/1 494/1 118/1 
f 494/1 493/1 495/1 496/1 
f 494/1 496/1 497/1 498/1 
f 494/1 498/1 114/1 118/1 
f 498/1 497/1 499/1 500/1 
f 498/1 500/1 115/1 114/1 
f 500/1 499/1 501/1 365/1 
f 500/1 365/1 364/1 115/1 
f 501/1 499/1 502/1 503/1 
f 501/1 503/1 504/1 360/1 
f 501/1 360/1 359/1 365/1 
f 504/1 503/1 505/1 506/1 
f 504/1 506/1 507/1 355/1 
f 504/1 355/1 354/1 360/1 
f 507/1 506/1 508/1 509/1 
f 507/1 509/1 510/1 350/1 
f 507/1 350/1 349/1 355/1 
f 510/1 509/1 511/1 512/1 
f 510/1 512/1 304/1 345/1 
f 510/1 345/1 344/1 350/1 
f 512/1 511/1 513/1 514/1 
f 512/1 514/1 302/1 304/1 
f 514/1 513/1 515/1 516/1 
f 514/1 516/1 303/1 302/1 
f 516/1 515/1 517/1 518/1 
f 516/1 518/1 519/1 303/1 
f 519/1 518/1 520/1 521/1 
f 519/1 521/1 188/1 187/1 
f 519/1 187/1 186/1 303/1 
f 521/1 520/1 522/1 523/1 
f 521/1 523/1 524/1 188/1 
f 524/1 523/1 525/1 526/1 
f 524/1 526/1 527/1 528/1 
f 524/1 528/1 181/1 188/1 
f 528/1 527/1 529/1 530/1 
f 528/1 530/1 182/1 181/1 
f 530/1 529/1 531/1 346/1 
f 530/1 346/1 183/1 182/1 
f 531/1 529/1 532/1 533/1 
f 531/1 533/1 534/1 351/1 
f 531/1 351/1 347/1 346/1 
f 534/1 356/1 352/1 351/1 
f 534/1 533/1 535/1 536/1 
f 534/1 536/1 537/1 356/1 
f 537/1 361/1 357/1 356/1 
f 537/1 536/1 538/1 539/1 
f 537/1 539/1 367/1 361/1 
f 539/1 538/1 540/1 541/1 
f 539/1 541/1 368/1 367/1 
f 541/1 540/1 217/1 216/1 
f 541/1 216/1 222/1 368/1 
f 540/1 542/1 543/1 217/1 
f 540/1 538/1 544/1 542/1 
f 544/1 545/1 546/1 542/1 
f 544/1 538/1 536/1 535/1 
f 544/1 535/1 547/1 545/1 
f 547/1 548/1 549/1 545/1 
f 547/1 535/1 533/1 532/1 
f 547/1 532/1 550/1 548/1 
f 550/1 551/1 552/1 548/1 
f 550/1 532/1 529/1 527/1 
f 550/1 527/1 526/1 551/1 
f 552/1 553/1 554/1 555/1 
f 552/1 555/1 549/1 548/1 
f 552/1 551/1 556/1 553/1 
f 556/1 557/1 558/1 553/1 
f 556/1 551/1 526/1 525/1 
f 556/1 525/1 559/1 557/1 
f 559/1 560/1 561/1 557/1 
f 559/1 525/1 523/1 522/1 
f 559/1 522/1 562/1 560/1 
f 562/1 563/1 564/1 560/1 
f 562/1 522/1 520/1 565/1 
f 562/1 565/1 566/1 563/1 
f 566/1 567/1 568/1 563/1 
f 566/1 565/1 517/1 569/1 
f 566/1 569/1 570/1 567/1 
f 570/1 571/1 572/1 567/1 
f 570/1 569/1 573/1 574/1 
f 570/1 574/1 575/1 571/1 
f 575/1 576/1 577/1 571/1 
f 575/1 574/1 578/1 579/1 
f 575/1 579/1 580/1 576/1 
f 580/1 581/1 582/1 576/1 
f 580/1 579/1 583/1 584/1 
f 580/1 584/1 585/1 581/1 
f 585/1 586/1 587/1 581/1 
f 585/1 584/1 588/1 589/1 
f 585/1 589/1 590/1 586/1 
f 590/1 591/1 592/1 586/1 
f 590/1 589/1 593/1 594/1 
f 590/1 594/1 595/1 591/1 
f 595/1 596/1 597/1 591/1 
f 595/1 594/1 598/1 599/1 
f 595/1 599/1 600/1 596/1 
f 600/1 601/1 602/1 596/1 
f 600/1 599/1 603/1 604/1 
f 600/1 604/1 605/1 601/1 
f 605/1 606/1 607/1 601/1 
f 605/1 604/1 608/1 609/1 
f 605/1 609/1 610/1 606/1 
f 610/1 611/1 612/1 606/1 
f 610/1 609/1 613/1 614/1 
f 610/1 614/1 615/1 611/1 
f 615/1 616/1 617/1 611/1 
f 615/1 614/1 618/1 619/1 
f 615/1 619/1 620/1 616/1 
f 620/1 259/1 621/1 616/1 
f 620/1 619/1 622/1 623/1 
f 620/1 623/1 255/1 259/1 
f 623/1 622/1 624/1 625/1 
f 623/1 625/1 256/1 255/1 
f 625/1 624/1 626/1 65/1 
f 625/1 65/1 64/1 256/1 
f 626/1 627/1 628/1 629/1 
f 626/1 629/1 66/1 65/1 
f 626/1 624/1 630/1 627/1 
f 630/1 624/1 622/1 631/1 
f 630/1 631/1 483/1 481/1 
f 630/1 481/1 480/1 627/1 
f 631/1 622/1 619/1 618/1 
f 631/1 618/1 485/1 483/1 
f 629/1 628/1 632/1 633/1 
f 629/1 633/1 69/1 66/1 
f 633/1 632/1 634/1 635/1 
f 633/1 635/1 225/1 69/1 
f 635/1 634/1 636/1 226/1 
f 635/1 226/1 28/1 225/1 
f 636/1 637/1 638/1 639/1 
f 636/1 639/1 227/1 226/1 
f 636/1 634/1 640/1 637/1 
f 640/1 641/1 642/1 637/1 
f 640/1 634/1 632/1 643/1 
f 640/1 643/1 476/1 641/1 
f 643/1 632/1 628/1 479/1 
f 643/1 479/1 477/1 476/1 
f 642/1 644/1 290/1 645/1 
f 642/1 645/1 638/1 637/1 
f 642/1 641/1 646/1 644/1 
f 646/1 647/1 648/1 644/1 
f 646/1 641/1 476/1 474/1 
f 646/1 474/1 473/1 647/1 
f 648/1 649/1 288/1 287/1 
f 648/1 287/1 290/1 644/1 
f 648/1 647/1 650/1 649/1 
f 650/1 651/1 652/1 649/1 
f 650/1 647/1 473/1 472/1 
f 650/1 472/1 653/1 651/1 
f 653/1 654/1 655/1 651/1 
f 653/1 472/1 470/1 469/1 
f 653/1 469/1 656/1 654/1 
f 656/1 46/1 51/1 654/1 
f 656/1 469/1 467/1 466/1 
f 656/1 466/1 47/1 46/1 
f 655/1 657/1 658/1 659/1 
f 655/1 659/1 652/1 651/1 
f 655/1 654/1 51/1 657/1 
f 659/1 658/1 660/1 661/1 
f 659/1 661/1 662/1 652/1 
f 662/1 661/1 663/1 664/1 
f 662/1 664/1 289/1 288/1 
f 662/1 288/1 649/1 652/1 
f 664/1 663/1 665/1 666/1 
f 664/1 666/1 291/1 289/1 
f 666/1 665/1 422/1 667/1 
f 666/1 667/1 668/1 291/1 
f 668/1 667/1 418/1 669/1 
f 668/1 669/1 670/1 671/1 
f 668/1 671/1 292/1 291/1 
f 671/1 670/1 672/1 673/1 
f 671/1 673/1 674/1 292/1 
f 674/1 673/1 675/1 676/1 
f 674/1 676/1 123/1 122/1 
f 674/1 122/1 36/1 292/1 
f 676/1 675/1 677/1 678/1 
f 676/1 678/1 180/1 123/1 
f 678/1 677/1 679/1 680/1 
f 678/1 680/1 681/1 180/1 
f 681/1 680/1 682/1 683/1 
f 681/1 683/1 684/1 685/1 
f 681/1 685/1 178/1 180/1 
f 685/1 684/1 686/1 687/1 
f 685/1 687/1 179/1 178/1 
f 687/1 686/1 688/1 689/1 
f 687/1 689/1 690/1 179/1 
f 690/1 691/1 176/1 179/1 
f 690/1 689/1 692/1 693/1 
f 690/1 693/1 694/1 691/1 
f 694/1 695/1 696/1 691/1 
f 694/1 693/1 697/1 698/1 
f 694/1 698/1 699/1 695/1 
f 699/1 700/1 701/1 695/1 
f 699/1 698/1 702/1 703/1 
f 699/1 703/1 704/1 700/1 
f 704/1 705/1 706/1 700/1 
f 704/1 703/1 707/1 708/1 
f 704/1 708/1 709/1 705/1 
f 709/1 710/1 711/1 705/1 
f 709/1 708/1 712/1 713/1 
f 709/1 713/1 714/1 710/1 
f 714/1 715/1 716/1 710/1 
f 714/1 713/1 717/1 718/1 
f 714/1 718/1 719/1 715/1 
f 719/1 720/1 721/1 715/1 
f 719/1 718/1 722/1 723/1 
f 719/1 723/1 724/1 720/1 
f 724/1 725/1 726/1 720/1 
f 724/1 723/1 727/1 728/1 
f 724/1 728/1 729/1 725/1 
f 729/1 730/1 731/1 725/1 
f 729/1 728/1 100/1 99/1 
f 729/1 99/1 98/1 730/1 
f 731/1 730/1 732/1 733/1 
f 731/1 733/1 734/1 735/1 
f 731/1 735/1 726/1 725/1 
f 735/1 734/1 736/1 737/1 
f 735/1 737/1 738/1 726/1 
f 738/1 737/1 130/1 132/1 
f 738/1 132/1 739/1 721/1 
f 738/1 721/1 720/1 726/1 
f 739/1 132/1 129/1 740/1 
f 739/1 740/1 741/1 716/1 
f 739/1 716/1 715/1 721/1 
f 741/1 740/1 742/1 743/1 
f 741/1 743/1 744/1 711/1 
f 741/1 711/1 710/1 716/1 
f 744/1 743/1 745/1 746/1 
f 744/1 746/1 747/1 706/1 
f 744/1 706/1 705/1 711/1 
f 747/1 746/1 748/1 749/1 
f 747/1 749/1 750/1 701/1 
f 747/1 701/1 700/1 706/1 
f 750/1 749/1 751/1 299/1 
f 750/1 299/1 177/1 696/1 
f 750/1 696/1 695/1 701/1 
f 751/1 752/1 753/1 300/1 
f 751/1 300/1 38/1 299/1 
f 751/1 749/1 748/1 752/1 
f 753/1 754/1 755/1 756/1 
f 753/1 756/1 301/1 300/1 
f 753/1 752/1 757/1 754/1 
f 757/1 758/1 759/1 754/1 
f 757/1 752/1 748/1 760/1 
f 757/1 760/1 761/1 758/1 
f 761/1 295/1 762/1 758/1 
f 761/1 760/1 745/1 763/1 
f 761/1 763/1 293/1 295/1 
f 763/1 745/1 743/1 742/1 
f 763/1 742/1 128/1 293/1 
f 762/1 764/1 765/1 766/1 
f 762/1 766/1 759/1 758/1 
f 762/1 295/1 294/1 764/1 
f 766/1 765/1 767/1 768/1 
f 766/1 768/1 769/1 759/1 
f 769/1 768/1 770/1 771/1 
f 769/1 771/1 772/1 755/1 
f 769/1 755/1 754/1 759/1 
f 772/1 771/1 773/1 774/1 
f 772/1 774/1 775/1 776/1 
f 772/1 776/1 756/1 755/1 
f 776/1 775/1 777/1 778/1 
f 776/1 778/1 301/1 756/1 
f 778/1 777/1 779/1 780/1 
f 778/1 780/1 296/1 301/1 
f 780/1 779/1 781/1 782/1 
f 780/1 782/1 297/1 296/1 
f 782/1 781/1 783/1 784/1 
f 782/1 784/1 785/1 297/1 
f 785/1 784/1 786/1 787/1 
f 785/1 787/1 788/1 789/1 
f 785/1 789/1 298/1 297/1 
f 789/1 788/1 790/1 125/1 
f 789/1 125/1 124/1 298/1 
f 790/1 788/1 791/1 792/1 
f 790/1 792/1 793/1 794/1 
f 790/1 794/1 119/1 125/1 
f 794/1 795/1 120/1 119/1 
f 794/1 793/1 796/1 795/1 
f 796/1 793/1 797/1 798/1 
f 796/1 798/1 227/1 639/1 
f 796/1 639/1 638/1 795/1 
f 798/1 797/1 799/1 800/1 
f 798/1 800/1 228/1 227/1 
f 800/1 799/1 801/1 802/1 
f 800/1 802/1 229/1 228/1 
f 802/1 801/1 803/1 804/1 
f 802/1 804/1 805/1 229/1 
f 805/1 806/1 230/1 229/1 
f 805/1 804/1 272/1 271/1 
f 805/1 271/1 275/1 806/1 
f 806/1 807/1 231/1 230/1 
f 806/1 275/1 808/1 807/1 
f 808/1 809/1 810/1 807/1 
f 808/1 275/1 274/1 811/1 
f 808/1 811/1 812/1 809/1 
f 812/1 813/1 814/1 809/1 
f 812/1 811/1 815/1 816/1 
f 812/1 816/1 817/1 813/1 
f 817/1 220/1 818/1 813/1 
f 817/1 816/1 819/1 820/1 
f 817/1 820/1 27/1 220/1 
f 820/1 819/1 380/1 821/1 
f 820/1 821/1 221/1 27/1 
f 821/1 380/1 375/1 373/1 
f 821/1 373/1 371/1 221/1 
f 819/1 816/1 815/1 383/1 
f 819/1 383/1 381/1 380/1 
f 818/1 822/1 823/1 824/1 
f 818/1 824/1 814/1 813/1 
f 818/1 220/1 219/1 822/1 
f 824/1 823/1 825/1 826/1 
f 824/1 826/1 827/1 814/1 
f 827/1 826/1 828/1 829/1 
f 827/1 829/1 830/1 810/1 
f 827/1 810/1 809/1 814/1 
f 830/1 829/1 831/1 832/1 
f 830/1 832/1 223/1 231/1 
f 830/1 231/1 807/1 810/1 
f 832/1 831/1 260/1 833/1 
f 832/1 833/1 224/1 223/1 
f 833/1 260/1 257/1 68/1 
f 833/1 68/1 67/1 224/1 
f 831/1 834/1 261/1 260/1 
f 831/1 829/1 828/1 834/1 
f 834/1 835/1 262/1 261/1 
f 834/1 828/1 836/1 835/1 
f 836/1 837/1 838/1 835/1 
f 836/1 828/1 826/1 825/1 
f 836/1 825/1 839/1 837/1 
f 839/1 840/1 841/1 837/1 
f 839/1 825/1 823/1 842/1 
f 839/1 842/1 843/1 840/1 
f 843/1 844/1 845/1 840/1 
f 843/1 842/1 846/1 847/1 
f 843/1 847/1 848/1 844/1 
f 848/1 849/1 850/1 844/1 
f 848/1 847/1 851/1 852/1 
f 848/1 852/1 853/1 849/1 
f 853/1 854/1 855/1 849/1 
f 853/1 852/1 856/1 857/1 
f 853/1 857/1 286/1 854/1 
f 857/1 856/1 858/1 859/1 
f 857/1 859/1 277/1 286/1 
f 859/1 858/1 860/1 861/1 
f 859/1 861/1 278/1 277/1 
f 861/1 860/1 549/1 555/1 
f 861/1 555/1 554/1 278/1 
f 860/1 858/1 862/1 546/1 
f 860/1 546/1 545/1 549/1 
f 862/1 858/1 856/1 863/1 
f 862/1 863/1 864/1 543/1 
f 862/1 543/1 542/1 546/1 
f 864/1 863/1 851/1 865/1 
f 864/1 865/1 219/1 218/1 
f 864/1 218/1 217/1 543/1 
f 865/1 851/1 847/1 846/1 
f 865/1 846/1 822/1 219/1 
f 863/1 856/1 852/1 851/1 
f 855/1 866/1 867/1 868/1 
f 855/1 868/1 850/1 849/1 
f 855/1 854/1 869/1 866/1 
f 869/1 870/1 871/1 866/1 
f 869/1 854/1 286/1 284/1 
f 869/1 284/1 283/1 870/1 
f 871/1 872/1 873/1 874/1 
f 871/1 874/1 867/1 866/1 
f 871/1 870/1 875/1 872/1 
f 875/1 876/1 877/1 872/1 
f 875/1 870/1 283/1 878/1 
f 875/1 878/1 879/1 876/1 
f 879/1 213/1 210/1 876/1 
f 879/1 878/1 880/1 881/1 
f 879/1 881/1 882/1 213/1 
f 882/1 883/1 214/1 213/1 
f 882/1 881/1 884/1 885/1 
f 882/1 885/1 886/1 883/1 
f 886/1 887/1 159/1 883/1 
f 886/1 885/1 888/1 145/1 
f 886/1 145/1 144/1 887/1 
f 888/1 885/1 884/1 889/1 
f 888/1 889/1 890/1 238/1 
f 888/1 238/1 142/1 145/1 
f 890/1 889/1 891/1 892/1 
f 890/1 892/1 109/1 893/1 
f 890/1 893/1 239/1 238/1 
f 893/1 109/1 108/1 894/1 
f 893/1 894/1 244/1 239/1 
f 894/1 895/1 896/1 244/1 
f 894/1 108/1 110/1 895/1 
f 896/1 897/1 242/1 244/1 
f 896/1 895/1 318/1 317/1 
f 896/1 317/1 898/1 897/1 
f 898/1 899/1 900/1 897/1 
f 898/1 317/1 316/1 901/1 
f 898/1 901/1 902/1 899/1 
f 902/1 903/1 904/1 899/1 
f 902/1 901/1 905/1 906/1 
f 902/1 906/1 907/1 903/1 
f 907/1 175/1 908/1 903/1 
f 907/1 906/1 909/1 910/1 
f 907/1 910/1 172/1 175/1 
f 910/1 909/1 911/1 912/1 
f 910/1 912/1 173/1 172/1 
f 912/1 911/1 775/1 774/1 
f 912/1 774/1 773/1 173/1 
f 911/1 909/1 913/1 914/1 
f 911/1 914/1 777/1 775/1 
f 914/1 913/1 915/1 916/1 
f 914/1 916/1 779/1 777/1 
f 916/1 915/1 917/1 918/1 
f 916/1 918/1 781/1 779/1 
f 918/1 917/1 919/1 920/1 
f 918/1 920/1 783/1 781/1 
f 920/1 919/1 921/1 922/1 
f 920/1 922/1 923/1 783/1 
f 923/1 922/1 924/1 925/1 
f 923/1 925/1 926/1 786/1 
f 923/1 786/1 784/1 783/1 
f 926/1 925/1 927/1 252/1 
f 926/1 252/1 250/1 928/1 
f 926/1 928/1 787/1 786/1 
f 928/1 250/1 249/1 791/1 
f 928/1 791/1 788/1 787/1 
f 927/1 925/1 924/1 929/1 
f 927/1 929/1 77/1 930/1 
f 927/1 930/1 253/1 252/1 
f 930/1 77/1 76/1 931/1 
f 930/1 931/1 254/1 253/1 
f 931/1 76/1 80/1 932/1 
f 931/1 932/1 933/1 254/1 
f 933/1 932/1 206/1 934/1 
f 933/1 934/1 935/1 936/1 
f 933/1 936/1 245/1 254/1 
f 936/1 935/1 937/1 938/1 
f 936/1 938/1 246/1 245/1 
f 938/1 937/1 874/1 873/1 
f 938/1 873/1 939/1 246/1 
f 939/1 940/1 247/1 246/1 
f 939/1 873/1 872/1 877/1 
f 939/1 877/1 209/1 940/1 
f 940/1 941/1 251/1 247/1 
f 940/1 209/1 208/1 941/1 
f 941/1 942/1 943/1 251/1 
f 941/1 208/1 212/1 942/1 
f 943/1 801/1 799/1 944/1 
f 943/1 944/1 248/1 251/1 
f 943/1 942/1 803/1 801/1 
f 944/1 799/1 797/1 945/1 
f 944/1 945/1 249/1 248/1 
f 945/1 797/1 793/1 792/1 
f 945/1 792/1 791/1 249/1 
f 942/1 212/1 946/1 803/1 
f 946/1 272/1 804/1 803/1 
f 946/1 212/1 211/1 947/1 
f 946/1 947/1 269/1 272/1 
f 947/1 211/1 215/1 948/1 
f 947/1 948/1 270/1 269/1 
f 948/1 215/1 339/1 338/1 
f 948/1 338/1 342/1 270/1 
f 937/1 935/1 949/1 950/1 
f 937/1 950/1 867/1 874/1 
f 950/1 949/1 951/1 952/1 
f 950/1 952/1 868/1 867/1 
f 952/1 951/1 953/1 954/1 
f 952/1 954/1 850/1 868/1 
f 954/1 953/1 955/1 845/1 
f 954/1 845/1 844/1 850/1 
f 955/1 953/1 956/1 957/1 
f 955/1 957/1 958/1 841/1 
f 955/1 841/1 840/1 845/1 
f 958/1 957/1 959/1 960/1 
f 958/1 960/1 961/1 838/1 
f 958/1 838/1 837/1 841/1 
f 961/1 960/1 962/1 963/1 
f 961/1 963/1 263/1 262/1 
f 961/1 262/1 835/1 838/1 
f 963/1 962/1 964/1 965/1 
f 963/1 965/1 264/1 263/1 
f 965/1 964/1 966/1 967/1 
f 965/1 967/1 968/1 264/1 
f 968/1 967/1 969/1 970/1 
f 968/1 970/1 971/1 972/1 
f 968/1 972/1 258/1 264/1 
f 972/1 971/1 973/1 621/1 
f 972/1 621/1 259/1 258/1 
f 973/1 971/1 974/1 975/1 
f 973/1 975/1 976/1 617/1 
f 973/1 617/1 616/1 621/1 
f 976/1 975/1 977/1 978/1 
f 976/1 978/1 979/1 612/1 
f 976/1 612/1 611/1 617/1 
f 979/1 978/1 980/1 981/1 
f 979/1 981/1 982/1 607/1 
f 979/1 607/1 606/1 612/1 
f 982/1 981/1 983/1 984/1 
f 982/1 984/1 985/1 602/1 
f 982/1 602/1 601/1 607/1 
f 985/1 984/1 986/1 987/1 
f 985/1 987/1 988/1 597/1 
f 985/1 597/1 596/1 602/1 
f 988/1 987/1 989/1 990/1 
f 988/1 990/1 991/1 592/1 
f 988/1 592/1 591/1 597/1 
f 991/1 990/1 992/1 993/1 
f 991/1 993/1 994/1 587/1 
f 991/1 587/1 586/1 592/1 
f 994/1 993/1 995/1 996/1 
f 994/1 996/1 997/1 582/1 
f 994/1 582/1 581/1 587/1 
f 997/1 996/1 998/1 999/1 
f 997/1 999/1 1000/1 577/1 
f 997/1 577/1 576/1 582/1 
f 1000/1 999/1 1001/1 1002/1 
f 1000/1 1002/1 1003/1 572/1 
f 1000/1 572/1 571/1 577/1 
f 1003/1 1002/1 1004/1 1005/1 
f 1003/1 1005/1 1006/1 568/1 
f 1003/1 568/1 567/1 572/1 
f 1006/1 1005/1 1007/1 1008/1 
f 1006/1 1008/1 1009/1 564/1 
f 1006/1 564/1 563/1 568/1 
f 1009/1 1008/1 1010/1 1011/1 
f 1009/1 1011/1 1012/1 561/1 
f 1009/1 561/1 560/1 564/1 
f 1012/1 1011/1 1013/1 1014/1 
f 1012/1 1014/1 1015/1 558/1 
f 1012/1 558/1 557/1 561/1 
f 1015/1 1014/1 280/1 279/1 
f 1015/1 279/1 278/1 554/1 
f 1015/1 554/1 553/1 558/1 
f 1014/1 1013/1 1016/1 280/1 
f 1016/1 1017/1 1018/1 1019/1 
f 1016/1 1019/1 281/1 280/1 
f 1016/1 1013/1 1020/1 1017/1 
f 1020/1 134/1 133/1 1017/1 
f 1020/1 1013/1 1011/1 1010/1 
f 1020/1 1010/1 1021/1 134/1 
f 1021/1 1022/1 135/1 134/1 
f 1021/1 1010/1 1008/1 1007/1 
f 1021/1 1007/1 1023/1 1022/1 
f 1023/1 1024/1 1025/1 1022/1 
f 1023/1 1007/1 1005/1 1004/1 
f 1023/1 1004/1 1026/1 1024/1 
f 1026/1 1027/1 1028/1 1024/1 
f 1026/1 1004/1 1002/1 1001/1 
f 1026/1 1001/1 1029/1 1027/1 
f 1029/1 1030/1 1031/1 1027/1 
f 1029/1 1001/1 999/1 998/1 
f 1029/1 998/1 1032/1 1030/1 
f 1032/1 1033/1 1034/1 1030/1 
f 1032/1 998/1 996/1 995/1 
f 1032/1 995/1 1035/1 1033/1 
f 1035/1 1036/1 1037/1 1033/1 
f 1035/1 995/1 993/1 992/1 
f 1035/1 992/1 1038/1 1036/1 
f 1038/1 1039/1 1040/1 1036/1 
f 1038/1 992/1 990/1 989/1 
f 1038/1 989/1 1041/1 1039/1 
f 1041/1 1042/1 1043/1 1039/1 
f 1041/1 989/1 987/1 986/1 
f 1041/1 986/1 1044/1 1042/1 
f 1044/1 1045/1 1046/1 1042/1 
f 1044/1 986/1 984/1 983/1 
f 1044/1 983/1 1047/1 1045/1 
f 1047/1 1048/1 1049/1 1045/1 
f 1047/1 983/1 981/1 980/1 
f 1047/1 980/1 1050/1 1048/1 
f 1050/1 1051/1 1052/1 1048/1 
f 1050/1 980/1 978/1 977/1 
f 1050/1 977/1 1053/1 1051/1 
f 1053/1 1054/1 1055/1 1051/1 
f 1053/1 977/1 975/1 974/1 
f 1053/1 974/1 1056/1 1054/1 
f 1056/1 1057/1 1058/1 1054/1 
f 1056/1 974/1 971/1 970/1 
f 1056/1 970/1 969/1 1057/1 
f 1058/1 1059/1 1060/1 1061/1 
f 1058/1 1061/1 1055/1 1054/1 
f 1058/1 1057/1 1062/1 1059/1 
f 1062/1 1063/1 1064/1 1059/1 
f 1062/1 1057/1 969/1 1065/1 
f 1062/1 1065/1 1066/1 1063/1 
f 1066/1 1067/1 1068/1 1063/1 
f 1066/1 1065/1 966/1 1069/1 
f 1066/1 1069/1 1070/1 1067/1 
f 1070/1 1071/1 1072/1 1067/1 
f 1070/1 1069/1 1073/1 1074/1 
f 1070/1 1074/1 201/1 1071/1 
f 1074/1 1073/1 1075/1 1076/1 
f 1074/1 1076/1 202/1 201/1 
f 1076/1 1075/1 959/1 1077/1 
f 1076/1 1077/1 207/1 202/1 
f 1077/1 959/1 957/1 956/1 
f 1077/1 956/1 1078/1 207/1 
f 1078/1 1079/1 205/1 207/1 
f 1078/1 956/1 953/1 951/1 
f 1078/1 951/1 949/1 1079/1 
f 1079/1 934/1 206/1 205/1 
f 1079/1 949/1 935/1 934/1 
f 1075/1 1073/1 964/1 962/1 
f 1075/1 962/1 960/1 959/1 
f 1073/1 1069/1 966/1 964/1 
f 1072/1 1071/1 1080/1 1081/1 
f 1072/1 1081/1 1082/1 1083/1 
f 1072/1 1083/1 1068/1 1067/1 
f 1083/1 1082/1 1084/1 1085/1 
f 1083/1 1085/1 1086/1 1068/1 
f 1086/1 1085/1 1087/1 1088/1 
f 1086/1 1088/1 1089/1 1064/1 
f 1086/1 1064/1 1063/1 1068/1 
f 1089/1 1088/1 333/1 327/1 
f 1089/1 327/1 324/1 1060/1 
f 1089/1 1060/1 1059/1 1064/1 
f 1088/1 1087/1 331/1 333/1 
f 1087/1 1085/1 1084/1 1090/1 
f 1087/1 1090/1 332/1 331/1 
f 1090/1 1084/1 1091/1 1092/1 
f 1090/1 1092/1 1093/1 332/1 
f 1093/1 1092/1 1094/1 1095/1 
f 1093/1 1095/1 1096/1 1097/1 
f 1093/1 1097/1 328/1 332/1 
f 1097/1 1096/1 1098/1 1099/1 
f 1097/1 1099/1 329/1 328/1 
f 1099/1 1098/1 1100/1 1101/1 
f 1099/1 1101/1 326/1 329/1 
f 1101/1 1100/1 1102/1 1103/1 
f 1101/1 1103/1 322/1 326/1 
f 1103/1 1102/1 1052/1 1104/1 
f 1103/1 1104/1 323/1 322/1 
f 1104/1 1052/1 1051/1 1055/1 
f 1104/1 1055/1 1061/1 323/1 
f 1102/1 1100/1 1105/1 1049/1 
f 1102/1 1049/1 1048/1 1052/1 
f 1105/1 1100/1 1098/1 1106/1 
f 1105/1 1106/1 1107/1 1046/1 
f 1105/1 1046/1 1045/1 1049/1 
f 1107/1 1106/1 1108/1 1109/1 
f 1107/1 1109/1 1110/1 1043/1 
f 1107/1 1043/1 1042/1 1046/1 
f 1110/1 1109/1 1111/1 1112/1 
f 1110/1 1112/1 1113/1 1040/1 
f 1110/1 1040/1 1039/1 1043/1 
f 1113/1 1112/1 1114/1 1115/1 
f 1113/1 1115/1 1116/1 1037/1 
f 1113/1 1037/1 1036/1 1040/1 
f 1116/1 1115/1 1117/1 1118/1 
f 1116/1 1118/1 1119/1 1034/1 
f 1116/1 1034/1 1033/1 1037/1 
f 1119/1 1118/1 1120/1 1121/1 
f 1119/1 1121/1 1122/1 1031/1 
f 1119/1 1031/1 1030/1 1034/1 
f 1122/1 1121/1 1123/1 1124/1 
f 1122/1 1124/1 1125/1 1028/1 
f 1122/1 1028/1 1027/1 1031/1 
f 1125/1 1124/1 106/1 105/1 
f 1125/1 105/1 104/1 1025/1 
f 1125/1 1025/1 1024/1 1028/1 
f 1124/1 1123/1 1126/1 106/1 
f 1126/1 1127/1 1128/1 1129/1 
f 1126/1 1129/1 107/1 106/1 
f 1126/1 1123/1 1130/1 1127/1 
f 1130/1 1131/1 1132/1 1127/1 
f 1130/1 1123/1 1121/1 1120/1 
f 1130/1 1120/1 1133/1 1131/1 
f 1133/1 1134/1 1135/1 1131/1 
f 1133/1 1120/1 1118/1 1117/1 
f 1133/1 1117/1 1136/1 1134/1 
f 1136/1 1137/1 1138/1 1134/1 
f 1136/1 1117/1 1115/1 1114/1 
f 1136/1 1114/1 1139/1 1137/1 
f 1139/1 1140/1 1141/1 1137/1 
f 1139/1 1114/1 1112/1 1111/1 
f 1139/1 1111/1 1142/1 1140/1 
f 1142/1 1095/1 1094/1 1140/1 
f 1142/1 1111/1 1109/1 1108/1 
f 1142/1 1108/1 1096/1 1095/1 
f 1141/1 1143/1 1144/1 1145/1 
f 1141/1 1145/1 1138/1 1137/1 
f 1141/1 1140/1 1094/1 1143/1 
f 1145/1 1144/1 1146/1 1147/1 
f 1145/1 1147/1 1148/1 1138/1 
f 1148/1 1147/1 1149/1 1150/1 
f 1148/1 1150/1 1151/1 1135/1 
f 1148/1 1135/1 1134/1 1138/1 
f 1151/1 1150/1 1152/1 1153/1 
f 1151/1 1153/1 1154/1 1132/1 
f 1151/1 1132/1 1131/1 1135/1 
f 1154/1 1153/1 1155/1 321/1 
f 1154/1 321/1 320/1 1128/1 
f 1154/1 1128/1 1127/1 1132/1 
f 1155/1 1156/1 1157/1 1158/1 
f 1155/1 1158/1 313/1 321/1 
f 1155/1 1153/1 1152/1 1156/1 
f 1158/1 1157/1 1159/1 1160/1 
f 1158/1 1160/1 314/1 313/1 
f 1160/1 1159/1 1161/1 921/1 
f 1160/1 921/1 919/1 314/1 
f 1161/1 1159/1 1162/1 1163/1 
f 1161/1 1163/1 929/1 924/1 
f 1161/1 924/1 922/1 921/1 
f 1163/1 1162/1 81/1 78/1 
f 1163/1 78/1 77/1 929/1 
f 1162/1 1159/1 1157/1 1164/1 
f 1162/1 1164/1 1165/1 81/1 
f 1165/1 204/1 79/1 81/1 
f 1165/1 1164/1 1166/1 1167/1 
f 1165/1 1167/1 198/1 204/1 
f 1167/1 1166/1 1168/1 1169/1 
f 1167/1 1169/1 199/1 198/1 
f 1169/1 1168/1 1149/1 1170/1 
f 1169/1 1170/1 1171/1 199/1 
f 1171/1 1080/1 200/1 199/1 
f 1171/1 1170/1 1146/1 1172/1 
f 1171/1 1172/1 1081/1 1080/1 
f 1172/1 1146/1 1144/1 1173/1 
f 1172/1 1173/1 1082/1 1081/1 
f 1173/1 1144/1 1143/1 1091/1 
f 1173/1 1091/1 1084/1 1082/1 
f 1170/1 1149/1 1147/1 1146/1 
f 1168/1 1166/1 1156/1 1152/1 
f 1168/1 1152/1 1150/1 1149/1 
f 1166/1 1164/1 1157/1 1156/1 
f 1143/1 1094/1 1092/1 1091/1 
f 1129/1 1128/1 320/1 319/1 
f 1129/1 319/1 110/1 107/1 
f 1108/1 1106/1 1098/1 1096/1 
f 1080/1 1071/1 201/1 200/1 
f 1065/1 969/1 967/1 966/1 
f 1061/1 1060/1 324/1 323/1 
f 1025/1 104/1 135/1 1022/1 
f 1019/1 1174/1 285/1 281/1 
f 1019/1 1018/1 1175/1 1174/1 
f 1175/1 892/1 891/1 1174/1 
f 1175/1 1018/1 102/1 101/1 
f 1175/1 101/1 109/1 892/1 
f 1174/1 891/1 1176/1 285/1 
f 1176/1 884/1 881/1 880/1 
f 1176/1 880/1 282/1 285/1 
f 1176/1 891/1 889/1 884/1 
f 1018/1 1017/1 133/1 102/1 
f 932/1 80/1 203/1 206/1 
f 919/1 917/1 315/1 314/1 
f 917/1 915/1 1177/1 315/1 
f 1177/1 905/1 901/1 316/1 
f 1177/1 316/1 41/1 315/1 
f 1177/1 915/1 913/1 905/1 
f 913/1 909/1 906/1 905/1 
f 908/1 1178/1 1179/1 1180/1 
f 908/1 1180/1 904/1 903/1 
f 908/1 175/1 174/1 1178/1 
f 1180/1 1179/1 97/1 96/1 
f 1180/1 96/1 1181/1 904/1 
f 1181/1 96/1 95/1 1182/1 
f 1181/1 1182/1 243/1 900/1 
f 1181/1 900/1 899/1 904/1 
f 1182/1 95/1 100/1 1183/1 
f 1182/1 1183/1 240/1 243/1 
f 1183/1 100/1 728/1 727/1 
f 1183/1 727/1 241/1 240/1 
f 1179/1 1184/1 98/1 97/1 
f 1179/1 1178/1 1185/1 1184/1 
f 1185/1 1178/1 174/1 1186/1 
f 1185/1 1186/1 770/1 1187/1 
f 1185/1 1187/1 732/1 1184/1 
f 1187/1 770/1 768/1 767/1 
f 1187/1 767/1 733/1 732/1 
f 1186/1 174/1 173/1 773/1 
f 1186/1 773/1 771/1 770/1 
f 1184/1 732/1 730/1 98/1 
f 900/1 243/1 242/1 897/1 
f 895/1 110/1 319/1 318/1 
f 887/1 1188/1 157/1 159/1 
f 887/1 144/1 1189/1 1188/1 
f 1189/1 144/1 16/1 1190/1 
f 1189/1 1190/1 1191/1 1192/1 
f 1189/1 1192/1 1193/1 1188/1 
f 1193/1 1192/1 1194/1 337/1 
f 1193/1 337/1 336/1 158/1 
f 1193/1 158/1 157/1 1188/1 
f 1194/1 1192/1 1191/1 1195/1 
f 1194/1 1195/1 1196/1 1197/1 
f 1194/1 1197/1 334/1 337/1 
f 1197/1 1196/1 86/1 85/1 
f 1197/1 85/1 88/1 334/1 
f 1196/1 1195/1 1198/1 1199/1 
f 1196/1 1199/1 1200/1 86/1 
f 1200/1 1199/1 1201/1 1202/1 
f 1200/1 1202/1 1203/1 1204/1 
f 1200/1 1204/1 87/1 86/1 
f 1204/1 1203/1 1205/1 1206/1 
f 1204/1 1206/1 1207/1 87/1 
f 1207/1 1206/1 1208/1 1209/1 
f 1207/1 1209/1 1210/1 1211/1 
f 1207/1 1211/1 7/1 87/1 
f 1211/1 1210/1 1212/1 1213/1 
f 1211/1 1213/1 82/1 7/1 
f 1213/1 1212/1 1214/1 1215/1 
f 1213/1 1215/1 1216/1 82/1 
f 1216/1 1217/1 83/1 82/1 
f 1216/1 1215/1 1218/1 1219/1 
f 1216/1 1219/1 1220/1 1217/1 
f 1220/1 1221/1 1222/1 1217/1 
f 1220/1 1219/1 1223/1 1224/1 
f 1220/1 1224/1 1225/1 1221/1 
f 1225/1 1226/1 1227/1 1221/1 
f 1225/1 1224/1 1228/1 1229/1 
f 1225/1 1229/1 1230/1 1226/1 
f 1230/1 1231/1 1232/1 1226/1 
f 1230/1 1229/1 1233/1 1234/1 
f 1230/1 1234/1 1235/1 1231/1 
f 1235/1 1236/1 1237/1 1231/1 
f 1235/1 1234/1 1238/1 1239/1 
f 1235/1 1239/1 1240/1 1236/1 
f 1240/1 1241/1 1242/1 1236/1 
f 1240/1 1239/1 1243/1 1244/1 
f 1240/1 1244/1 1245/1 1241/1 
f 1245/1 1246/1 1247/1 1241/1 
f 1245/1 1244/1 672/1 670/1 
f 1245/1 670/1 669/1 1246/1 
f 1247/1 414/1 411/1 410/1 
f 1247/1 410/1 1242/1 1241/1 
f 1247/1 1246/1 416/1 414/1 
f 1246/1 669/1 418/1 416/1 
f 1244/1 1243/1 1248/1 672/1 
f 1248/1 1243/1 1249/1 1250/1 
f 1248/1 1250/1 677/1 675/1 
f 1248/1 675/1 673/1 672/1 
f 1250/1 1249/1 1251/1 1252/1 
f 1250/1 1252/1 679/1 677/1 
f 1252/1 1251/1 1253/1 1254/1 
f 1252/1 1254/1 1255/1 679/1 
f 1255/1 1254/1 1256/1 1257/1 
f 1255/1 1257/1 1258/1 682/1 
f 1255/1 682/1 680/1 679/1 
f 1258/1 1257/1 1259/1 1260/1 
f 1258/1 1260/1 1261/1 1262/1 
f 1258/1 1262/1 683/1 682/1 
f 1262/1 1261/1 1263/1 1264/1 
f 1262/1 1264/1 684/1 683/1 
f 1264/1 1263/1 1265/1 1266/1 
f 1264/1 1266/1 686/1 684/1 
f 1266/1 1265/1 1267/1 1268/1 
f 1266/1 1268/1 688/1 686/1 
f 1268/1 1267/1 1269/1 1270/1 
f 1268/1 1270/1 1271/1 688/1 
f 1271/1 692/1 689/1 688/1 
f 1271/1 1270/1 1272/1 1273/1 
f 1271/1 1273/1 1274/1 692/1 
f 1274/1 697/1 693/1 692/1 
f 1274/1 1273/1 1275/1 1276/1 
f 1274/1 1276/1 1277/1 697/1 
f 1277/1 702/1 698/1 697/1 
f 1277/1 1276/1 1278/1 1279/1 
f 1277/1 1279/1 1280/1 702/1 
f 1280/1 707/1 703/1 702/1 
f 1280/1 1279/1 1281/1 1282/1 
f 1280/1 1282/1 1283/1 707/1 
f 1283/1 712/1 708/1 707/1 
f 1283/1 1282/1 1284/1 1285/1 
f 1283/1 1285/1 1286/1 712/1 
f 1286/1 717/1 713/1 712/1 
f 1286/1 1285/1 1287/1 147/1 
f 1286/1 147/1 146/1 717/1 
f 1287/1 1285/1 1284/1 1288/1 
f 1287/1 1288/1 1191/1 1190/1 
f 1287/1 1190/1 16/1 147/1 
f 1288/1 1284/1 1289/1 1198/1 
f 1288/1 1198/1 1195/1 1191/1 
f 1289/1 1284/1 1282/1 1281/1 
f 1289/1 1281/1 1290/1 1201/1 
f 1289/1 1201/1 1199/1 1198/1 
f 1290/1 1281/1 1279/1 1278/1 
f 1290/1 1278/1 1291/1 1292/1 
f 1290/1 1292/1 1202/1 1201/1 
f 1292/1 1291/1 1293/1 1294/1 
f 1292/1 1294/1 1203/1 1202/1 
f 1294/1 1293/1 1295/1 1296/1 
f 1294/1 1296/1 1205/1 1203/1 
f 1296/1 1295/1 1297/1 1298/1 
f 1296/1 1298/1 1299/1 1205/1 
f 1299/1 1298/1 1300/1 1301/1 
f 1299/1 1301/1 1302/1 1208/1 
f 1299/1 1208/1 1206/1 1205/1 
f 1302/1 1301/1 1303/1 1304/1 
f 1302/1 1304/1 1305/1 1306/1 
f 1302/1 1306/1 1209/1 1208/1 
f 1306/1 1305/1 1307/1 1308/1 
f 1306/1 1308/1 1210/1 1209/1 
f 1308/1 1307/1 1309/1 1310/1 
f 1308/1 1310/1 1212/1 1210/1 
f 1310/1 1309/1 1311/1 1312/1 
f 1310/1 1312/1 1214/1 1212/1 
f 1312/1 1311/1 1313/1 1314/1 
f 1312/1 1314/1 1315/1 1214/1 
f 1315/1 1218/1 1215/1 1214/1 
f 1315/1 1314/1 1316/1 1317/1 
f 1315/1 1317/1 1318/1 1218/1 
f 1318/1 1223/1 1219/1 1218/1 
f 1318/1 1317/1 1319/1 1320/1 
f 1318/1 1320/1 1321/1 1223/1 
f 1321/1 1228/1 1224/1 1223/1 
f 1321/1 1320/1 1322/1 1323/1 
f 1321/1 1323/1 1324/1 1228/1 
f 1324/1 1233/1 1229/1 1228/1 
f 1324/1 1323/1 1325/1 1326/1 
f 1324/1 1326/1 1327/1 1233/1 
f 1327/1 1238/1 1234/1 1233/1 
f 1327/1 1326/1 1253/1 1251/1 
f 1327/1 1251/1 1249/1 1238/1 
f 1326/1 1325/1 1328/1 1253/1 
f 1328/1 1325/1 1329/1 1330/1 
f 1328/1 1330/1 1331/1 1256/1 
f 1328/1 1256/1 1254/1 1253/1 
f 1331/1 1330/1 1332/1 1333/1 
f 1331/1 1333/1 1334/1 1259/1 
f 1331/1 1259/1 1257/1 1256/1 
f 1334/1 1333/1 1335/1 1336/1 
f 1334/1 1336/1 1337/1 1338/1 
f 1334/1 1338/1 1260/1 1259/1 
f 1338/1 1337/1 1339/1 1340/1 
f 1338/1 1340/1 1261/1 1260/1 
f 1340/1 1339/1 1341/1 1342/1 
f 1340/1 1342/1 1263/1 1261/1 
f 1342/1 1341/1 1343/1 1344/1 
f 1342/1 1344/1 1265/1 1263/1 
f 1344/1 1343/1 1345/1 1346/1 
f 1344/1 1346/1 1267/1 1265/1 
f 1346/1 1345/1 1347/1 1348/1 
f 1346/1 1348/1 1269/1 1267/1 
f 1348/1 1347/1 1349/1 1350/1 
f 1348/1 1350/1 1351/1 1269/1 
f 1351/1 1272/1 1270/1 1269/1 
f 1351/1 1350/1 1352/1 1353/1 
f 1351/1 1353/1 1354/1 1272/1 
f 1354/1 1275/1 1273/1 1272/1 
f 1354/1 1353/1 1295/1 1293/1 
f 1354/1 1293/1 1291/1 1275/1 
f 1353/1 1352/1 1297/1 1295/1 
f 1352/1 1350/1 1349/1 1355/1 
f 1352/1 1355/1 1356/1 1297/1 
f 1356/1 1355/1 1357/1 1358/1 
f 1356/1 1358/1 1359/1 1300/1 
f 1356/1 1300/1 1298/1 1297/1 
f 1359/1 1358/1 1360/1 1361/1 
f 1359/1 1361/1 1362/1 1303/1 
f 1359/1 1303/1 1301/1 1300/1 
f 1362/1 1361/1 1363/1 1364/1 
f 1362/1 1364/1 1365/1 1366/1 
f 1362/1 1366/1 1304/1 1303/1 
f 1366/1 1365/1 52/1 56/1 
f 1366/1 56/1 1305/1 1304/1 
f 1365/1 1364/1 1367/1 1368/1 
f 1365/1 1368/1 53/1 52/1 
f 1368/1 1367/1 1369/1 1370/1 
f 1368/1 1370/1 1371/1 53/1 
f 1371/1 1372/1 54/1 53/1 
f 1371/1 1370/1 1373/1 1374/1 
f 1371/1 1374/1 1375/1 1372/1 
f 1375/1 1376/1 1377/1 1372/1 
f 1375/1 1374/1 1378/1 1379/1 
f 1375/1 1379/1 1380/1 1376/1 
f 1380/1 1381/1 1313/1 1376/1 
f 1380/1 1379/1 1382/1 1383/1 
f 1380/1 1383/1 1384/1 1381/1 
f 1384/1 1385/1 1316/1 1381/1 
f 1384/1 1383/1 1386/1 1387/1 
f 1384/1 1387/1 1388/1 1385/1 
f 1388/1 1389/1 1319/1 1385/1 
f 1388/1 1387/1 1390/1 1391/1 
f 1388/1 1391/1 1392/1 1389/1 
f 1392/1 1329/1 1322/1 1389/1 
f 1392/1 1391/1 1393/1 1332/1 
f 1392/1 1332/1 1330/1 1329/1 
f 1393/1 1391/1 1390/1 1394/1 
f 1393/1 1394/1 1395/1 1335/1 
f 1393/1 1335/1 1333/1 1332/1 
f 1395/1 1394/1 60/1 59/1 
f 1395/1 59/1 1396/1 1397/1 
f 1395/1 1397/1 1336/1 1335/1 
f 1397/1 1396/1 1398/1 1399/1 
f 1397/1 1399/1 1337/1 1336/1 
f 1399/1 1398/1 1400/1 1401/1 
f 1399/1 1401/1 1339/1 1337/1 
f 1401/1 1400/1 1402/1 1403/1 
f 1401/1 1403/1 1341/1 1339/1 
f 1403/1 1402/1 1404/1 1405/1 
f 1403/1 1405/1 1343/1 1341/1 
f 1405/1 1404/1 1406/1 1407/1 
f 1405/1 1407/1 1345/1 1343/1 
f 1407/1 1406/1 152/1 1408/1 
f 1407/1 1408/1 1347/1 1345/1 
f 1408/1 152/1 151/1 1409/1 
f 1408/1 1409/1 1349/1 1347/1 
f 1409/1 151/1 153/1 1357/1 
f 1409/1 1357/1 1355/1 1349/1 
f 1406/1 1404/1 1410/1 1411/1 
f 1406/1 1411/1 148/1 152/1 
f 1411/1 1410/1 1412/1 1413/1 
f 1411/1 1413/1 149/1 148/1 
f 1413/1 1412/1 1414/1 1415/1 
f 1413/1 1415/1 1416/1 149/1 
f 1416/1 1417/1 150/1 149/1 
f 1416/1 1415/1 1418/1 1419/1 
f 1416/1 1419/1 1363/1 1417/1 
f 1419/1 1418/1 1369/1 1367/1 
f 1419/1 1367/1 1364/1 1363/1 
f 1418/1 1415/1 1414/1 1420/1 
f 1418/1 1420/1 1421/1 1369/1 
f 1421/1 1420/1 138/1 137/1 
f 1421/1 137/1 1422/1 1373/1 
f 1421/1 1373/1 1370/1 1369/1 
f 1422/1 1378/1 1374/1 1373/1 
f 1422/1 137/1 136/1 1423/1 
f 1422/1 1423/1 1424/1 1378/1 
f 1424/1 1382/1 1379/1 1378/1 
f 1424/1 1423/1 1425/1 1426/1 
f 1424/1 1426/1 1427/1 1382/1 
f 1427/1 1386/1 1383/1 1382/1 
f 1427/1 1426/1 62/1 61/1 
f 1427/1 61/1 63/1 1386/1 
f 1426/1 1425/1 1428/1 62/1 
f 1428/1 1429/1 58/1 62/1 
f 1428/1 1425/1 141/1 1430/1 
f 1428/1 1430/1 1431/1 1429/1 
f 1431/1 1398/1 1396/1 1429/1 
f 1431/1 1430/1 1432/1 1433/1 
f 1431/1 1433/1 1400/1 1398/1 
f 1433/1 1432/1 1434/1 1435/1 
f 1433/1 1435/1 1402/1 1400/1 
f 1435/1 1434/1 1412/1 1410/1 
f 1435/1 1410/1 1404/1 1402/1 
f 1434/1 1432/1 140/1 139/1 
f 1434/1 139/1 1414/1 1412/1 
f 1432/1 1430/1 141/1 140/1 
f 1429/1 1396/1 59/1 58/1 
f 1425/1 1423/1 136/1 141/1 
f 1420/1 1414/1 139/1 138/1 
f 1417/1 1360/1 153/1 150/1 
f 1417/1 1363/1 1361/1 1360/1 
f 1394/1 1390/1 63/1 60/1 
f 1390/1 1387/1 1386/1 63/1 
f 1389/1 1322/1 1320/1 1319/1 
f 1385/1 1319/1 1317/1 1316/1 
f 1381/1 1316/1 1314/1 1313/1 
f 1377/1 1311/1 1309/1 57/1 
f 1377/1 57/1 54/1 1372/1 
f 1377/1 1376/1 1313/1 1311/1 
f 1360/1 1358/1 1357/1 153/1 
f 1329/1 1325/1 1323/1 1322/1 
f 1309/1 1307/1 55/1 57/1 
f 1307/1 1305/1 56/1 55/1 
f 1291/1 1278/1 1276/1 1275/1 
f 1249/1 1243/1 1239/1 1238/1 
f 1242/1 410/1 406/1 405/1 
f 1242/1 405/1 1237/1 1236/1 
f 1237/1 405/1 401/1 400/1 
f 1237/1 400/1 1232/1 1231/1 
f 1232/1 400/1 397/1 396/1 
f 1232/1 396/1 1227/1 1226/1 
f 1227/1 396/1 394/1 1436/1 
f 1227/1 1436/1 1222/1 1221/1 
f 1436/1 394/1 392/1 1437/1 
f 1436/1 1437/1 1438/1 1222/1 
f 1438/1 1437/1 1439/1 1440/1 
f 1438/1 1440/1 84/1 83/1 
f 1438/1 83/1 1217/1 1222/1 
f 1440/1 1439/1 340/1 335/1 
f 1440/1 335/1 88/1 84/1 
f 1439/1 391/1 390/1 340/1 
f 1439/1 1437/1 392/1 391/1 
f 883/1 159/1 156/1 214/1 
f 880/1 878/1 283/1 282/1 
f 877/1 876/1 210/1 209/1 
f 846/1 842/1 823/1 822/1 
f 815/1 811/1 274/1 276/1 
f 815/1 276/1 384/1 383/1 
f 795/1 638/1 645/1 120/1 
f 767/1 765/1 734/1 733/1 
f 765/1 764/1 736/1 734/1 
f 764/1 294/1 131/1 736/1 
f 760/1 748/1 746/1 745/1 
f 742/1 740/1 129/1 128/1 
f 737/1 736/1 131/1 130/1 
f 727/1 723/1 722/1 241/1 
f 722/1 718/1 717/1 146/1 
f 722/1 146/1 143/1 241/1 
f 696/1 177/1 176/1 691/1 
f 667/1 422/1 419/1 418/1 
f 665/1 425/1 423/1 422/1 
f 665/1 663/1 427/1 425/1 
f 663/1 661/1 660/1 427/1 
f 660/1 431/1 428/1 427/1 
f 660/1 658/1 1441/1 431/1 
f 1441/1 436/1 432/1 431/1 
f 1441/1 658/1 657/1 1442/1 
f 1441/1 1442/1 1443/1 436/1 
f 1443/1 439/1 437/1 436/1 
f 1443/1 1442/1 50/1 49/1 
f 1443/1 49/1 1444/1 439/1 
f 1444/1 49/1 48/1 1445/1 
f 1444/1 1445/1 161/1 160/1 
f 1444/1 160/1 164/1 439/1 
f 1445/1 48/1 47/1 1446/1 
f 1445/1 1446/1 461/1 161/1 
f 1446/1 47/1 466/1 464/1 
f 1446/1 464/1 462/1 461/1 
f 1442/1 657/1 51/1 50/1 
f 645/1 290/1 121/1 120/1 
f 628/1 627/1 480/1 479/1 
f 618/1 614/1 613/1 485/1 
f 613/1 609/1 608/1 488/1 
f 613/1 488/1 486/1 485/1 
f 608/1 604/1 603/1 492/1 
f 608/1 492/1 489/1 488/1 
f 603/1 599/1 598/1 495/1 
f 603/1 495/1 493/1 492/1 
f 598/1 594/1 593/1 1447/1 
f 598/1 1447/1 496/1 495/1 
f 1447/1 593/1 1448/1 1449/1 
f 1447/1 1449/1 497/1 496/1 
f 1449/1 1448/1 1450/1 502/1 
f 1449/1 502/1 499/1 497/1 
f 1450/1 1448/1 588/1 1451/1 
f 1450/1 1451/1 1452/1 505/1 
f 1450/1 505/1 503/1 502/1 
f 1452/1 1451/1 583/1 1453/1 
f 1452/1 1453/1 1454/1 508/1 
f 1452/1 508/1 506/1 505/1 
f 1454/1 1453/1 578/1 1455/1 
f 1454/1 1455/1 513/1 511/1 
f 1454/1 511/1 509/1 508/1 
f 1455/1 578/1 574/1 573/1 
f 1455/1 573/1 515/1 513/1 
f 1453/1 583/1 579/1 578/1 
f 1451/1 588/1 584/1 583/1 
f 1448/1 593/1 589/1 588/1 
f 573/1 569/1 517/1 515/1 
f 565/1 520/1 518/1 517/1 
f 461/1 459/1 162/1 161/1 
f 459/1 457/1 165/1 162/1 
f 457/1 455/1 442/1 165/1 
f 455/1 453/1 443/1 442/1 
f 453/1 451/1 444/1 443/1 
f 442/1 440/1 163/1 165/1 
f 435/1 235/1 234/1 430/1 
f 421/1 237/1 75/1 74/1 
f 404/1 196/1 195/1 399/1 
f 390/1 388/1 166/1 170/1 
f 390/1 170/1 341/1 340/1 
f 385/1 384/1 276/1 273/1 
f 385/1 273/1 168/1 167/1 
f 364/1 92/1 94/1 115/1 
f 345/1 304/1 185/1 184/1 
f 342/1 169/1 171/1 270/1 
f 342/1 341/1 170/1 169/1 
f 339/1 154/1 158/1 336/1 
f 339/1 215/1 155/1 154/1 
f 333/1 330/1 325/1 327/1 
f 330/1 329/1 326/1 325/1 
f 257/1 256/1 64/1 68/1 
f 225/1 224/1 67/1 69/1 
f 204/1 203/1 80/1 79/1 
# 1455 polygons

#
# object SpinalCord2
#

v  -21.314009 2.180897 2.335978
v  -20.901352 2.069532 2.505105
v  -20.443239 2.069531 2.746236
v  -19.980082 2.069531 2.844559
v  -19.496738 2.069532 2.724496
v  -19.063858 2.069530 2.537961
v  -18.656248 2.180896 2.321180
v  -21.742205 2.126934 1.898184
v  -21.207441 1.991814 1.954497
v  -20.596285 1.991814 2.010786
v  -19.984407 1.991814 2.027534
v  -19.369646 1.991814 2.008320
v  -18.762094 1.991814 1.961836
v  -18.228052 2.126934 1.906105
v  -21.952230 2.192514 1.472356
v  -21.353546 2.057235 1.431196
v  -20.669338 2.057235 1.417321
v  -19.985128 2.057235 1.391260
v  -19.300919 2.057235 1.429283
v  -18.616711 2.057235 1.445152
v  -18.018026 2.195493 1.544128
v  -21.952230 2.258093 1.063431
v  -21.353546 2.122654 0.920489
v  -20.669338 2.122654 0.839440
v  -19.985128 2.122654 0.683294
v  -19.300919 2.122654 0.911212
v  -18.616711 2.122654 0.934445
v  -18.018026 2.275970 1.075393
v  -21.742205 2.323673 0.648070
v  -21.207441 2.188074 0.408863
v  -20.596285 2.188074 0.316004
v  -19.985128 2.188074 0.282062
v  -19.373972 2.188074 0.327967
v  -18.762815 2.188074 0.410219
v  -18.228052 2.326652 0.643604
v  -21.314009 2.480270 0.277759
v  -20.901352 2.381076 -0.019693
v  -20.443239 2.381076 -0.135161
v  -19.985128 2.381076 -0.147187
v  -19.527018 2.381076 -0.135161
v  -19.068905 2.381076 -0.024160
v  -18.656248 2.480270 0.253941
v  -21.314009 18.579317 2.735190
v  -20.901352 18.685186 2.991337
v  -20.443239 18.685186 3.221312
v  -19.980082 18.685186 3.336714
v  -19.496738 18.685186 3.216371
v  -19.063858 18.685186 3.000852
v  -18.656248 18.579317 2.712425
v  -21.742205 18.686033 2.288129
v  -21.207441 18.821550 2.433440
v  -20.596285 18.821550 2.513270
v  -19.984407 18.821550 2.534575
v  -19.369646 18.821550 2.512742
v  -18.762094 18.821550 2.434820
v  -18.228052 18.686033 2.283353
v  -21.952230 18.686882 1.858620
v  -21.353546 18.821550 1.902904
v  -20.669338 18.821550 1.923659
v  -19.985128 18.821550 1.925706
v  -19.300919 18.821550 1.923659
v  -18.616711 18.821550 1.902904
v  -18.018026 18.686882 1.858619
v  -21.952230 18.687731 1.446677
v  -21.353546 18.821550 1.388433
v  -20.669310 18.821550 1.368941
v  -19.984926 18.821550 1.367018
v  -19.300716 18.821550 1.368941
v  -18.616680 18.821550 1.388432
v  -18.018026 18.687731 1.446677
v  -21.742205 18.688576 1.028298
v  -21.207441 18.821550 0.873040
v  -20.596111 18.821550 0.814222
v  -19.983915 18.821550 0.808329
v  -19.372759 18.821550 0.814223
v  -18.762642 18.821550 0.872402
v  -18.228052 18.688580 1.023832
v  -21.314009 18.586473 0.655614
v  -20.901352 18.689426 0.428571
v  -20.443211 18.689426 0.340932
v  -19.984926 18.689426 0.331651
v  -19.526815 18.689426 0.340932
v  -19.068876 18.689426 0.424106
v  -18.656248 18.586475 0.631794
v  -21.305218 5.543340 2.713558
v  -20.853054 5.535000 3.040326
v  -20.419090 5.534999 3.310566
v  -19.979361 5.534999 3.430275
v  -19.516562 5.535000 3.292146
v  -19.111437 5.535000 3.051081
v  -18.668665 5.541435 2.680200
v  -18.173414 5.590296 2.207390
v  -17.936127 5.666553 1.797095
v  -17.932501 5.735188 1.389720
v  -18.151659 5.799958 1.017063
v  -18.665039 5.848552 0.585000
v  -19.117203 5.866687 0.345465
v  -19.551167 5.868646 0.264167
v  -19.985128 5.868646 0.255359
v  -20.419090 5.868646 0.264600
v  -20.853054 5.868646 0.352596
v  -21.305218 5.860305 0.611875
v  -21.818600 5.801917 1.021881
v  -22.037756 5.735188 1.420001
v  -22.037756 5.668458 1.812443
v  -21.818600 5.601727 2.223176
v  -21.305218 8.373583 2.923389
v  -20.853054 8.367064 3.291368
v  -20.419090 8.367062 3.605607
v  -19.979361 8.367063 3.695165
v  -19.516562 8.367063 3.549426
v  -19.111437 8.367063 3.294847
v  -18.665039 8.373583 2.882237
v  -18.151659 8.419215 2.357524
v  -17.932501 8.471369 1.945734
v  -17.932501 8.523521 1.581846
v  -18.151659 8.575672 1.242198
v  -18.665039 8.621306 0.781810
v  -19.117203 8.627351 0.584701
v  -19.550900 8.624383 0.516754
v  -19.983482 8.623457 0.508822
v  -20.418547 8.625217 0.516754
v  -20.853006 8.627490 0.600997
v  -21.305218 8.621306 0.874171
v  -21.818600 8.575673 1.232002
v  -22.037756 8.523521 1.621540
v  -22.037756 8.471369 2.014915
v  -21.818600 8.419215 2.426581
v  -21.375935 12.235769 3.044880
v  -20.853054 12.327356 3.462885
v  -20.419090 12.327355 3.764842
v  -19.979361 12.327355 3.878587
v  -19.516562 12.327355 3.736036
v  -19.111437 12.327354 3.467872
v  -18.608049 12.230506 3.036783
v  -18.070837 12.265537 2.539747
v  -17.932499 12.400625 2.150341
v  -17.932501 12.437260 1.755747
v  -18.153538 12.473895 1.356955
v  -18.577629 12.406605 0.994828
v  -19.008186 12.409991 0.768747
v  -19.549732 12.511964 0.696488
v  -19.984924 12.510756 0.689753
v  -20.419090 12.510529 0.696488
v  -20.949717 12.411382 0.766750
v  -21.403923 12.408451 0.966397
v  -21.818211 12.473894 1.351346
v  -22.037693 12.437260 1.755252
v  -22.037756 12.400623 2.150341
v  -21.913147 12.271265 2.510332
v  -21.305218 15.143574 2.974351
v  -20.853054 15.140779 3.343286
v  -20.419090 15.140779 3.612094
v  -19.979361 15.140779 3.749083
v  -19.516562 15.140779 3.612392
v  -19.111437 15.140779 3.353932
v  -18.665039 15.143574 2.941837
v  -18.151657 15.163144 2.468399
v  -17.932499 15.185513 2.060841
v  -17.932501 15.207884 1.665685
v  -18.151926 15.230254 1.259249
v  -18.666651 15.249825 0.825439
v  -19.117472 15.252623 0.634879
v  -19.551167 15.252623 0.568600
v  -19.985128 15.252623 0.560949
v  -20.419090 15.252623 0.568600
v  -20.853054 15.252623 0.638802
v  -21.304829 15.249827 0.846013
v  -21.816269 15.230254 1.245348
v  -22.037369 15.207886 1.662714
v  -22.037756 15.185513 2.060842
v  -21.818598 15.163144 2.474289
v  -22.037758 11.092310 1.734722
v  -21.818600 11.135769 1.337395
v  -21.404396 11.164288 0.963672
v  -20.951124 11.167550 0.731705
v  -20.418547 11.176620 0.668071
v  -19.982254 11.176230 0.661131
v  -19.542299 11.184395 0.668070
v  -18.998262 11.166754 0.725995
v  -18.575974 11.159934 0.961208
v  -18.153538 11.135769 1.340954
v  -17.932501 11.092310 1.735496
v  -17.932499 11.048852 2.128935
v  -18.080282 11.001360 2.515349
v  -18.617493 10.960767 3.006321
v  -19.111437 10.961931 3.440429
v  -19.516562 10.961931 3.705500
v  -19.979361 10.961931 3.853747
v  -20.419090 10.961934 3.770543
v  -20.853054 10.961934 3.439494
v  -21.375935 10.953550 3.014191
v  -21.913147 10.994650 2.480633
v  -22.037756 11.048850 2.128935
v  -22.037756 9.911880 1.689722
v  -21.818600 9.960653 1.297507
v  -21.305218 10.003331 0.930466
v  -20.852776 10.007413 0.682482
v  -20.415827 9.993778 0.606018
v  -19.975044 9.983447 0.598634
v  -19.548132 9.990206 0.606017
v  -19.116039 10.007198 0.669581
v  -18.666447 10.003396 0.858479
v  -18.151926 9.960653 1.316224
v  -17.932501 9.911881 1.688294
v  -17.932501 9.863107 2.072140
v  -18.151657 9.814331 2.479268
v  -18.665039 9.771656 2.961559
v  -19.111437 9.765557 3.381043
v  -19.516562 9.765558 3.641323
v  -19.979361 9.765557 3.788919
v  -20.419090 9.765557 3.705309
v  -20.853054 9.765559 3.379279
v  -21.305218 9.771655 2.995262
v  -21.818600 9.814332 2.495685
v  -22.037756 9.863107 2.083558
v  -21.425297 3.244468 0.413016
v  -20.989771 3.252393 0.083404
v  -20.419090 3.333362 -0.034509
v  -19.985128 3.333362 -0.046074
v  -19.551167 3.333362 -0.034941
v  -18.983229 3.260022 0.090642
v  -18.558754 3.245094 0.397627
v  -18.151659 3.282590 0.811552
v  -17.932501 3.307242 1.216279
v  -17.936127 3.149265 1.618872
v  -18.072264 3.003461 1.948949
v  -18.564529 2.948613 2.414884
v  -19.111437 2.999916 2.778082
v  -19.516562 2.999916 2.996007
v  -19.979361 2.999916 3.132487
v  -20.419090 2.999915 3.017435
v  -20.853054 2.999916 2.762427
v  -21.425936 2.942237 2.448095
v  -21.925915 3.000467 1.942476
v  -22.037756 3.133294 1.606804
v  -22.037756 3.199984 1.214285
v  -21.818598 3.266672 0.814411
v  -21.435383 4.329374 0.522354
v  -20.991787 4.335327 0.221409
v  -20.419090 4.400945 0.115310
v  -19.985128 4.400945 0.104820
v  -19.551167 4.400945 0.112714
v  -18.982700 4.333851 0.218684
v  -18.555531 4.253315 0.586519
v  -18.151659 4.324228 0.928643
v  -17.932501 4.282935 1.316674
v  -17.954256 4.188662 1.713073
v  -18.205194 4.010251 2.056961
v  -18.576111 4.018916 2.526979
v  -19.111437 4.061228 2.915303
v  -19.516562 4.061228 3.143901
v  -19.979361 4.061227 3.257129
v  -20.419090 4.061227 3.020209
v  -20.853054 4.061228 2.879957
v  -21.431179 4.023831 2.553130
v  -21.934031 4.082409 2.041427
v  -22.037756 4.197114 1.713114
v  -22.037756 4.265059 1.320709
v  -21.818598 4.333002 0.920950
v  -21.818598 16.571049 2.397719
v  -22.037756 16.585125 1.984099
v  -22.037693 16.599203 1.588274
v  -21.818211 16.613281 1.183114
v  -21.305153 16.625599 0.768041
v  -20.853054 16.627357 0.538308
v  -20.419090 16.627357 0.460244
v  -19.985128 16.627357 0.451817
v  -19.551167 16.627357 0.460244
v  -19.117203 16.627357 0.533204
v  -18.665039 16.625599 0.737911
v  -18.151659 16.613281 1.180980
v  -17.932501 16.599203 1.588769
v  -17.932501 16.585125 1.984099
v  -18.151659 16.571051 2.391829
v  -18.665039 16.558735 2.862414
v  -19.111437 16.556976 3.255718
v  -19.516562 16.556974 3.506442
v  -19.979361 16.556974 3.637804
v  -20.419090 16.556974 3.478782
v  -20.853054 16.556976 3.239777
v  -21.305218 16.558735 2.894802
v  -21.818598 17.726311 2.324655
v  -22.037756 17.733160 1.910932
v  -22.037756 17.740011 1.515499
v  -21.818598 17.746864 1.112712
v  -21.305218 17.752859 0.692022
v  -20.853054 17.753716 0.442738
v  -20.419090 17.753716 0.357197
v  -19.985128 17.753716 0.348033
v  -19.551167 17.753716 0.357197
v  -19.117203 17.753716 0.437633
v  -18.665039 17.752859 0.661397
v  -18.151659 17.746862 1.107607
v  -17.932501 17.740011 1.515499
v  -17.932501 17.733160 1.910932
v  -18.151659 17.726311 2.318765
v  -18.665039 17.720318 2.786542
v  -19.111437 17.719460 3.161746
v  -19.516562 17.719460 3.405256
v  -19.979361 17.719460 3.541717
v  -20.419090 17.719461 3.411472
v  -20.853054 17.719461 3.150725
v  -21.305218 17.720318 2.818805
v  -13.847748 2.496546 0.739854
v  -13.806843 2.830268 0.734056
v  -13.754570 2.823096 0.916827
v  -13.795458 2.494207 0.914934
v  -26.159447 3.128865 1.015892
v  -26.101381 2.666373 1.000066
v  -26.101635 2.649596 1.187134
v  -26.155781 3.105603 1.209829
v  -22.916107 3.511564 1.785814
v  -22.843729 2.435648 1.740647
v  -22.894775 2.457176 1.302351
v  -22.992168 3.525238 1.310752
v  -23.878145 3.239909 1.556693
v  -23.719433 2.379229 1.502644
v  -23.841532 2.426317 1.135841
v  -24.000525 3.288081 1.125583
v  -24.758575 3.115031 1.442872
v  -24.656609 2.462620 1.409022
v  -24.723757 2.492007 1.057562
v  -24.866432 3.206429 1.054621
v  -25.588928 3.183831 1.368934
v  -25.503174 2.551289 1.345433
v  -25.523588 2.586096 0.999677
v  -25.616808 3.233159 1.003820
v  -17.254353 3.531496 1.828155
v  -17.186424 3.576252 1.433859
v  -17.213554 2.558338 1.362687
v  -17.280582 2.506770 1.724324
v  -15.971016 3.244531 1.414129
v  -16.092003 3.268928 1.055332
v  -16.155956 2.490463 1.039549
v  -16.036287 2.463190 1.403634
v  -14.932400 3.109798 1.280393
v  -15.056936 3.134064 0.901488
v  -15.134338 2.543377 0.900512
v  -15.033298 2.498638 1.279370
v  -14.110029 2.948539 1.142974
v  -14.182285 2.975120 0.791451
v  -14.246040 2.500034 0.799289
v  -14.177666 2.472968 1.132156
v  -13.933779 2.460816 0.371722
v  -13.891939 2.822317 0.368051
v  -13.833841 2.842343 0.548554
v  -13.889599 2.479518 0.546610
v  -26.057283 2.635709 0.813771
v  -26.147217 3.138935 0.819341
v  -26.145565 3.146827 0.635233
v  -26.064930 2.639105 0.628128
v  -14.195539 3.009250 0.603838
v  -14.246368 2.990990 0.245545
v  -14.300394 2.428974 0.283866
v  -14.284561 2.452096 0.616280
v  -15.071230 3.136632 0.700403
v  -15.029032 3.127482 0.280056
v  -15.085175 2.541903 0.291129
v  -15.155102 2.524968 0.702388
v  -16.134607 3.279000 0.837213
v  -16.092798 3.274822 0.430935
v  -16.133072 2.527738 0.419978
v  -16.192816 2.498933 0.823183
v  -17.322592 3.624951 0.816415
v  -17.426706 3.644564 0.474207
v  -17.437019 2.642217 0.407393
v  -17.359858 2.617058 0.763321
v  -22.580601 3.590222 0.389863
v  -22.859955 3.585174 0.770605
v  -22.750200 2.537621 0.695966
v  -22.545322 2.562860 0.304112
v  -23.852154 3.281930 0.472964
v  -23.979105 3.279324 0.849342
v  -23.847984 2.455528 0.835971
v  -23.731707 2.465907 0.464043
v  -24.821877 3.253145 0.525705
v  -24.888784 3.245209 0.872038
v  -24.709248 2.524910 0.873063
v  -24.675259 2.530435 0.487947
v  -25.611670 3.288611 0.529484
v  -25.632601 3.265026 0.844834
v  -25.478550 2.523164 0.841807
v  -25.486427 2.528998 0.508727
v  -26.154419 11.548041 1.321706
v  -25.900280 11.548041 1.216186
v  -25.900280 10.979312 1.192448
v  -26.154419 10.979313 1.310110
v  -25.891697 11.003765 1.632031
v  -25.891697 11.585936 1.641975
v  -26.213684 11.607977 1.446295
v  -26.213684 11.026971 1.424990
v  -22.092165 12.096350 0.867133
v  -22.515518 12.096350 1.214777
v  -22.519577 11.089157 1.194734
v  -22.105631 11.089157 0.800643
v  -23.159439 11.861358 1.058746
v  -23.617275 11.861358 1.374172
v  -23.617952 10.924182 1.350194
v  -23.161682 10.924182 0.979200
v  -24.283192 11.778916 1.191909
v  -24.736843 11.778915 1.427493
v  -24.736843 10.987231 1.408610
v  -24.283192 10.987231 1.129268
v  -22.325247 12.012576 2.563861
v  -22.324139 10.900658 2.522045
v  -22.741688 10.945690 1.949564
v  -22.742790 12.053906 1.991153
v  -23.310780 11.922951 2.001653
v  -23.304136 10.889179 1.976096
v  -23.636015 10.931046 1.559929
v  -23.642622 11.961373 1.585347
v  -24.390608 11.769210 1.785269
v  -24.389500 10.949656 1.768377
v  -24.807051 10.982848 1.488376
v  -24.808151 11.799671 1.511580
v  -25.295805 11.710072 1.721757
v  -25.295805 10.923617 1.717187
v  -25.730488 10.955468 1.407549
v  -25.730488 11.739302 1.450515
v  -25.501377 11.700208 1.478160
v  -25.501377 10.931625 1.464355
v  -25.114552 10.931626 1.260115
v  -25.114552 11.700208 1.305914
v  -13.998631 11.483765 1.319612
v  -13.865061 11.486971 1.513656
v  -13.848873 11.016078 1.472178
v  -13.981890 11.012416 1.282843
v  -13.863354 11.528497 1.722641
v  -14.133724 11.510001 1.926169
v  -14.133724 11.021205 1.904288
v  -13.863354 11.040700 1.697882
v  -17.460419 12.098923 1.324510
v  -17.749275 12.099639 0.894208
v  -17.730288 11.052706 0.784977
v  -17.449717 11.049124 1.228521
v  -16.459160 11.986654 1.597871
v  -16.730776 11.987536 1.207725
v  -16.699919 10.927255 1.144108
v  -16.428867 10.922846 1.517734
v  -15.737747 11.853198 1.239003
v  -15.693859 10.923479 1.156300
v  -15.383123 10.916473 1.494061
v  -15.473835 11.851798 1.572612
v  -14.591715 11.697328 1.545432
v  -14.818998 11.696163 1.206860
v  -14.819050 10.934254 1.143211
v  -14.579056 10.936828 1.461909
v  -17.797735 11.962479 2.871520
v  -17.363052 11.999366 2.340175
v  -17.451590 11.010242 2.345256
v  -17.886272 10.970048 2.826742
v  -16.872387 11.913424 2.478751
v  -16.437706 11.950966 1.927463
v  -16.452461 10.944344 1.890694
v  -16.887144 10.903440 2.433465
v  -15.938709 11.783255 2.182802
v  -15.504026 11.815995 1.786097
v  -15.504026 10.938017 1.753847
v  -15.938709 10.902341 2.150376
v  -15.022478 11.672879 2.086876
v  -14.600239 11.701677 1.734124
v  -14.600239 10.929683 1.702961
v  -15.022478 10.898321 2.057208
v  -21.311525 1.959104 2.180084
v  -20.780968 1.959104 2.326560
v  -20.250408 1.959103 2.443876
v  -19.708315 1.959104 2.434333
v  -19.177755 1.959104 2.334827
v  -18.658731 1.959103 2.186114
v  -21.634523 2.024524 1.671276
v  -20.974766 2.024524 1.694678
v  -20.315006 2.024524 1.699233
v  -19.655251 2.024524 1.699233
v  -18.995491 2.024524 1.694678
v  -18.335733 2.024524 1.703175
v  -21.716028 2.089944 1.213424
v  -21.023668 2.089944 1.155843
v  -20.331308 2.089944 1.057522
v  -19.638948 2.089944 1.089420
v  -18.946589 2.089944 1.187742
v  -18.254229 2.089944 1.245323
v  -21.634523 2.155364 0.755571
v  -20.974766 2.155364 0.617008
v  -20.315006 2.155364 0.502922
v  -19.655251 2.155364 0.534821
v  -18.995491 2.155364 0.648907
v  -18.335733 2.155364 0.755571
v  -21.311525 2.220785 0.283008
v  -20.780968 2.220785 0.078173
v  -20.250408 2.220785 0.035435
v  -19.719849 2.220785 0.035435
v  -19.189289 2.220785 0.078173
v  -18.658731 2.220785 0.272800
v  -21.311525 18.821550 2.628873
v  -20.780968 18.821550 2.827153
v  -20.250408 18.821550 2.944907
v  -19.708315 18.821550 2.942491
v  -19.177755 18.821550 2.830783
v  -18.658731 18.821550 2.623139
v  -21.634523 18.821550 2.106061
v  -20.974766 18.821550 2.188920
v  -20.315006 18.821550 2.205050
v  -19.655249 18.821550 2.205050
v  -18.995491 18.821550 2.188920
v  -18.335733 18.821550 2.106061
v  -21.716028 18.821550 1.644833
v  -21.023668 18.821550 1.646113
v  -20.331308 18.821550 1.646362
v  -19.638948 18.821550 1.646362
v  -18.946589 18.821550 1.646113
v  -18.254229 18.821550 1.644833
v  -21.634523 18.821550 1.183604
v  -20.974766 18.821550 1.103305
v  -20.314545 18.821550 1.087674
v  -19.654325 18.821550 1.087674
v  -18.995029 18.821550 1.103305
v  -18.335733 18.821550 1.183604
v  -21.311525 18.821550 0.707665
v  -20.780968 18.821550 0.560497
v  -20.249945 18.821550 0.528985
v  -19.718924 18.821550 0.528985
v  -19.188828 18.821550 0.560498
v  -18.658731 18.821550 0.697457
v  -21.070034 2.466236 2.557799
v  -20.636072 2.466235 2.807969
v  -20.202110 2.466235 3.021850
v  -19.745077 2.466235 2.992559
v  -19.311115 2.466235 2.803823
v  -18.900223 2.466234 2.559384
v  -21.070034 6.959467 3.008792
v  -20.636072 6.959466 3.337742
v  -20.202110 6.959466 3.553882
v  -19.745077 6.959467 3.517659
v  -19.311115 6.959467 3.314676
v  -18.900223 6.959466 2.998390
v  -21.070034 9.200755 3.172874
v  -20.636072 9.200754 3.527510
v  -20.202110 9.200753 3.747049
v  -19.745077 9.200753 3.704736
v  -19.311115 9.200753 3.497868
v  -18.900223 9.200754 3.161984
v  -21.070034 13.729237 3.235296
v  -20.636072 13.729237 3.569127
v  -20.202110 13.729237 3.789607
v  -19.745077 13.729237 3.778465
v  -19.311115 13.729237 3.568866
v  -18.900223 13.729236 3.222617
v  -21.070034 15.986887 3.128419
v  -20.636072 15.986887 3.421887
v  -20.202110 15.986886 3.638914
v  -19.745077 15.986885 3.649556
v  -19.311115 15.986886 3.444107
v  -18.900223 15.986887 3.116437
v  -18.393452 2.499264 2.173316
v  -18.005856 2.565322 1.763034
v  -17.908049 2.679052 1.370457
v  -18.005856 2.745110 0.945982
v  -18.393452 2.763498 0.503568
v  -18.393452 6.989238 2.530507
v  -18.005856 7.048783 2.063962
v  -17.908049 7.108327 1.670141
v  -18.005856 7.167871 1.313709
v  -18.393452 7.227415 0.895999
v  -18.393452 9.225566 2.678003
v  -18.005856 9.275187 2.210679
v  -17.908049 9.324809 1.826839
v  -18.005856 9.374430 1.482013
v  -18.393452 9.424050 1.052765
v  -18.393452 13.744040 2.754447
v  -18.005856 13.773652 2.309953
v  -17.908049 13.803266 1.915063
v  -18.005856 13.832877 1.520174
v  -18.397749 13.862489 1.094327
v  -18.393452 15.995695 2.662502
v  -18.005856 16.013313 2.217619
v  -17.908049 16.030933 1.822340
v  -18.005856 16.048555 1.427062
v  -18.393452 16.066175 0.981945
v  -18.900223 2.796528 0.106925
v  -19.334185 2.796528 -0.092022
v  -19.768147 2.796528 -0.140452
v  -20.202110 2.796528 -0.140452
v  -20.636072 2.796528 -0.092022
v  -21.070034 2.796528 0.127342
v  -18.900223 7.257187 0.545955
v  -19.334185 7.257187 0.420434
v  -19.768147 7.257187 0.386297
v  -20.202110 7.257187 0.386297
v  -20.636072 7.257187 0.420434
v  -21.070034 7.257187 0.593204
v  -18.900223 9.448862 0.705499
v  -19.334185 9.441262 0.599288
v  -19.763880 9.431776 0.568910
v  -20.197104 9.434002 0.568910
v  -20.635332 9.443487 0.599288
v  -21.070034 9.448862 0.770831
v  -18.904520 13.877296 0.778990
v  -19.334185 13.877296 0.663558
v  -19.768147 13.877296 0.635060
v  -20.202110 13.877296 0.635060
v  -20.636072 13.877296 0.663558
v  -21.070034 13.877296 0.780526
v  -18.900223 16.074986 0.650850
v  -19.334185 16.074986 0.534973
v  -19.768147 16.074986 0.502714
v  -20.202110 16.074986 0.502714
v  -20.636072 16.074986 0.534973
v  -21.070034 16.074986 0.671267
v  -21.576805 2.763498 0.523984
v  -21.964401 2.697439 0.945982
v  -22.062208 2.631381 1.338558
v  -21.964401 2.565322 1.731135
v  -21.576805 2.499264 2.196876
v  -21.576805 7.227415 0.930864
v  -21.964401 7.167872 1.326331
v  -22.062208 7.108327 1.719210
v  -21.964401 7.048783 2.112088
v  -21.576805 6.989238 2.578130
v  -21.576805 9.424051 1.093330
v  -21.964401 9.374429 1.471491
v  -22.062208 9.324808 1.865148
v  -21.964401 9.275187 2.258805
v  -21.576805 9.225565 2.725626
v  -21.575769 13.862490 1.087941
v  -21.963366 13.832877 1.512252
v  -22.062208 13.803266 1.915063
v  -21.964401 13.773652 2.309953
v  -21.576805 13.744040 2.778006
v  -21.575769 16.066175 0.994440
v  -21.963366 16.048555 1.419139
v  -22.062208 16.030933 1.822340
v  -21.964401 16.013311 2.217619
v  -21.576805 15.995695 2.686062
v  -21.070034 11.510238 3.277180
v  -20.636072 11.510239 3.641940
v  -20.202110 11.510238 3.864277
v  -19.745077 11.510238 3.829764
v  -19.311115 11.510238 3.618781
v  -18.900223 11.510236 3.264976
v  -13.759151 11.269073 1.786559
v  -18.005856 11.571320 2.346895
v  -18.402046 11.693485 1.151663
v  -13.693127 11.230142 1.418462
v  -19.327631 11.718546 0.716678
v  -19.764870 11.717499 0.689734
v  -20.202110 11.713846 0.689734
v  -20.636072 11.713846 0.716678
v  -26.242390 11.249566 1.214385
v  -21.576805 11.693485 1.142615
v  -21.964401 11.571320 2.346895
v  -26.197626 11.299190 1.526073
v  -21.070034 10.366497 3.225515
v  -20.636072 10.366497 3.594194
v  -20.202110 10.366495 3.815307
v  -19.745077 10.366494 3.768024
v  -19.311115 10.366494 3.559356
v  -18.900223 10.366495 3.214401
v  -18.393452 10.389711 2.747025
v  -18.005856 10.436142 2.303395
v  -17.908049 10.482574 1.909369
v  -18.005856 10.529005 1.527727
v  -18.397749 10.575436 1.102745
v  -18.901243 10.599699 0.774870
v  -19.327631 10.595752 0.658709
v  -19.760603 10.585218 0.630070
v  -20.197104 10.583792 0.630070
v  -20.635332 10.593278 0.658709
v  -21.070034 10.598653 0.802786
v  -21.576805 10.575436 1.118277
v  -21.964401 10.529005 1.515344
v  -22.062208 10.482574 1.909369
v  -21.964401 10.436142 2.303395
v  -21.576805 10.389711 2.770584
v  -21.070034 3.521274 2.715755
v  -20.636072 3.521274 2.918288
v  -20.202110 3.521273 3.125661
v  -19.745077 3.521274 3.165319
v  -19.311115 3.521275 2.972356
v  -18.900223 3.521274 2.706605
v  -13.711254 2.644403 0.783636
v  -18.063869 3.591747 1.863126
v  -18.393452 3.792806 0.670137
v  -13.798201 2.633320 0.468309
v  -19.334185 3.857801 0.071463
v  -19.768147 3.857801 0.034234
v  -20.202110 3.857801 0.034234
v  -20.636072 3.857801 0.078383
v  -26.258717 2.885713 0.739948
v  -21.576805 3.824148 0.654634
v  -21.964401 3.622231 1.861442
v  -26.289873 2.883031 1.079351
v  -21.070034 4.650694 2.822717
v  -20.636072 4.650694 3.044580
v  -20.202110 4.650694 3.255910
v  -19.745077 4.650695 3.299053
v  -19.311115 4.650696 3.101567
v  -18.900223 4.650694 2.813002
v  -18.451468 4.654530 2.393360
v  -18.063869 4.723169 1.951416
v  -17.908049 4.822296 1.546631
v  -18.005856 4.890936 1.154291
v  -18.393452 4.928234 0.758793
v  -18.900223 4.962554 0.392015
v  -19.334185 4.993896 0.202677
v  -19.768147 4.993896 0.170031
v  -20.202110 4.993896 0.170031
v  -20.636072 4.993896 0.209598
v  -21.070034 4.993896 0.383431
v  -21.576805 4.959576 0.743289
v  -21.964401 4.890936 1.165051
v  -22.062208 4.822296 1.557391
v  -21.964401 4.753654 1.949731
v  -21.576805 4.685013 2.415236
v  -21.070034 17.140459 3.044106
v  -20.636072 17.140459 3.327519
v  -20.202110 17.140459 3.542203
v  -19.745077 17.140459 3.548644
v  -19.311115 17.140459 3.346063
v  -18.900223 17.140459 3.032649
v  -18.393452 17.145683 2.590049
v  -18.005856 17.156134 2.145065
v  -17.908049 17.166582 1.749683
v  -18.005856 17.177032 1.354302
v  -18.393452 17.187483 0.909084
v  -18.900223 17.192709 0.565827
v  -19.334185 17.192709 0.434912
v  -19.768147 17.192709 0.399725
v  -20.202110 17.192709 0.399725
v  -20.636072 17.192709 0.434912
v  -21.070034 17.192709 0.586244
v  -21.576805 17.187485 0.929501
v  -21.964401 17.177032 1.354302
v  -22.062208 17.166582 1.749684
v  -21.964401 17.156134 2.145065
v  -21.576805 17.145683 2.613609
v  -21.070034 18.276096 2.960991
v  -20.636072 18.276096 3.244489
v  -20.202110 18.276096 3.456979
v  -19.745077 18.276096 3.448802
v  -19.311115 18.276096 3.248573
v  -18.900223 18.276096 2.949693
v  -18.393452 18.277792 2.518724
v  -18.005856 18.281181 2.073638
v  -17.908049 18.284573 1.678157
v  -18.005856 18.287962 1.282675
v  -18.393452 18.291353 0.837356
v  -18.900223 18.293051 0.482127
v  -19.334185 18.293051 0.336407
v  -19.768147 18.293051 0.298338
v  -20.202110 18.293051 0.298338
v  -20.636072 18.293051 0.336407
v  -21.070034 18.293051 0.502543
v  -21.576805 18.291353 0.857773
v  -21.964401 18.287962 1.282675
v  -22.062208 18.284573 1.678157
v  -21.964401 18.281181 2.073638
v  -21.576805 18.277792 2.542283
v  -17.908049 11.612042 1.952510
v  -18.005856 11.652764 1.558124
v  -18.005856 3.804514 1.076516
v  -17.908049 3.737208 1.468979
v  -22.062208 3.689537 1.468979
v  -21.964401 3.756843 1.076517
v  -21.964401 11.652764 1.558124
v  -22.062208 11.612041 1.952509
v  -17.705442 3.281472 1.668567
v  -17.856213 3.873856 1.979701
v  -17.975327 3.238027 2.168713
v  -17.824556 2.645643 1.857579
v  -22.417406 3.253052 1.588746
v  -22.248936 2.589753 1.850124
v  -22.136129 3.215097 2.175648
v  -22.304602 3.878395 1.914270
v  -23.462412 2.888458 1.093369
v  -23.329355 2.201071 1.368566
v  -23.370689 2.849752 1.672065
v  -23.503746 3.537139 1.396869
v  -24.389988 2.853309 1.029669
v  -24.211386 2.311751 1.268996
v  -24.230700 2.775603 1.533980
v  -24.409302 3.317161 1.294653
v  -25.201981 2.889369 0.963289
v  -25.097546 2.419007 1.202696
v  -25.130804 2.818189 1.459057
v  -25.235239 3.288550 1.219650
v  -25.933731 2.914166 0.938429
v  -25.876389 2.476083 1.118697
v  -25.924610 2.872497 1.327729
v  -25.981953 3.310580 1.147460
v  -16.667143 2.949146 1.120365
v  -16.601665 3.546015 1.400708
v  -16.604708 2.896838 1.612060
v  -16.670185 2.299970 1.331716
v  -15.622803 2.860942 0.899160
v  -15.480528 3.293286 1.146094
v  -15.445675 2.823587 1.392350
v  -15.587952 2.391243 1.145416
v  -14.629911 2.799090 0.784887
v  -14.517372 3.129463 1.034839
v  -14.511829 2.753731 1.282441
v  -14.624369 2.423358 1.032489
v  -13.958998 2.690593 0.696281
v  -13.875317 2.982482 0.879147
v  -13.868065 2.673030 1.063509
v  -13.951748 2.381141 0.880644
v  -18.257595 3.465165 0.269271
v  -18.115252 4.051355 0.538311
v  -17.988543 3.420467 0.680406
v  -18.130886 2.834277 0.411366
v  -22.103676 3.409428 0.634756
v  -21.937122 4.049077 0.480738
v  -21.720142 3.422382 0.204569
v  -21.886694 2.782733 0.358585
v  -14.039677 2.656579 0.264375
v  -13.953430 3.015842 0.439468
v  -13.957626 2.690737 0.629159
v  -14.043873 2.331475 0.454065
v  -14.620800 2.773974 0.190875
v  -14.581440 3.164144 0.439134
v  -14.639194 2.785338 0.713752
v  -14.678556 2.395168 0.465492
v  -15.542303 2.867076 0.284129
v  -15.547913 3.300134 0.564137
v  -15.635218 2.854321 0.841586
v  -15.629608 2.421264 0.561578
v  -16.734310 2.978262 0.401514
v  -16.706926 3.579052 0.677231
v  -16.728235 2.956993 0.910135
v  -16.755619 2.356203 0.634418
v  -23.437370 2.903958 0.874859
v  -23.383904 3.549129 0.643112
v  -23.195833 2.919950 0.352640
v  -23.249302 2.274779 0.584388
v  -24.389072 2.867693 0.926826
v  -24.435284 3.367696 0.687032
v  -24.281939 2.874180 0.434585
v  -24.235729 2.374178 0.674377
v  -25.193138 2.891009 0.918271
v  -25.280813 3.391518 0.694472
v  -25.159817 2.906618 0.447920
v  -25.072144 2.406108 0.671719
v  -25.908447 2.888580 0.886998
v  -25.991520 3.368669 0.710438
v  -25.911633 2.902785 0.521664
v  -25.828560 2.422695 0.698224
v  -21.700193 12.271340 0.948850
v  -21.453217 11.663013 0.743465
v  -21.707981 11.054688 0.904562
v  -21.954958 11.663013 1.109946
v  -21.769949 11.478972 2.877680
v  -22.059738 12.157532 2.558879
v  -22.349527 11.529785 2.188807
v  -22.059738 10.851226 2.507608
v  -22.848631 12.151138 1.144938
v  -22.556519 11.483639 0.858224
v  -22.856419 10.816139 1.078417
v  -23.148531 11.483639 1.365130
v  -23.969999 11.948908 1.274530
v  -23.661697 11.377250 1.042579
v  -23.969999 10.805593 1.211123
v  -24.278299 11.377250 1.443074
v  -24.923897 11.869075 1.374205
v  -24.641159 11.356233 1.204097
v  -24.923897 10.843391 1.327704
v  -25.206633 11.356233 1.497811
v  -22.744694 11.423295 2.334745
v  -22.991728 12.193398 2.012564
v  -23.232874 11.480965 1.643842
v  -22.985840 10.710860 1.966023
v  -23.790884 11.376436 1.900383
v  -24.037918 12.011769 1.694557
v  -24.279064 11.424014 1.460904
v  -24.032030 10.788681 1.666729
v  -24.800446 11.332096 1.787802
v  -25.090233 11.875886 1.618147
v  -25.380024 11.372818 1.419141
v  -25.090233 10.829028 1.588796
v  -25.581732 11.294516 1.736174
v  -25.871521 11.838305 1.564013
v  -26.161308 11.335237 1.362099
v  -25.871521 10.791447 1.534260
v  -25.758549 11.793312 1.334237
v  -25.521996 11.281314 1.210112
v  -25.758549 10.769315 1.300306
v  -25.995100 11.281314 1.424432
v  -18.232967 12.262720 0.989627
v  -18.029007 11.642664 1.152966
v  -18.219666 11.025145 0.886432
v  -18.423628 11.645200 0.723093
v  -17.986477 12.110205 2.729266
v  -18.315615 11.485577 3.010290
v  -18.065176 10.907724 2.700123
v  -17.736036 11.532351 2.419098
v  -17.082079 12.233410 1.288923
v  -16.886292 11.509037 1.517303
v  -17.056309 10.787630 1.167247
v  -17.252096 11.512002 0.938867
v  -16.104101 12.089266 1.441787
v  -15.878872 11.415012 1.626357
v  -16.029779 10.746003 1.344437
v  -16.255009 11.420256 1.159866
v  -15.161602 11.919085 1.396448
v  -14.958019 11.351870 1.567492
v  -15.111305 10.786751 1.288866
v  -15.314888 11.353964 1.117821
v  -14.219944 11.722357 1.410147
v  -14.081171 11.277074 1.559602
v  -14.203505 10.826420 1.330524
v  -14.342276 11.271702 1.181069
v  -17.117073 12.141240 2.412306
v  -17.446213 11.431952 2.758045
v  -17.195774 10.775777 2.371673
v  -16.866634 11.485067 2.025934
v  -16.183981 12.027538 2.073302
v  -16.473770 11.369656 2.364691
v  -16.183981 10.761038 2.021567
v  -15.894192 11.418922 1.730178
v  -15.274858 11.879300 1.947019
v  -15.564648 11.306079 2.173693
v  -15.274858 10.775783 1.906774
v  -14.985069 11.349003 1.680100
v  -14.297775 11.746089 1.866219
v  -14.554382 11.264604 2.047756
v  -14.297775 10.819177 1.824738
v  -14.041170 11.300662 1.643200
v  -21.510485 2.094144 2.153355
v  -21.513020 1.991814 1.912941
v  -21.046246 1.959104 2.247630
v  -21.130407 2.069532 2.414453
v  -20.901863 1.991814 1.987357
v  -20.515688 1.959103 2.398200
v  -20.672297 2.069531 2.628145
v  -20.290707 1.991814 2.024044
v  -19.982244 1.959104 2.457837
v  -20.214184 2.069531 2.822041
v  -19.676666 1.991814 2.021658
v  -19.437267 1.959104 2.388339
v  -19.735888 2.069532 2.802790
v  -19.065510 1.991814 1.989424
v  -18.921127 1.959103 2.269014
v  -19.277775 2.069531 2.637442
v  -18.457237 1.991814 1.922424
v  -18.459772 2.094144 2.137193
v  -18.839849 2.069530 2.422387
v  -21.881931 2.159724 1.676818
v  -21.695652 2.057235 1.442350
v  -21.304644 2.024524 1.686550
v  -21.011442 2.057235 1.425260
v  -20.644886 2.024524 1.698094
v  -20.327232 2.057235 1.400155
v  -19.985128 2.024524 1.699233
v  -19.643024 2.057235 1.408130
v  -19.325371 2.024524 1.698094
v  -18.958815 2.057235 1.433235
v  -18.665613 2.024524 1.694524
v  -18.274605 2.057235 1.490198
v  -18.088326 2.159724 1.724666
v  -21.975664 2.225304 1.267893
v  -21.695652 2.122654 0.984498
v  -21.369848 2.089944 1.175843
v  -21.011442 2.122654 0.886426
v  -20.677488 2.089944 1.125658
v  -20.327232 2.122654 0.736666
v  -19.985128 2.089944 1.021940
v  -19.643024 2.122654 0.784514
v  -19.292768 2.089944 1.173506
v  -18.958815 2.122654 0.934274
v  -18.600409 2.089944 1.191793
v  -18.274605 2.122654 0.992473
v  -17.994593 2.237221 1.315742
v  -21.881931 2.290883 0.858969
v  -21.513020 2.188074 0.522967
v  -21.304644 2.155364 0.665136
v  -20.901863 2.188074 0.347590
v  -20.644886 2.155364 0.575000
v  -20.290707 2.188074 0.290957
v  -19.985128 2.155364 0.467340
v  -19.679550 2.188074 0.298931
v  -19.325371 2.155364 0.622849
v  -19.068394 2.188074 0.355565
v  -18.665613 2.155364 0.673111
v  -18.457237 2.188074 0.520415
v  -18.088326 2.302800 0.858969
v  -21.510485 2.356463 0.424300
v  -21.130407 2.381076 0.122273
v  -21.046246 2.220785 0.150751
v  -20.672297 2.381076 -0.099084
v  -20.515688 2.220785 0.046120
v  -20.214184 2.381076 -0.147186
v  -19.985128 2.220785 0.035435
v  -19.756073 2.381076 -0.147186
v  -19.454569 2.220785 0.046120
v  -19.297960 2.381076 -0.099084
v  -18.924011 2.220785 0.148199
v  -18.839849 2.381076 0.104409
v  -18.459772 2.356463 0.406436
v  -21.130407 18.685188 2.858001
v  -21.046246 18.821550 2.738867
v  -21.513020 18.821550 2.352071
v  -21.510485 18.685610 2.546802
v  -20.672297 18.685188 3.114903
v  -20.515688 18.821550 2.895309
v  -20.901863 18.821550 2.484180
v  -20.214184 18.685188 3.303181
v  -19.982244 18.821550 2.964463
v  -20.290707 18.821550 2.529686
v  -19.735888 18.685188 3.298116
v  -19.437267 18.821550 2.893196
v  -19.676666 18.821550 2.529082
v  -19.277775 18.685188 3.120461
v  -18.921127 18.821550 2.744387
v  -19.065510 18.821550 2.485087
v  -18.839849 18.685188 2.848010
v  -18.459772 18.685610 2.527699
v  -18.457237 18.821550 2.350637
v  -21.304644 18.821550 2.160140
v  -21.695652 18.821550 1.875447
v  -21.881931 18.686459 2.064591
v  -20.644886 18.821550 2.201017
v  -21.011442 18.821550 1.917516
v  -19.985128 18.821550 2.205050
v  -20.327232 18.821550 1.925706
v  -19.325371 18.821550 2.201017
v  -19.643024 18.821550 1.925706
v  -18.665613 18.821550 2.160140
v  -18.958815 18.821550 1.917516
v  -18.088326 18.686459 2.064591
v  -18.274605 18.821550 1.875447
v  -21.369848 18.821550 1.645668
v  -21.695652 18.821550 1.414219
v  -21.975664 18.687305 1.652648
v  -20.677488 18.821550 1.646300
v  -21.011442 18.821550 1.374709
v  -19.985128 18.821550 1.646362
v  -20.327118 18.821550 1.367018
v  -19.292768 18.821550 1.646300
v  -19.642792 18.821550 1.367018
v  -18.600409 18.821550 1.645668
v  -18.958698 18.821550 1.374709
v  -17.994593 18.687305 1.652648
v  -18.274605 18.821550 1.414219
v  -21.304644 18.821550 1.131196
v  -21.513020 18.821550 0.949312
v  -21.881931 18.688154 1.240706
v  -20.644770 18.821550 1.091581
v  -20.901863 18.821550 0.831901
v  -19.984320 18.821550 1.087674
v  -20.290012 18.821550 0.808330
v  -19.324562 18.821550 1.091581
v  -19.678164 18.821550 0.808330
v  -18.665497 18.821550 1.131196
v  -19.067699 18.821550 0.831902
v  -18.088326 18.688154 1.240706
v  -18.457237 18.821550 0.946760
v  -21.046246 18.821550 0.613046
v  -21.130407 18.689425 0.533723
v  -21.510485 18.689001 0.803021
v  -20.515572 18.821550 0.536863
v  -20.672297 18.689425 0.368773
v  -19.984320 18.821550 0.528985
v  -20.214069 18.689425 0.331651
v  -19.453760 18.821550 0.536863
v  -19.755842 18.689425 0.331651
v  -18.923895 18.821550 0.610494
v  -19.297846 18.689425 0.368773
v  -18.459772 18.689001 0.785155
v  -18.839849 18.689425 0.515858
v  -20.853054 2.466235 2.666078
v  -21.070034 5.534999 2.892657
v  -21.305218 4.659274 2.651773
v  -20.419090 2.466235 2.940789
v  -20.636072 5.534999 3.185329
v  -19.979361 2.466235 3.042118
v  -20.202110 5.534999 3.398938
v  -19.516562 2.466235 2.903139
v  -19.745077 5.535000 3.384405
v  -19.111437 2.466234 2.690581
v  -19.311115 5.535000 3.184315
v  -18.665039 2.474492 2.392779
v  -18.900223 5.534999 2.882616
v  -20.853054 6.959467 3.171560
v  -21.070034 8.367064 3.119430
v  -21.305218 6.966910 2.820597
v  -20.419090 6.959466 3.475723
v  -20.636072 8.367063 3.464307
v  -19.979361 6.959466 3.568951
v  -20.202110 8.367062 3.682625
v  -19.516562 6.959467 3.424677
v  -19.745077 8.367063 3.643031
v  -19.111437 6.959467 3.176349
v  -19.311115 8.367063 3.437558
v  -18.665039 6.966910 2.782531
v  -18.900223 8.367063 3.108715
v  -20.853054 9.200755 3.350161
v  -21.070034 12.327355 3.278645
v  -21.353504 11.502421 3.081115
v  -20.419090 9.200753 3.671085
v  -20.636072 12.327356 3.630028
v  -19.979361 9.200753 3.757551
v  -20.202110 12.327355 3.852098
v  -19.516562 9.200753 3.610783
v  -19.745077 12.327355 3.831102
v  -19.111437 9.200753 3.352698
v  -19.311115 12.327355 3.619783
v  -18.665039 9.206957 2.934246
v  -18.900223 12.327355 3.265836
v  -20.853054 13.729237 3.412094
v  -21.070034 15.140779 3.175698
v  -21.305218 13.732938 3.027633
v  -20.419090 13.729237 3.697822
v  -20.636072 15.140779 3.489619
v  -19.979361 13.729237 3.823486
v  -20.202110 15.140779 3.708110
v  -19.516562 13.729237 3.683829
v  -19.745077 15.140779 3.706425
v  -19.111437 13.729237 3.419740
v  -19.311115 15.140779 3.499238
v  -18.665039 13.732938 2.995013
v  -18.900223 15.140779 3.163443
v  -20.853054 15.986887 3.287564
v  -21.305218 18.276520 2.782412
v  -20.419090 15.986887 3.537101
v  -19.979361 15.986885 3.689132
v  -19.516562 15.986885 3.555957
v  -19.111437 15.986887 3.301701
v  -18.665039 15.989089 2.899607
v  -18.151659 2.532293 1.947799
v  -18.407955 5.560742 2.445115
v  -17.932499 2.610270 1.582695
v  -18.020359 5.627471 1.997053
v  -17.932499 2.735916 1.150245
v  -17.908049 5.701823 1.590505
v  -18.151659 2.742386 0.737234
v  -18.005856 5.768552 1.207175
v  -18.665039 2.788270 0.281344
v  -18.393452 5.827446 0.793577
v  -18.151657 7.019011 2.278818
v  -18.393452 8.393140 2.618486
v  -17.932499 7.078555 1.867287
v  -18.005856 8.445292 2.139412
v  -17.932501 7.138100 1.482342
v  -17.908049 8.497445 1.758073
v  -18.151657 7.197643 1.129757
v  -18.005856 8.549597 1.422464
v  -18.665039 7.249744 0.679158
v  -18.393452 8.601748 1.003311
v  -18.151657 9.250377 2.425924
v  -18.291708 12.490574 2.776431
v  -17.932501 9.299998 2.016305
v  -18.005856 12.382306 2.347638
v  -17.932501 9.349620 1.647127
v  -17.908049 12.418942 1.953044
v  -18.151659 9.399240 1.295794
v  -18.005856 12.455577 1.558450
v  -18.665039 9.442658 0.830233
v  -18.400972 12.492211 1.147060
v  -18.151657 13.758845 2.519799
v  -18.393452 15.151962 2.703180
v  -17.932499 13.788459 2.112508
v  -18.005856 15.174329 2.258420
v  -17.932499 13.818071 1.717618
v  -17.908049 15.196699 1.863263
v  -18.152733 13.847683 1.314990
v  -18.005856 15.219069 1.468107
v  -18.671486 13.873594 0.901292
v  -18.394526 15.241438 1.027833
v  -18.151657 16.004503 2.427660
v  -17.932499 16.022123 2.019980
v  -17.932499 16.039745 1.624701
v  -18.151659 16.057365 1.216962
v  -18.665039 16.072783 0.775433
v  -19.117203 2.796528 -0.018070
v  -18.900223 5.860810 0.439615
v  -19.551167 2.796528 -0.128345
v  -19.334185 5.868646 0.290592
v  -19.985128 2.796528 -0.140452
v  -19.768147 5.868646 0.255359
v  -20.419090 2.796528 -0.128345
v  -20.202110 5.868646 0.255359
v  -20.853054 2.796528 -0.012966
v  -20.636072 5.868646 0.292322
v  -21.305218 2.788270 0.311969
v  -21.070034 5.868646 0.459489
v  -19.117203 7.257188 0.468883
v  -18.900223 8.627825 0.653697
v  -19.551167 7.257188 0.394832
v  -19.334185 8.625925 0.540550
v  -19.985128 7.257188 0.386297
v  -19.767080 8.623553 0.508822
v  -20.419090 7.257188 0.394832
v  -20.200857 8.624109 0.508822
v  -20.853054 7.257188 0.480695
v  -20.635887 8.626481 0.540550
v  -21.305218 7.249744 0.746936
v  -21.070034 8.627825 0.718883
v  -19.117203 9.446962 0.641029
v  -18.738781 12.647748 0.874958
v  -19.550098 9.435091 0.576504
v  -19.332546 12.511705 0.716696
v  -19.978542 9.431390 0.568910
v  -19.767328 12.511442 0.689753
v  -20.416916 9.438430 0.576504
v  -20.202110 12.510529 0.689753
v  -20.852869 9.447518 0.657362
v  -20.636072 12.510529 0.716696
v  -21.305218 9.442658 0.922039
v  -21.227573 12.649902 0.856475
v  -19.118279 13.877295 0.706664
v  -18.901297 15.252623 0.703647
v  -19.551167 13.877295 0.642185
v  -19.334185 15.252623 0.591553
v  -19.985128 13.877295 0.635060
v  -19.768147 15.252623 0.560949
v  -20.419090 13.877295 0.642185
v  -20.202110 15.252623 0.560949
v  -20.853054 13.877295 0.707048
v  -20.636072 15.252623 0.591553
v  -21.304958 13.873594 0.901616
v  -21.070034 15.252623 0.719343
v  -19.117203 16.074986 0.580072
v  -19.551167 16.074986 0.510778
v  -19.985128 16.074986 0.502714
v  -20.419090 16.074986 0.510778
v  -20.853054 16.074986 0.585176
v  -21.304958 16.072783 0.804077
v  -21.818598 2.730469 0.742338
v  -21.576805 5.835281 0.808626
v  -22.037758 2.664410 1.142270
v  -21.964401 5.768552 1.223781
v  -22.037758 2.598352 1.534846
v  -22.062208 5.701823 1.616222
v  -21.818598 2.532293 1.945715
v  -21.964401 5.635093 2.008664
v  -21.576805 5.568363 2.474269
v  -21.818600 7.197643 1.129245
v  -21.576805 8.601748 1.046826
v  -22.037758 7.138100 1.522770
v  -21.964401 8.549596 1.424852
v  -22.037758 7.078555 1.915649
v  -22.062208 8.497444 1.818227
v  -21.818600 7.019011 2.326818
v  -21.964401 8.445292 2.211602
v  -21.576805 8.393140 2.678141
v  -21.818600 9.399240 1.278537
v  -21.576546 12.492211 1.134530
v  -22.037756 9.349618 1.668320
v  -21.964142 12.455577 1.556470
v  -22.037756 9.299998 2.061977
v  -22.062208 12.418942 1.953044
v  -21.818600 9.250377 2.473925
v  -21.964401 12.382306 2.347638
v  -21.697538 12.502406 2.751504
v  -21.817045 13.847684 1.303491
v  -21.575251 15.241438 1.031646
v  -22.037498 13.818071 1.715638
v  -21.962849 15.219069 1.456224
v  -22.037758 13.788459 2.112508
v  -22.062208 15.196699 1.863263
v  -21.818600 13.758845 2.525689
v  -21.964401 15.174329 2.258420
v  -21.576805 15.151962 2.726740
v  -21.817045 16.057367 1.210183
v  -22.037498 16.039745 1.622720
v  -22.037758 16.022123 2.019980
v  -21.818598 16.004503 2.433549
v  -21.818600 11.673124 1.355650
v  -21.526449 11.696048 1.025290
v  -20.948849 11.701138 0.736847
v  -20.419090 11.713846 0.696470
v  -19.984310 11.714759 0.689734
v  -19.545431 11.719587 0.696470
v  -18.993139 11.698907 0.731754
v  -18.457979 11.690960 1.047354
v  -18.153807 11.673124 1.357913
v  -17.932499 11.632403 1.755317
v  -17.932499 11.591681 2.149702
v  -17.987305 11.551395 2.463542
v  -18.645580 11.504071 3.087657
v  -19.111437 11.510238 3.467074
v  -19.516562 11.510238 3.734782
v  -19.979361 11.510238 3.880628
v  -20.419090 11.510239 3.783714
v  -20.853054 11.510238 3.464560
v  -21.305218 10.372300 3.019405
v  -22.011780 11.550755 2.405969
v  -22.037758 11.591680 2.149702
v  -21.070034 10.961933 3.252328
v  -20.636072 10.961934 3.623712
v  -20.202110 10.961934 3.845547
v  -19.745077 10.961931 3.800166
v  -19.311115 10.961931 3.590445
v  -18.900223 10.961931 3.240882
v  -18.311382 10.827944 2.747168
v  -18.005856 11.027121 2.326041
v  -17.908049 11.070581 1.931829
v  -18.005856 11.114039 1.540711
v  -18.400972 11.157498 1.129703
v  -18.731359 11.008360 0.825530
v  -19.324356 11.184377 0.688888
v  -19.762165 11.180435 0.661131
v  -20.200857 11.175512 0.661131
v  -20.635887 11.177883 0.688888
v  -21.229521 11.014438 0.836666
v  -21.576805 11.157498 1.130947
v  -21.964401 11.114039 1.537615
v  -22.062208 11.070581 1.931829
v  -21.964401 11.027121 2.326041
v  -21.697538 10.813818 2.716709
v  -22.037756 10.505790 1.712357
v  -21.818600 10.552219 1.317571
v  -21.305218 10.592849 0.939377
v  -20.852869 10.597309 0.709048
v  -20.416916 10.588220 0.637229
v  -19.977722 10.582092 0.630070
v  -19.544365 10.590622 0.637229
v  -19.112543 10.599236 0.702069
v  -18.670666 10.593109 0.900600
v  -18.152733 10.552219 1.329167
v  -17.932501 10.505790 1.715452
v  -17.932501 10.459358 2.106382
v  -18.151657 10.412925 2.512809
v  -18.665039 10.372300 2.987177
v  -19.111437 10.366494 3.411019
v  -19.516562 10.366494 3.673621
v  -19.979361 10.366494 3.822081
v  -20.419090 10.366497 3.741435
v  -20.853054 10.366497 3.410062
v  -21.305218 9.206957 2.972434
v  -21.818600 10.412925 2.518699
v  -22.037756 10.459358 2.106382
v  -21.070034 9.765560 3.198458
v  -20.636072 9.765559 3.559942
v  -20.202110 9.765557 3.780246
v  -19.745077 9.765558 3.735495
v  -19.311115 9.765558 3.527751
v  -18.900223 9.765558 3.187459
v  -18.393452 9.789947 2.717900
v  -18.005856 9.838719 2.268445
v  -17.908049 9.887493 1.877063
v  -18.005856 9.936266 1.510914
v  -18.394526 9.985041 1.075522
v  -18.900478 10.009689 0.734758
v  -19.332546 9.999203 0.628167
v  -19.760927 9.984713 0.598634
v  -20.194599 9.987137 0.598634
v  -20.634964 10.001367 0.628167
v  -21.070034 10.009428 0.786362
v  -21.576805 9.985041 1.105454
v  -21.964401 9.936266 1.492804
v  -22.062208 9.887493 1.886640
v  -21.964401 9.838719 2.280476
v  -21.576805 9.789946 2.747476
v  -21.563629 3.737294 0.536839
v  -21.015579 3.748946 0.132005
v  -20.419090 3.857801 0.045271
v  -19.985128 3.857801 0.034234
v  -19.551167 3.857801 0.043541
v  -18.956547 3.759642 0.139530
v  -18.437119 3.700877 0.567631
v  -18.151659 3.794578 0.876806
v  -17.932501 3.794696 1.272748
v  -17.947004 3.660181 1.665632
v  -18.052174 3.482109 1.913444
v  -18.560507 3.450462 2.493501
v  -19.111437 3.521274 2.851674
v  -19.516562 3.521275 3.074842
v  -19.979361 3.521274 3.197640
v  -20.419090 3.521273 3.011753
v  -20.853054 3.521274 2.826033
v  -21.305218 2.474493 2.421833
v  -22.028749 3.513109 1.891384
v  -22.037756 3.655884 1.665211
v  -21.818598 3.790495 0.872930
v  -21.070034 2.999916 2.646205
v  -20.636072 2.999915 2.895021
v  -20.202110 2.999915 3.103118
v  -19.745077 2.999916 3.085962
v  -19.311115 2.999916 2.895088
v  -18.900223 2.999915 2.639869
v  -18.251228 2.805939 2.133705
v  -18.020359 3.092327 1.811460
v  -17.908049 3.238145 1.418520
v  -18.005856 3.304834 1.018025
v  -18.393452 3.292182 0.584650
v  -18.707888 3.077481 0.227020
v  -19.334185 3.333362 -0.001540
v  -19.768147 3.333362 -0.046075
v  -20.202110 3.333362 -0.046075
v  -20.636072 3.333362 0.000191
v  -21.274200 3.064595 0.229138
v  -21.576805 3.300017 0.596086
v  -21.964401 3.233328 1.018025
v  -22.062208 3.166639 1.410545
v  -21.964401 3.099949 1.803064
v  -21.744837 2.791967 2.149511
v  -21.305218 4.985316 0.540529
v  -20.853054 4.993896 0.272840
v  -20.419090 4.993896 0.179923
v  -19.985128 4.993896 0.170031
v  -19.551167 4.993896 0.178192
v  -19.117203 4.986060 0.266335
v  -18.665039 4.938303 0.562056
v  -18.151659 4.917420 0.962711
v  -17.932499 4.856616 1.345081
v  -17.947004 4.780354 1.751292
v  -18.238680 4.673608 2.160829
v  -18.679543 4.651653 2.620316
v  -19.111437 4.650694 2.972919
v  -19.516562 4.650696 3.207445
v  -19.979361 4.650694 3.330503
v  -20.419090 4.650694 3.139271
v  -20.853054 4.650694 2.947256
v  -21.445049 3.444730 2.521082
v  -21.818600 4.719333 2.164193
v  -22.037758 4.787974 1.753561
v  -22.037758 4.856616 1.361220
v  -21.818598 4.925256 0.961525
v  -21.070034 4.061227 2.772555
v  -20.636072 4.061227 2.945549
v  -20.202110 4.061227 3.154814
v  -19.745077 4.061228 3.234919
v  -19.311115 4.061228 3.039794
v  -18.900223 4.061227 2.763135
v  -18.331661 4.136826 2.272477
v  -18.092878 4.117415 1.911842
v  -17.908049 4.243004 1.514222
v  -18.005856 4.310948 1.121817
v  -18.393452 4.319961 0.736147
v  -18.703979 4.410156 0.419475
v  -19.334185 4.400945 0.136397
v  -19.768147 4.400945 0.104819
v  -20.202110 4.400945 0.104819
v  -20.636072 4.400945 0.146779
v  -21.286806 4.448764 0.384144
v  -21.576805 4.366973 0.702682
v  -21.964401 4.299030 1.124507
v  -22.062208 4.231087 1.516912
v  -21.964401 4.163142 1.909316
v  -21.758755 4.176065 2.271684
v  -21.818598 17.150908 2.361046
v  -22.037758 17.161358 1.947374
v  -22.037758 17.171806 1.551993
v  -21.818598 17.182257 1.149257
v  -21.305218 17.191402 0.730131
v  -20.853054 17.192709 0.490338
v  -20.419090 17.192709 0.408522
v  -19.985128 17.192709 0.399725
v  -19.551167 17.192709 0.408522
v  -19.117203 17.192709 0.485234
v  -18.665039 17.191402 0.699506
v  -18.151659 17.182257 1.144153
v  -17.932499 17.171806 1.551993
v  -17.932499 17.161358 1.947374
v  -18.151659 17.150908 2.355156
v  -18.665039 17.141766 2.824347
v  -19.111437 17.140459 3.208656
v  -19.516562 17.140459 3.455763
v  -19.979361 17.140459 3.589270
v  -20.419090 17.140459 3.443076
v  -20.853054 17.140459 3.194780
v  -21.305218 15.989089 2.932053
v  -21.070034 16.556976 3.086781
v  -20.636072 16.556976 3.367374
v  -20.202110 16.556974 3.583214
v  -19.745077 16.556973 3.599686
v  -19.311115 16.556974 3.395654
v  -18.900223 16.556976 3.075030
v  -18.393452 16.564011 2.626696
v  -18.005856 16.578087 2.181763
v  -17.908049 16.592165 1.786434
v  -18.005856 16.606241 1.391105
v  -18.393452 16.620319 0.945938
v  -18.900223 16.627356 0.608832
v  -19.334185 16.627356 0.485523
v  -19.768147 16.627356 0.451818
v  -20.202110 16.627356 0.451818
v  -20.636072 16.627356 0.485523
v  -21.070034 16.627356 0.629249
v  -21.576546 16.620319 0.964374
v  -21.964142 16.606241 1.389124
v  -22.062208 16.592165 1.786434
v  -21.964401 16.578087 2.181763
v  -21.576805 16.564013 2.650256
v  -21.818600 18.279486 2.289670
v  -22.037758 18.282877 1.875897
v  -22.037758 18.286268 1.480416
v  -21.818600 18.289660 1.077579
v  -21.305218 18.292627 0.655385
v  -20.853054 18.293051 0.396976
v  -20.419090 18.293051 0.307855
v  -19.985128 18.293051 0.298338
v  -19.551167 18.293051 0.307855
v  -19.117203 18.293051 0.391871
v  -18.665039 18.292627 0.624760
v  -18.151657 18.289660 1.072475
v  -17.932499 18.286268 1.480416
v  -17.932499 18.282877 1.875897
v  -18.151657 18.279486 2.283780
v  -18.665039 18.276520 2.750138
v  -19.111437 18.276096 3.116225
v  -19.516562 18.276096 3.356258
v  -19.979361 18.276096 3.493332
v  -20.419090 18.276096 3.365459
v  -20.853054 18.276096 3.105767
v  -21.305218 17.141766 2.856660
v  -21.070034 17.719460 3.001730
v  -20.636072 17.719460 3.290499
v  -20.202110 17.719460 3.504065
v  -19.745077 17.719460 3.497870
v  -19.311115 17.719460 3.296611
v  -18.900223 17.719460 2.990477
v  -18.393452 17.722885 2.553684
v  -18.005856 17.729734 2.108648
v  -17.908049 17.736586 1.713216
v  -18.005856 17.743437 1.317783
v  -18.393452 17.750288 0.872514
v  -18.900223 17.753716 0.523153
v  -19.334185 17.753716 0.384689
v  -19.768147 17.753716 0.348033
v  -20.202110 17.753716 0.348033
v  -20.636072 17.753716 0.384689
v  -21.070034 17.753716 0.543570
v  -21.576805 17.750288 0.892931
v  -21.964401 17.743437 1.317783
v  -22.062208 17.736586 1.713216
v  -21.964401 17.729734 2.108648
v  -21.576805 17.722885 2.577244
v  -22.037756 3.723190 1.272748
v  -22.037758 11.632403 1.755317
v  -13.797907 2.654715 0.698216
v  -13.734922 2.876139 0.805878
v  -13.725739 2.652797 0.917185
v  -13.788725 2.431372 0.809523
v  -17.715368 2.822896 1.690680
v  -17.762987 3.729186 1.771491
v  -17.941525 3.711472 2.157381
v  -17.941656 2.775442 2.055008
v  -26.199337 2.897710 0.975793
v  -26.162971 2.577575 1.078306
v  -26.200058 2.873502 1.209773
v  -26.236423 3.193637 1.107260
v  -22.407606 3.730536 1.681583
v  -22.356888 2.766079 1.642634
v  -22.154898 2.735588 2.073650
v  -22.187679 3.704094 2.130920
v  -23.444962 3.358101 1.624180
v  -23.319347 2.351078 1.575276
v  -23.382959 2.385081 1.168931
v  -23.518932 3.382160 1.162482
v  -22.954063 2.994141 1.230438
v  -22.855104 2.267747 1.517035
v  -22.869326 2.970672 1.839344
v  -22.968285 3.697066 1.552747
v  -24.319561 3.153185 1.494028
v  -24.181662 2.417448 1.447855
v  -24.290588 2.457407 1.096551
v  -24.449564 3.229785 1.088864
v  -23.941401 2.865138 1.064219
v  -23.754007 2.259236 1.315593
v  -23.778416 2.801630 1.596161
v  -23.965809 3.407532 1.344788
v  -25.184553 3.142544 1.409914
v  -25.094849 2.511628 1.384258
v  -25.134666 2.543772 1.025373
v  -25.251503 3.217170 1.025148
v  -24.809677 2.859283 0.994449
v  -24.669796 2.363411 1.230717
v  -24.693008 2.778760 1.487590
v  -24.832890 3.274632 1.251322
v  -25.963131 3.186994 1.293716
v  -25.888369 2.568417 1.264416
v  -25.890800 2.592373 0.980169
v  -25.974382 3.225542 0.994014
v  -25.574223 2.916639 0.942510
v  -25.498466 2.462059 1.170251
v  -25.542027 2.860548 1.416423
v  -25.617783 3.315128 1.188681
v  -16.589390 3.370460 1.580466
v  -16.631071 3.410059 1.203703
v  -16.687607 2.475157 1.159950
v  -16.635635 2.436294 1.520730
v  -17.188742 3.075322 1.335279
v  -17.215942 3.724094 1.645591
v  -17.278715 3.011106 1.839234
v  -17.251516 2.362334 1.528921
v  -15.423620 3.169881 1.328961
v  -15.564291 3.191181 0.963058
v  -15.637033 2.521364 0.958560
v  -15.512012 2.486632 1.332441
v  -16.144033 2.884001 0.987200
v  -16.020741 3.386714 1.236920
v  -15.983597 2.849555 1.469121
v  -16.106890 2.346843 1.219402
v  -14.482552 3.027577 1.223856
v  -14.578939 3.054823 0.845234
v  -14.651361 2.532017 0.848928
v  -14.570625 2.491225 1.216637
v  -15.114435 2.844471 0.837853
v  -14.979811 3.222085 1.091107
v  -14.964050 2.798468 1.343028
v  -15.098675 2.420853 1.089774
v  -13.850780 2.898010 1.021370
v  -13.918961 2.916619 0.737298
v  -13.976303 2.460176 0.747072
v  -13.908085 2.452441 1.013842
v  -14.225882 2.742048 0.738338
v  -14.135208 3.041051 0.967461
v  -14.132128 2.706283 1.194598
v  -14.222801 2.407279 0.965475
v  -13.885330 2.630159 0.354212
v  -13.816025 2.879746 0.465602
v  -13.811295 2.656650 0.571636
v  -13.880600 2.407064 0.460245
v  -18.225616 2.996801 0.277719
v  -18.222309 3.922354 0.363607
v  -18.012102 3.876086 0.681278
v  -18.032248 2.976022 0.576749
v  -26.168970 2.885407 0.847695
v  -26.226751 3.220370 0.735120
v  -26.174122 2.891004 0.614393
v  -26.116343 2.556041 0.726968
v  -22.024216 2.932930 0.539184
v  -22.087252 3.889165 0.622781
v  -21.774387 3.892403 0.308157
v  -21.761780 2.949122 0.208526
v  -13.926140 2.943851 0.581245
v  -14.003334 2.916742 0.301340
v  -14.055508 2.404957 0.318605
v  -14.009628 2.429085 0.585876
v  -14.278934 2.706533 0.207147
v  -14.209032 3.093384 0.420461
v  -14.234495 2.734121 0.667618
v  -14.304398 2.347271 0.454303
v  -14.592203 3.074280 0.643532
v  -14.594955 3.061764 0.241325
v  -14.651243 2.489024 0.271143
v  -14.681589 2.493556 0.653252
v  -15.047760 2.835341 0.216291
v  -15.038464 3.231827 0.489141
v  -15.122509 2.830151 0.770696
v  -15.131805 2.433666 0.497846
v  -15.587721 3.193993 0.774525
v  -15.528528 3.186557 0.353110
v  -15.579306 2.544406 0.354512
v  -15.659485 2.517839 0.769283
v  -16.104471 2.903332 0.358000
v  -16.105495 3.404173 0.636156
v  -16.172174 2.886914 0.897655
v  -16.171150 2.386073 0.619498
v  -16.704828 3.424288 0.859784
v  -16.721197 3.428105 0.483975
v  -16.745905 2.523102 0.446209
v  -16.753159 2.495017 0.833331
v  -17.446968 3.147121 0.382622
v  -17.370684 3.802278 0.655303
v  -17.326118 3.117273 0.848046
v  -17.402403 2.462117 0.575364
v  -23.265060 3.391834 0.439658
v  -23.469095 3.387836 0.831885
v  -23.345263 2.424078 0.787279
v  -23.186991 2.444067 0.396177
v  -22.845430 3.058874 0.797668
v  -22.732363 3.760607 0.593599
v  -22.522610 3.079065 0.282604
v  -22.635675 2.377331 0.486673
v  -24.366266 3.245201 0.505204
v  -24.454411 3.241812 0.865697
v  -24.296951 2.495197 0.864894
v  -24.224394 2.501538 0.487025
v  -23.933813 2.866344 0.905016
v  -23.936594 3.417278 0.663011
v  -23.771662 2.875000 0.406145
v  -23.768881 2.324066 0.648150
v  -25.233467 3.277257 0.523797
v  -25.275990 3.259427 0.859458
v  -25.101955 2.526492 0.859495
v  -25.094498 2.532076 0.489630
v  -24.807425 2.883938 0.933505
v  -24.882511 3.369427 0.701934
v  -24.740158 2.892912 0.445872
v  -24.665073 2.407423 0.677444
v  -25.967113 3.258278 0.572774
v  -25.975185 3.242567 0.845048
v  -25.842506 2.538144 0.837615
v  -25.855354 2.543740 0.561887
v  -25.556664 2.891643 0.897357
v  -25.645409 3.401941 0.689141
v  -25.547960 2.911256 0.465070
v  -25.459213 2.400958 0.673285
v  -26.121429 11.641323 1.251499
v  -25.953800 11.257504 1.168148
v  -26.121429 10.873682 1.228714
v  -26.289057 11.257504 1.312066
v  -21.890888 12.119259 1.071830
v  -21.511446 12.119259 0.814798
v  -21.520422 11.206770 0.763753
v  -21.893593 11.206770 1.056442
v  -25.898758 11.287840 1.664850
v  -26.116100 11.695682 1.541977
v  -26.333441 11.318382 1.398827
v  -26.116100 10.910541 1.521700
v  -21.842396 10.994642 2.772291
v  -21.842396 11.976006 2.810850
v  -22.277081 12.012483 2.294091
v  -22.277081 11.034387 2.255742
v  -22.626032 11.984263 0.959923
v  -23.073177 11.984263 1.313323
v  -23.075882 10.983014 1.290212
v  -22.635010 10.983014 0.883253
v  -22.302382 12.264215 1.048166
v  -22.029123 11.592753 0.772077
v  -22.314064 10.921292 0.990478
v  -22.587322 11.592753 1.266566
v  -23.738773 11.805994 1.129181
v  -24.201225 11.805994 1.404027
v  -24.201225 10.948506 1.381998
v  -23.738773 10.948506 1.056101
v  -23.388113 12.017554 1.225086
v  -23.084385 11.392770 0.961771
v  -23.390060 10.767987 1.156070
v  -23.693789 11.392770 1.419384
v  -24.711843 11.740865 1.267609
v  -25.135948 11.740865 1.469174
v  -25.135948 10.971601 1.453019
v  -24.711843 10.971601 1.214014
v  -24.510017 11.910863 1.316495
v  -24.207582 11.383074 1.117679
v  -24.510017 10.855284 1.262146
v  -24.812450 11.383074 1.460962
v  -22.807930 11.987382 2.265883
v  -22.803501 10.873626 2.230882
v  -23.169649 10.918731 1.712800
v  -23.174053 12.028780 1.747610
v  -22.255100 11.449420 2.638386
v  -22.534203 12.218252 2.284457
v  -22.811831 11.506995 1.874926
v  -22.532730 10.738164 2.228855
v  -23.854120 11.841807 1.855912
v  -23.849693 10.922960 1.834984
v  -24.215839 10.960173 1.505432
v  -24.220245 11.875959 1.526246
v  -23.252148 11.399374 2.058247
v  -23.477804 12.114171 1.797748
v  -23.694630 11.452901 1.503265
v  -23.468971 10.738105 1.763765
v  -24.872892 11.730412 1.746335
v  -24.872892 10.943960 1.737104
v  -25.307575 10.975810 1.447826
v  -25.307575 11.759644 1.482621
v  -24.320463 11.354128 1.822963
v  -24.599564 11.920803 1.651766
v  -24.877192 11.396564 1.453837
v  -24.598091 10.829888 1.625035
v  -25.654179 11.692831 1.694181
v  -25.654179 10.906380 1.684647
v  -26.088861 10.938229 1.391310
v  -26.088861 11.722063 1.426406
v  -25.223358 11.311753 1.767879
v  -25.513147 11.855543 1.590097
v  -25.802937 11.352474 1.380625
v  -25.513147 10.808684 1.558407
v  -25.935963 11.665313 1.403536
v  -25.935963 10.897315 1.391747
v  -25.581133 10.897315 1.217348
v  -25.581133 11.665313 1.256455
v  -25.307964 11.828305 1.397004
v  -25.050079 11.315916 1.251640
v  -25.307964 10.803530 1.357267
v  -25.565849 11.315916 1.502631
v  -13.837189 11.547229 1.430538
v  -13.738098 11.243723 1.527448
v  -13.808363 10.935177 1.382322
v  -13.907455 11.238683 1.285412
v  -18.381147 12.108339 0.818989
v  -18.081463 12.107707 1.134466
v  -18.075205 11.178256 1.063997
v  -18.367453 11.181427 0.734665
v  -13.893806 11.590068 1.817153
v  -14.069670 11.260107 1.930738
v  -13.893806 10.954858 1.785424
v  -13.717943 11.284819 1.671840
v  -17.778973 11.976682 2.495605
v  -18.213655 11.943106 2.955641
v  -18.272680 11.039742 2.917141
v  -17.837997 11.076326 2.490390
v  -16.939415 12.052317 1.491485
v  -17.218300 12.053058 1.055943
v  -17.194441 10.970205 0.966400
v  -16.924622 10.966499 1.398513
v  -17.607321 12.274009 1.126461
v  -17.407616 11.573665 1.349336
v  -17.587528 10.876187 0.989647
v  -17.787233 11.576530 0.766772
v  -15.960369 11.920703 1.606152
v  -16.229254 11.922012 1.253084
v  -16.186731 10.917189 1.183271
v  -15.891409 10.910634 1.529939
v  -16.600063 12.164104 1.414777
v  -16.398792 11.454310 1.621449
v  -16.559298 10.748043 1.318941
v  -16.760569 11.457836 1.112269
v  -15.280270 11.777803 1.212462
v  -15.260290 10.929602 1.135598
v  -14.974892 10.926983 1.469028
v  -15.030361 11.777281 1.553538
v  -15.617008 12.007919 1.419246
v  -15.380592 11.383436 1.589284
v  -15.527275 10.764557 1.311742
v  -15.763691 11.389039 1.141703
v  -14.119663 11.612123 1.544793
v  -14.316113 11.608606 1.255595
v  -14.303164 10.936140 1.201177
v  -14.107956 10.940681 1.479778
v  -14.706408 11.823612 1.388410
v  -14.546446 11.317390 1.558443
v  -14.698002 10.808674 1.290297
v  -14.857964 11.314896 1.120263
v  -17.344252 11.951494 2.690102
v  -16.909569 11.989623 2.124352
v  -16.968594 10.967234 2.110544
v  -17.403278 10.925688 2.642961
v  -17.565638 12.146052 2.609156
v  -17.914452 11.459841 2.933534
v  -17.683687 10.825014 2.582691
v  -17.334873 11.511228 2.258313
v  -16.401323 11.851543 2.304831
v  -15.966640 11.886909 1.828840
v  -15.966640 10.938618 1.790145
v  -16.401323 10.900084 2.265924
v  -16.652586 12.100245 2.209945
v  -16.952213 11.401895 2.547279
v  -16.672262 10.755841 2.155241
v  -16.372635 11.454192 1.817907
v  -15.492199 11.725955 2.127127
v  -15.057516 11.756766 1.756850
v  -15.057516 10.930510 1.726748
v  -15.492199 10.896934 2.096860
v  -15.721367 11.946199 1.989839
v  -16.011158 11.337096 2.232692
v  -15.721367 10.773604 1.946722
v  -15.431580 11.382708 1.703869
v  -14.490231 11.617266 2.011123
v  -14.105322 11.643184 1.710944
v  -14.105322 10.949125 1.676596
v  -14.490231 10.920957 1.983250
v  -14.811359 11.816157 1.915569
v  -15.092852 11.280587 2.130959
v  -14.811359 10.785122 1.875015
v  -14.529865 11.320693 1.659626
# 1850 vertices

vt 1.000000 0.000000 0.000000
vt 0.833333 0.000000 0.000000
vt 0.666667 0.000000 0.000000
vt 0.500000 0.000000 0.000000
vt 0.333333 0.000000 0.000000
vt 0.166667 0.000000 0.000000
vt -0.000000 0.000000 0.000000
vt 1.000000 0.200000 0.000000
vt 0.833333 0.200000 0.000000
vt 0.666667 0.200000 0.000000
vt 0.500000 0.200000 0.000000
vt 0.333333 0.200000 0.000000
vt 0.166667 0.200000 0.000000
vt -0.000000 0.200000 0.000000
vt 1.000000 0.400000 0.000000
vt 0.833333 0.400000 0.000000
vt 0.666667 0.400000 0.000000
vt 0.500000 0.400000 0.000000
vt 0.333333 0.400000 0.000000
vt 0.166667 0.400000 0.000000
vt -0.000000 0.400000 0.000000
vt 1.000000 0.600000 0.000000
vt 0.833333 0.600000 0.000000
vt 0.666667 0.600000 0.000000
vt 0.500000 0.600000 0.000000
vt 0.333333 0.600000 0.000000
vt 0.166667 0.600000 0.000000
vt -0.000000 0.600000 0.000000
vt 1.000000 0.800000 0.000000
vt 0.833333 0.800000 0.000000
vt 0.666667 0.800000 0.000000
vt 0.500000 0.800000 0.000000
vt 0.333333 0.800000 0.000000
vt 0.166667 0.800000 0.000000
vt -0.000000 0.800000 0.000000
vt 1.000000 1.000000 0.000000
vt 0.833333 1.000000 0.000000
vt 0.666667 1.000000 0.000000
vt 0.500000 1.000000 0.000000
vt 0.333333 1.000000 0.000000
vt 0.166667 1.000000 0.000000
vt -0.000000 1.000000 0.000000
vt 0.000000 0.000000 0.000000
vt 0.166667 0.000000 0.000000
vt 0.333333 0.000000 0.000000
vt 0.500000 0.000000 0.000000
vt 0.666667 0.000000 0.000000
vt 0.833333 0.000000 0.000000
vt 1.000000 0.000000 0.000000
vt 0.000000 0.200000 0.000000
vt 0.166667 0.200000 0.000000
vt 0.333333 0.200000 0.000000
vt 0.500000 0.200000 0.000000
vt 0.666667 0.200000 0.000000
vt 0.833333 0.200000 0.000000
vt 1.000000 0.200000 0.000000
vt 0.000000 0.400000 0.000000
vt 0.166667 0.400000 0.000000
vt 0.333333 0.400000 0.000000
vt 0.500000 0.400000 0.000000
vt 0.666667 0.400000 0.000000
vt 0.833333 0.400000 0.000000
vt 1.000000 0.400000 0.000000
vt 0.000000 0.600000 0.000000
vt 0.166667 0.600000 0.000000
vt 0.333333 0.600000 0.000000
vt 0.500000 0.600000 0.000000
vt 0.666667 0.600000 0.000000
vt 0.833333 0.600000 0.000000
vt 1.000000 0.600000 0.000000
vt 0.000000 0.800000 0.000000
vt 0.166667 0.800000 0.000000
vt 0.333333 0.800000 0.000000
vt 0.500000 0.800000 0.000000
vt 0.666667 0.800000 0.000000
vt 0.833333 0.800000 0.000000
vt 1.000000 0.800000 0.000000
vt 0.000000 1.000000 0.000000
vt 0.166667 1.000000 0.000000
vt 0.333333 1.000000 0.000000
vt 0.500000 1.000000 0.000000
vt 0.666667 1.000000 0.000000
vt 0.833333 1.000000 0.000000
vt 1.000000 1.000000 0.000000
vt 0.000000 0.000000 0.000000
vt 0.166667 0.000000 0.000000
vt 0.333333 0.000000 0.000000
vt 0.500000 0.000000 0.000000
vt 0.666667 0.000000 0.000000
vt 0.833333 0.000000 0.000000
vt 1.000000 0.000000 0.000000
vt 0.000000 0.200000 0.000000
vt 0.166667 0.215801 0.000000
vt 0.333333 0.215801 0.000000
vt 0.500000 0.215801 0.000000
vt 0.666667 0.215801 0.000000
vt 0.833333 0.215801 0.000000
vt 1.000000 0.200000 0.000000
vt 0.000000 0.400000 0.000000
vt 0.166667 0.383152 0.000000
vt 0.333333 0.383152 0.000000
vt 0.500000 0.383152 0.000000
vt 0.666667 0.383152 0.000000
vt 0.833333 0.383152 0.000000
vt 1.000000 0.400000 0.000000
vt 0.000000 0.600000 0.000000
vt 0.166667 0.617270 0.000000
vt 0.333333 0.617270 0.000000
vt 0.500000 0.617270 0.000000
vt 0.666667 0.617270 0.000000
vt 0.833333 0.617270 0.000000
vt 1.000000 0.600000 0.000000
vt 0.000000 0.800000 0.000000
vt 0.166667 0.783290 0.000000
vt 0.333333 0.783290 0.000000
vt 0.500000 0.783290 0.000000
vt 0.666667 0.783290 0.000000
vt 0.833333 0.783290 0.000000
vt 1.000000 0.800000 0.000000
vt 0.000000 1.000000 0.000000
vt 0.166667 1.000000 0.000000
vt 0.333333 1.000000 0.000000
vt 0.500000 1.000000 0.000000
vt 0.666667 1.000000 0.000000
vt 0.833333 1.000000 0.000000
vt 1.000000 1.000000 0.000000
vt 0.000000 0.000000 0.000000
vt 0.200000 0.000000 0.000000
vt 0.400000 0.000000 0.000000
vt 0.600000 0.000000 0.000000
vt 0.800000 0.000000 0.000000
vt 1.000000 0.000000 0.000000
vt 0.000000 0.200000 0.000000
vt 0.200000 0.215801 0.000000
vt 0.400000 0.215801 0.000000
vt 0.600000 0.215801 0.000000
vt 0.800000 0.215801 0.000000
vt 1.000000 0.200000 0.000000
vt 0.000000 0.400000 0.000000
vt 0.200000 0.383152 0.000000
vt 0.400000 0.383152 0.000000
vt 0.600000 0.383152 0.000000
vt 0.800000 0.383152 0.000000
vt 1.000000 0.400000 0.000000
vt 0.000000 0.600000 0.000000
vt 0.200000 0.611053 0.000000
vt 0.400000 0.617270 0.000000
vt 0.600000 0.617270 0.000000
vt 0.800000 0.617270 0.000000
vt 1.000000 0.600000 0.000000
vt 0.000000 0.800000 0.000000
vt 0.200000 0.783290 0.000000
vt 0.400000 0.783290 0.000000
vt 0.600000 0.783290 0.000000
vt 0.800000 0.783290 0.000000
vt 1.000000 0.800000 0.000000
vt 0.000000 1.000000 0.000000
vt 0.200000 1.000000 0.000000
vt 0.400000 1.000000 0.000000
vt 0.600000 1.000000 0.000000
vt 0.800000 1.000000 0.000000
vt 1.000000 1.000000 0.000000
vt 0.000000 0.000000 0.000000
vt 0.166667 0.000000 0.000000
vt 0.333333 0.000000 0.000000
vt 0.500000 0.000000 0.000000
vt 0.666667 0.000000 0.000000
vt 0.833333 0.000000 0.000000
vt 1.000000 0.000000 0.000000
vt 0.000000 0.200000 0.000000
vt 0.166667 0.215801 0.000000
vt 0.333333 0.215801 0.000000
vt 0.500000 0.215801 0.000000
vt 0.666667 0.215801 0.000000
vt 0.833333 0.215801 0.000000
vt 1.000000 0.200000 0.000000
vt 0.000000 0.400000 0.000000
vt 0.166667 0.383152 0.000000
vt 0.333333 0.383152 0.000000
vt 0.500000 0.383152 0.000000
vt 0.666667 0.383152 0.000000
vt 0.833333 0.383152 0.000000
vt 1.000000 0.400000 0.000000
vt 0.000000 0.600000 0.000000
vt 0.166667 0.611053 0.000000
vt 0.333333 0.617270 0.000000
vt 0.500000 0.617270 0.000000
vt 0.666667 0.617270 0.000000
vt 0.833333 0.611053 0.000000
vt 1.000000 0.600000 0.000000
vt 0.000000 0.800000 0.000000
vt 0.166667 0.783290 0.000000
vt 0.333333 0.783290 0.000000
vt 0.500000 0.783290 0.000000
vt 0.666667 0.783290 0.000000
vt 0.833333 0.783290 0.000000
vt 1.000000 0.800000 0.000000
vt 0.000000 1.000000 0.000000
vt 0.166667 1.000000 0.000000
vt 0.333333 1.000000 0.000000
vt 0.500000 1.000000 0.000000
vt 0.666667 1.000000 0.000000
vt 0.833333 1.000000 0.000000
vt 1.000000 1.000000 0.000000
vt 0.000000 0.000000 0.000000
vt 0.200000 0.000000 0.000000
vt 0.400000 0.000000 0.000000
vt 0.600000 0.000000 0.000000
vt 0.800000 0.000000 0.000000
vt 1.000000 0.000000 0.000000
vt 0.000000 0.200000 0.000000
vt 0.200000 0.215801 0.000000
vt 0.400000 0.215801 0.000000
vt 0.600000 0.215801 0.000000
vt 0.800000 0.215801 0.000000
vt 1.000000 0.200000 0.000000
vt 0.000000 0.400000 0.000000
vt 0.200000 0.383152 0.000000
vt 0.400000 0.383152 0.000000
vt 0.600000 0.383152 0.000000
vt 0.800000 0.383152 0.000000
vt 1.000000 0.400000 0.000000
vt 0.000000 0.600000 0.000000
vt 0.200000 0.617270 0.000000
vt 0.400000 0.617270 0.000000
vt 0.600000 0.617270 0.000000
vt 0.800000 0.611053 0.000000
vt 1.000000 0.600000 0.000000
vt 0.000000 0.800000 0.000000
vt 0.200000 0.783290 0.000000
vt 0.400000 0.783290 0.000000
vt 0.600000 0.783290 0.000000
vt 0.800000 0.783290 0.000000
vt 1.000000 0.800000 0.000000
vt 0.000000 1.000000 0.000000
vt 0.200000 1.000000 0.000000
vt 0.400000 1.000000 0.000000
vt 0.600000 1.000000 0.000000
vt 0.800000 1.000000 0.000000
vt 1.000000 1.000000 0.000000
vt 0.400000 0.536773 0.000000
vt 0.200000 0.536773 0.000000
vt 1.000000 0.538162 0.000000
vt 0.000000 0.538162 0.000000
vt 0.833333 0.537273 0.000000
vt 0.666667 0.536773 0.000000
vt 0.500000 0.536773 0.000000
vt 0.333333 0.536773 0.000000
vt 0.166667 0.537273 0.000000
vt 1.000000 0.538162 0.000000
vt 0.000000 0.538162 0.000000
vt 0.800000 0.536773 0.000000
vt 0.600000 0.536773 0.000000
vt 0.400000 0.536773 0.000000
vt 0.200000 0.537273 0.000000
vt 1.000000 0.538162 0.000000
vt 0.000000 0.538162 0.000000
vt 0.833333 0.536773 0.000000
vt 0.666667 0.536773 0.000000
vt 0.500000 0.536773 0.000000
vt 0.333333 0.536773 0.000000
vt 0.166667 0.536773 0.000000
vt 0.000000 0.538162 0.000000
vt 1.000000 0.538162 0.000000
vt 0.800000 0.537273 0.000000
vt 0.600000 0.536773 0.000000
vt 0.400000 0.466182 0.000000
vt 0.200000 0.466182 0.000000
vt 1.000000 0.465215 0.000000
vt 0.000000 0.465215 0.000000
vt 0.833333 0.466182 0.000000
vt 0.666667 0.466182 0.000000
vt 0.500000 0.466182 0.000000
vt 0.333333 0.466182 0.000000
vt 0.166667 0.466182 0.000000
vt 1.000000 0.465215 0.000000
vt 0.000000 0.465215 0.000000
vt 0.800000 0.466182 0.000000
vt 0.600000 0.466182 0.000000
vt 0.400000 0.466182 0.000000
vt 0.200000 0.466182 0.000000
vt 1.000000 0.465215 0.000000
vt 0.000000 0.465215 0.000000
vt 0.833333 0.466182 0.000000
vt 0.666667 0.466182 0.000000
vt 0.500000 0.466182 0.000000
vt 0.333333 0.466182 0.000000
vt 0.166667 0.466182 0.000000
vt 0.000000 0.465215 0.000000
vt 1.000000 0.465215 0.000000
vt 0.800000 0.466182 0.000000
vt 0.600000 0.466182 0.000000
vt 1.000000 0.064680 0.000000
vt 0.000000 0.064680 0.000000
vt 0.833333 0.064444 0.000000
vt 0.666667 0.064311 0.000000
vt 0.500000 0.064311 0.000000
vt 0.333333 0.064311 0.000000
vt 0.166667 0.064444 0.000000
vt 1.000000 0.064680 0.000000
vt 0.000000 0.064680 0.000000
vt 0.800000 0.064311 0.000000
vt 0.600000 0.064311 0.000000
vt 0.400000 0.064311 0.000000
vt 0.200000 0.064444 0.000000
vt 1.000000 0.064680 0.000000
vt 0.000000 0.064680 0.000000
vt 0.833333 0.064311 0.000000
vt 0.666667 0.064311 0.000000
vt 0.500000 0.064311 0.000000
vt 0.333333 0.064311 0.000000
vt 0.166667 0.064311 0.000000
vt 0.000000 0.064680 0.000000
vt 1.000000 0.064680 0.000000
vt 0.800000 0.064444 0.000000
vt 0.600000 0.064311 0.000000
vt 0.400000 0.064311 0.000000
vt 0.200000 0.064311 0.000000
vt 1.000000 0.126408 0.000000
vt 0.000000 0.126408 0.000000
vt 0.833333 0.127357 0.000000
vt 0.666667 0.127891 0.000000
vt 0.500000 0.127891 0.000000
vt 0.333333 0.127891 0.000000
vt 0.166667 0.127357 0.000000
vt 1.000000 0.126408 0.000000
vt 0.000000 0.126408 0.000000
vt 0.800000 0.127891 0.000000
vt 0.600000 0.127891 0.000000
vt 0.400000 0.127891 0.000000
vt 0.200000 0.127357 0.000000
vt 1.000000 0.126408 0.000000
vt 0.000000 0.126408 0.000000
vt 0.833333 0.127891 0.000000
vt 0.666667 0.127891 0.000000
vt 0.500000 0.127891 0.000000
vt 0.333333 0.127891 0.000000
vt 0.166667 0.127891 0.000000
vt 0.000000 0.126408 0.000000
vt 1.000000 0.126408 0.000000
vt 0.800000 0.127357 0.000000
vt 0.600000 0.127891 0.000000
vt 0.400000 0.127891 0.000000
vt 0.200000 0.127891 0.000000
vt 0.800000 0.866713 0.000000
vt 0.600000 0.866713 0.000000
vt 0.400000 0.866713 0.000000
vt 0.200000 0.866713 0.000000
vt 1.000000 0.866319 0.000000
vt 0.000000 0.866319 0.000000
vt 0.833333 0.866713 0.000000
vt 0.666667 0.866713 0.000000
vt 0.500000 0.866713 0.000000
vt 0.333333 0.866713 0.000000
vt 0.166667 0.866713 0.000000
vt 1.000000 0.866319 0.000000
vt 0.000000 0.866319 0.000000
vt 0.800000 0.866713 0.000000
vt 0.600000 0.866713 0.000000
vt 0.400000 0.866713 0.000000
vt 0.200000 0.866713 0.000000
vt 1.000000 0.866319 0.000000
vt 0.000000 0.866319 0.000000
vt 0.833333 0.866713 0.000000
vt 0.666667 0.866713 0.000000
vt 0.500000 0.866713 0.000000
vt 0.333333 0.866713 0.000000
vt 0.166667 0.866713 0.000000
vt 0.000000 0.866319 0.000000
vt 1.000000 0.866319 0.000000
vt 0.800000 0.935134 0.000000
vt 0.600000 0.935134 0.000000
vt 0.400000 0.935134 0.000000
vt 0.200000 0.935134 0.000000
vt 1.000000 0.935792 0.000000
vt 0.000000 0.935792 0.000000
vt 0.833333 0.935134 0.000000
vt 0.666667 0.935134 0.000000
vt 0.500000 0.935134 0.000000
vt 0.333333 0.935134 0.000000
vt 0.166667 0.935134 0.000000
vt 1.000000 0.935792 0.000000
vt 0.000000 0.935792 0.000000
vt 0.800000 0.935134 0.000000
vt 0.600000 0.935134 0.000000
vt 0.400000 0.935134 0.000000
vt 0.200000 0.935134 0.000000
vt 1.000000 0.935792 0.000000
vt 0.000000 0.935792 0.000000
vt 0.833333 0.935134 0.000000
vt 0.666667 0.935134 0.000000
vt 0.500000 0.935134 0.000000
vt 0.333333 0.935134 0.000000
vt 0.166667 0.935134 0.000000
vt 0.000000 0.935792 0.000000
vt 1.000000 0.935792 0.000000
vt 0.155556 0.078398 0.000000
vt 0.155556 0.112691 0.000000
vt 0.044444 0.112691 0.000000
vt 0.044444 0.078398 0.000000
vt 0.844445 0.112691 0.000000
vt 0.844445 0.078398 0.000000
vt 0.955556 0.078398 0.000000
vt 0.955556 0.112691 0.000000
vt 0.975000 0.118692 0.000000
vt 0.975000 0.072396 0.000000
vt 0.825000 0.072396 0.000000
vt 0.825000 0.118692 0.000000
vt 0.975000 0.118692 0.000000
vt 0.975000 0.072396 0.000000
vt 0.825000 0.072396 0.000000
vt 0.825000 0.118692 0.000000
vt 0.975000 0.118692 0.000000
vt 0.975000 0.072396 0.000000
vt 0.825000 0.072396 0.000000
vt 0.825000 0.118692 0.000000
vt 0.975000 0.118692 0.000000
vt 0.975000 0.072396 0.000000
vt 0.825000 0.072396 0.000000
vt 0.825000 0.118692 0.000000
vt 0.025000 0.118692 0.000000
vt 0.175000 0.118692 0.000000
vt 0.175000 0.072396 0.000000
vt 0.025000 0.072396 0.000000
vt 0.025000 0.118692 0.000000
vt 0.175000 0.118692 0.000000
vt 0.175000 0.072396 0.000000
vt 0.025000 0.072396 0.000000
vt 0.025000 0.118692 0.000000
vt 0.175000 0.118692 0.000000
vt 0.175000 0.072396 0.000000
vt 0.025000 0.072396 0.000000
vt 0.025000 0.118692 0.000000
vt 0.175000 0.118692 0.000000
vt 0.175000 0.072396 0.000000
vt 0.025000 0.072396 0.000000
vt 0.129630 0.078398 0.000000
vt 0.129630 0.112691 0.000000
vt 0.037037 0.112691 0.000000
vt 0.037037 0.078398 0.000000
vt 0.962963 0.078398 0.000000
vt 0.962963 0.112691 0.000000
vt 0.870371 0.112691 0.000000
vt 0.870371 0.078398 0.000000
vt 0.020833 0.118692 0.000000
vt 0.145833 0.118692 0.000000
vt 0.145833 0.072396 0.000000
vt 0.020833 0.072396 0.000000
vt 0.020833 0.118692 0.000000
vt 0.145833 0.118692 0.000000
vt 0.145833 0.072396 0.000000
vt 0.020833 0.072396 0.000000
vt 0.020833 0.118692 0.000000
vt 0.145833 0.118692 0.000000
vt 0.145833 0.072396 0.000000
vt 0.020833 0.072396 0.000000
vt 0.020833 0.118692 0.000000
vt 0.145833 0.118692 0.000000
vt 0.145833 0.072396 0.000000
vt 0.020833 0.072396 0.000000
vt 0.854167 0.118692 0.000000
vt 0.979167 0.118692 0.000000
vt 0.979167 0.072396 0.000000
vt 0.854167 0.072396 0.000000
vt 0.854167 0.118692 0.000000
vt 0.979167 0.118692 0.000000
vt 0.979167 0.072396 0.000000
vt 0.854167 0.072396 0.000000
vt 0.854167 0.118692 0.000000
vt 0.979167 0.118692 0.000000
vt 0.979167 0.072396 0.000000
vt 0.854167 0.072396 0.000000
vt 0.854167 0.118692 0.000000
vt 0.979167 0.118692 0.000000
vt 0.979167 0.072396 0.000000
vt 0.854167 0.072396 0.000000
vt 0.962963 0.586258 0.000000
vt 0.870371 0.586258 0.000000
vt 0.870371 0.551904 0.000000
vt 0.962963 0.551904 0.000000
vt 0.955556 0.551904 0.000000
vt 0.955556 0.586258 0.000000
vt 0.844445 0.586258 0.000000
vt 0.844445 0.551904 0.000000
vt 0.854167 0.592270 0.000000
vt 0.979167 0.592270 0.000000
vt 0.979167 0.545892 0.000000
vt 0.854167 0.545892 0.000000
vt 0.854167 0.592270 0.000000
vt 0.979167 0.592270 0.000000
vt 0.979167 0.545892 0.000000
vt 0.854167 0.545892 0.000000
vt 0.854167 0.592270 0.000000
vt 0.979167 0.592270 0.000000
vt 0.979167 0.545892 0.000000
vt 0.854167 0.545892 0.000000
vt 0.975000 0.592270 0.000000
vt 0.975000 0.545892 0.000000
vt 0.825000 0.545892 0.000000
vt 0.825000 0.592270 0.000000
vt 0.975000 0.592270 0.000000
vt 0.975000 0.545892 0.000000
vt 0.825000 0.545892 0.000000
vt 0.825000 0.592270 0.000000
vt 0.975000 0.592270 0.000000
vt 0.975000 0.545892 0.000000
vt 0.825000 0.545892 0.000000
vt 0.825000 0.592270 0.000000
vt 0.975000 0.592270 0.000000
vt 0.975000 0.545892 0.000000
vt 0.825000 0.545892 0.000000
vt 0.825000 0.592270 0.000000
vt 0.979167 0.592270 0.000000
vt 0.979167 0.545892 0.000000
vt 0.854167 0.545892 0.000000
vt 0.854167 0.592270 0.000000
vt 0.129630 0.586258 0.000000
vt 0.037037 0.586258 0.000000
vt 0.037037 0.551904 0.000000
vt 0.129630 0.551904 0.000000
vt 0.155556 0.586258 0.000000
vt 0.044444 0.586258 0.000000
vt 0.044444 0.551904 0.000000
vt 0.155556 0.551904 0.000000
vt 0.020833 0.592270 0.000000
vt 0.145833 0.592270 0.000000
vt 0.145833 0.545892 0.000000
vt 0.020833 0.545892 0.000000
vt 0.020833 0.592270 0.000000
vt 0.145833 0.592270 0.000000
vt 0.145833 0.545892 0.000000
vt 0.020833 0.545892 0.000000
vt 0.145833 0.592270 0.000000
vt 0.145833 0.545892 0.000000
vt 0.020833 0.545892 0.000000
vt 0.020833 0.592270 0.000000
vt 0.020833 0.592270 0.000000
vt 0.145833 0.592270 0.000000
vt 0.145833 0.545892 0.000000
vt 0.020833 0.545892 0.000000
vt 0.025000 0.592270 0.000000
vt 0.175000 0.592270 0.000000
vt 0.175000 0.545892 0.000000
vt 0.025000 0.545892 0.000000
vt 0.025000 0.592270 0.000000
vt 0.175000 0.592270 0.000000
vt 0.175000 0.545892 0.000000
vt 0.025000 0.545892 0.000000
vt 0.025000 0.592270 0.000000
vt 0.175000 0.592270 0.000000
vt 0.175000 0.545892 0.000000
vt 0.025000 0.545892 0.000000
vt 0.025000 0.592270 0.000000
vt 0.175000 0.592270 0.000000
vt 0.175000 0.545892 0.000000
vt 0.025000 0.545892 0.000000
vt 0.916667 0.100000 0.000000
vt 0.750000 0.100000 0.000000
vt 0.583333 0.100000 0.000000
vt 0.416667 0.100000 0.000000
vt 0.250000 0.100000 0.000000
vt 0.083333 0.100000 0.000000
vt 0.916667 0.300000 0.000000
vt 0.750000 0.300000 0.000000
vt 0.583333 0.300000 0.000000
vt 0.416667 0.300000 0.000000
vt 0.250000 0.300000 0.000000
vt 0.083333 0.300000 0.000000
vt 0.916667 0.500000 0.000000
vt 0.750000 0.500000 0.000000
vt 0.583333 0.500000 0.000000
vt 0.416667 0.500000 0.000000
vt 0.250000 0.500000 0.000000
vt 0.083333 0.500000 0.000000
vt 0.916667 0.700000 0.000000
vt 0.750000 0.700000 0.000000
vt 0.583333 0.700000 0.000000
vt 0.416667 0.700000 0.000000
vt 0.250000 0.700000 0.000000
vt 0.083333 0.700000 0.000000
vt 0.916667 0.900000 0.000000
vt 0.750000 0.900000 0.000000
vt 0.583333 0.900000 0.000000
vt 0.416667 0.900000 0.000000
vt 0.250000 0.900000 0.000000
vt 0.083333 0.900000 0.000000
vt 0.083333 0.100000 0.000000
vt 0.250000 0.100000 0.000000
vt 0.416667 0.100000 0.000000
vt 0.583333 0.100000 0.000000
vt 0.750000 0.100000 0.000000
vt 0.916667 0.100000 0.000000
vt 0.083333 0.300000 0.000000
vt 0.250000 0.300000 0.000000
vt 0.416667 0.300000 0.000000
vt 0.583333 0.300000 0.000000
vt 0.750000 0.300000 0.000000
vt 0.916667 0.300000 0.000000
vt 0.083333 0.500000 0.000000
vt 0.250000 0.500000 0.000000
vt 0.416667 0.500000 0.000000
vt 0.583333 0.500000 0.000000
vt 0.750000 0.500000 0.000000
vt 0.916667 0.500000 0.000000
vt 0.083333 0.700000 0.000000
vt 0.250000 0.700000 0.000000
vt 0.416667 0.700000 0.000000
vt 0.583333 0.700000 0.000000
vt 0.750000 0.700000 0.000000
vt 0.916667 0.700000 0.000000
vt 0.083333 0.900000 0.000000
vt 0.250000 0.900000 0.000000
vt 0.416667 0.900000 0.000000
vt 0.583333 0.900000 0.000000
vt 0.750000 0.900000 0.000000
vt 0.916667 0.900000 0.000000
vt 0.083333 0.032340 0.000000
vt 0.250000 0.032340 0.000000
vt 0.416667 0.032340 0.000000
vt 0.583333 0.032340 0.000000
vt 0.750000 0.032340 0.000000
vt 0.916667 0.032340 0.000000
vt 0.083333 0.300000 0.000000
vt 0.250000 0.300000 0.000000
vt 0.416667 0.300000 0.000000
vt 0.583333 0.300000 0.000000
vt 0.750000 0.300000 0.000000
vt 0.916667 0.300000 0.000000
vt 0.083333 0.432608 0.000000
vt 0.250000 0.432608 0.000000
vt 0.416667 0.432608 0.000000
vt 0.583333 0.432608 0.000000
vt 0.750000 0.432608 0.000000
vt 0.916667 0.432608 0.000000
vt 0.083333 0.700000 0.000000
vt 0.250000 0.700000 0.000000
vt 0.416667 0.700000 0.000000
vt 0.583333 0.700000 0.000000
vt 0.750000 0.700000 0.000000
vt 0.916667 0.700000 0.000000
vt 0.083333 0.833160 0.000000
vt 0.250000 0.833160 0.000000
vt 0.416667 0.833160 0.000000
vt 0.583333 0.833160 0.000000
vt 0.750000 0.833160 0.000000
vt 0.916667 0.833160 0.000000
vt 0.100000 0.032340 0.000000
vt 0.300000 0.032340 0.000000
vt 0.500000 0.032340 0.000000
vt 0.700000 0.032340 0.000000
vt 0.900000 0.032340 0.000000
vt 0.100000 0.300000 0.000000
vt 0.300000 0.300000 0.000000
vt 0.500000 0.300000 0.000000
vt 0.700000 0.300000 0.000000
vt 0.900000 0.300000 0.000000
vt 0.100000 0.432608 0.000000
vt 0.300000 0.432608 0.000000
vt 0.500000 0.432608 0.000000
vt 0.700000 0.432608 0.000000
vt 0.900000 0.432608 0.000000
vt 0.100000 0.700000 0.000000
vt 0.300000 0.700000 0.000000
vt 0.500000 0.700000 0.000000
vt 0.700000 0.700000 0.000000
vt 0.900000 0.700000 0.000000
vt 0.100000 0.833160 0.000000
vt 0.300000 0.833160 0.000000
vt 0.500000 0.833160 0.000000
vt 0.700000 0.833160 0.000000
vt 0.900000 0.833160 0.000000
vt 0.083333 0.032340 0.000000
vt 0.250000 0.032340 0.000000
vt 0.416667 0.032340 0.000000
vt 0.583333 0.032340 0.000000
vt 0.750000 0.032340 0.000000
vt 0.916667 0.032340 0.000000
vt 0.083333 0.300000 0.000000
vt 0.250000 0.300000 0.000000
vt 0.416667 0.300000 0.000000
vt 0.583333 0.300000 0.000000
vt 0.750000 0.300000 0.000000
vt 0.916667 0.300000 0.000000
vt 0.083333 0.432608 0.000000
vt 0.250000 0.432608 0.000000
vt 0.416667 0.432608 0.000000
vt 0.583333 0.432608 0.000000
vt 0.750000 0.432608 0.000000
vt 0.916667 0.432608 0.000000
vt 0.083333 0.700000 0.000000
vt 0.250000 0.700000 0.000000
vt 0.416667 0.700000 0.000000
vt 0.583333 0.700000 0.000000
vt 0.750000 0.700000 0.000000
vt 0.916667 0.700000 0.000000
vt 0.083333 0.833160 0.000000
vt 0.250000 0.833160 0.000000
vt 0.416667 0.833160 0.000000
vt 0.583333 0.833160 0.000000
vt 0.750000 0.833160 0.000000
vt 0.916667 0.833160 0.000000
vt 0.100000 0.032340 0.000000
vt 0.300000 0.032340 0.000000
vt 0.500000 0.032340 0.000000
vt 0.700000 0.032340 0.000000
vt 0.900000 0.032340 0.000000
vt 0.100000 0.300000 0.000000
vt 0.300000 0.300000 0.000000
vt 0.500000 0.300000 0.000000
vt 0.700000 0.300000 0.000000
vt 0.900000 0.300000 0.000000
vt 0.100000 0.432608 0.000000
vt 0.300000 0.432608 0.000000
vt 0.500000 0.432608 0.000000
vt 0.700000 0.432608 0.000000
vt 0.900000 0.432608 0.000000
vt 0.100000 0.700000 0.000000
vt 0.300000 0.700000 0.000000
vt 0.500000 0.700000 0.000000
vt 0.700000 0.700000 0.000000
vt 0.900000 0.700000 0.000000
vt 0.100000 0.833160 0.000000
vt 0.300000 0.833160 0.000000
vt 0.500000 0.833160 0.000000
vt 0.700000 0.833160 0.000000
vt 0.900000 0.833160 0.000000
vt 0.083333 0.569081 0.000000
vt 0.250000 0.569081 0.000000
vt 0.416667 0.569081 0.000000
vt 0.583333 0.569081 0.000000
vt 0.750000 0.569081 0.000000
vt 0.916667 0.569081 0.000000
vt 0.100000 0.569081 0.000000
vt 0.300000 0.569081 0.000000
vt 0.900000 0.569081 0.000000
vt 0.083333 0.569081 0.000000
vt 0.250000 0.569081 0.000000
vt 0.416667 0.569081 0.000000
vt 0.583333 0.569081 0.000000
vt 0.750000 0.569081 0.000000
vt 0.916667 0.569081 0.000000
vt 0.100000 0.569081 0.000000
vt 0.700000 0.569081 0.000000
vt 0.900000 0.569081 0.000000
vt 0.083333 0.501688 0.000000
vt 0.250000 0.501688 0.000000
vt 0.416667 0.501688 0.000000
vt 0.583333 0.501688 0.000000
vt 0.750000 0.501688 0.000000
vt 0.916667 0.501688 0.000000
vt 0.100000 0.501688 0.000000
vt 0.300000 0.501688 0.000000
vt 0.500000 0.501688 0.000000
vt 0.700000 0.501688 0.000000
vt 0.900000 0.501688 0.000000
vt 0.083333 0.501688 0.000000
vt 0.250000 0.501688 0.000000
vt 0.416667 0.501688 0.000000
vt 0.583333 0.501688 0.000000
vt 0.750000 0.501688 0.000000
vt 0.916667 0.501688 0.000000
vt 0.100000 0.501688 0.000000
vt 0.300000 0.501688 0.000000
vt 0.500000 0.501688 0.000000
vt 0.700000 0.501688 0.000000
vt 0.900000 0.501688 0.000000
vt 0.083333 0.095544 0.000000
vt 0.250000 0.095544 0.000000
vt 0.416667 0.095544 0.000000
vt 0.583333 0.095544 0.000000
vt 0.750000 0.095544 0.000000
vt 0.916667 0.095544 0.000000
vt 0.100000 0.095544 0.000000
vt 0.300000 0.095544 0.000000
vt 0.900000 0.095544 0.000000
vt 0.083333 0.095544 0.000000
vt 0.250000 0.095544 0.000000
vt 0.416667 0.095544 0.000000
vt 0.583333 0.095544 0.000000
vt 0.750000 0.095544 0.000000
vt 0.916667 0.095544 0.000000
vt 0.100000 0.095544 0.000000
vt 0.700000 0.095544 0.000000
vt 0.900000 0.095544 0.000000
vt 0.083333 0.163204 0.000000
vt 0.250000 0.163204 0.000000
vt 0.416667 0.163204 0.000000
vt 0.583333 0.163204 0.000000
vt 0.750000 0.163204 0.000000
vt 0.916667 0.163204 0.000000
vt 0.100000 0.163204 0.000000
vt 0.300000 0.163204 0.000000
vt 0.500000 0.163204 0.000000
vt 0.700000 0.163204 0.000000
vt 0.900000 0.163204 0.000000
vt 0.083333 0.163204 0.000000
vt 0.250000 0.163204 0.000000
vt 0.416667 0.163204 0.000000
vt 0.583333 0.163204 0.000000
vt 0.750000 0.163204 0.000000
vt 0.916667 0.163204 0.000000
vt 0.100000 0.163204 0.000000
vt 0.300000 0.163204 0.000000
vt 0.500000 0.163204 0.000000
vt 0.700000 0.163204 0.000000
vt 0.900000 0.163204 0.000000
vt 0.083333 0.901056 0.000000
vt 0.250000 0.901056 0.000000
vt 0.416667 0.901056 0.000000
vt 0.583333 0.901056 0.000000
vt 0.750000 0.901056 0.000000
vt 0.916667 0.901056 0.000000
vt 0.100000 0.901056 0.000000
vt 0.300000 0.901056 0.000000
vt 0.500000 0.901056 0.000000
vt 0.700000 0.901056 0.000000
vt 0.900000 0.901056 0.000000
vt 0.083333 0.901056 0.000000
vt 0.250000 0.901056 0.000000
vt 0.416667 0.901056 0.000000
vt 0.583333 0.901056 0.000000
vt 0.750000 0.901056 0.000000
vt 0.916667 0.901056 0.000000
vt 0.100000 0.901056 0.000000
vt 0.300000 0.901056 0.000000
vt 0.500000 0.901056 0.000000
vt 0.700000 0.901056 0.000000
vt 0.900000 0.901056 0.000000
vt 0.083333 0.967896 0.000000
vt 0.250000 0.967896 0.000000
vt 0.416667 0.967896 0.000000
vt 0.583333 0.967896 0.000000
vt 0.750000 0.967896 0.000000
vt 0.916667 0.967896 0.000000
vt 0.100000 0.967896 0.000000
vt 0.300000 0.967896 0.000000
vt 0.500000 0.967896 0.000000
vt 0.700000 0.967896 0.000000
vt 0.900000 0.967896 0.000000
vt 0.083333 0.967896 0.000000
vt 0.250000 0.967896 0.000000
vt 0.416667 0.967896 0.000000
vt 0.583333 0.967896 0.000000
vt 0.750000 0.967896 0.000000
vt 0.916667 0.967896 0.000000
vt 0.100000 0.967896 0.000000
vt 0.300000 0.967896 0.000000
vt 0.500000 0.967896 0.000000
vt 0.700000 0.967896 0.000000
vt 0.900000 0.967896 0.000000
vt 0.500000 0.569081 0.000000
vt 0.700000 0.569081 0.000000
vt 0.700000 0.095544 0.000000
vt 0.500000 0.095544 0.000000
vt 0.500000 0.095544 0.000000
vt 0.300000 0.095544 0.000000
vt 0.300000 0.569081 0.000000
vt 0.500000 0.569081 0.000000
vt 0.200000 0.095544 0.000000
vt 0.100000 0.126408 0.000000
vt 0.000000 0.095544 0.000000
vt 0.100000 0.064680 0.000000
vt 0.800000 0.095544 0.000000
vt 0.900000 0.064680 0.000000
vt 1.000000 0.095544 0.000000
vt 0.900000 0.126408 0.000000
vt 0.800000 0.095544 0.000000
vt 0.900000 0.064680 0.000000
vt 1.000000 0.095544 0.000000
vt 0.900000 0.126408 0.000000
vt 0.800000 0.095544 0.000000
vt 0.900000 0.064680 0.000000
vt 1.000000 0.095544 0.000000
vt 0.900000 0.126408 0.000000
vt 0.800000 0.095544 0.000000
vt 0.900000 0.064680 0.000000
vt 1.000000 0.095544 0.000000
vt 0.900000 0.126408 0.000000
vt 0.800000 0.095544 0.000000
vt 0.900000 0.064680 0.000000
vt 1.000000 0.095544 0.000000
vt 0.900000 0.126408 0.000000
vt 0.200000 0.095544 0.000000
vt 0.100000 0.126408 0.000000
vt 0.000000 0.095544 0.000000
vt 0.100000 0.064680 0.000000
vt 0.200000 0.095544 0.000000
vt 0.100000 0.126408 0.000000
vt 0.000000 0.095544 0.000000
vt 0.100000 0.064680 0.000000
vt 0.200000 0.095544 0.000000
vt 0.100000 0.126408 0.000000
vt 0.000000 0.095544 0.000000
vt 0.100000 0.064680 0.000000
vt 0.200000 0.095544 0.000000
vt 0.100000 0.126408 0.000000
vt 0.000000 0.095544 0.000000
vt 0.100000 0.064680 0.000000
vt 0.166667 0.095544 0.000000
vt 0.083333 0.126408 0.000000
vt 0.000000 0.095544 0.000000
vt 0.083333 0.064680 0.000000
vt 1.000000 0.095544 0.000000
vt 0.916667 0.126408 0.000000
vt 0.833333 0.095544 0.000000
vt 0.916667 0.064680 0.000000
vt 0.166667 0.095544 0.000000
vt 0.083333 0.126408 0.000000
vt 0.000000 0.095544 0.000000
vt 0.083333 0.064680 0.000000
vt 0.166667 0.095544 0.000000
vt 0.083333 0.126408 0.000000
vt 0.000000 0.095544 0.000000
vt 0.083333 0.064680 0.000000
vt 0.166667 0.095544 0.000000
vt 0.083333 0.126408 0.000000
vt 0.000000 0.095544 0.000000
vt 0.083333 0.064680 0.000000
vt 0.166667 0.095544 0.000000
vt 0.083333 0.126408 0.000000
vt 0.000000 0.095544 0.000000
vt 0.083333 0.064680 0.000000
vt 1.000000 0.095544 0.000000
vt 0.916667 0.126408 0.000000
vt 0.833333 0.095544 0.000000
vt 0.916667 0.064680 0.000000
vt 1.000000 0.095544 0.000000
vt 0.916667 0.126408 0.000000
vt 0.833333 0.095544 0.000000
vt 0.916667 0.064680 0.000000
vt 1.000000 0.095544 0.000000
vt 0.916667 0.126408 0.000000
vt 0.833333 0.095544 0.000000
vt 0.916667 0.064680 0.000000
vt 1.000000 0.095544 0.000000
vt 0.916667 0.126408 0.000000
vt 0.833333 0.095544 0.000000
vt 0.916667 0.064680 0.000000
vt 0.916667 0.600000 0.000000
vt 0.833333 0.569081 0.000000
vt 0.916667 0.538162 0.000000
vt 1.000000 0.569081 0.000000
vt 1.000000 0.569081 0.000000
vt 0.900000 0.600000 0.000000
vt 0.800000 0.569081 0.000000
vt 0.900000 0.538162 0.000000
vt 0.916667 0.600000 0.000000
vt 0.833333 0.569081 0.000000
vt 0.916667 0.538162 0.000000
vt 1.000000 0.569081 0.000000
vt 0.916667 0.600000 0.000000
vt 0.833333 0.569081 0.000000
vt 0.916667 0.538162 0.000000
vt 1.000000 0.569081 0.000000
vt 0.916667 0.600000 0.000000
vt 0.833333 0.569081 0.000000
vt 0.916667 0.538162 0.000000
vt 1.000000 0.569081 0.000000
vt 1.000000 0.569081 0.000000
vt 0.900000 0.600000 0.000000
vt 0.800000 0.569081 0.000000
vt 0.900000 0.538162 0.000000
vt 1.000000 0.569081 0.000000
vt 0.900000 0.600000 0.000000
vt 0.800000 0.569081 0.000000
vt 0.900000 0.538162 0.000000
vt 1.000000 0.569081 0.000000
vt 0.900000 0.600000 0.000000
vt 0.800000 0.569081 0.000000
vt 0.900000 0.538162 0.000000
vt 1.000000 0.569081 0.000000
vt 0.900000 0.600000 0.000000
vt 0.800000 0.569081 0.000000
vt 0.900000 0.538162 0.000000
vt 0.916667 0.600000 0.000000
vt 0.833333 0.569081 0.000000
vt 0.916667 0.538162 0.000000
vt 1.000000 0.569081 0.000000
vt 0.083333 0.600000 0.000000
vt 0.000000 0.569081 0.000000
vt 0.083333 0.538162 0.000000
vt 0.166667 0.569081 0.000000
vt 0.100000 0.600000 0.000000
vt 0.000000 0.569081 0.000000
vt 0.100000 0.538162 0.000000
vt 0.200000 0.569081 0.000000
vt 0.083333 0.600000 0.000000
vt 0.000000 0.569081 0.000000
vt 0.083333 0.538162 0.000000
vt 0.166667 0.569081 0.000000
vt 0.083333 0.600000 0.000000
vt 0.000000 0.569081 0.000000
vt 0.083333 0.538162 0.000000
vt 0.166667 0.569081 0.000000
vt 0.083333 0.600000 0.000000
vt 0.000000 0.569081 0.000000
vt 0.083333 0.538162 0.000000
vt 0.166667 0.569081 0.000000
vt 0.083333 0.600000 0.000000
vt 0.000000 0.569081 0.000000
vt 0.083333 0.538162 0.000000
vt 0.166667 0.569081 0.000000
vt 0.100000 0.600000 0.000000
vt 0.000000 0.569081 0.000000
vt 0.100000 0.538162 0.000000
vt 0.200000 0.569081 0.000000
vt 0.100000 0.600000 0.000000
vt 0.000000 0.569081 0.000000
vt 0.100000 0.538162 0.000000
vt 0.200000 0.569081 0.000000
vt 0.100000 0.600000 0.000000
vt 0.000000 0.569081 0.000000
vt 0.100000 0.538162 0.000000
vt 0.200000 0.569081 0.000000
vt 0.100000 0.600000 0.000000
vt 0.000000 0.569081 0.000000
vt 0.100000 0.538162 0.000000
vt 0.200000 0.569081 0.000000
vt 1.000000 0.100000 0.000000
vt 0.900000 0.000000 0.000000
vt 0.916667 0.200000 0.000000
vt 0.833333 0.100000 0.000000
vt 0.916667 0.000000 0.000000
vt 0.083333 0.000000 0.000000
vt 0.750000 0.200000 0.000000
vt 0.666667 0.100000 0.000000
vt 0.750000 0.000000 0.000000
vt 0.250000 0.000000 0.000000
vt 0.583333 0.200000 0.000000
vt 0.500000 0.100000 0.000000
vt 0.583333 0.000000 0.000000
vt 0.416667 0.000000 0.000000
vt 0.416667 0.200000 0.000000
vt 0.333333 0.100000 0.000000
vt 0.416667 0.000000 0.000000
vt 0.583333 0.000000 0.000000
vt 0.250000 0.200000 0.000000
vt 0.166667 0.100000 0.000000
vt 0.250000 0.000000 0.000000
vt 0.750000 0.000000 0.000000
vt 0.083333 0.200000 0.000000
vt -0.000000 0.100000 0.000000
vt 0.100000 0.000000 0.000000
vt 0.083333 0.000000 0.000000
vt 0.916667 0.000000 0.000000
vt 1.000000 0.300000 0.000000
vt 0.700000 0.000000 0.000000
vt 0.916667 0.400000 0.000000
vt 0.833333 0.300000 0.000000
vt 0.750000 0.400000 0.000000
vt 0.666667 0.300000 0.000000
vt 0.583333 0.400000 0.000000
vt 0.500000 0.300000 0.000000
vt 0.416667 0.400000 0.000000
vt 0.333333 0.300000 0.000000
vt 0.250000 0.400000 0.000000
vt 0.166667 0.300000 0.000000
vt 0.083333 0.400000 0.000000
vt -0.000000 0.300000 0.000000
vt 0.300000 0.000000 0.000000
vt 1.000000 0.500000 0.000000
vt 0.500000 0.000000 0.000000
vt 0.916667 0.600000 0.000000
vt 0.833333 0.500000 0.000000
vt 0.750000 0.600000 0.000000
vt 0.666667 0.500000 0.000000
vt 0.583333 0.600000 0.000000
vt 0.500000 0.500000 0.000000
vt 0.416667 0.600000 0.000000
vt 0.333333 0.500000 0.000000
vt 0.250000 0.600000 0.000000
vt 0.166667 0.500000 0.000000
vt 0.083333 0.600000 0.000000
vt -0.000000 0.500000 0.000000
vt 0.500000 0.000000 0.000000
vt 1.000000 0.700000 0.000000
vt 0.300000 0.000000 0.000000
vt 0.916667 0.800000 0.000000
vt 0.833333 0.700000 0.000000
vt 0.750000 0.800000 0.000000
vt 0.666667 0.700000 0.000000
vt 0.583333 0.800000 0.000000
vt 0.500000 0.700000 0.000000
vt 0.416667 0.800000 0.000000
vt 0.333333 0.700000 0.000000
vt 0.250000 0.800000 0.000000
vt 0.166667 0.700000 0.000000
vt 0.083333 0.800000 0.000000
vt -0.000000 0.700000 0.000000
vt 0.700000 0.000000 0.000000
vt 1.000000 0.900000 0.000000
vt 0.100000 0.000000 0.000000
vt 0.916667 1.000000 0.000000
vt 0.916667 0.000000 0.000000
vt 0.833333 0.900000 0.000000
vt 0.750000 1.000000 0.000000
vt 0.750000 0.000000 0.000000
vt 0.666667 0.900000 0.000000
vt 0.583333 1.000000 0.000000
vt 0.583333 0.000000 0.000000
vt 0.500000 0.900000 0.000000
vt 0.416667 1.000000 0.000000
vt 0.416667 0.000000 0.000000
vt 0.333333 0.900000 0.000000
vt 0.250000 1.000000 0.000000
vt 0.250000 0.000000 0.000000
vt 0.166667 0.900000 0.000000
vt 0.083333 1.000000 0.000000
vt 0.083333 0.000000 0.000000
vt -0.000000 0.900000 0.000000
vt 0.900000 0.000000 0.000000
vt 0.083333 0.000000 0.000000
vt 0.083333 1.000000 0.000000
vt 0.166667 0.100000 0.000000
vt 0.083333 0.200000 0.000000
vt 0.000000 0.100000 0.000000
vt 0.900000 1.000000 0.000000
vt 0.250000 0.000000 0.000000
vt 0.250000 1.000000 0.000000
vt 0.333333 0.100000 0.000000
vt 0.250000 0.200000 0.000000
vt 0.416667 0.000000 0.000000
vt 0.416667 1.000000 0.000000
vt 0.500000 0.100000 0.000000
vt 0.416667 0.200000 0.000000
vt 0.583333 0.000000 0.000000
vt 0.583333 1.000000 0.000000
vt 0.666667 0.100000 0.000000
vt 0.583333 0.200000 0.000000
vt 0.750000 0.000000 0.000000
vt 0.750000 1.000000 0.000000
vt 0.833333 0.100000 0.000000
vt 0.750000 0.200000 0.000000
vt 0.916667 0.000000 0.000000
vt 0.916667 1.000000 0.000000
vt 1.000000 0.100000 0.000000
vt 0.100000 1.000000 0.000000
vt 0.916667 0.200000 0.000000
vt 0.166667 0.300000 0.000000
vt 0.083333 0.400000 0.000000
vt 0.000000 0.300000 0.000000
vt 0.700000 1.000000 0.000000
vt 0.333333 0.300000 0.000000
vt 0.250000 0.400000 0.000000
vt 0.500000 0.300000 0.000000
vt 0.416667 0.400000 0.000000
vt 0.666667 0.300000 0.000000
vt 0.583333 0.400000 0.000000
vt 0.833333 0.300000 0.000000
vt 0.750000 0.400000 0.000000
vt 1.000000 0.300000 0.000000
vt 0.300000 1.000000 0.000000
vt 0.916667 0.400000 0.000000
vt 0.166667 0.500000 0.000000
vt 0.083333 0.600000 0.000000
vt 0.000000 0.500000 0.000000
vt 0.500000 1.000000 0.000000
vt 0.333333 0.500000 0.000000
vt 0.250000 0.600000 0.000000
vt 0.500000 0.500000 0.000000
vt 0.416667 0.600000 0.000000
vt 0.666667 0.500000 0.000000
vt 0.583333 0.600000 0.000000
vt 0.833333 0.500000 0.000000
vt 0.750000 0.600000 0.000000
vt 1.000000 0.500000 0.000000
vt 0.500000 1.000000 0.000000
vt 0.916667 0.600000 0.000000
vt 0.166667 0.700000 0.000000
vt 0.083333 0.800000 0.000000
vt 0.000000 0.700000 0.000000
vt 0.300000 1.000000 0.000000
vt 0.333333 0.700000 0.000000
vt 0.250000 0.800000 0.000000
vt 0.500000 0.700000 0.000000
vt 0.416667 0.800000 0.000000
vt 0.666667 0.700000 0.000000
vt 0.583333 0.800000 0.000000
vt 0.833333 0.700000 0.000000
vt 0.750000 0.800000 0.000000
vt 1.000000 0.700000 0.000000
vt 0.700000 1.000000 0.000000
vt 0.916667 0.800000 0.000000
vt 0.166667 0.900000 0.000000
vt 0.083333 1.000000 0.000000
vt 0.916667 1.000000 0.000000
vt 0.000000 0.900000 0.000000
vt 0.100000 1.000000 0.000000
vt 0.333333 0.900000 0.000000
vt 0.250000 1.000000 0.000000
vt 0.750000 1.000000 0.000000
vt 0.500000 0.900000 0.000000
vt 0.416667 1.000000 0.000000
vt 0.583333 1.000000 0.000000
vt 0.666667 0.900000 0.000000
vt 0.583333 1.000000 0.000000
vt 0.416667 1.000000 0.000000
vt 0.833333 0.900000 0.000000
vt 0.750000 1.000000 0.000000
vt 0.250000 1.000000 0.000000
vt 1.000000 0.900000 0.000000
vt 0.900000 1.000000 0.000000
vt 0.916667 1.000000 0.000000
vt 0.083333 1.000000 0.000000
vt 0.166667 0.032340 0.000000
vt 0.083333 0.215801 0.000000
vt 0.000000 0.163204 0.000000
vt 1.000000 0.163204 0.000000
vt 0.333333 0.032340 0.000000
vt 0.250000 0.215801 0.000000
vt 0.500000 0.032340 0.000000
vt 0.416667 0.215801 0.000000
vt 0.666667 0.032340 0.000000
vt 0.583333 0.215801 0.000000
vt 0.833333 0.032340 0.000000
vt 0.750000 0.215801 0.000000
vt 1.000000 0.032340 0.000000
vt 0.000000 0.032340 0.000000
vt 0.916667 0.215801 0.000000
vt 0.166667 0.300000 0.000000
vt 0.083333 0.383152 0.000000
vt 0.000000 0.300000 0.000000
vt 1.000000 0.300000 0.000000
vt 0.333333 0.300000 0.000000
vt 0.250000 0.383152 0.000000
vt 0.500000 0.300000 0.000000
vt 0.416667 0.383152 0.000000
vt 0.666667 0.300000 0.000000
vt 0.583333 0.383152 0.000000
vt 0.833333 0.300000 0.000000
vt 0.750000 0.383152 0.000000
vt 1.000000 0.300000 0.000000
vt 0.000000 0.300000 0.000000
vt 0.916667 0.383152 0.000000
vt 0.166667 0.432608 0.000000
vt 0.083333 0.617270 0.000000
vt 1.000000 0.569081 0.000000
vt 0.000000 0.569081 0.000000
vt 0.333333 0.432608 0.000000
vt 0.250000 0.617270 0.000000
vt 0.500000 0.432608 0.000000
vt 0.416667 0.617270 0.000000
vt 0.666667 0.432608 0.000000
vt 0.583333 0.617270 0.000000
vt 0.833333 0.432608 0.000000
vt 0.750000 0.617270 0.000000
vt 1.000000 0.432608 0.000000
vt 0.000000 0.432608 0.000000
vt 0.916667 0.617270 0.000000
vt 0.166667 0.700000 0.000000
vt 0.083333 0.783290 0.000000
vt 0.000000 0.700000 0.000000
vt 1.000000 0.700000 0.000000
vt 0.333333 0.700000 0.000000
vt 0.250000 0.783290 0.000000
vt 0.500000 0.700000 0.000000
vt 0.416667 0.783290 0.000000
vt 0.666667 0.700000 0.000000
vt 0.583333 0.783290 0.000000
vt 0.833333 0.700000 0.000000
vt 0.750000 0.783290 0.000000
vt 1.000000 0.700000 0.000000
vt 0.000000 0.700000 0.000000
vt 0.916667 0.783290 0.000000
vt 0.166667 0.833160 0.000000
vt 0.000000 0.967896 0.000000
vt 1.000000 0.967896 0.000000
vt 0.333333 0.833160 0.000000
vt 0.500000 0.833160 0.000000
vt 0.666667 0.833160 0.000000
vt 0.833333 0.833160 0.000000
vt 1.000000 0.833160 0.000000
vt 0.000000 0.833160 0.000000
vt 0.200000 0.032340 0.000000
vt 0.100000 0.215801 0.000000
vt 0.400000 0.032340 0.000000
vt 0.300000 0.215801 0.000000
vt 0.600000 0.032340 0.000000
vt 0.500000 0.215801 0.000000
vt 0.800000 0.032340 0.000000
vt 0.700000 0.215801 0.000000
vt 1.000000 0.032340 0.000000
vt 0.000000 0.032340 0.000000
vt 0.900000 0.215801 0.000000
vt 0.200000 0.300000 0.000000
vt 0.100000 0.383152 0.000000
vt 0.400000 0.300000 0.000000
vt 0.300000 0.383152 0.000000
vt 0.600000 0.300000 0.000000
vt 0.500000 0.383152 0.000000
vt 0.800000 0.300000 0.000000
vt 0.700000 0.383152 0.000000
vt 1.000000 0.300000 0.000000
vt 0.000000 0.300000 0.000000
vt 0.900000 0.383152 0.000000
vt 0.200000 0.432608 0.000000
vt 0.100000 0.625000 0.000000
vt 0.400000 0.432608 0.000000
vt 0.300000 0.617270 0.000000
vt 0.600000 0.432608 0.000000
vt 0.500000 0.617270 0.000000
vt 0.800000 0.432608 0.000000
vt 0.700000 0.617270 0.000000
vt 1.000000 0.432608 0.000000
vt 0.000000 0.432608 0.000000
vt 0.900000 0.617270 0.000000
vt 0.200000 0.700000 0.000000
vt 0.100000 0.783290 0.000000
vt 0.400000 0.700000 0.000000
vt 0.300000 0.783290 0.000000
vt 0.600000 0.700000 0.000000
vt 0.500000 0.783290 0.000000
vt 0.800000 0.700000 0.000000
vt 0.700000 0.783290 0.000000
vt 1.000000 0.700000 0.000000
vt 0.000000 0.700000 0.000000
vt 0.900000 0.783290 0.000000
vt 0.200000 0.833160 0.000000
vt 0.400000 0.833160 0.000000
vt 0.600000 0.833160 0.000000
vt 0.800000 0.833160 0.000000
vt 1.000000 0.833160 0.000000
vt 0.000000 0.833160 0.000000
vt 0.166667 0.032340 0.000000
vt 0.083333 0.215801 0.000000
vt 0.333333 0.032340 0.000000
vt 0.250000 0.215801 0.000000
vt 0.500000 0.032340 0.000000
vt 0.416667 0.215801 0.000000
vt 0.666667 0.032340 0.000000
vt 0.583333 0.215801 0.000000
vt 0.833333 0.032340 0.000000
vt 0.750000 0.215801 0.000000
vt 1.000000 0.032340 0.000000
vt 0.000000 0.032340 0.000000
vt 0.916667 0.215801 0.000000
vt 0.166667 0.300000 0.000000
vt 0.083333 0.383152 0.000000
vt 0.333333 0.300000 0.000000
vt 0.250000 0.383152 0.000000
vt 0.500000 0.300000 0.000000
vt 0.416667 0.383152 0.000000
vt 0.666667 0.300000 0.000000
vt 0.583333 0.383152 0.000000
vt 0.833333 0.300000 0.000000
vt 0.750000 0.383152 0.000000
vt 1.000000 0.300000 0.000000
vt 0.000000 0.300000 0.000000
vt 0.916667 0.383152 0.000000
vt 0.166667 0.432608 0.000000
vt 0.083333 0.625000 0.000000
vt 0.333333 0.432608 0.000000
vt 0.250000 0.617270 0.000000
vt 0.500000 0.432608 0.000000
vt 0.416667 0.617270 0.000000
vt 0.666667 0.432608 0.000000
vt 0.583333 0.617270 0.000000
vt 0.833333 0.432608 0.000000
vt 0.750000 0.617270 0.000000
vt 1.000000 0.432608 0.000000
vt 0.000000 0.432608 0.000000
vt 0.916667 0.625000 0.000000
vt 0.166667 0.700000 0.000000
vt 0.083333 0.783290 0.000000
vt 0.333333 0.700000 0.000000
vt 0.250000 0.783290 0.000000
vt 0.500000 0.700000 0.000000
vt 0.416667 0.783290 0.000000
vt 0.666667 0.700000 0.000000
vt 0.583333 0.783290 0.000000
vt 0.833333 0.700000 0.000000
vt 0.750000 0.783290 0.000000
vt 1.000000 0.700000 0.000000
vt 0.000000 0.700000 0.000000
vt 0.916667 0.783290 0.000000
vt 0.166667 0.833160 0.000000
vt 0.333333 0.833160 0.000000
vt 0.500000 0.833160 0.000000
vt 0.666667 0.833160 0.000000
vt 0.833333 0.833160 0.000000
vt 1.000000 0.833160 0.000000
vt 0.000000 0.833160 0.000000
vt 0.200000 0.032340 0.000000
vt 0.100000 0.215801 0.000000
vt 0.400000 0.032340 0.000000
vt 0.300000 0.215801 0.000000
vt 0.600000 0.032340 0.000000
vt 0.500000 0.215801 0.000000
vt 0.800000 0.032340 0.000000
vt 0.700000 0.215801 0.000000
vt 0.900000 0.215801 0.000000
vt 0.200000 0.300000 0.000000
vt 0.100000 0.383152 0.000000
vt 0.400000 0.300000 0.000000
vt 0.300000 0.383152 0.000000
vt 0.600000 0.300000 0.000000
vt 0.500000 0.383152 0.000000
vt 0.800000 0.300000 0.000000
vt 0.700000 0.383152 0.000000
vt 0.900000 0.383152 0.000000
vt 0.200000 0.432608 0.000000
vt 0.100000 0.617270 0.000000
vt 0.400000 0.432608 0.000000
vt 0.300000 0.617270 0.000000
vt 0.600000 0.432608 0.000000
vt 0.500000 0.617270 0.000000
vt 0.800000 0.432608 0.000000
vt 0.700000 0.617270 0.000000
vt 0.900000 0.625000 0.000000
vt 0.200000 0.700000 0.000000
vt 0.100000 0.783290 0.000000
vt 0.400000 0.700000 0.000000
vt 0.300000 0.783290 0.000000
vt 0.600000 0.700000 0.000000
vt 0.500000 0.783290 0.000000
vt 0.800000 0.700000 0.000000
vt 0.700000 0.783290 0.000000
vt 0.900000 0.783290 0.000000
vt 0.200000 0.833160 0.000000
vt 0.400000 0.833160 0.000000
vt 0.600000 0.833160 0.000000
vt 0.800000 0.833160 0.000000
vt 0.200000 0.569081 0.000000
vt 1.000000 0.569081 0.000000
vt 0.000000 0.569081 0.000000
vt 0.812500 0.569081 0.000000
vt 0.666667 0.569081 0.000000
vt 0.500000 0.569081 0.000000
vt 0.333333 0.569081 0.000000
vt 0.187500 0.569081 0.000000
vt 0.000000 0.569081 0.000000
vt 1.000000 0.569081 0.000000
vt 0.800000 0.569081 0.000000
vt 0.600000 0.569081 0.000000
vt 0.400000 0.569081 0.000000
vt 0.225000 0.569081 0.000000
vt 0.000000 0.569081 0.000000
vt 1.000000 0.569081 0.000000
vt 0.833333 0.569081 0.000000
vt 0.666667 0.569081 0.000000
vt 0.500000 0.569081 0.000000
vt 0.333333 0.569081 0.000000
vt 0.166667 0.569081 0.000000
vt 0.000000 0.501688 0.000000
vt 1.000000 0.501688 0.000000
vt 0.775000 0.569081 0.000000
vt 0.600000 0.569081 0.000000
vt 0.083333 0.536773 0.000000
vt 0.250000 0.536773 0.000000
vt 0.416667 0.536773 0.000000
vt 0.583333 0.536773 0.000000
vt 0.750000 0.536773 0.000000
vt 0.916667 0.536773 0.000000
vt 0.100000 0.529044 0.000000
vt 0.300000 0.536773 0.000000
vt 0.500000 0.536773 0.000000
vt 0.700000 0.536773 0.000000
vt 0.900000 0.536773 0.000000
vt 0.083333 0.529044 0.000000
vt 0.250000 0.536773 0.000000
vt 0.416667 0.536773 0.000000
vt 0.583333 0.536773 0.000000
vt 0.750000 0.536773 0.000000
vt 0.916667 0.529044 0.000000
vt 0.100000 0.536773 0.000000
vt 0.300000 0.536773 0.000000
vt 0.500000 0.536773 0.000000
vt 0.700000 0.536773 0.000000
vt 0.900000 0.529044 0.000000
vt 0.400000 0.501688 0.000000
vt 0.200000 0.501688 0.000000
vt 1.000000 0.501688 0.000000
vt 0.000000 0.501688 0.000000
vt 0.833333 0.501688 0.000000
vt 0.666667 0.501688 0.000000
vt 0.500000 0.501688 0.000000
vt 0.333333 0.501688 0.000000
vt 0.166667 0.501688 0.000000
vt 1.000000 0.501688 0.000000
vt 0.000000 0.501688 0.000000
vt 0.800000 0.501688 0.000000
vt 0.600000 0.501688 0.000000
vt 0.400000 0.501688 0.000000
vt 0.200000 0.501688 0.000000
vt 1.000000 0.501688 0.000000
vt 0.000000 0.501688 0.000000
vt 0.833333 0.501688 0.000000
vt 0.666667 0.501688 0.000000
vt 0.500000 0.501688 0.000000
vt 0.333333 0.501688 0.000000
vt 0.166667 0.501688 0.000000
vt 0.000000 0.432608 0.000000
vt 1.000000 0.432608 0.000000
vt 0.800000 0.501688 0.000000
vt 0.600000 0.501688 0.000000
vt 0.083333 0.466182 0.000000
vt 0.250000 0.466182 0.000000
vt 0.416667 0.466182 0.000000
vt 0.583333 0.466182 0.000000
vt 0.750000 0.466182 0.000000
vt 0.916667 0.466182 0.000000
vt 0.100000 0.466182 0.000000
vt 0.300000 0.466182 0.000000
vt 0.500000 0.466182 0.000000
vt 0.700000 0.466182 0.000000
vt 0.900000 0.466182 0.000000
vt 0.083333 0.466182 0.000000
vt 0.250000 0.466182 0.000000
vt 0.416667 0.466182 0.000000
vt 0.583333 0.466182 0.000000
vt 0.750000 0.466182 0.000000
vt 0.916667 0.466182 0.000000
vt 0.100000 0.466182 0.000000
vt 0.300000 0.466182 0.000000
vt 0.500000 0.466182 0.000000
vt 0.700000 0.466182 0.000000
vt 0.900000 0.466182 0.000000
vt 1.000000 0.095544 0.000000
vt 0.000000 0.095544 0.000000
vt 0.812500 0.095544 0.000000
vt 0.666667 0.095544 0.000000
vt 0.500000 0.095544 0.000000
vt 0.333333 0.095544 0.000000
vt 0.187500 0.095544 0.000000
vt 0.000000 0.095544 0.000000
vt 1.000000 0.095544 0.000000
vt 0.800000 0.095544 0.000000
vt 0.600000 0.095544 0.000000
vt 0.400000 0.095544 0.000000
vt 0.225000 0.095544 0.000000
vt 0.000000 0.095544 0.000000
vt 1.000000 0.095544 0.000000
vt 0.833333 0.095544 0.000000
vt 0.666667 0.095544 0.000000
vt 0.500000 0.095544 0.000000
vt 0.333333 0.095544 0.000000
vt 0.166667 0.095544 0.000000
vt 0.000000 0.032340 0.000000
vt 1.000000 0.032340 0.000000
vt 0.775000 0.095544 0.000000
vt 0.600000 0.095544 0.000000
vt 0.200000 0.095544 0.000000
vt 0.083333 0.064311 0.000000
vt 0.250000 0.064311 0.000000
vt 0.416667 0.064311 0.000000
vt 0.583333 0.064311 0.000000
vt 0.750000 0.064311 0.000000
vt 0.916667 0.064311 0.000000
vt 0.100000 0.056595 0.000000
vt 0.300000 0.064311 0.000000
vt 0.500000 0.064311 0.000000
vt 0.700000 0.064311 0.000000
vt 0.900000 0.064311 0.000000
vt 0.083333 0.056595 0.000000
vt 0.250000 0.064311 0.000000
vt 0.416667 0.064311 0.000000
vt 0.583333 0.064311 0.000000
vt 0.750000 0.064311 0.000000
vt 0.916667 0.056595 0.000000
vt 0.100000 0.064311 0.000000
vt 0.300000 0.064311 0.000000
vt 0.500000 0.064311 0.000000
vt 0.700000 0.064311 0.000000
vt 0.900000 0.056595 0.000000
vt 1.000000 0.163204 0.000000
vt 0.000000 0.163204 0.000000
vt 0.833333 0.163204 0.000000
vt 0.666667 0.163204 0.000000
vt 0.500000 0.163204 0.000000
vt 0.333333 0.163204 0.000000
vt 0.166667 0.163204 0.000000
vt 1.000000 0.163204 0.000000
vt 0.000000 0.163204 0.000000
vt 0.800000 0.163204 0.000000
vt 0.600000 0.163204 0.000000
vt 0.400000 0.163204 0.000000
vt 0.200000 0.163204 0.000000
vt 1.000000 0.163204 0.000000
vt 0.000000 0.163204 0.000000
vt 0.833333 0.163204 0.000000
vt 0.666667 0.163204 0.000000
vt 0.500000 0.163204 0.000000
vt 0.333333 0.163204 0.000000
vt 0.166667 0.163204 0.000000
vt 1.000000 0.095544 0.000000
vt 0.000000 0.095544 0.000000
vt 0.800000 0.163204 0.000000
vt 0.600000 0.163204 0.000000
vt 0.400000 0.163204 0.000000
vt 0.200000 0.163204 0.000000
vt 0.083333 0.127891 0.000000
vt 0.250000 0.127891 0.000000
vt 0.416667 0.127891 0.000000
vt 0.583333 0.127891 0.000000
vt 0.750000 0.127891 0.000000
vt 0.916667 0.127891 0.000000
vt 0.100000 0.135607 0.000000
vt 0.300000 0.127891 0.000000
vt 0.500000 0.127891 0.000000
vt 0.700000 0.127891 0.000000
vt 0.900000 0.127891 0.000000
vt 0.083333 0.135607 0.000000
vt 0.250000 0.127891 0.000000
vt 0.416667 0.127891 0.000000
vt 0.583333 0.127891 0.000000
vt 0.750000 0.127891 0.000000
vt 0.916667 0.135607 0.000000
vt 0.100000 0.127891 0.000000
vt 0.300000 0.127891 0.000000
vt 0.500000 0.127891 0.000000
vt 0.700000 0.127891 0.000000
vt 0.900000 0.135607 0.000000
vt 0.800000 0.901056 0.000000
vt 0.600000 0.901056 0.000000
vt 0.400000 0.901056 0.000000
vt 0.200000 0.901056 0.000000
vt 1.000000 0.901056 0.000000
vt 0.000000 0.901056 0.000000
vt 0.833333 0.901056 0.000000
vt 0.666667 0.901056 0.000000
vt 0.500000 0.901056 0.000000
vt 0.333333 0.901056 0.000000
vt 0.166667 0.901056 0.000000
vt 1.000000 0.901056 0.000000
vt 0.000000 0.901056 0.000000
vt 0.800000 0.901056 0.000000
vt 0.600000 0.901056 0.000000
vt 0.400000 0.901056 0.000000
vt 0.200000 0.901056 0.000000
vt 1.000000 0.901056 0.000000
vt 0.000000 0.901056 0.000000
vt 0.833333 0.901056 0.000000
vt 0.666667 0.901056 0.000000
vt 0.500000 0.901056 0.000000
vt 0.333333 0.901056 0.000000
vt 0.166667 0.901056 0.000000
vt 0.000000 0.833160 0.000000
vt 1.000000 0.833160 0.000000
vt 0.083333 0.866714 0.000000
vt 0.250000 0.866714 0.000000
vt 0.416667 0.866714 0.000000
vt 0.583333 0.866714 0.000000
vt 0.750000 0.866714 0.000000
vt 0.916667 0.866714 0.000000
vt 0.100000 0.866714 0.000000
vt 0.300000 0.866714 0.000000
vt 0.500000 0.866714 0.000000
vt 0.700000 0.866714 0.000000
vt 0.900000 0.866714 0.000000
vt 0.083333 0.866714 0.000000
vt 0.250000 0.866714 0.000000
vt 0.416667 0.866714 0.000000
vt 0.583333 0.866714 0.000000
vt 0.750000 0.866714 0.000000
vt 0.916667 0.866714 0.000000
vt 0.100000 0.866714 0.000000
vt 0.300000 0.866714 0.000000
vt 0.500000 0.866714 0.000000
vt 0.700000 0.866714 0.000000
vt 0.900000 0.866714 0.000000
vt 0.800000 0.967896 0.000000
vt 0.600000 0.967896 0.000000
vt 0.400000 0.967896 0.000000
vt 0.200000 0.967896 0.000000
vt 1.000000 0.967896 0.000000
vt 0.000000 0.967896 0.000000
vt 0.833333 0.967896 0.000000
vt 0.666667 0.967896 0.000000
vt 0.500000 0.967896 0.000000
vt 0.333333 0.967896 0.000000
vt 0.166667 0.967896 0.000000
vt 1.000000 0.967896 0.000000
vt 0.000000 0.967896 0.000000
vt 0.800000 0.967896 0.000000
vt 0.600000 0.967896 0.000000
vt 0.400000 0.967896 0.000000
vt 0.200000 0.967896 0.000000
vt 1.000000 0.967896 0.000000
vt 0.000000 0.967896 0.000000
vt 0.833333 0.967896 0.000000
vt 0.666667 0.967896 0.000000
vt 0.500000 0.967896 0.000000
vt 0.333333 0.967896 0.000000
vt 0.166667 0.967896 0.000000
vt 0.000000 0.901056 0.000000
vt 1.000000 0.901056 0.000000
vt 0.083333 0.935134 0.000000
vt 0.250000 0.935134 0.000000
vt 0.416667 0.935134 0.000000
vt 0.583333 0.935134 0.000000
vt 0.750000 0.935134 0.000000
vt 0.916667 0.935134 0.000000
vt 0.100000 0.935134 0.000000
vt 0.300000 0.935134 0.000000
vt 0.500000 0.935134 0.000000
vt 0.700000 0.935134 0.000000
vt 0.900000 0.935134 0.000000
vt 0.083333 0.935134 0.000000
vt 0.250000 0.935134 0.000000
vt 0.416667 0.935134 0.000000
vt 0.583333 0.935134 0.000000
vt 0.750000 0.935134 0.000000
vt 0.916667 0.935134 0.000000
vt 0.100000 0.935134 0.000000
vt 0.300000 0.935134 0.000000
vt 0.500000 0.935134 0.000000
vt 0.700000 0.935134 0.000000
vt 0.900000 0.935134 0.000000
vt 0.400000 0.095544 0.000000
vt 0.400000 0.569081 0.000000
vt 0.175000 0.095544 0.000000
vt 0.100000 0.118692 0.000000
vt 0.025000 0.095544 0.000000
vt 0.100000 0.072396 0.000000
vt 0.175000 0.072396 0.000000
vt 0.175000 0.118692 0.000000
vt 0.025000 0.118692 0.000000
vt 0.025000 0.072396 0.000000
vt 0.825000 0.095544 0.000000
vt 0.900000 0.072396 0.000000
vt 0.975000 0.095544 0.000000
vt 0.900000 0.118692 0.000000
vt 0.825000 0.118692 0.000000
vt 0.825000 0.072396 0.000000
vt 0.975000 0.072396 0.000000
vt 0.975000 0.118692 0.000000
vt 0.975000 0.118692 0.000000
vt 0.975000 0.072396 0.000000
vt 0.825000 0.072396 0.000000
vt 0.825000 0.118692 0.000000
vt 0.800000 0.095544 0.000000
vt 0.900000 0.064680 0.000000
vt 1.000000 0.095544 0.000000
vt 0.900000 0.126408 0.000000
vt 0.975000 0.118692 0.000000
vt 0.975000 0.072396 0.000000
vt 0.825000 0.072396 0.000000
vt 0.825000 0.118692 0.000000
vt 0.800000 0.095544 0.000000
vt 0.900000 0.064680 0.000000
vt 1.000000 0.095544 0.000000
vt 0.900000 0.126408 0.000000
vt 0.975000 0.118692 0.000000
vt 0.975000 0.072396 0.000000
vt 0.825000 0.072396 0.000000
vt 0.825000 0.118692 0.000000
vt 0.800000 0.095544 0.000000
vt 0.900000 0.064680 0.000000
vt 1.000000 0.095544 0.000000
vt 0.900000 0.126408 0.000000
vt 0.975000 0.118692 0.000000
vt 0.975000 0.072396 0.000000
vt 0.825000 0.072396 0.000000
vt 0.825000 0.118692 0.000000
vt 0.800000 0.095544 0.000000
vt 0.900000 0.064680 0.000000
vt 1.000000 0.095544 0.000000
vt 0.900000 0.126408 0.000000
vt 0.025000 0.118692 0.000000
vt 0.175000 0.118692 0.000000
vt 0.175000 0.072396 0.000000
vt 0.025000 0.072396 0.000000
vt 0.200000 0.095544 0.000000
vt 0.100000 0.126408 0.000000
vt 0.000000 0.095544 0.000000
vt 0.100000 0.064680 0.000000
vt 0.025000 0.118692 0.000000
vt 0.175000 0.118692 0.000000
vt 0.175000 0.072396 0.000000
vt 0.025000 0.072396 0.000000
vt 0.200000 0.095544 0.000000
vt 0.100000 0.126408 0.000000
vt 0.000000 0.095544 0.000000
vt 0.100000 0.064680 0.000000
vt 0.025000 0.118692 0.000000
vt 0.175000 0.118692 0.000000
vt 0.175000 0.072396 0.000000
vt 0.025000 0.072396 0.000000
vt 0.200000 0.095544 0.000000
vt 0.100000 0.126408 0.000000
vt 0.000000 0.095544 0.000000
vt 0.100000 0.064680 0.000000
vt 0.025000 0.118692 0.000000
vt 0.175000 0.118692 0.000000
vt 0.175000 0.072396 0.000000
vt 0.025000 0.072396 0.000000
vt 0.200000 0.095544 0.000000
vt 0.100000 0.126408 0.000000
vt 0.000000 0.095544 0.000000
vt 0.100000 0.064680 0.000000
vt 0.145833 0.095544 0.000000
vt 0.083333 0.118692 0.000000
vt 0.020833 0.095544 0.000000
vt 0.083333 0.072396 0.000000
vt 0.145833 0.072396 0.000000
vt 0.145833 0.118692 0.000000
vt 0.020833 0.118692 0.000000
vt 0.020833 0.072396 0.000000
vt 0.979167 0.095544 0.000000
vt 0.916667 0.118692 0.000000
vt 0.854167 0.095544 0.000000
vt 0.916667 0.072396 0.000000
vt 0.979167 0.072396 0.000000
vt 0.979167 0.118692 0.000000
vt 0.854167 0.118692 0.000000
vt 0.854167 0.072396 0.000000
vt 0.020833 0.118692 0.000000
vt 0.145833 0.118692 0.000000
vt 0.145833 0.072396 0.000000
vt 0.020833 0.072396 0.000000
vt 0.166667 0.095544 0.000000
vt 0.083333 0.126408 0.000000
vt 0.000000 0.095544 0.000000
vt 0.083333 0.064680 0.000000
vt 0.020833 0.118692 0.000000
vt 0.145833 0.118692 0.000000
vt 0.145833 0.072396 0.000000
vt 0.020833 0.072396 0.000000
vt 0.166667 0.095544 0.000000
vt 0.083333 0.126408 0.000000
vt 0.000000 0.095544 0.000000
vt 0.083333 0.064680 0.000000
vt 0.020833 0.118692 0.000000
vt 0.145833 0.118692 0.000000
vt 0.145833 0.072396 0.000000
vt 0.020833 0.072396 0.000000
vt 0.166667 0.095544 0.000000
vt 0.083333 0.126408 0.000000
vt 0.000000 0.095544 0.000000
vt 0.083333 0.064680 0.000000
vt 0.020833 0.118692 0.000000
vt 0.145833 0.118692 0.000000
vt 0.145833 0.072396 0.000000
vt 0.020833 0.072396 0.000000
vt 0.166667 0.095544 0.000000
vt 0.083333 0.126408 0.000000
vt 0.000000 0.095544 0.000000
vt 0.083333 0.064680 0.000000
vt 0.854167 0.118692 0.000000
vt 0.979167 0.118692 0.000000
vt 0.979167 0.072396 0.000000
vt 0.854167 0.072396 0.000000
vt 1.000000 0.095544 0.000000
vt 0.916667 0.126408 0.000000
vt 0.833333 0.095544 0.000000
vt 0.916667 0.064680 0.000000
vt 0.854167 0.118692 0.000000
vt 0.979167 0.118692 0.000000
vt 0.979167 0.072396 0.000000
vt 0.854167 0.072396 0.000000
vt 1.000000 0.095544 0.000000
vt 0.916667 0.126408 0.000000
vt 0.833333 0.095544 0.000000
vt 0.916667 0.064680 0.000000
vt 0.854167 0.118692 0.000000
vt 0.979167 0.118692 0.000000
vt 0.979167 0.072396 0.000000
vt 0.854167 0.072396 0.000000
vt 1.000000 0.095544 0.000000
vt 0.916667 0.126408 0.000000
vt 0.833333 0.095544 0.000000
vt 0.916667 0.064680 0.000000
vt 0.854167 0.118692 0.000000
vt 0.979167 0.118692 0.000000
vt 0.979167 0.072396 0.000000
vt 0.854167 0.072396 0.000000
vt 1.000000 0.095544 0.000000
vt 0.916667 0.126408 0.000000
vt 0.833333 0.095544 0.000000
vt 0.916667 0.064680 0.000000
vt 0.916667 0.592270 0.000000
vt 0.854167 0.569081 0.000000
vt 0.916667 0.545892 0.000000
vt 0.979167 0.569081 0.000000
vt 0.979167 0.592270 0.000000
vt 0.854167 0.592270 0.000000
vt 0.854167 0.545892 0.000000
vt 0.979167 0.545892 0.000000
vt 0.975000 0.569081 0.000000
vt 0.900000 0.592270 0.000000
vt 0.825000 0.569081 0.000000
vt 0.900000 0.545892 0.000000
vt 0.975000 0.545892 0.000000
vt 0.975000 0.592270 0.000000
vt 0.825000 0.592270 0.000000
vt 0.825000 0.545892 0.000000
vt 0.854167 0.592270 0.000000
vt 0.979167 0.592270 0.000000
vt 0.979167 0.545892 0.000000
vt 0.854167 0.545892 0.000000
vt 0.916667 0.600000 0.000000
vt 0.833333 0.569081 0.000000
vt 0.916667 0.538162 0.000000
vt 1.000000 0.569081 0.000000
vt 0.854167 0.592270 0.000000
vt 0.979167 0.592270 0.000000
vt 0.979167 0.545892 0.000000
vt 0.854167 0.545892 0.000000
vt 0.916667 0.600000 0.000000
vt 0.833333 0.569081 0.000000
vt 0.916667 0.538162 0.000000
vt 1.000000 0.569081 0.000000
vt 0.854167 0.592270 0.000000
vt 0.979167 0.592270 0.000000
vt 0.979167 0.545892 0.000000
vt 0.854167 0.545892 0.000000
vt 0.916667 0.600000 0.000000
vt 0.833333 0.569081 0.000000
vt 0.916667 0.538162 0.000000
vt 1.000000 0.569081 0.000000
vt 0.975000 0.592270 0.000000
vt 0.975000 0.545892 0.000000
vt 0.825000 0.545892 0.000000
vt 0.825000 0.592270 0.000000
vt 1.000000 0.569081 0.000000
vt 0.900000 0.600000 0.000000
vt 0.800000 0.569081 0.000000
vt 0.900000 0.538162 0.000000
vt 0.975000 0.592270 0.000000
vt 0.975000 0.545892 0.000000
vt 0.825000 0.545892 0.000000
vt 0.825000 0.592270 0.000000
vt 1.000000 0.569081 0.000000
vt 0.900000 0.600000 0.000000
vt 0.800000 0.569081 0.000000
vt 0.900000 0.538162 0.000000
vt 0.975000 0.592270 0.000000
vt 0.975000 0.545892 0.000000
vt 0.825000 0.545892 0.000000
vt 0.825000 0.592270 0.000000
vt 1.000000 0.569081 0.000000
vt 0.900000 0.600000 0.000000
vt 0.800000 0.569081 0.000000
vt 0.900000 0.538162 0.000000
vt 0.975000 0.592270 0.000000
vt 0.975000 0.545892 0.000000
vt 0.825000 0.545892 0.000000
vt 0.825000 0.592270 0.000000
vt 1.000000 0.569081 0.000000
vt 0.900000 0.600000 0.000000
vt 0.800000 0.569081 0.000000
vt 0.900000 0.538162 0.000000
vt 0.979167 0.592270 0.000000
vt 0.979167 0.545892 0.000000
vt 0.854167 0.545892 0.000000
vt 0.854167 0.592270 0.000000
vt 0.916667 0.600000 0.000000
vt 0.833333 0.569081 0.000000
vt 0.916667 0.538162 0.000000
vt 1.000000 0.569081 0.000000
vt 0.083333 0.592270 0.000000
vt 0.020833 0.569081 0.000000
vt 0.083333 0.545892 0.000000
vt 0.145833 0.569081 0.000000
vt 0.145833 0.592270 0.000000
vt 0.020833 0.592270 0.000000
vt 0.020833 0.545892 0.000000
vt 0.145833 0.545892 0.000000
vt 0.100000 0.592270 0.000000
vt 0.025000 0.569081 0.000000
vt 0.100000 0.545892 0.000000
vt 0.175000 0.569081 0.000000
vt 0.175000 0.592270 0.000000
vt 0.025000 0.592270 0.000000
vt 0.025000 0.545892 0.000000
vt 0.175000 0.545892 0.000000
vt 0.020833 0.592270 0.000000
vt 0.145833 0.592270 0.000000
vt 0.145833 0.545892 0.000000
vt 0.020833 0.545892 0.000000
vt 0.083333 0.600000 0.000000
vt 0.000000 0.569081 0.000000
vt 0.083333 0.538162 0.000000
vt 0.166667 0.569081 0.000000
vt 0.020833 0.592270 0.000000
vt 0.145833 0.592270 0.000000
vt 0.145833 0.545892 0.000000
vt 0.020833 0.545892 0.000000
vt 0.083333 0.600000 0.000000
vt 0.000000 0.569081 0.000000
vt 0.083333 0.538162 0.000000
vt 0.166667 0.569081 0.000000
vt 0.145833 0.592270 0.000000
vt 0.145833 0.545892 0.000000
vt 0.020833 0.545892 0.000000
vt 0.020833 0.592270 0.000000
vt 0.083333 0.600000 0.000000
vt 0.000000 0.569081 0.000000
vt 0.083333 0.538162 0.000000
vt 0.166667 0.569081 0.000000
vt 0.020833 0.592270 0.000000
vt 0.145833 0.592270 0.000000
vt 0.145833 0.545892 0.000000
vt 0.020833 0.545892 0.000000
vt 0.083333 0.600000 0.000000
vt 0.000000 0.569081 0.000000
vt 0.083333 0.538162 0.000000
vt 0.166667 0.569081 0.000000
vt 0.025000 0.592270 0.000000
vt 0.175000 0.592270 0.000000
vt 0.175000 0.545892 0.000000
vt 0.025000 0.545892 0.000000
vt 0.100000 0.600000 0.000000
vt 0.000000 0.569081 0.000000
vt 0.100000 0.538162 0.000000
vt 0.200000 0.569081 0.000000
vt 0.025000 0.592270 0.000000
vt 0.175000 0.592270 0.000000
vt 0.175000 0.545892 0.000000
vt 0.025000 0.545892 0.000000
vt 0.100000 0.600000 0.000000
vt 0.000000 0.569081 0.000000
vt 0.100000 0.538162 0.000000
vt 0.200000 0.569081 0.000000
vt 0.025000 0.592270 0.000000
vt 0.175000 0.592270 0.000000
vt 0.175000 0.545892 0.000000
vt 0.025000 0.545892 0.000000
vt 0.100000 0.600000 0.000000
vt 0.000000 0.569081 0.000000
vt 0.100000 0.538162 0.000000
vt 0.200000 0.569081 0.000000
vt 0.025000 0.592270 0.000000
vt 0.175000 0.592270 0.000000
vt 0.175000 0.545892 0.000000
vt 0.025000 0.545892 0.000000
vt 0.100000 0.600000 0.000000
vt 0.000000 0.569081 0.000000
vt 0.100000 0.538162 0.000000
vt 0.200000 0.569081 0.000000
# 2030 texture coords

o SpinalCord2
g SpinalCord2
usemtl HerniatedDiskAsset_wire_050124020
f 1456/2 2382/1020 1920/558 2385/1024 
f 1463/9 2383/1022 1920/558 2382/1020 
f 1464/10 2384/1023 1920/558 2383/1022 
f 1457/3 2385/1024 1920/558 2384/1023 
f 1457/3 2384/1023 1921/559 2388/1028 
f 1464/10 2386/1026 1921/559 2384/1023 
f 1465/11 2387/1027 1921/559 2386/1026 
f 1458/4 2388/1028 1921/559 2387/1027 
f 1458/4 2387/1027 1922/560 2391/1032 
f 1465/11 2389/1030 1922/560 2387/1027 
f 1466/12 2390/1031 1922/560 2389/1030 
f 1459/5 2391/1032 1922/560 2390/1031 
f 1459/5 2390/1031 1923/561 2394/1036 
f 1466/12 2392/1034 1923/561 2390/1031 
f 1467/13 2393/1035 1923/561 2392/1034 
f 1460/6 2394/1036 1923/561 2393/1035 
f 1460/6 2393/1035 1924/562 2397/1040 
f 1467/13 2395/1038 1924/562 2393/1035 
f 1468/14 2396/1039 1924/562 2395/1038 
f 1461/7 2397/1040 1924/562 2396/1039 
f 1461/7 2396/1039 1925/563 2400/1045 
f 1468/14 2398/1042 1925/563 2396/1039 
f 1469/15 2399/1043 1925/563 2398/1042 
f 1462/8 2400/1045 1925/563 2399/1043 
f 1463/9 2401/1047 1926/564 2383/1022 
f 1470/16 2402/1049 1926/564 2401/1047 
f 1471/17 2403/1050 1926/564 2402/1049 
f 1464/10 2383/1022 1926/564 2403/1050 
f 1464/10 2403/1050 1927/565 2386/1026 
f 1471/17 2404/1051 1927/565 2403/1050 
f 1472/18 2405/1052 1927/565 2404/1051 
f 1465/11 2386/1026 1927/565 2405/1052 
f 1465/11 2405/1052 1928/566 2389/1030 
f 1472/18 2406/1053 1928/566 2405/1052 
f 1473/19 2407/1054 1928/566 2406/1053 
f 1466/12 2389/1030 1928/566 2407/1054 
f 1466/12 2407/1054 1929/567 2392/1034 
f 1473/19 2408/1055 1929/567 2407/1054 
f 1474/20 2409/1056 1929/567 2408/1055 
f 1467/13 2392/1034 1929/567 2409/1056 
f 1467/13 2409/1056 1930/568 2395/1038 
f 1474/20 2410/1057 1930/568 2409/1056 
f 1475/21 2411/1058 1930/568 2410/1057 
f 1468/14 2395/1038 1930/568 2411/1058 
f 1468/14 2411/1058 1931/569 2398/1042 
f 1475/21 2412/1059 1931/569 2411/1058 
f 1476/22 2413/1060 1931/569 2412/1059 
f 1469/15 2398/1042 1931/569 2413/1060 
f 1470/16 2414/1062 1932/570 2402/1049 
f 1477/23 2415/1064 1932/570 2414/1062 
f 1478/24 2416/1065 1932/570 2415/1064 
f 1471/17 2402/1049 1932/570 2416/1065 
f 1471/17 2416/1065 1933/571 2404/1051 
f 1478/24 2417/1066 1933/571 2416/1065 
f 1479/25 2418/1067 1933/571 2417/1066 
f 1472/18 2404/1051 1933/571 2418/1067 
f 1472/18 2418/1067 1934/572 2406/1053 
f 1479/25 2419/1068 1934/572 2418/1067 
f 1480/26 2420/1069 1934/572 2419/1068 
f 1473/19 2406/1053 1934/572 2420/1069 
f 1473/19 2420/1069 1935/573 2408/1055 
f 1480/26 2421/1070 1935/573 2420/1069 
f 1481/27 2422/1071 1935/573 2421/1070 
f 1474/20 2408/1055 1935/573 2422/1071 
f 1474/20 2422/1071 1936/574 2410/1057 
f 1481/27 2423/1072 1936/574 2422/1071 
f 1482/28 2424/1073 1936/574 2423/1072 
f 1475/21 2410/1057 1936/574 2424/1073 
f 1475/21 2424/1073 1937/575 2412/1059 
f 1482/28 2425/1074 1937/575 2424/1073 
f 1483/29 2426/1075 1937/575 2425/1074 
f 1476/22 2412/1059 1937/575 2426/1075 
f 1477/23 2427/1077 1938/576 2415/1064 
f 1484/30 2428/1079 1938/576 2427/1077 
f 1485/31 2429/1080 1938/576 2428/1079 
f 1478/24 2415/1064 1938/576 2429/1080 
f 1478/24 2429/1080 1939/577 2417/1066 
f 1485/31 2430/1081 1939/577 2429/1080 
f 1486/32 2431/1082 1939/577 2430/1081 
f 1479/25 2417/1066 1939/577 2431/1082 
f 1479/25 2431/1082 1940/578 2419/1068 
f 1486/32 2432/1083 1940/578 2431/1082 
f 1487/33 2433/1084 1940/578 2432/1083 
f 1480/26 2419/1068 1940/578 2433/1084 
f 1480/26 2433/1084 1941/579 2421/1070 
f 1487/33 2434/1085 1941/579 2433/1084 
f 1488/34 2435/1086 1941/579 2434/1085 
f 1481/27 2421/1070 1941/579 2435/1086 
f 1481/27 2435/1086 1942/580 2423/1072 
f 1488/34 2436/1087 1942/580 2435/1086 
f 1489/35 2437/1088 1942/580 2436/1087 
f 1482/28 2423/1072 1942/580 2437/1088 
f 1482/28 2437/1088 1943/581 2425/1074 
f 1489/35 2438/1089 1943/581 2437/1088 
f 1490/36 2439/1090 1943/581 2438/1089 
f 1483/29 2425/1074 1943/581 2439/1090 
f 1484/30 2440/1092 1944/582 2428/1079 
f 1491/37 2441/1094 1944/582 2440/1092 
f 1492/38 2442/1096 1944/582 2441/1094 
f 1485/31 2428/1079 1944/582 2442/1096 
f 1485/31 2442/1096 1945/583 2430/1081 
f 1492/38 2443/1097 1945/583 2442/1096 
f 1493/39 2444/1099 1945/583 2443/1097 
f 1486/32 2430/1081 1945/583 2444/1099 
f 1486/32 2444/1099 1946/584 2432/1083 
f 1493/39 2445/1100 1946/584 2444/1099 
f 1494/40 2446/1102 1946/584 2445/1100 
f 1487/33 2432/1083 1946/584 2446/1102 
f 1487/33 2446/1102 1947/585 2434/1085 
f 1494/40 2447/1103 1947/585 2446/1102 
f 1495/41 2448/1105 1947/585 2447/1103 
f 1488/34 2434/1085 1947/585 2448/1105 
f 1488/34 2448/1105 1948/586 2436/1087 
f 1495/41 2449/1106 1948/586 2448/1105 
f 1496/42 2450/1108 1948/586 2449/1106 
f 1489/35 2436/1087 1948/586 2450/1108 
f 1489/35 2450/1108 1949/587 2438/1089 
f 1496/42 2451/1109 1949/587 2450/1108 
f 1497/43 2452/1111 1949/587 2451/1109 
f 1490/36 2438/1089 1949/587 2452/1111 
f 1498/44 2453/1113 1950/588 2456/1117 
f 1499/45 2454/1115 1950/588 2453/1113 
f 1506/52 2455/1116 1950/588 2454/1115 
f 1505/51 2456/1117 1950/588 2455/1116 
f 1499/45 2457/1119 1951/589 2454/1115 
f 1500/46 2458/1121 1951/589 2457/1119 
f 1507/53 2459/1122 1951/589 2458/1121 
f 1506/52 2454/1115 1951/589 2459/1122 
f 1500/46 2460/1123 1952/590 2458/1121 
f 1501/47 2461/1125 1952/590 2460/1123 
f 1508/54 2462/1126 1952/590 2461/1125 
f 1507/53 2458/1121 1952/590 2462/1126 
f 1501/47 2463/1127 1953/591 2461/1125 
f 1502/48 2464/1129 1953/591 2463/1127 
f 1509/55 2465/1130 1953/591 2464/1129 
f 1508/54 2461/1125 1953/591 2465/1130 
f 1502/48 2466/1131 1954/592 2464/1129 
f 1503/49 2467/1133 1954/592 2466/1131 
f 1510/56 2468/1134 1954/592 2467/1133 
f 1509/55 2464/1129 1954/592 2468/1134 
f 1503/49 2469/1135 1955/593 2467/1133 
f 1504/50 2470/1137 1955/593 2469/1135 
f 1511/57 2471/1139 1955/593 2470/1137 
f 1510/56 2467/1133 1955/593 2471/1139 
f 1505/51 2455/1116 1956/594 2474/1142 
f 1506/52 2472/1140 1956/594 2455/1116 
f 1513/59 2473/1141 1956/594 2472/1140 
f 1512/58 2474/1142 1956/594 2473/1141 
f 1506/52 2459/1122 1957/595 2472/1140 
f 1507/53 2475/1144 1957/595 2459/1122 
f 1514/60 2476/1145 1957/595 2475/1144 
f 1513/59 2472/1140 1957/595 2476/1145 
f 1507/53 2462/1126 1958/596 2475/1144 
f 1508/54 2477/1146 1958/596 2462/1126 
f 1515/61 2478/1147 1958/596 2477/1146 
f 1514/60 2475/1144 1958/596 2478/1147 
f 1508/54 2465/1130 1959/597 2477/1146 
f 1509/55 2479/1148 1959/597 2465/1130 
f 1516/62 2480/1149 1959/597 2479/1148 
f 1515/61 2477/1146 1959/597 2480/1149 
f 1509/55 2468/1134 1960/598 2479/1148 
f 1510/56 2481/1150 1960/598 2468/1134 
f 1517/63 2482/1151 1960/598 2481/1150 
f 1516/62 2479/1148 1960/598 2482/1151 
f 1510/56 2471/1139 1961/599 2481/1150 
f 1511/57 2483/1152 1961/599 2471/1139 
f 1518/64 2484/1154 1961/599 2483/1152 
f 1517/63 2481/1150 1961/599 2484/1154 
f 1512/58 2473/1141 1962/600 2487/1157 
f 1513/59 2485/1155 1962/600 2473/1141 
f 1520/66 2486/1156 1962/600 2485/1155 
f 1519/65 2487/1157 1962/600 2486/1156 
f 1513/59 2476/1145 1963/601 2485/1155 
f 1514/60 2488/1159 1963/601 2476/1145 
f 1521/67 2489/1160 1963/601 2488/1159 
f 1520/66 2485/1155 1963/601 2489/1160 
f 1514/60 2478/1147 1964/602 2488/1159 
f 1515/61 2490/1161 1964/602 2478/1147 
f 1522/68 2491/1162 1964/602 2490/1161 
f 1521/67 2488/1159 1964/602 2491/1162 
f 1515/61 2480/1149 1965/603 2490/1161 
f 1516/62 2492/1163 1965/603 2480/1149 
f 1523/69 2493/1164 1965/603 2492/1163 
f 1522/68 2490/1161 1965/603 2493/1164 
f 1516/62 2482/1151 1966/604 2492/1163 
f 1517/63 2494/1165 1966/604 2482/1151 
f 1524/70 2495/1166 1966/604 2494/1165 
f 1523/69 2492/1163 1966/604 2495/1166 
f 1517/63 2484/1154 1967/605 2494/1165 
f 1518/64 2496/1167 1967/605 2484/1154 
f 1525/71 2497/1169 1967/605 2496/1167 
f 1524/70 2494/1165 1967/605 2497/1169 
f 1519/65 2486/1156 1968/606 2500/1172 
f 1520/66 2498/1170 1968/606 2486/1156 
f 1527/73 2499/1171 1968/606 2498/1170 
f 1526/72 2500/1172 1968/606 2499/1171 
f 1520/66 2489/1160 1969/607 2498/1170 
f 1521/67 2501/1174 1969/607 2489/1160 
f 1528/74 2502/1175 1969/607 2501/1174 
f 1527/73 2498/1170 1969/607 2502/1175 
f 1521/67 2491/1162 1970/608 2501/1174 
f 1522/68 2503/1176 1970/608 2491/1162 
f 1529/75 2504/1177 1970/608 2503/1176 
f 1528/74 2501/1174 1970/608 2504/1177 
f 1522/68 2493/1164 1971/609 2503/1176 
f 1523/69 2505/1178 1971/609 2493/1164 
f 1530/76 2506/1179 1971/609 2505/1178 
f 1529/75 2503/1176 1971/609 2506/1179 
f 1523/69 2495/1166 1972/610 2505/1178 
f 1524/70 2507/1180 1972/610 2495/1166 
f 1531/77 2508/1181 1972/610 2507/1180 
f 1530/76 2505/1178 1972/610 2508/1181 
f 1524/70 2497/1169 1973/611 2507/1180 
f 1525/71 2509/1182 1973/611 2497/1169 
f 1532/78 2510/1184 1973/611 2509/1182 
f 1531/77 2507/1180 1973/611 2510/1184 
f 1526/72 2499/1171 1974/612 2513/1188 
f 1527/73 2511/1185 1974/612 2499/1171 
f 1534/80 2512/1186 1974/612 2511/1185 
f 1533/79 2513/1188 1974/612 2512/1186 
f 1527/73 2502/1175 1975/613 2511/1185 
f 1528/74 2514/1190 1975/613 2502/1175 
f 1535/81 2515/1191 1975/613 2514/1190 
f 1534/80 2511/1185 1975/613 2515/1191 
f 1528/74 2504/1177 1976/614 2514/1190 
f 1529/75 2516/1193 1976/614 2504/1177 
f 1536/82 2517/1194 1976/614 2516/1193 
f 1535/81 2514/1190 1976/614 2517/1194 
f 1529/75 2506/1179 1977/615 2516/1193 
f 1530/76 2518/1196 1977/615 2506/1179 
f 1537/83 2519/1197 1977/615 2518/1196 
f 1536/82 2516/1193 1977/615 2519/1197 
f 1530/76 2508/1181 1978/616 2518/1196 
f 1531/77 2520/1199 1978/616 2508/1181 
f 1538/84 2521/1200 1978/616 2520/1199 
f 1537/83 2518/1196 1978/616 2521/1200 
f 1531/77 2510/1184 1979/617 2520/1199 
f 1532/78 2522/1202 1979/617 2510/1184 
f 1539/85 2523/1204 1979/617 2522/1202 
f 1538/84 2520/1199 1979/617 2523/1204 
f 1456/86 2385/1025 1980/618 2826/1539 
f 1457/87 2524/1206 1980/618 2385/1025 
f 1688/313 2830/1544 1980/618 2524/1206 
f 1689/314 2826/1539 1980/618 2830/1544 
f 1457/87 2388/1029 1981/619 2524/1206 
f 1458/88 2527/1210 1981/619 2388/1029 
f 1687/312 2831/1545 1981/619 2527/1210 
f 1688/313 2524/1206 1981/619 2831/1545 
f 1458/88 2391/1033 1982/620 2527/1210 
f 1459/89 2529/1212 1982/620 2391/1033 
f 1686/311 2832/1546 1982/620 2529/1212 
f 1687/312 2527/1210 1982/620 2832/1546 
f 1459/89 2394/1037 1983/621 2529/1212 
f 1460/90 2531/1214 1983/621 2394/1037 
f 1685/310 2833/1547 1983/621 2531/1214 
f 1686/311 2529/1212 1983/621 2833/1547 
f 1460/90 2397/1041 1984/622 2531/1214 
f 1461/91 2533/1216 1984/622 2397/1041 
f 1684/309 2834/1548 1984/622 2533/1216 
f 1685/310 2531/1214 1984/622 2834/1548 
f 1461/91 2400/1046 1985/623 2533/1216 
f 1462/92 2535/1218 1985/623 2400/1046 
f 1683/307 2835/1549 1985/623 2535/1218 
f 1684/309 2533/1216 1985/623 2835/1549 
f 1540/93 2525/1207 1986/624 2539/1223 
f 1541/94 2537/1221 1986/624 2525/1207 
f 1563/101 2538/1222 1986/624 2537/1221 
f 1562/100 2539/1223 1986/624 2538/1222 
f 1541/94 2528/1211 1987/625 2537/1221 
f 1542/95 2540/1225 1987/625 2528/1211 
f 1564/102 2541/1226 1987/625 2540/1225 
f 1563/101 2537/1221 1987/625 2541/1226 
f 1542/95 2530/1213 1988/626 2540/1225 
f 1543/96 2542/1227 1988/626 2530/1213 
f 1565/103 2543/1228 1988/626 2542/1227 
f 1564/102 2540/1225 1988/626 2543/1228 
f 1543/96 2532/1215 1989/627 2542/1227 
f 1544/97 2544/1229 1989/627 2532/1215 
f 1566/104 2545/1230 1989/627 2544/1229 
f 1565/103 2542/1227 1989/627 2545/1230 
f 1544/97 2534/1217 1990/628 2544/1229 
f 1545/98 2546/1231 1990/628 2534/1217 
f 1567/105 2547/1232 1990/628 2546/1231 
f 1566/104 2544/1229 1990/628 2547/1232 
f 1545/98 2536/1220 1991/629 2546/1231 
f 1546/99 2548/1233 1991/629 2536/1220 
f 1568/106 2549/1235 1991/629 2548/1233 
f 1567/105 2546/1231 1991/629 2549/1235 
f 1562/100 2538/1222 1992/630 2784/1493 
f 1563/101 2550/1236 1992/630 2538/1222 
f 1668/289 2787/1497 1992/630 2550/1236 
f 1669/290 2784/1493 1992/630 2787/1497 
f 1563/101 2541/1226 1993/631 2550/1236 
f 1564/102 2553/1240 1993/631 2541/1226 
f 1667/288 2788/1498 1993/631 2553/1240 
f 1668/289 2550/1236 1993/631 2788/1498 
f 1564/102 2543/1228 1994/632 2553/1240 
f 1565/103 2555/1242 1994/632 2543/1228 
f 1666/287 2789/1499 1994/632 2555/1242 
f 1667/288 2553/1240 1994/632 2789/1499 
f 1565/103 2545/1230 1995/633 2555/1242 
f 1566/104 2557/1244 1995/633 2545/1230 
f 1665/286 2790/1500 1995/633 2557/1244 
f 1666/287 2555/1242 1995/633 2790/1500 
f 1566/104 2547/1232 1996/634 2557/1244 
f 1567/105 2559/1246 1996/634 2547/1232 
f 1664/285 2791/1501 1996/634 2559/1246 
f 1665/286 2557/1244 1996/634 2791/1501 
f 1567/105 2549/1235 1997/635 2559/1246 
f 1568/106 2561/1248 1997/635 2549/1235 
f 1663/283 2792/1502 1997/635 2561/1248 
f 1664/285 2559/1246 1997/635 2792/1502 
f 1584/107 2551/1237 1998/636 2565/1253 
f 1585/108 2563/1251 1998/636 2551/1237 
f 1607/115 2564/1252 1998/636 2563/1251 
f 1606/114 2565/1253 1998/636 2564/1252 
f 1585/108 2554/1241 1999/637 2563/1251 
f 1586/109 2566/1255 1999/637 2554/1241 
f 1608/116 2567/1256 1999/637 2566/1255 
f 1607/115 2563/1251 1999/637 2567/1256 
f 1586/109 2556/1243 2000/638 2566/1255 
f 1587/110 2568/1257 2000/638 2556/1243 
f 1609/117 2569/1258 2000/638 2568/1257 
f 1608/116 2566/1255 2000/638 2569/1258 
f 1587/110 2558/1245 2001/639 2568/1257 
f 1588/111 2570/1259 2001/639 2558/1245 
f 1610/118 2571/1260 2001/639 2570/1259 
f 1609/117 2568/1257 2001/639 2571/1260 
f 1588/111 2560/1247 2002/640 2570/1259 
f 1589/112 2572/1261 2002/640 2560/1247 
f 1611/119 2573/1262 2002/640 2572/1261 
f 1610/118 2570/1259 2002/640 2573/1262 
f 1589/112 2562/1250 2003/641 2572/1261 
f 1590/113 2574/1263 2003/641 2562/1250 
f 1612/120 2575/1265 2003/641 2574/1263 
f 1611/119 2572/1261 2003/641 2575/1265 
f 1606/114 2564/1252 2004/642 2917/1638 
f 1607/115 2576/1266 2004/642 2564/1252 
f 1736/369 2918/1640 2004/642 2576/1266 
f 1737/370 2917/1638 2004/642 2918/1640 
f 1607/115 2567/1256 2005/643 2576/1266 
f 1608/116 2578/1269 2005/643 2567/1256 
f 1735/368 2919/1641 2005/643 2578/1269 
f 1736/369 2576/1266 2005/643 2919/1641 
f 1608/116 2569/1258 2006/644 2578/1269 
f 1609/117 2579/1270 2006/644 2569/1258 
f 1734/367 2920/1642 2006/644 2579/1270 
f 1735/368 2578/1269 2006/644 2920/1642 
f 1609/117 2571/1260 2007/645 2579/1270 
f 1610/118 2580/1271 2007/645 2571/1260 
f 1733/366 2921/1643 2007/645 2580/1271 
f 1734/367 2579/1270 2007/645 2921/1643 
f 1610/118 2573/1262 2008/646 2580/1271 
f 1611/119 2581/1272 2008/646 2573/1262 
f 1732/365 2922/1644 2008/646 2581/1272 
f 1733/366 2580/1271 2008/646 2922/1644 
f 1611/119 2575/1265 2009/647 2581/1272 
f 1612/120 2582/1273 2009/647 2575/1265 
f 1731/363 2923/1645 2009/647 2582/1273 
f 1732/365 2581/1272 2009/647 2923/1645 
f 1462/128 2399/1044 2010/648 2535/1219 
f 1469/129 2583/1275 2010/648 2399/1044 
f 1682/306 2836/1550 2010/648 2583/1275 
f 1683/308 2535/1219 2010/648 2836/1550 
f 1469/129 2413/1061 2011/649 2583/1275 
f 1476/130 2585/1277 2011/649 2413/1061 
f 1681/305 2837/1551 2011/649 2585/1277 
f 1682/306 2583/1275 2011/649 2837/1551 
f 1476/130 2426/1076 2012/650 2585/1277 
f 1483/131 2587/1279 2012/650 2426/1076 
f 1680/304 2838/1552 2012/650 2587/1279 
f 1681/305 2585/1277 2012/650 2838/1552 
f 1483/131 2439/1091 2013/651 2587/1279 
f 1490/132 2589/1281 2013/651 2439/1091 
f 1679/303 2839/1553 2013/651 2589/1281 
f 1680/304 2587/1279 2013/651 2839/1553 
f 1490/132 2452/1112 2014/652 2589/1281 
f 1497/133 2591/1283 2014/652 2452/1112 
f 1678/301 2840/1554 2014/652 2591/1283 
f 1679/303 2589/1281 2014/652 2840/1554 
f 1546/134 2584/1276 2015/653 2548/1234 
f 1547/135 2593/1286 2015/653 2584/1276 
f 1569/141 2594/1287 2015/653 2593/1286 
f 1568/140 2548/1234 2015/653 2594/1287 
f 1547/135 2586/1278 2016/654 2593/1286 
f 1548/136 2595/1288 2016/654 2586/1278 
f 1570/142 2596/1289 2016/654 2595/1288 
f 1569/141 2593/1286 2016/654 2596/1289 
f 1548/136 2588/1280 2017/655 2595/1288 
f 1549/137 2597/1290 2017/655 2588/1280 
f 1571/143 2598/1291 2017/655 2597/1290 
f 1570/142 2595/1288 2017/655 2598/1291 
f 1549/137 2590/1282 2018/656 2597/1290 
f 1550/138 2599/1292 2018/656 2590/1282 
f 1572/144 2600/1293 2018/656 2599/1292 
f 1571/143 2597/1290 2018/656 2600/1293 
f 1550/138 2592/1285 2019/657 2599/1292 
f 1551/139 2601/1294 2019/657 2592/1285 
f 1573/145 2602/1296 2019/657 2601/1294 
f 1572/144 2599/1292 2019/657 2602/1296 
f 1568/140 2594/1287 2020/658 2561/1249 
f 1569/141 2603/1297 2020/658 2594/1287 
f 1662/282 2793/1503 2020/658 2603/1297 
f 1663/284 2561/1249 2020/658 2793/1503 
f 1569/141 2596/1289 2021/659 2603/1297 
f 1570/142 2605/1299 2021/659 2596/1289 
f 1661/281 2794/1504 2021/659 2605/1299 
f 1662/282 2603/1297 2021/659 2794/1504 
f 1570/142 2598/1291 2022/660 2605/1299 
f 1571/143 2607/1301 2022/660 2598/1291 
f 1660/280 2795/1505 2022/660 2607/1301 
f 1661/281 2605/1299 2022/660 2795/1505 
f 1571/143 2600/1293 2023/661 2607/1301 
f 1572/144 2609/1303 2023/661 2600/1293 
f 1659/279 2796/1506 2023/661 2609/1303 
f 1660/280 2607/1301 2023/661 2796/1506 
f 1572/144 2602/1296 2024/662 2609/1303 
f 1573/145 2611/1305 2024/662 2602/1296 
f 1658/277 2797/1507 2024/662 2611/1305 
f 1659/279 2609/1303 2024/662 2797/1507 
f 1590/146 2604/1298 2025/663 2574/1264 
f 1591/147 2613/1308 2025/663 2604/1298 
f 1613/153 2614/1309 2025/663 2613/1308 
f 1612/152 2574/1264 2025/663 2614/1309 
f 1591/147 2606/1300 2026/664 2613/1308 
f 1592/148 2615/1310 2026/664 2606/1300 
f 1614/154 2616/1311 2026/664 2615/1310 
f 1613/153 2613/1308 2026/664 2616/1311 
f 1592/148 2608/1302 2027/665 2615/1310 
f 1593/149 2617/1312 2027/665 2608/1302 
f 1615/155 2618/1313 2027/665 2617/1312 
f 1614/154 2615/1310 2027/665 2618/1313 
f 1593/149 2610/1304 2028/666 2617/1312 
f 1594/150 2619/1314 2028/666 2610/1304 
f 1616/156 2620/1315 2028/666 2619/1314 
f 1615/155 2617/1312 2028/666 2620/1315 
f 1594/150 2612/1307 2029/667 2619/1314 
f 1595/151 2621/1316 2029/667 2612/1307 
f 1617/157 2622/1318 2029/667 2621/1316 
f 1616/156 2619/1314 2029/667 2622/1318 
f 1612/152 2614/1309 2030/668 2582/1274 
f 1613/153 2623/1319 2030/668 2614/1309 
f 1730/362 2924/1646 2030/668 2623/1319 
f 1731/364 2582/1274 2030/668 2924/1646 
f 1613/153 2616/1311 2031/669 2623/1319 
f 1614/154 2624/1320 2031/669 2616/1311 
f 1729/361 2925/1647 2031/669 2624/1320 
f 1730/362 2623/1319 2031/669 2925/1647 
f 1614/154 2618/1313 2032/670 2624/1320 
f 1615/155 2625/1321 2032/670 2618/1313 
f 1728/360 2926/1648 2032/670 2625/1321 
f 1729/361 2624/1320 2032/670 2926/1648 
f 1615/155 2620/1315 2033/671 2625/1321 
f 1616/156 2626/1322 2033/671 2620/1315 
f 1727/359 2927/1649 2033/671 2626/1322 
f 1728/360 2625/1321 2033/671 2927/1649 
f 1616/156 2622/1318 2034/672 2626/1322 
f 1617/157 2627/1323 2034/672 2622/1318 
f 1726/357 2928/1650 2034/672 2627/1323 
f 1727/359 2626/1322 2034/672 2928/1650 
f 1497/164 2451/1110 2035/673 2591/1284 
f 1496/165 2628/1325 2035/673 2451/1110 
f 1677/300 2841/1555 2035/673 2628/1325 
f 1678/302 2591/1284 2035/673 2841/1555 
f 1496/165 2449/1107 2036/674 2628/1325 
f 1495/166 2630/1327 2036/674 2449/1107 
f 1676/299 2842/1556 2036/674 2630/1327 
f 1677/300 2628/1325 2036/674 2842/1556 
f 1495/166 2447/1104 2037/675 2630/1327 
f 1494/167 2632/1329 2037/675 2447/1104 
f 1675/298 2843/1557 2037/675 2632/1329 
f 1676/299 2630/1327 2037/675 2843/1557 
f 1494/167 2445/1101 2038/676 2632/1329 
f 1493/168 2634/1331 2038/676 2445/1101 
f 1674/297 2844/1558 2038/676 2634/1331 
f 1675/298 2632/1329 2038/676 2844/1558 
f 1493/168 2443/1098 2039/677 2634/1331 
f 1492/169 2636/1333 2039/677 2443/1098 
f 1673/296 2845/1559 2039/677 2636/1333 
f 1674/297 2634/1331 2039/677 2845/1559 
f 1492/169 2441/1095 2040/678 2636/1333 
f 1491/170 2638/1335 2040/678 2441/1095 
f 1672/294 2846/1560 2040/678 2638/1335 
f 1673/296 2636/1333 2040/678 2846/1560 
f 1551/171 2629/1326 2041/679 2601/1295 
f 1552/172 2640/1338 2041/679 2629/1326 
f 1574/179 2641/1339 2041/679 2640/1338 
f 1573/178 2601/1295 2041/679 2641/1339 
f 1552/172 2631/1328 2042/680 2640/1338 
f 1553/173 2642/1340 2042/680 2631/1328 
f 1575/180 2643/1341 2042/680 2642/1340 
f 1574/179 2640/1338 2042/680 2643/1341 
f 1553/173 2633/1330 2043/681 2642/1340 
f 1554/174 2644/1342 2043/681 2633/1330 
f 1576/181 2645/1343 2043/681 2644/1342 
f 1575/180 2642/1340 2043/681 2645/1343 
f 1554/174 2635/1332 2044/682 2644/1342 
f 1555/175 2646/1344 2044/682 2635/1332 
f 1577/182 2647/1345 2044/682 2646/1344 
f 1576/181 2644/1342 2044/682 2647/1345 
f 1555/175 2637/1334 2045/683 2646/1344 
f 1556/176 2648/1346 2045/683 2637/1334 
f 1578/183 2649/1347 2045/683 2648/1346 
f 1577/182 2646/1344 2045/683 2649/1347 
f 1556/176 2639/1337 2046/684 2648/1346 
f 1557/177 2650/1348 2046/684 2639/1337 
f 1579/184 2651/1350 2046/684 2650/1348 
f 1578/183 2648/1346 2046/684 2651/1350 
f 1573/178 2641/1339 2047/685 2611/1306 
f 1574/179 2652/1351 2047/685 2641/1339 
f 1657/276 2798/1508 2047/685 2652/1351 
f 1658/278 2611/1306 2047/685 2798/1508 
f 1574/179 2643/1341 2048/686 2652/1351 
f 1575/180 2654/1353 2048/686 2643/1341 
f 1656/275 2799/1509 2048/686 2654/1353 
f 1657/276 2652/1351 2048/686 2799/1509 
f 1575/180 2645/1343 2049/687 2654/1353 
f 1576/181 2656/1355 2049/687 2645/1343 
f 1655/274 2800/1510 2049/687 2656/1355 
f 1656/275 2654/1353 2049/687 2800/1510 
f 1576/181 2647/1345 2050/688 2656/1355 
f 1577/182 2658/1357 2050/688 2647/1345 
f 1654/273 2801/1511 2050/688 2658/1357 
f 1655/274 2656/1355 2050/688 2801/1511 
f 1577/182 2649/1347 2051/689 2658/1357 
f 1578/183 2660/1359 2051/689 2649/1347 
f 1653/272 2802/1512 2051/689 2660/1359 
f 1654/273 2658/1357 2051/689 2802/1512 
f 1578/183 2651/1350 2052/690 2660/1359 
f 1579/184 2662/1361 2052/690 2651/1350 
f 1652/270 2803/1513 2052/690 2662/1361 
f 1653/272 2660/1359 2052/690 2803/1513 
f 1595/185 2653/1352 2053/691 2621/1317 
f 1596/186 2664/1364 2053/691 2653/1352 
f 1618/193 2665/1365 2053/691 2664/1364 
f 1617/192 2621/1317 2053/691 2665/1365 
f 1596/186 2655/1354 2054/692 2664/1364 
f 1597/187 2666/1366 2054/692 2655/1354 
f 1619/194 2667/1367 2054/692 2666/1366 
f 1618/193 2664/1364 2054/692 2667/1367 
f 1597/187 2657/1356 2055/693 2666/1366 
f 1598/188 2668/1368 2055/693 2657/1356 
f 1620/195 2669/1369 2055/693 2668/1368 
f 1619/194 2666/1366 2055/693 2669/1369 
f 1598/188 2659/1358 2056/694 2668/1368 
f 1599/189 2670/1370 2056/694 2659/1358 
f 1621/196 2671/1371 2056/694 2670/1370 
f 1620/195 2668/1368 2056/694 2671/1371 
f 1599/189 2661/1360 2057/695 2670/1370 
f 1600/190 2672/1372 2057/695 2661/1360 
f 1622/197 2673/1373 2057/695 2672/1372 
f 1621/196 2670/1370 2057/695 2673/1373 
f 1600/190 2663/1363 2058/696 2672/1372 
f 1601/191 2674/1374 2058/696 2663/1363 
f 1623/198 2675/1376 2058/696 2674/1374 
f 1622/197 2672/1372 2058/696 2675/1376 
f 1617/192 2665/1365 2059/697 2627/1324 
f 1618/193 2676/1377 2059/697 2665/1365 
f 1725/356 2929/1651 2059/697 2676/1377 
f 1726/358 2627/1324 2059/697 2929/1651 
f 1618/193 2667/1367 2060/698 2676/1377 
f 1619/194 2677/1378 2060/698 2667/1367 
f 1724/355 2930/1652 2060/698 2677/1378 
f 1725/356 2676/1377 2060/698 2930/1652 
f 1619/194 2669/1369 2061/699 2677/1378 
f 1620/195 2678/1379 2061/699 2669/1369 
f 1723/354 2931/1653 2061/699 2678/1379 
f 1724/355 2677/1378 2061/699 2931/1653 
f 1620/195 2671/1371 2062/700 2678/1379 
f 1621/196 2679/1380 2062/700 2671/1371 
f 1722/353 2932/1654 2062/700 2679/1380 
f 1723/354 2678/1379 2062/700 2932/1654 
f 1621/196 2673/1373 2063/701 2679/1380 
f 1622/197 2680/1381 2063/701 2673/1373 
f 1721/352 2933/1655 2063/701 2680/1381 
f 1722/353 2679/1380 2063/701 2933/1655 
f 1622/197 2675/1376 2064/702 2680/1381 
f 1623/198 2681/1382 2064/702 2675/1376 
f 1720/350 2934/1656 2064/702 2681/1382 
f 1721/352 2680/1381 2064/702 2934/1656 
f 1491/206 2440/1093 2065/703 2638/1336 
f 1484/207 2682/1384 2065/703 2440/1093 
f 1693/319 2847/1561 2065/703 2682/1384 
f 1672/295 2638/1336 2065/703 2847/1561 
f 1484/207 2427/1078 2066/704 2682/1384 
f 1477/208 2684/1386 2066/704 2427/1078 
f 1692/318 2848/1562 2066/704 2684/1386 
f 1693/319 2682/1384 2066/704 2848/1562 
f 1477/208 2414/1063 2067/705 2684/1386 
f 1470/209 2686/1388 2067/705 2414/1063 
f 1691/317 2849/1563 2067/705 2686/1388 
f 1692/318 2684/1386 2067/705 2849/1563 
f 1470/209 2401/1048 2068/706 2686/1388 
f 1463/210 2688/1390 2068/706 2401/1048 
f 1690/316 2850/1564 2068/706 2688/1390 
f 1691/317 2686/1388 2068/706 2850/1564 
f 1463/210 2382/1021 2069/707 2688/1390 
f 1456/211 2826/1540 2069/707 2382/1021 
f 1689/315 2851/1565 2069/707 2826/1540 
f 1690/316 2688/1390 2069/707 2851/1565 
f 1557/212 2683/1385 2070/708 2650/1349 
f 1558/213 2691/1393 2070/708 2683/1385 
f 1580/219 2692/1394 2070/708 2691/1393 
f 1579/218 2650/1349 2070/708 2692/1394 
f 1558/213 2685/1387 2071/709 2691/1393 
f 1559/214 2693/1395 2071/709 2685/1387 
f 1581/220 2694/1396 2071/709 2693/1395 
f 1580/219 2691/1393 2071/709 2694/1396 
f 1559/214 2687/1389 2072/710 2693/1395 
f 1560/215 2695/1397 2072/710 2687/1389 
f 1582/221 2696/1398 2072/710 2695/1397 
f 1581/220 2693/1395 2072/710 2696/1398 
f 1560/215 2689/1391 2073/711 2695/1397 
f 1561/216 2697/1399 2073/711 2689/1391 
f 1583/222 2698/1400 2073/711 2697/1399 
f 1582/221 2695/1397 2073/711 2698/1400 
f 1561/216 2690/1392 2074/712 2697/1399 
f 1540/217 2539/1224 2074/712 2690/1392 
f 1562/223 2699/1401 2074/712 2539/1224 
f 1583/222 2697/1399 2074/712 2699/1401 
f 1579/218 2692/1394 2075/713 2662/1362 
f 1580/219 2700/1402 2075/713 2692/1394 
f 1651/269 2804/1514 2075/713 2700/1402 
f 1652/271 2662/1362 2075/713 2804/1514 
f 1580/219 2694/1396 2076/714 2700/1402 
f 1581/220 2702/1404 2076/714 2694/1396 
f 1650/268 2805/1515 2076/714 2702/1404 
f 1651/269 2700/1402 2076/714 2805/1515 
f 1581/220 2696/1398 2077/715 2702/1404 
f 1582/221 2704/1406 2077/715 2696/1398 
f 1671/293 2806/1516 2077/715 2704/1406 
f 1650/268 2702/1404 2077/715 2806/1516 
f 1582/221 2698/1400 2078/716 2704/1406 
f 1583/222 2706/1408 2078/716 2698/1400 
f 1670/292 2807/1517 2078/716 2706/1408 
f 1671/293 2704/1406 2078/716 2807/1517 
f 1583/222 2699/1401 2079/717 2706/1408 
f 1562/223 2784/1494 2079/717 2699/1401 
f 1669/291 2808/1518 2079/717 2784/1494 
f 1670/292 2706/1408 2079/717 2808/1518 
f 1601/224 2701/1403 2080/718 2674/1375 
f 1602/225 2709/1411 2080/718 2701/1403 
f 1624/231 2710/1412 2080/718 2709/1411 
f 1623/230 2674/1375 2080/718 2710/1412 
f 1602/225 2703/1405 2081/719 2709/1411 
f 1603/226 2711/1413 2081/719 2703/1405 
f 1625/232 2712/1414 2081/719 2711/1413 
f 1624/231 2709/1411 2081/719 2712/1414 
f 1603/226 2705/1407 2082/720 2711/1413 
f 1604/227 2713/1415 2082/720 2705/1407 
f 1626/233 2714/1416 2082/720 2713/1415 
f 1625/232 2711/1413 2082/720 2714/1416 
f 1604/227 2707/1409 2083/721 2713/1415 
f 1605/228 2715/1417 2083/721 2707/1409 
f 1627/234 2716/1418 2083/721 2715/1417 
f 1626/233 2713/1415 2083/721 2716/1418 
f 1605/228 2708/1410 2084/722 2715/1417 
f 1584/229 2565/1254 2084/722 2708/1410 
f 1606/235 2717/1419 2084/722 2565/1254 
f 1627/234 2715/1417 2084/722 2717/1419 
f 1623/230 2710/1412 2085/723 2681/1383 
f 1624/231 2718/1420 2085/723 2710/1412 
f 1719/349 2935/1657 2085/723 2718/1420 
f 1720/351 2681/1383 2085/723 2935/1657 
f 1624/231 2712/1414 2086/724 2718/1420 
f 1625/232 2719/1421 2086/724 2712/1414 
f 1718/348 2936/1658 2086/724 2719/1421 
f 1719/349 2718/1420 2086/724 2936/1658 
f 1625/232 2714/1416 2087/725 2719/1421 
f 1626/233 2720/1422 2087/725 2714/1416 
f 1717/347 2937/1659 2087/725 2720/1422 
f 1718/348 2719/1421 2087/725 2937/1659 
f 1626/233 2716/1418 2088/726 2720/1422 
f 1627/234 2721/1423 2088/726 2716/1418 
f 1716/346 2938/1660 2088/726 2721/1423 
f 1717/347 2720/1422 2088/726 2938/1660 
f 1627/234 2717/1419 2089/727 2721/1423 
f 1606/235 2917/1639 2089/727 2717/1419 
f 1737/371 2939/1661 2089/727 2917/1639 
f 1716/346 2721/1423 2089/727 2939/1661 
f 1646/263 2739/1444 2090/728 2743/1449 
f 1585/108 2551/1237 2090/728 2739/1444 
f 1584/107 2552/1239 2090/728 2551/1237 
f 1647/264 2743/1449 2090/728 2552/1239 
f 1645/262 2738/1443 2091/729 2744/1450 
f 1586/109 2554/1241 2091/729 2738/1443 
f 1585/108 2739/1444 2091/729 2554/1241 
f 1646/263 2744/1450 2091/729 2739/1444 
f 1644/261 2737/1442 2092/730 2745/1451 
f 1587/110 2556/1243 2092/730 2737/1442 
f 1586/109 2738/1443 2092/730 2556/1243 
f 1645/262 2745/1451 2092/730 2738/1443 
f 1643/260 2736/1441 2093/731 2746/1452 
f 1588/111 2558/1245 2093/731 2736/1441 
f 1587/110 2737/1442 2093/731 2558/1245 
f 1644/261 2746/1452 2093/731 2737/1442 
f 1642/259 2735/1440 2094/732 2747/1453 
f 1589/112 2560/1247 2094/732 2735/1440 
f 1588/111 2736/1441 2094/732 2560/1247 
f 1643/260 2747/1453 2094/732 2736/1441 
f 1641/257 2734/1439 2095/733 2748/1454 
f 1590/113 2562/1250 2095/733 2734/1439 
f 1589/112 2735/1440 2095/733 2562/1250 
f 1642/259 2748/1454 2095/733 2735/1440 
f 1887/525 3237/1963 2096/734 3236/1962 
f 1884/522 3234/1960 2096/734 3237/1963 
f 1885/523 3235/1961 2096/734 3234/1960 
f 1886/524 3236/1962 2096/734 3235/1961 
f 1639/255 2732/1436 2097/735 2750/1456 
f 1592/148 2606/1300 2097/735 2732/1436 
f 1591/147 2733/1437 2097/735 2606/1300 
f 1640/256 2750/1456 2097/735 2733/1437 
f 1636/251 2729/1433 2098/736 2753/1459 
f 1595/151 2612/1307 2098/736 2729/1433 
f 1594/150 2730/1434 2098/736 2612/1307 
f 1637/253 2753/1459 2098/736 2730/1434 
f 1883/521 3229/1955 2099/737 3228/1954 
f 1880/518 3226/1952 2099/737 3229/1955 
f 1881/519 3227/1953 2099/737 3226/1952 
f 1882/520 3228/1954 2099/737 3227/1953 
f 1634/249 2727/1430 2100/738 2755/1461 
f 1597/187 2655/1354 2100/738 2727/1430 
f 1596/186 2728/1431 2100/738 2655/1354 
f 1635/250 2755/1461 2100/738 2728/1431 
f 1633/248 2726/1429 2101/739 2756/1462 
f 1598/188 2657/1356 2101/739 2726/1429 
f 1597/187 2727/1430 2101/739 2657/1356 
f 1634/249 2756/1462 2101/739 2727/1430 
f 1632/247 2725/1428 2102/740 2757/1463 
f 1599/189 2659/1358 2102/740 2725/1428 
f 1598/188 2726/1429 2102/740 2659/1358 
f 1633/248 2757/1463 2102/740 2726/1429 
f 1631/246 2724/1427 2103/741 2758/1464 
f 1600/190 2661/1360 2103/741 2724/1427 
f 1599/189 2725/1428 2103/741 2661/1360 
f 1632/247 2758/1464 2103/741 2725/1428 
f 1843/481 3149/1875 2104/742 3148/1874 
f 1840/478 3146/1872 2104/742 3149/1875 
f 1841/479 3147/1873 2104/742 3146/1872 
f 1842/480 3148/1874 2104/742 3147/1873 
f 1629/243 2722/1424 2105/743 2760/1466 
f 1602/225 2701/1403 2105/743 2722/1424 
f 1601/224 2723/1426 2105/743 2701/1403 
f 1630/245 2760/1466 2105/743 2723/1426 
f 1648/266 2741/1447 2106/744 2763/1469 
f 1605/228 2707/1409 2106/744 2741/1447 
f 1604/227 2742/1448 2106/744 2707/1409 
f 1649/267 2763/1469 2106/744 2742/1448 
f 1844/482 3154/1880 2107/745 3157/1883 
f 1845/483 3155/1881 2107/745 3154/1880 
f 1846/484 3156/1882 2107/745 3155/1881 
f 1847/485 3157/1883 2107/745 3156/1882 
f 1668/289 2783/1492 2108/746 2787/1497 
f 1646/263 2743/1449 2108/746 2783/1492 
f 1647/264 2740/1445 2108/746 2743/1449 
f 1669/290 2787/1497 2108/746 2740/1445 
f 1667/288 2782/1491 2109/747 2788/1498 
f 1645/262 2744/1450 2109/747 2782/1491 
f 1646/263 2783/1492 2109/747 2744/1450 
f 1668/289 2788/1498 2109/747 2783/1492 
f 1666/287 2781/1490 2110/748 2789/1499 
f 1644/261 2745/1451 2110/748 2781/1490 
f 1645/262 2782/1491 2110/748 2745/1451 
f 1667/288 2789/1499 2110/748 2782/1491 
f 1665/286 2780/1489 2111/749 2790/1500 
f 1643/260 2746/1452 2111/749 2780/1489 
f 1644/261 2781/1490 2111/749 2746/1452 
f 1666/287 2790/1500 2111/749 2781/1490 
f 1664/285 2779/1488 2112/750 2791/1501 
f 1642/259 2747/1453 2112/750 2779/1488 
f 1643/260 2780/1489 2112/750 2747/1453 
f 1665/286 2791/1501 2112/750 2780/1489 
f 1663/283 2778/1486 2113/751 2792/1502 
f 1641/257 2748/1454 2113/751 2778/1486 
f 1642/259 2779/1488 2113/751 2748/1454 
f 1664/285 2792/1502 2113/751 2779/1488 
f 1662/282 2777/1485 2114/752 2793/1503 
f 1640/256 2749/1455 2114/752 2777/1485 
f 1641/258 2778/1487 2114/752 2749/1455 
f 1663/284 2793/1503 2114/752 2778/1487 
f 1661/281 2776/1484 2115/753 2794/1504 
f 1639/255 2750/1456 2115/753 2776/1484 
f 1640/256 2777/1485 2115/753 2750/1456 
f 1662/282 2794/1504 2115/753 2777/1485 
f 1660/280 2775/1483 2116/754 2795/1505 
f 1638/254 2751/1457 2116/754 2775/1483 
f 1639/255 2776/1484 2116/754 2751/1457 
f 1661/281 2795/1505 2116/754 2776/1484 
f 1659/279 2774/1482 2117/755 2796/1506 
f 1637/253 2752/1458 2117/755 2774/1482 
f 1638/254 2775/1483 2117/755 2752/1458 
f 1660/280 2796/1506 2117/755 2775/1483 
f 1658/277 2773/1480 2118/756 2797/1507 
f 1636/251 2753/1459 2118/756 2773/1480 
f 1637/253 2774/1482 2118/756 2753/1459 
f 1659/279 2797/1507 2118/756 2774/1482 
f 1657/276 2772/1479 2119/757 2798/1508 
f 1635/250 2754/1460 2119/757 2772/1479 
f 1636/252 2773/1481 2119/757 2754/1460 
f 1658/278 2798/1508 2119/757 2773/1481 
f 1656/275 2771/1478 2120/758 2799/1509 
f 1634/249 2755/1461 2120/758 2771/1478 
f 1635/250 2772/1479 2120/758 2755/1461 
f 1657/276 2799/1509 2120/758 2772/1479 
f 1655/274 2770/1477 2121/759 2800/1510 
f 1633/248 2756/1462 2121/759 2770/1477 
f 1634/249 2771/1478 2121/759 2756/1462 
f 1656/275 2800/1510 2121/759 2771/1478 
f 1654/273 2769/1476 2122/760 2801/1511 
f 1632/247 2757/1463 2122/760 2769/1476 
f 1633/248 2770/1477 2122/760 2757/1463 
f 1655/274 2801/1511 2122/760 2770/1477 
f 1653/272 2768/1475 2123/761 2802/1512 
f 1631/246 2758/1464 2123/761 2768/1475 
f 1632/247 2769/1476 2123/761 2758/1464 
f 1654/273 2802/1512 2123/761 2769/1476 
f 1652/270 2767/1473 2124/762 2803/1513 
f 1630/244 2759/1465 2124/762 2767/1473 
f 1631/246 2768/1475 2124/762 2759/1465 
f 1653/272 2803/1513 2124/762 2768/1475 
f 1651/269 2766/1472 2125/763 2804/1514 
f 1629/243 2760/1466 2125/763 2766/1472 
f 1630/245 2767/1474 2125/763 2760/1466 
f 1652/271 2804/1514 2125/763 2767/1474 
f 1650/268 2765/1471 2126/764 2805/1515 
f 1628/242 2761/1467 2126/764 2765/1471 
f 1629/243 2766/1472 2126/764 2761/1467 
f 1651/269 2805/1515 2126/764 2766/1472 
f 1671/293 2786/1496 2127/765 2806/1516 
f 1649/267 2762/1468 2127/765 2786/1496 
f 1628/242 2765/1471 2127/765 2762/1468 
f 1650/268 2806/1516 2127/765 2765/1471 
f 1670/292 2785/1495 2128/766 2807/1517 
f 1648/266 2763/1469 2128/766 2785/1495 
f 1649/267 2786/1496 2128/766 2763/1469 
f 1671/293 2807/1517 2128/766 2786/1496 
f 1669/291 2740/1446 2129/767 2808/1518 
f 1647/265 2764/1470 2129/767 2740/1446 
f 1648/266 2785/1495 2129/767 2764/1470 
f 1670/292 2808/1518 2129/767 2785/1495 
f 1688/313 2825/1538 2130/768 2830/1544 
f 1710/339 2874/1592 2130/768 2825/1538 
f 1711/340 2869/1587 2130/768 2874/1592 
f 1689/314 2830/1544 2130/768 2869/1587 
f 1687/312 2824/1537 2131/769 2831/1545 
f 1709/338 2875/1593 2131/769 2824/1537 
f 1710/339 2825/1538 2131/769 2875/1593 
f 1688/313 2831/1545 2131/769 2825/1538 
f 1686/311 2823/1536 2132/770 2832/1546 
f 1708/337 2876/1594 2132/770 2823/1536 
f 1709/338 2824/1537 2132/770 2876/1594 
f 1687/312 2832/1546 2132/770 2824/1537 
f 1685/310 2822/1535 2133/771 2833/1547 
f 1707/336 2877/1595 2133/771 2822/1535 
f 1708/337 2823/1536 2133/771 2877/1595 
f 1686/311 2833/1547 2133/771 2823/1536 
f 1684/309 2821/1534 2134/772 2834/1548 
f 1706/335 2878/1596 2134/772 2821/1534 
f 1707/336 2822/1535 2134/772 2878/1596 
f 1685/310 2834/1548 2134/772 2822/1535 
f 1683/307 2820/1533 2135/773 2835/1549 
f 1705/333 2879/1597 2135/773 2820/1533 
f 1706/335 2821/1534 2135/773 2879/1597 
f 1684/309 2835/1549 2135/773 2821/1534 
f 1760/398 2986/1712 2136/774 2989/1715 
f 1761/399 2987/1713 2136/774 2986/1712 
f 1762/400 2988/1714 2136/774 2987/1713 
f 1763/401 2989/1715 2136/774 2988/1714 
f 1681/305 2818/1530 2137/775 2837/1551 
f 1703/331 2881/1599 2137/775 2818/1530 
f 1704/332 2819/1531 2137/775 2881/1599 
f 1682/306 2837/1551 2137/775 2819/1531 
f 1678/301 2815/1527 2138/776 2840/1554 
f 1700/327 2884/1602 2138/776 2815/1527 
f 1701/329 2816/1528 2138/776 2884/1602 
f 1679/303 2840/1554 2138/776 2816/1528 
f 1800/438 3066/1792 2139/777 3069/1795 
f 1801/439 3067/1793 2139/777 3066/1792 
f 1802/440 3068/1794 2139/777 3067/1793 
f 1803/441 3069/1795 2139/777 3068/1794 
f 1676/299 2813/1524 2140/778 2842/1556 
f 1698/325 2886/1604 2140/778 2813/1524 
f 1699/326 2814/1525 2140/778 2886/1604 
f 1677/300 2842/1556 2140/778 2814/1525 
f 1675/298 2812/1523 2141/779 2843/1557 
f 1697/324 2887/1605 2141/779 2812/1523 
f 1698/325 2813/1524 2141/779 2887/1605 
f 1676/299 2843/1557 2141/779 2813/1524 
f 1674/297 2811/1522 2142/780 2844/1558 
f 1696/323 2888/1606 2142/780 2811/1522 
f 1697/324 2812/1523 2142/780 2888/1606 
f 1675/298 2844/1558 2142/780 2812/1523 
f 1673/296 2810/1521 2143/781 2845/1559 
f 1695/322 2889/1607 2143/781 2810/1521 
f 1696/323 2811/1522 2143/781 2889/1607 
f 1674/297 2845/1559 2143/781 2811/1522 
f 1804/442 3074/1800 2144/782 3077/1803 
f 1805/443 3075/1801 2144/782 3074/1800 
f 1806/444 3076/1802 2144/782 3075/1801 
f 1807/445 3077/1803 2144/782 3076/1802 
f 1693/319 2829/1543 2145/783 2847/1561 
f 1715/345 2891/1609 2145/783 2829/1543 
f 1694/321 2809/1520 2145/783 2891/1609 
f 1672/295 2847/1561 2145/783 2809/1520 
f 1690/316 2827/1541 2146/784 2850/1564 
f 1712/342 2894/1612 2146/784 2827/1541 
f 1713/343 2828/1542 2146/784 2894/1612 
f 1691/317 2850/1564 2146/784 2828/1542 
f 1766/404 2996/1722 2147/785 2995/1721 
f 1767/405 2997/1723 2147/785 2996/1722 
f 1764/402 2994/1720 2147/785 2997/1723 
f 1765/403 2995/1721 2147/785 2994/1720 
f 1710/339 2868/1585 2148/786 2874/1592 
f 1541/94 2525/1207 2148/786 2868/1585 
f 1540/93 2526/1208 2148/786 2525/1207 
f 1711/340 2874/1592 2148/786 2526/1208 
f 1709/338 2867/1584 2149/787 2875/1593 
f 1542/95 2528/1211 2149/787 2867/1584 
f 1541/94 2868/1585 2149/787 2528/1211 
f 1710/339 2875/1593 2149/787 2868/1585 
f 1708/337 2866/1583 2150/788 2876/1594 
f 1543/96 2530/1213 2150/788 2866/1583 
f 1542/95 2867/1584 2150/788 2530/1213 
f 1709/338 2876/1594 2150/788 2867/1584 
f 1707/336 2865/1582 2151/789 2877/1595 
f 1544/97 2532/1215 2151/789 2865/1582 
f 1543/96 2866/1583 2151/789 2532/1215 
f 1708/337 2877/1595 2151/789 2866/1583 
f 1706/335 2864/1581 2152/790 2878/1596 
f 1545/98 2534/1217 2152/790 2864/1581 
f 1544/97 2865/1582 2152/790 2534/1217 
f 1707/336 2878/1596 2152/790 2865/1582 
f 1705/333 2863/1579 2153/791 2879/1597 
f 1546/99 2536/1220 2153/791 2863/1579 
f 1545/98 2864/1581 2153/791 2536/1220 
f 1706/335 2879/1597 2153/791 2864/1581 
f 1704/332 2862/1578 2154/792 2880/1598 
f 1547/135 2584/1276 2154/792 2862/1578 
f 1546/134 2863/1580 2154/792 2584/1276 
f 1705/334 2880/1598 2154/792 2863/1580 
f 1703/331 2861/1577 2155/793 2881/1599 
f 1548/136 2586/1278 2155/793 2861/1577 
f 1547/135 2862/1578 2155/793 2586/1278 
f 1704/332 2881/1599 2155/793 2862/1578 
f 1702/330 2860/1576 2156/794 2882/1600 
f 1549/137 2588/1280 2156/794 2860/1576 
f 1548/136 2861/1577 2156/794 2588/1280 
f 1703/331 2882/1600 2156/794 2861/1577 
f 1701/329 2859/1575 2157/795 2883/1601 
f 1550/138 2590/1282 2157/795 2859/1575 
f 1549/137 2860/1576 2157/795 2590/1282 
f 1702/330 2883/1601 2157/795 2860/1576 
f 1700/327 2858/1573 2158/796 2884/1602 
f 1551/139 2592/1285 2158/796 2858/1573 
f 1550/138 2859/1575 2158/796 2592/1285 
f 1701/329 2884/1602 2158/796 2859/1575 
f 1699/326 2857/1572 2159/797 2885/1603 
f 1552/172 2629/1326 2159/797 2857/1572 
f 1551/171 2858/1574 2159/797 2629/1326 
f 1700/328 2885/1603 2159/797 2858/1574 
f 1698/325 2856/1571 2160/798 2886/1604 
f 1553/173 2631/1328 2160/798 2856/1571 
f 1552/172 2857/1572 2160/798 2631/1328 
f 1699/326 2886/1604 2160/798 2857/1572 
f 1697/324 2855/1570 2161/799 2887/1605 
f 1554/174 2633/1330 2161/799 2855/1570 
f 1553/173 2856/1571 2161/799 2633/1330 
f 1698/325 2887/1605 2161/799 2856/1571 
f 1696/323 2854/1569 2162/800 2888/1606 
f 1555/175 2635/1332 2162/800 2854/1569 
f 1554/174 2855/1570 2162/800 2635/1332 
f 1697/324 2888/1606 2162/800 2855/1570 
f 1695/322 2853/1568 2163/801 2889/1607 
f 1556/176 2637/1334 2163/801 2853/1568 
f 1555/175 2854/1569 2163/801 2637/1334 
f 1696/323 2889/1607 2163/801 2854/1569 
f 1694/320 2852/1566 2164/802 2890/1608 
f 1557/177 2639/1337 2164/802 2852/1566 
f 1556/176 2853/1568 2164/802 2639/1337 
f 1695/322 2890/1608 2164/802 2853/1568 
f 1715/345 2873/1591 2165/803 2891/1609 
f 1558/213 2683/1385 2165/803 2873/1591 
f 1557/212 2852/1567 2165/803 2683/1385 
f 1694/321 2891/1609 2165/803 2852/1567 
f 1714/344 2872/1590 2166/804 2892/1610 
f 1559/214 2685/1387 2166/804 2872/1590 
f 1558/213 2873/1591 2166/804 2685/1387 
f 1715/345 2892/1610 2166/804 2873/1591 
f 1713/343 2871/1589 2167/805 2893/1611 
f 1560/215 2687/1389 2167/805 2871/1589 
f 1559/214 2872/1590 2167/805 2687/1389 
f 1714/344 2893/1611 2167/805 2872/1590 
f 1712/342 2870/1588 2168/806 2894/1612 
f 1561/216 2689/1391 2168/806 2870/1588 
f 1560/215 2871/1589 2168/806 2689/1391 
f 1713/343 2894/1612 2168/806 2871/1589 
f 1711/341 2526/1209 2169/807 2895/1613 
f 1540/217 2690/1392 2169/807 2526/1209 
f 1561/216 2870/1588 2169/807 2690/1392 
f 1712/342 2895/1613 2169/807 2870/1588 
f 1736/369 2916/1637 2170/808 2918/1640 
f 1758/395 2962/1688 2170/808 2916/1637 
f 1759/396 2961/1686 2170/808 2962/1688 
f 1737/370 2918/1640 2170/808 2961/1686 
f 1735/368 2915/1636 2171/809 2919/1641 
f 1757/394 2963/1689 2171/809 2915/1636 
f 1758/395 2916/1637 2171/809 2963/1689 
f 1736/369 2919/1641 2171/809 2916/1637 
f 1734/367 2914/1635 2172/810 2920/1642 
f 1756/393 2964/1690 2172/810 2914/1635 
f 1757/394 2915/1636 2172/810 2964/1690 
f 1735/368 2920/1642 2172/810 2915/1636 
f 1733/366 2913/1634 2173/811 2921/1643 
f 1755/392 2965/1691 2173/811 2913/1634 
f 1756/393 2914/1635 2173/811 2965/1691 
f 1734/367 2921/1643 2173/811 2914/1635 
f 1732/365 2912/1633 2174/812 2922/1644 
f 1754/391 2966/1692 2174/812 2912/1633 
f 1755/392 2913/1634 2174/812 2966/1692 
f 1733/366 2922/1644 2174/812 2913/1634 
f 1731/363 2911/1631 2175/813 2923/1645 
f 1753/389 2967/1693 2175/813 2911/1631 
f 1754/391 2912/1633 2175/813 2967/1693 
f 1732/365 2923/1645 2175/813 2912/1633 
f 1730/362 2910/1630 2176/814 2924/1646 
f 1752/388 2968/1694 2176/814 2910/1630 
f 1753/390 2911/1632 2176/814 2968/1694 
f 1731/364 2924/1646 2176/814 2911/1632 
f 1729/361 2909/1629 2177/815 2925/1647 
f 1751/387 2969/1695 2177/815 2909/1629 
f 1752/388 2910/1630 2177/815 2969/1695 
f 1730/362 2925/1647 2177/815 2910/1630 
f 1728/360 2908/1628 2178/816 2926/1648 
f 1750/386 2970/1696 2178/816 2908/1628 
f 1751/387 2909/1629 2178/816 2970/1696 
f 1729/361 2926/1648 2178/816 2909/1629 
f 1727/359 2907/1627 2179/817 2927/1649 
f 1749/385 2971/1697 2179/817 2907/1627 
f 1750/386 2908/1628 2179/817 2971/1697 
f 1728/360 2927/1649 2179/817 2908/1628 
f 1726/357 2906/1625 2180/818 2928/1650 
f 1748/383 2972/1698 2180/818 2906/1625 
f 1749/385 2907/1627 2180/818 2972/1698 
f 1727/359 2928/1650 2180/818 2907/1627 
f 1725/356 2905/1624 2181/819 2929/1651 
f 1747/382 2973/1699 2181/819 2905/1624 
f 1748/384 2906/1626 2181/819 2973/1699 
f 1726/358 2929/1651 2181/819 2906/1626 
f 1724/355 2904/1623 2182/820 2930/1652 
f 1746/381 2974/1700 2182/820 2904/1623 
f 1747/382 2905/1624 2182/820 2974/1700 
f 1725/356 2930/1652 2182/820 2905/1624 
f 1723/354 2903/1622 2183/821 2931/1653 
f 1745/380 2975/1701 2183/821 2903/1622 
f 1746/381 2904/1623 2183/821 2975/1701 
f 1724/355 2931/1653 2183/821 2904/1623 
f 1722/353 2902/1621 2184/822 2932/1654 
f 1744/379 2976/1702 2184/822 2902/1621 
f 1745/380 2903/1622 2184/822 2976/1702 
f 1723/354 2932/1654 2184/822 2903/1622 
f 1721/352 2901/1620 2185/823 2933/1655 
f 1743/378 2977/1703 2185/823 2901/1620 
f 1744/379 2902/1621 2185/823 2977/1703 
f 1722/353 2933/1655 2185/823 2902/1621 
f 1720/350 2900/1618 2186/824 2934/1656 
f 1742/376 2978/1704 2186/824 2900/1618 
f 1743/378 2901/1620 2186/824 2978/1704 
f 1721/352 2934/1656 2186/824 2901/1620 
f 1719/349 2899/1617 2187/825 2935/1657 
f 1741/375 2979/1705 2187/825 2899/1617 
f 1742/377 2900/1619 2187/825 2979/1705 
f 1720/351 2935/1657 2187/825 2900/1619 
f 1718/348 2898/1616 2188/826 2936/1658 
f 1740/374 2980/1706 2188/826 2898/1616 
f 1741/375 2899/1617 2188/826 2980/1706 
f 1719/349 2936/1658 2188/826 2899/1617 
f 1717/347 2897/1615 2189/827 2937/1659 
f 1739/373 2981/1707 2189/827 2897/1615 
f 1740/374 2898/1616 2189/827 2981/1707 
f 1718/348 2937/1659 2189/827 2898/1616 
f 1716/346 2896/1614 2190/828 2938/1660 
f 1738/372 2982/1708 2190/828 2896/1614 
f 1739/373 2897/1615 2190/828 2982/1708 
f 1717/347 2938/1660 2190/828 2897/1615 
f 1737/371 2961/1687 2191/829 2939/1661 
f 1759/397 2983/1709 2191/829 2961/1687 
f 1738/372 2896/1614 2191/829 2983/1709 
f 1716/346 2939/1661 2191/829 2896/1614 
f 1758/395 2960/1685 2192/830 2962/1688 
f 1499/122 2453/1114 2192/830 2960/1685 
f 1498/121 2577/1267 2192/830 2453/1114 
f 1759/396 2962/1688 2192/830 2577/1267 
f 1757/394 2959/1684 2193/831 2963/1689 
f 1500/123 2457/1120 2193/831 2959/1684 
f 1499/122 2960/1685 2193/831 2457/1120 
f 1758/395 2963/1689 2193/831 2960/1685 
f 1756/393 2958/1683 2194/832 2964/1690 
f 1501/124 2460/1124 2194/832 2958/1683 
f 1500/123 2959/1684 2194/832 2460/1124 
f 1757/394 2964/1690 2194/832 2959/1684 
f 1755/392 2957/1682 2195/833 2965/1691 
f 1502/125 2463/1128 2195/833 2957/1682 
f 1501/124 2958/1683 2195/833 2463/1128 
f 1756/393 2965/1691 2195/833 2958/1683 
f 1754/391 2956/1681 2196/834 2966/1692 
f 1503/126 2466/1132 2196/834 2956/1681 
f 1502/125 2957/1682 2196/834 2466/1132 
f 1755/392 2966/1692 2196/834 2957/1682 
f 1753/389 2955/1679 2197/835 2967/1693 
f 1504/127 2469/1136 2197/835 2955/1679 
f 1503/126 2956/1681 2197/835 2469/1136 
f 1754/391 2967/1693 2197/835 2956/1681 
f 1752/388 2954/1678 2198/836 2968/1694 
f 1511/159 2470/1138 2198/836 2954/1678 
f 1504/158 2955/1680 2198/836 2470/1138 
f 1753/390 2968/1694 2198/836 2955/1680 
f 1751/387 2953/1677 2199/837 2969/1695 
f 1518/160 2483/1153 2199/837 2953/1677 
f 1511/159 2954/1678 2199/837 2483/1153 
f 1752/388 2969/1695 2199/837 2954/1678 
f 1750/386 2952/1676 2200/838 2970/1696 
f 1525/161 2496/1168 2200/838 2952/1676 
f 1518/160 2953/1677 2200/838 2496/1168 
f 1751/387 2970/1696 2200/838 2953/1677 
f 1749/385 2951/1675 2201/839 2971/1697 
f 1532/162 2509/1183 2201/839 2951/1675 
f 1525/161 2952/1676 2201/839 2509/1183 
f 1750/386 2971/1697 2201/839 2952/1676 
f 1748/383 2950/1673 2202/840 2972/1698 
f 1539/163 2522/1203 2202/840 2950/1673 
f 1532/162 2951/1675 2202/840 2522/1203 
f 1749/385 2972/1698 2202/840 2951/1675 
f 1747/382 2949/1672 2203/841 2973/1699 
f 1538/200 2523/1205 2203/841 2949/1672 
f 1539/199 2950/1674 2203/841 2523/1205 
f 1748/384 2973/1699 2203/841 2950/1674 
f 1746/381 2948/1671 2204/842 2974/1700 
f 1537/201 2521/1201 2204/842 2948/1671 
f 1538/200 2949/1672 2204/842 2521/1201 
f 1747/382 2974/1700 2204/842 2949/1672 
f 1745/380 2947/1670 2205/843 2975/1701 
f 1536/202 2519/1198 2205/843 2947/1670 
f 1537/201 2948/1671 2205/843 2519/1198 
f 1746/381 2975/1701 2205/843 2948/1671 
f 1744/379 2946/1669 2206/844 2976/1702 
f 1535/203 2517/1195 2206/844 2946/1669 
f 1536/202 2947/1670 2206/844 2517/1195 
f 1745/380 2976/1702 2206/844 2947/1670 
f 1743/378 2945/1668 2207/845 2977/1703 
f 1534/204 2515/1192 2207/845 2945/1668 
f 1535/203 2946/1669 2207/845 2515/1192 
f 1744/379 2977/1703 2207/845 2946/1669 
f 1742/376 2944/1666 2208/846 2978/1704 
f 1533/205 2512/1187 2208/846 2944/1666 
f 1534/204 2945/1668 2208/846 2512/1187 
f 1743/378 2978/1704 2208/846 2945/1668 
f 1741/375 2943/1665 2209/847 2979/1705 
f 1526/237 2513/1189 2209/847 2943/1665 
f 1533/236 2944/1667 2209/847 2513/1189 
f 1742/377 2979/1705 2209/847 2944/1667 
f 1740/374 2942/1664 2210/848 2980/1706 
f 1519/238 2500/1173 2210/848 2942/1664 
f 1526/237 2943/1665 2210/848 2500/1173 
f 1741/375 2980/1706 2210/848 2943/1665 
f 1739/373 2941/1663 2211/849 2981/1707 
f 1512/239 2487/1158 2211/849 2941/1663 
f 1519/238 2942/1664 2211/849 2487/1158 
f 1740/374 2981/1707 2211/849 2942/1664 
f 1738/372 2940/1662 2212/850 2982/1708 
f 1505/240 2474/1143 2212/850 2940/1662 
f 1512/239 2941/1663 2212/850 2474/1143 
f 1739/373 2982/1708 2212/850 2941/1663 
f 1759/397 2577/1268 2213/851 2983/1709 
f 1498/241 2456/1118 2213/851 2577/1268 
f 1505/240 2940/1662 2213/851 2456/1118 
f 1738/372 2983/1709 2213/851 2940/1662 
f 1638/254 2731/1435 2214/852 2751/1457 
f 1593/149 2608/1302 2214/852 2731/1435 
f 1592/148 2732/1436 2214/852 2608/1302 
f 1639/255 2751/1457 2214/852 2732/1436 
f 1638/254 2752/1458 2215/853 2731/1435 
f 1637/253 2730/1434 2215/853 2752/1458 
f 1594/150 2610/1304 2215/853 2730/1434 
f 1593/149 2731/1435 2215/853 2610/1304 
f 1702/330 2817/1529 2216/854 2883/1601 
f 1680/304 2839/1553 2216/854 2817/1529 
f 1679/303 2816/1528 2216/854 2839/1553 
f 1701/329 2883/1601 2216/854 2816/1528 
f 1681/305 2838/1552 2217/855 2818/1530 
f 1680/304 2817/1529 2217/855 2838/1552 
f 1702/330 2882/1600 2217/855 2817/1529 
f 1703/331 2818/1530 2217/855 2882/1600 
f 1713/343 2893/1611 2218/856 2828/1542 
f 1714/344 2984/1710 2218/856 2893/1611 
f 1692/318 2849/1563 2218/856 2984/1710 
f 1691/317 2828/1542 2218/856 2849/1563 
f 1714/344 2892/1610 2219/857 2984/1710 
f 1715/345 2829/1543 2219/857 2892/1610 
f 1693/319 2848/1562 2219/857 2829/1543 
f 1692/318 2984/1710 2219/857 2848/1562 
f 1629/243 2761/1467 2220/858 2722/1424 
f 1628/242 2985/1711 2220/858 2761/1467 
f 1603/226 2703/1405 2220/858 2985/1711 
f 1602/225 2722/1424 2220/858 2703/1405 
f 1628/242 2762/1468 2221/859 2985/1711 
f 1649/267 2742/1448 2221/859 2762/1468 
f 1604/227 2705/1407 2221/859 2742/1448 
f 1603/226 2985/1711 2221/859 2705/1407 
f 1682/306 2819/1531 2222/860 2990/1716 
f 1704/332 2991/1717 2222/860 2819/1531 
f 1785/423 3038/1764 2222/860 2991/1717 
f 1786/424 2990/1716 2222/860 3038/1764 
f 1704/332 2880/1598 2223/861 2991/1717 
f 1705/334 2992/1718 2223/861 2880/1598 
f 1784/422 3039/1765 2223/861 2992/1718 
f 1785/423 2991/1717 2223/861 3039/1765 
f 1705/334 2820/1532 2224/862 2992/1718 
f 1683/308 2993/1719 2224/862 2820/1532 
f 1787/425 3040/1766 2224/862 2993/1719 
f 1784/422 2992/1718 2224/862 3040/1766 
f 1683/308 2836/1550 2225/863 2993/1719 
f 1682/306 2990/1716 2225/863 2836/1550 
f 1786/424 3041/1767 2225/863 2990/1716 
f 1787/425 2993/1719 2225/863 3041/1767 
f 1712/342 2827/1541 2226/864 2998/1724 
f 1690/316 2999/1725 2226/864 2827/1541 
f 1770/408 3006/1732 2226/864 2999/1725 
f 1771/409 2998/1724 2226/864 3006/1732 
f 1690/316 2851/1565 2227/865 2999/1725 
f 1689/315 3000/1726 2227/865 2851/1565 
f 1769/407 3007/1733 2227/865 3000/1726 
f 1770/408 2999/1725 2227/865 3007/1733 
f 1689/315 2869/1586 2228/866 3000/1726 
f 1711/341 3001/1727 2228/866 2869/1586 
f 1768/406 3008/1734 2228/866 3001/1727 
f 1769/407 3000/1726 2228/866 3008/1734 
f 1711/341 2895/1613 2229/867 3001/1727 
f 1712/342 2998/1724 2229/867 2895/1613 
f 1771/409 3009/1735 2229/867 2998/1724 
f 1768/406 3001/1727 2229/867 3009/1735 
f 1770/408 3004/1730 2230/868 3006/1732 
f 1774/412 3014/1740 2230/868 3004/1730 
f 1775/413 3005/1731 2230/868 3014/1740 
f 1771/409 3006/1732 2230/868 3005/1731 
f 1769/407 3003/1729 2231/869 3007/1733 
f 1773/411 3015/1741 2231/869 3003/1729 
f 1774/412 3004/1730 2231/869 3015/1741 
f 1770/408 3007/1733 2231/869 3004/1730 
f 1768/406 3002/1728 2232/870 3008/1734 
f 1772/410 3016/1742 2232/870 3002/1728 
f 1773/411 3003/1729 2232/870 3016/1742 
f 1769/407 3008/1734 2232/870 3003/1729 
f 1771/409 3005/1731 2233/871 3009/1735 
f 1775/413 3017/1743 2233/871 3005/1731 
f 1772/410 3002/1728 2233/871 3017/1743 
f 1768/406 3009/1735 2233/871 3002/1728 
f 1774/412 3012/1738 2234/872 3014/1740 
f 1778/416 3022/1748 2234/872 3012/1738 
f 1779/417 3013/1739 2234/872 3022/1748 
f 1775/413 3014/1740 2234/872 3013/1739 
f 1773/411 3011/1737 2235/873 3015/1741 
f 1777/415 3023/1749 2235/873 3011/1737 
f 1778/416 3012/1738 2235/873 3023/1749 
f 1774/412 3015/1741 2235/873 3012/1738 
f 1772/410 3010/1736 2236/874 3016/1742 
f 1776/414 3024/1750 2236/874 3010/1736 
f 1777/415 3011/1737 2236/874 3024/1750 
f 1773/411 3016/1742 2236/874 3011/1737 
f 1775/413 3013/1739 2237/875 3017/1743 
f 1779/417 3025/1751 2237/875 3013/1739 
f 1776/414 3010/1736 2237/875 3025/1751 
f 1772/410 3017/1743 2237/875 3010/1736 
f 1778/416 3020/1746 2238/876 3022/1748 
f 1782/420 3030/1756 2238/876 3020/1746 
f 1783/421 3021/1747 2238/876 3030/1756 
f 1779/417 3022/1748 2238/876 3021/1747 
f 1777/415 3019/1745 2239/877 3023/1749 
f 1781/419 3031/1757 2239/877 3019/1745 
f 1782/420 3020/1746 2239/877 3031/1757 
f 1778/416 3023/1749 2239/877 3020/1746 
f 1776/414 3018/1744 2240/878 3024/1750 
f 1780/418 3032/1758 2240/878 3018/1744 
f 1781/419 3019/1745 2240/878 3032/1758 
f 1777/415 3024/1750 2240/878 3019/1745 
f 1779/417 3021/1747 2241/879 3025/1751 
f 1783/421 3033/1759 2241/879 3021/1747 
f 1780/418 3018/1744 2241/879 3033/1759 
f 1776/414 3025/1751 2241/879 3018/1744 
f 1782/420 3028/1754 2242/880 3030/1756 
f 1765/403 2994/1720 2242/880 3028/1754 
f 1764/402 3029/1755 2242/880 2994/1720 
f 1783/421 3030/1756 2242/880 3029/1755 
f 1781/419 3027/1753 2243/881 3031/1757 
f 1766/404 2995/1721 2243/881 3027/1753 
f 1765/403 3028/1754 2243/881 2995/1721 
f 1782/420 3031/1757 2243/881 3028/1754 
f 1780/418 3026/1752 2244/882 3032/1758 
f 1767/405 2996/1722 2244/882 3026/1752 
f 1766/404 3027/1753 2244/882 2996/1722 
f 1781/419 3032/1758 2244/882 3027/1753 
f 1783/421 3029/1755 2245/883 3033/1759 
f 1764/402 2997/1723 2245/883 3029/1755 
f 1767/405 3026/1752 2245/883 2997/1723 
f 1780/418 3033/1759 2245/883 3026/1752 
f 1785/423 3035/1761 2246/884 3038/1764 
f 1789/427 3046/1772 2246/884 3035/1761 
f 1790/428 3036/1762 2246/884 3046/1772 
f 1786/424 3038/1764 2246/884 3036/1762 
f 1784/422 3034/1760 2247/885 3039/1765 
f 1788/426 3047/1773 2247/885 3034/1760 
f 1789/427 3035/1761 2247/885 3047/1773 
f 1785/423 3039/1765 2247/885 3035/1761 
f 1787/425 3037/1763 2248/886 3040/1766 
f 1791/429 3048/1774 2248/886 3037/1763 
f 1788/426 3034/1760 2248/886 3048/1774 
f 1784/422 3040/1766 2248/886 3034/1760 
f 1786/424 3036/1762 2249/887 3041/1767 
f 1790/428 3049/1775 2249/887 3036/1762 
f 1791/429 3037/1763 2249/887 3049/1775 
f 1787/425 3041/1767 2249/887 3037/1763 
f 1789/427 3043/1769 2250/888 3046/1772 
f 1793/431 3054/1780 2250/888 3043/1769 
f 1794/432 3044/1770 2250/888 3054/1780 
f 1790/428 3046/1772 2250/888 3044/1770 
f 1788/426 3042/1768 2251/889 3047/1773 
f 1792/430 3055/1781 2251/889 3042/1768 
f 1793/431 3043/1769 2251/889 3055/1781 
f 1789/427 3047/1773 2251/889 3043/1769 
f 1791/429 3045/1771 2252/890 3048/1774 
f 1795/433 3056/1782 2252/890 3045/1771 
f 1792/430 3042/1768 2252/890 3056/1782 
f 1788/426 3048/1774 2252/890 3042/1768 
f 1790/428 3044/1770 2253/891 3049/1775 
f 1794/432 3057/1783 2253/891 3044/1770 
f 1795/433 3045/1771 2253/891 3057/1783 
f 1791/429 3049/1775 2253/891 3045/1771 
f 1793/431 3051/1777 2254/892 3054/1780 
f 1797/435 3062/1788 2254/892 3051/1777 
f 1798/436 3052/1778 2254/892 3062/1788 
f 1794/432 3054/1780 2254/892 3052/1778 
f 1792/430 3050/1776 2255/893 3055/1781 
f 1796/434 3063/1789 2255/893 3050/1776 
f 1797/435 3051/1777 2255/893 3063/1789 
f 1793/431 3055/1781 2255/893 3051/1777 
f 1795/433 3053/1779 2256/894 3056/1782 
f 1799/437 3064/1790 2256/894 3053/1779 
f 1796/434 3050/1776 2256/894 3064/1790 
f 1792/430 3056/1782 2256/894 3050/1776 
f 1794/432 3052/1778 2257/895 3057/1783 
f 1798/436 3065/1791 2257/895 3052/1778 
f 1799/437 3053/1779 2257/895 3065/1791 
f 1795/433 3057/1783 2257/895 3053/1779 
f 1797/435 3059/1785 2258/896 3062/1788 
f 1761/399 2986/1712 2258/896 3059/1785 
f 1760/398 3060/1786 2258/896 2986/1712 
f 1798/436 3062/1788 2258/896 3060/1786 
f 1796/434 3058/1784 2259/897 3063/1789 
f 1762/400 2987/1713 2259/897 3058/1784 
f 1761/399 3059/1785 2259/897 2987/1713 
f 1797/435 3063/1789 2259/897 3059/1785 
f 1799/437 3061/1787 2260/898 3064/1790 
f 1763/401 2988/1714 2260/898 3061/1787 
f 1762/400 3058/1784 2260/898 2988/1714 
f 1796/434 3064/1790 2260/898 3058/1784 
f 1798/436 3060/1786 2261/899 3065/1791 
f 1760/398 2989/1715 2261/899 3060/1786 
f 1763/401 3061/1787 2261/899 2989/1715 
f 1799/437 3065/1791 2261/899 3061/1787 
f 1677/300 2814/1525 2262/900 3070/1796 
f 1699/326 3071/1797 2262/900 2814/1525 
f 1821/459 3110/1836 2262/900 3071/1797 
f 1822/460 3070/1796 2262/900 3110/1836 
f 1699/326 2885/1603 2263/901 3071/1797 
f 1700/328 3072/1798 2263/901 2885/1603 
f 1820/458 3111/1837 2263/901 3072/1798 
f 1821/459 3071/1797 2263/901 3111/1837 
f 1700/328 2815/1526 2264/902 3072/1798 
f 1678/302 3073/1799 2264/902 2815/1526 
f 1823/461 3112/1838 2264/902 3073/1799 
f 1820/458 3072/1798 2264/902 3112/1838 
f 1678/302 2841/1555 2265/903 3073/1799 
f 1677/300 3070/1796 2265/903 2841/1555 
f 1822/460 3113/1839 2265/903 3070/1796 
f 1823/461 3073/1799 2265/903 3113/1839 
f 1672/294 2809/1519 2266/904 3078/1804 
f 1694/320 3079/1805 2266/904 2809/1519 
f 1825/463 3118/1844 2266/904 3079/1805 
f 1826/464 3078/1804 2266/904 3118/1844 
f 1694/320 2890/1608 2267/905 3079/1805 
f 1695/322 3080/1806 2267/905 2890/1608 
f 1824/462 3119/1845 2267/905 3080/1806 
f 1825/463 3079/1805 2267/905 3119/1845 
f 1695/322 2810/1521 2268/906 3080/1806 
f 1673/296 3081/1807 2268/906 2810/1521 
f 1827/465 3120/1846 2268/906 3081/1807 
f 1824/462 3080/1806 2268/906 3120/1846 
f 1673/296 2846/1560 2269/907 3081/1807 
f 1672/294 3078/1804 2269/907 2846/1560 
f 1826/464 3121/1847 2269/907 3078/1804 
f 1827/465 3081/1807 2269/907 3121/1847 
f 1809/447 3083/1809 2270/908 3086/1812 
f 1801/439 3066/1792 2270/908 3083/1809 
f 1800/438 3084/1810 2270/908 3066/1792 
f 1810/448 3086/1812 2270/908 3084/1810 
f 1808/446 3082/1808 2271/909 3087/1813 
f 1802/440 3067/1793 2271/909 3082/1808 
f 1801/439 3083/1809 2271/909 3067/1793 
f 1809/447 3087/1813 2271/909 3083/1809 
f 1811/449 3085/1811 2272/910 3088/1814 
f 1803/441 3068/1794 2272/910 3085/1811 
f 1802/440 3082/1808 2272/910 3068/1794 
f 1808/446 3088/1814 2272/910 3082/1808 
f 1810/448 3084/1810 2273/911 3089/1815 
f 1800/438 3069/1795 2273/911 3084/1810 
f 1803/441 3085/1811 2273/911 3069/1795 
f 1811/449 3089/1815 2273/911 3085/1811 
f 1813/451 3091/1817 2274/912 3094/1820 
f 1809/447 3086/1812 2274/912 3091/1817 
f 1810/448 3092/1818 2274/912 3086/1812 
f 1814/452 3094/1820 2274/912 3092/1818 
f 1812/450 3090/1816 2275/913 3095/1821 
f 1808/446 3087/1813 2275/913 3090/1816 
f 1809/447 3091/1817 2275/913 3087/1813 
f 1813/451 3095/1821 2275/913 3091/1817 
f 1815/453 3093/1819 2276/914 3096/1822 
f 1811/449 3088/1814 2276/914 3093/1819 
f 1808/446 3090/1816 2276/914 3088/1814 
f 1812/450 3096/1822 2276/914 3090/1816 
f 1814/452 3092/1818 2277/915 3097/1823 
f 1810/448 3089/1815 2277/915 3092/1818 
f 1811/449 3093/1819 2277/915 3089/1815 
f 1815/453 3097/1823 2277/915 3093/1819 
f 1817/455 3099/1825 2278/916 3102/1828 
f 1813/451 3094/1820 2278/916 3099/1825 
f 1814/452 3100/1826 2278/916 3094/1820 
f 1818/456 3102/1828 2278/916 3100/1826 
f 1816/454 3098/1824 2279/917 3103/1829 
f 1812/450 3095/1821 2279/917 3098/1824 
f 1813/451 3099/1825 2279/917 3095/1821 
f 1817/455 3103/1829 2279/917 3099/1825 
f 1819/457 3101/1827 2280/918 3104/1830 
f 1815/453 3096/1822 2280/918 3101/1827 
f 1812/450 3098/1824 2280/918 3096/1822 
f 1816/454 3104/1830 2280/918 3098/1824 
f 1818/456 3100/1826 2281/919 3105/1831 
f 1814/452 3097/1823 2281/919 3100/1826 
f 1815/453 3101/1827 2281/919 3097/1823 
f 1819/457 3105/1831 2281/919 3101/1827 
f 1821/459 3107/1833 2282/920 3110/1836 
f 1817/455 3102/1828 2282/920 3107/1833 
f 1818/456 3108/1834 2282/920 3102/1828 
f 1822/460 3110/1836 2282/920 3108/1834 
f 1820/458 3106/1832 2283/921 3111/1837 
f 1816/454 3103/1829 2283/921 3106/1832 
f 1817/455 3107/1833 2283/921 3103/1829 
f 1821/459 3111/1837 2283/921 3107/1833 
f 1823/461 3109/1835 2284/922 3112/1838 
f 1819/457 3104/1830 2284/922 3109/1835 
f 1816/454 3106/1832 2284/922 3104/1830 
f 1820/458 3112/1838 2284/922 3106/1832 
f 1822/460 3108/1834 2285/923 3113/1839 
f 1818/456 3105/1831 2285/923 3108/1834 
f 1819/457 3109/1835 2285/923 3105/1831 
f 1823/461 3113/1839 2285/923 3109/1835 
f 1825/463 3115/1841 2286/924 3118/1844 
f 1829/467 3126/1852 2286/924 3115/1841 
f 1830/468 3116/1842 2286/924 3126/1852 
f 1826/464 3118/1844 2286/924 3116/1842 
f 1824/462 3114/1840 2287/925 3119/1845 
f 1828/466 3127/1853 2287/925 3114/1840 
f 1829/467 3115/1841 2287/925 3127/1853 
f 1825/463 3119/1845 2287/925 3115/1841 
f 1827/465 3117/1843 2288/926 3120/1846 
f 1831/469 3128/1854 2288/926 3117/1843 
f 1828/466 3114/1840 2288/926 3128/1854 
f 1824/462 3120/1846 2288/926 3114/1840 
f 1826/464 3116/1842 2289/927 3121/1847 
f 1830/468 3129/1855 2289/927 3116/1842 
f 1831/469 3117/1843 2289/927 3129/1855 
f 1827/465 3121/1847 2289/927 3117/1843 
f 1829/467 3123/1849 2290/928 3126/1852 
f 1833/471 3134/1860 2290/928 3123/1849 
f 1834/472 3124/1850 2290/928 3134/1860 
f 1830/468 3126/1852 2290/928 3124/1850 
f 1828/466 3122/1848 2291/929 3127/1853 
f 1832/470 3135/1861 2291/929 3122/1848 
f 1833/471 3123/1849 2291/929 3135/1861 
f 1829/467 3127/1853 2291/929 3123/1849 
f 1831/469 3125/1851 2292/930 3128/1854 
f 1835/473 3136/1862 2292/930 3125/1851 
f 1832/470 3122/1848 2292/930 3136/1862 
f 1828/466 3128/1854 2292/930 3122/1848 
f 1830/468 3124/1850 2293/931 3129/1855 
f 1834/472 3137/1863 2293/931 3124/1850 
f 1835/473 3125/1851 2293/931 3137/1863 
f 1831/469 3129/1855 2293/931 3125/1851 
f 1833/471 3131/1857 2294/932 3134/1860 
f 1837/475 3142/1868 2294/932 3131/1857 
f 1838/476 3132/1858 2294/932 3142/1868 
f 1834/472 3134/1860 2294/932 3132/1858 
f 1832/470 3130/1856 2295/933 3135/1861 
f 1836/474 3143/1869 2295/933 3130/1856 
f 1837/475 3131/1857 2295/933 3143/1869 
f 1833/471 3135/1861 2295/933 3131/1857 
f 1835/473 3133/1859 2296/934 3136/1862 
f 1839/477 3144/1870 2296/934 3133/1859 
f 1836/474 3130/1856 2296/934 3144/1870 
f 1832/470 3136/1862 2296/934 3130/1856 
f 1834/472 3132/1858 2297/935 3137/1863 
f 1838/476 3145/1871 2297/935 3132/1858 
f 1839/477 3133/1859 2297/935 3145/1871 
f 1835/473 3137/1863 2297/935 3133/1859 
f 1837/475 3139/1865 2298/936 3142/1868 
f 1805/443 3074/1800 2298/936 3139/1865 
f 1804/442 3140/1866 2298/936 3074/1800 
f 1838/476 3142/1868 2298/936 3140/1866 
f 1836/474 3138/1864 2299/937 3143/1869 
f 1806/444 3075/1801 2299/937 3138/1864 
f 1805/443 3139/1865 2299/937 3075/1801 
f 1837/475 3143/1869 2299/937 3139/1865 
f 1839/477 3141/1867 2300/938 3144/1870 
f 1807/445 3076/1802 2300/938 3141/1867 
f 1806/444 3138/1864 2300/938 3076/1802 
f 1836/474 3144/1870 2300/938 3138/1864 
f 1838/476 3140/1866 2301/939 3145/1871 
f 1804/442 3077/1803 2301/939 3140/1866 
f 1807/445 3141/1867 2301/939 3077/1803 
f 1839/477 3145/1871 2301/939 3141/1867 
f 1601/191 2663/1363 2302/940 3150/1876 
f 1600/190 3151/1877 2302/940 2663/1363 
f 1848/486 3166/1892 2302/940 3151/1877 
f 1849/487 3150/1876 2302/940 3166/1892 
f 1600/190 2724/1427 2303/941 3151/1877 
f 1631/246 3152/1878 2303/941 2724/1427 
f 1851/489 3167/1893 2303/941 3152/1878 
f 1848/486 3151/1877 2303/941 3167/1893 
f 1631/246 2759/1465 2304/942 3152/1878 
f 1630/244 3153/1879 2304/942 2759/1465 
f 1850/488 3168/1894 2304/942 3153/1879 
f 1851/489 3152/1878 2304/942 3168/1894 
f 1630/244 2723/1425 2305/943 3153/1879 
f 1601/191 3150/1876 2305/943 2723/1425 
f 1849/487 3169/1895 2305/943 3150/1876 
f 1850/488 3153/1879 2305/943 3169/1895 
f 1647/265 2552/1238 2306/944 3158/1884 
f 1584/229 3159/1885 2306/944 2552/1238 
f 1860/498 3190/1916 2306/944 3159/1885 
f 1861/499 3158/1884 2306/944 3190/1916 
f 1584/229 2708/1410 2307/945 3159/1885 
f 1605/228 3160/1886 2307/945 2708/1410 
f 1863/501 3191/1917 2307/945 3160/1886 
f 1860/498 3159/1885 2307/945 3191/1917 
f 1605/228 2741/1447 2308/946 3160/1886 
f 1648/266 3161/1887 2308/946 2741/1447 
f 1862/500 3192/1918 2308/946 3161/1887 
f 1863/501 3160/1886 2308/946 3192/1918 
f 1648/266 2764/1470 2309/947 3161/1887 
f 1647/265 3158/1884 2309/947 2764/1470 
f 1861/499 3193/1919 2309/947 3158/1884 
f 1862/500 3161/1887 2309/947 3193/1919 
f 1848/486 3162/1888 2310/948 3166/1892 
f 1852/490 3174/1900 2310/948 3162/1888 
f 1853/491 3163/1889 2310/948 3174/1900 
f 1849/487 3166/1892 2310/948 3163/1889 
f 1851/489 3165/1891 2311/949 3167/1893 
f 1855/493 3175/1901 2311/949 3165/1891 
f 1852/490 3162/1888 2311/949 3175/1901 
f 1848/486 3167/1893 2311/949 3162/1888 
f 1850/488 3164/1890 2312/950 3168/1894 
f 1854/492 3176/1902 2312/950 3164/1890 
f 1855/493 3165/1891 2312/950 3176/1902 
f 1851/489 3168/1894 2312/950 3165/1891 
f 1849/487 3163/1889 2313/951 3169/1895 
f 1853/491 3177/1903 2313/951 3163/1889 
f 1854/492 3164/1890 2313/951 3177/1903 
f 1850/488 3169/1895 2313/951 3164/1890 
f 1852/490 3170/1896 2314/952 3174/1900 
f 1856/494 3182/1908 2314/952 3170/1896 
f 1857/495 3171/1897 2314/952 3182/1908 
f 1853/491 3174/1900 2314/952 3171/1897 
f 1855/493 3173/1899 2315/953 3175/1901 
f 1859/497 3183/1909 2315/953 3173/1899 
f 1856/494 3170/1896 2315/953 3183/1909 
f 1852/490 3175/1901 2315/953 3170/1896 
f 1854/492 3172/1898 2316/954 3176/1902 
f 1858/496 3184/1910 2316/954 3172/1898 
f 1859/497 3173/1899 2316/954 3184/1910 
f 1855/493 3176/1902 2316/954 3173/1899 
f 1853/491 3171/1897 2317/955 3177/1903 
f 1857/495 3185/1911 2317/955 3171/1897 
f 1858/496 3172/1898 2317/955 3185/1911 
f 1854/492 3177/1903 2317/955 3172/1898 
f 1856/494 3178/1904 2318/956 3182/1908 
f 1879/517 3222/1948 2318/956 3178/1904 
f 1876/514 3179/1905 2318/956 3222/1948 
f 1857/495 3182/1908 2318/956 3179/1905 
f 1859/497 3181/1907 2319/957 3183/1909 
f 1878/516 3223/1949 2319/957 3181/1907 
f 1879/517 3178/1904 2319/957 3223/1949 
f 1856/494 3183/1909 2319/957 3178/1904 
f 1858/496 3180/1906 2320/958 3184/1910 
f 1877/515 3224/1950 2320/958 3180/1906 
f 1878/516 3181/1907 2320/958 3224/1950 
f 1859/497 3184/1910 2320/958 3181/1907 
f 1857/495 3179/1905 2321/959 3185/1911 
f 1876/514 3225/1951 2321/959 3179/1905 
f 1877/515 3180/1906 2321/959 3225/1951 
f 1858/496 3185/1911 2321/959 3180/1906 
f 1860/498 3186/1912 2322/960 3190/1916 
f 1864/502 3198/1924 2322/960 3186/1912 
f 1865/503 3187/1913 2322/960 3198/1924 
f 1861/499 3190/1916 2322/960 3187/1913 
f 1863/501 3189/1915 2323/961 3191/1917 
f 1867/505 3199/1925 2323/961 3189/1915 
f 1864/502 3186/1912 2323/961 3199/1925 
f 1860/498 3191/1917 2323/961 3186/1912 
f 1862/500 3188/1914 2324/962 3192/1918 
f 1866/504 3200/1926 2324/962 3188/1914 
f 1867/505 3189/1915 2324/962 3200/1926 
f 1863/501 3192/1918 2324/962 3189/1915 
f 1861/499 3187/1913 2325/963 3193/1919 
f 1865/503 3201/1927 2325/963 3187/1913 
f 1866/504 3188/1914 2325/963 3201/1927 
f 1862/500 3193/1919 2325/963 3188/1914 
f 1864/502 3194/1920 2326/964 3198/1924 
f 1868/506 3206/1932 2326/964 3194/1920 
f 1869/507 3195/1921 2326/964 3206/1932 
f 1865/503 3198/1924 2326/964 3195/1921 
f 1867/505 3197/1923 2327/965 3199/1925 
f 1871/509 3207/1933 2327/965 3197/1923 
f 1868/506 3194/1920 2327/965 3207/1933 
f 1864/502 3199/1925 2327/965 3194/1920 
f 1866/504 3196/1922 2328/966 3200/1926 
f 1870/508 3208/1934 2328/966 3196/1922 
f 1871/509 3197/1923 2328/966 3208/1934 
f 1867/505 3200/1926 2328/966 3197/1923 
f 1865/503 3195/1921 2329/967 3201/1927 
f 1869/507 3209/1935 2329/967 3195/1921 
f 1870/508 3196/1922 2329/967 3209/1935 
f 1866/504 3201/1927 2329/967 3196/1922 
f 1868/506 3202/1928 2330/968 3206/1932 
f 1872/510 3214/1940 2330/968 3202/1928 
f 1873/511 3203/1929 2330/968 3214/1940 
f 1869/507 3206/1932 2330/968 3203/1929 
f 1871/509 3205/1931 2331/969 3207/1933 
f 1875/513 3215/1941 2331/969 3205/1931 
f 1872/510 3202/1928 2331/969 3215/1941 
f 1868/506 3207/1933 2331/969 3202/1928 
f 1870/508 3204/1930 2332/970 3208/1934 
f 1874/512 3216/1942 2332/970 3204/1930 
f 1875/513 3205/1931 2332/970 3216/1942 
f 1871/509 3208/1934 2332/970 3205/1931 
f 1869/507 3203/1929 2333/971 3209/1935 
f 1873/511 3217/1943 2333/971 3203/1929 
f 1874/512 3204/1930 2333/971 3217/1943 
f 1870/508 3209/1935 2333/971 3204/1930 
f 1872/510 3210/1936 2334/972 3214/1940 
f 1845/483 3154/1880 2334/972 3210/1936 
f 1844/482 3211/1937 2334/972 3154/1880 
f 1873/511 3214/1940 2334/972 3211/1937 
f 1875/513 3213/1939 2335/973 3215/1941 
f 1846/484 3155/1881 2335/973 3213/1939 
f 1845/483 3210/1936 2335/973 3155/1881 
f 1872/510 3215/1941 2335/973 3210/1936 
f 1874/512 3212/1938 2336/974 3216/1942 
f 1847/485 3156/1882 2336/974 3212/1938 
f 1846/484 3213/1939 2336/974 3156/1882 
f 1875/513 3216/1942 2336/974 3213/1939 
f 1873/511 3211/1937 2337/975 3217/1943 
f 1844/482 3157/1883 2337/975 3211/1937 
f 1847/485 3212/1938 2337/975 3157/1883 
f 1874/512 3217/1943 2337/975 3212/1938 
f 1879/517 3221/1947 2338/976 3222/1948 
f 1841/479 3146/1872 2338/976 3221/1947 
f 1840/478 3218/1944 2338/976 3146/1872 
f 1876/514 3222/1948 2338/976 3218/1944 
f 1878/516 3220/1946 2339/977 3223/1949 
f 1842/480 3147/1873 2339/977 3220/1946 
f 1841/479 3221/1947 2339/977 3147/1873 
f 1879/517 3223/1949 2339/977 3221/1947 
f 1877/515 3219/1945 2340/978 3224/1950 
f 1843/481 3148/1874 2340/978 3219/1945 
f 1842/480 3220/1946 2340/978 3148/1874 
f 1878/516 3224/1950 2340/978 3220/1946 
f 1876/514 3218/1944 2341/979 3225/1951 
f 1840/478 3149/1875 2341/979 3218/1944 
f 1843/481 3219/1945 2341/979 3149/1875 
f 1877/515 3225/1951 2341/979 3219/1945 
f 1596/186 2653/1352 2342/980 3230/1956 
f 1595/185 3231/1957 2342/980 2653/1352 
f 1888/526 3246/1972 2342/980 3231/1957 
f 1889/527 3230/1956 2342/980 3246/1972 
f 1595/185 2729/1432 2343/981 3231/1957 
f 1636/252 3232/1958 2343/981 2729/1432 
f 1891/529 3247/1973 2343/981 3232/1958 
f 1888/526 3231/1957 2343/981 3247/1973 
f 1636/252 2754/1460 2344/982 3232/1958 
f 1635/250 3233/1959 2344/982 2754/1460 
f 1890/528 3248/1974 2344/982 3233/1959 
f 1891/529 3232/1958 2344/982 3248/1974 
f 1635/250 2728/1431 2345/983 3233/1959 
f 1596/186 3230/1956 2345/983 2728/1431 
f 1889/527 3249/1975 2345/983 3230/1956 
f 1890/528 3233/1959 2345/983 3249/1975 
f 1591/147 2604/1298 2346/984 3238/1964 
f 1590/146 3239/1965 2346/984 2604/1298 
f 1904/542 3278/2004 2346/984 3239/1965 
f 1905/543 3238/1964 2346/984 3278/2004 
f 1590/146 2734/1438 2347/985 3239/1965 
f 1641/258 3240/1966 2347/985 2734/1438 
f 1907/545 3279/2005 2347/985 3240/1966 
f 1904/542 3239/1965 2347/985 3279/2005 
f 1641/258 2749/1455 2348/986 3240/1966 
f 1640/256 3241/1967 2348/986 2749/1455 
f 1906/544 3280/2006 2348/986 3241/1967 
f 1907/545 3240/1966 2348/986 3280/2006 
f 1640/256 2733/1437 2349/987 3241/1967 
f 1591/147 3238/1964 2349/987 2733/1437 
f 1905/543 3281/2007 2349/987 3238/1964 
f 1906/544 3241/1967 2349/987 3281/2007 
f 1888/526 3242/1968 2350/988 3246/1972 
f 1892/530 3254/1980 2350/988 3242/1968 
f 1893/531 3243/1969 2350/988 3254/1980 
f 1889/527 3246/1972 2350/988 3243/1969 
f 1891/529 3245/1971 2351/989 3247/1973 
f 1895/533 3255/1981 2351/989 3245/1971 
f 1892/530 3242/1968 2351/989 3255/1981 
f 1888/526 3247/1973 2351/989 3242/1968 
f 1890/528 3244/1970 2352/990 3248/1974 
f 1894/532 3256/1982 2352/990 3244/1970 
f 1895/533 3245/1971 2352/990 3256/1982 
f 1891/529 3248/1974 2352/990 3245/1971 
f 1889/527 3243/1969 2353/991 3249/1975 
f 1893/531 3257/1983 2353/991 3243/1969 
f 1894/532 3244/1970 2353/991 3257/1983 
f 1890/528 3249/1975 2353/991 3244/1970 
f 1892/530 3250/1976 2354/992 3254/1980 
f 1899/537 3262/1988 2354/992 3250/1976 
f 1896/534 3251/1977 2354/992 3262/1988 
f 1893/531 3254/1980 2354/992 3251/1977 
f 1895/533 3253/1979 2355/993 3255/1981 
f 1898/536 3263/1989 2355/993 3253/1979 
f 1899/537 3250/1976 2355/993 3263/1989 
f 1892/530 3255/1981 2355/993 3250/1976 
f 1894/532 3252/1978 2356/994 3256/1982 
f 1897/535 3264/1990 2356/994 3252/1978 
f 1898/536 3253/1979 2356/994 3264/1990 
f 1895/533 3256/1982 2356/994 3253/1979 
f 1893/531 3251/1977 2357/995 3257/1983 
f 1896/534 3265/1991 2357/995 3251/1977 
f 1897/535 3252/1978 2357/995 3265/1991 
f 1894/532 3257/1983 2357/995 3252/1978 
f 1899/537 3261/1987 2358/996 3262/1988 
f 1900/538 3270/1996 2358/996 3261/1987 
f 1901/539 3258/1984 2358/996 3270/1996 
f 1896/534 3262/1988 2358/996 3258/1984 
f 1898/536 3260/1986 2359/997 3263/1989 
f 1903/541 3271/1997 2359/997 3260/1986 
f 1900/538 3261/1987 2359/997 3271/1997 
f 1899/537 3263/1989 2359/997 3261/1987 
f 1897/535 3259/1985 2360/998 3264/1990 
f 1902/540 3272/1998 2360/998 3259/1985 
f 1903/541 3260/1986 2360/998 3272/1998 
f 1898/536 3264/1990 2360/998 3260/1986 
f 1896/534 3258/1984 2361/999 3265/1991 
f 1901/539 3273/1999 2361/999 3258/1984 
f 1902/540 3259/1985 2361/999 3273/1999 
f 1897/535 3265/1991 2361/999 3259/1985 
f 1900/538 3266/1992 2362/1000 3270/1996 
f 1881/519 3226/1952 2362/1000 3266/1992 
f 1880/518 3267/1993 2362/1000 3226/1952 
f 1901/539 3270/1996 2362/1000 3267/1993 
f 1903/541 3269/1995 2363/1001 3271/1997 
f 1882/520 3227/1953 2363/1001 3269/1995 
f 1881/519 3266/1992 2363/1001 3227/1953 
f 1900/538 3271/1997 2363/1001 3266/1992 
f 1902/540 3268/1994 2364/1002 3272/1998 
f 1883/521 3228/1954 2364/1002 3268/1994 
f 1882/520 3269/1995 2364/1002 3228/1954 
f 1903/541 3272/1998 2364/1002 3269/1995 
f 1901/539 3267/1993 2365/1003 3273/1999 
f 1880/518 3229/1955 2365/1003 3267/1993 
f 1883/521 3268/1994 2365/1003 3229/1955 
f 1902/540 3273/1999 2365/1003 3268/1994 
f 1904/542 3274/2000 2366/1004 3278/2004 
f 1908/546 3286/2012 2366/1004 3274/2000 
f 1909/547 3275/2001 2366/1004 3286/2012 
f 1905/543 3278/2004 2366/1004 3275/2001 
f 1907/545 3277/2003 2367/1005 3279/2005 
f 1911/549 3287/2013 2367/1005 3277/2003 
f 1908/546 3274/2000 2367/1005 3287/2013 
f 1904/542 3279/2005 2367/1005 3274/2000 
f 1906/544 3276/2002 2368/1006 3280/2006 
f 1910/548 3288/2014 2368/1006 3276/2002 
f 1911/549 3277/2003 2368/1006 3288/2014 
f 1907/545 3280/2006 2368/1006 3277/2003 
f 1905/543 3275/2001 2369/1007 3281/2007 
f 1909/547 3289/2015 2369/1007 3275/2001 
f 1910/548 3276/2002 2369/1007 3289/2015 
f 1906/544 3281/2007 2369/1007 3276/2002 
f 1908/546 3282/2008 2370/1008 3286/2012 
f 1912/550 3294/2020 2370/1008 3282/2008 
f 1913/551 3283/2009 2370/1008 3294/2020 
f 1909/547 3286/2012 2370/1008 3283/2009 
f 1911/549 3285/2011 2371/1009 3287/2013 
f 1915/553 3295/2021 2371/1009 3285/2011 
f 1912/550 3282/2008 2371/1009 3295/2021 
f 1908/546 3287/2013 2371/1009 3282/2008 
f 1910/548 3284/2010 2372/1010 3288/2014 
f 1914/552 3296/2022 2372/1010 3284/2010 
f 1915/553 3285/2011 2372/1010 3296/2022 
f 1911/549 3288/2014 2372/1010 3285/2011 
f 1909/547 3283/2009 2373/1011 3289/2015 
f 1913/551 3297/2023 2373/1011 3283/2009 
f 1914/552 3284/2010 2373/1011 3297/2023 
f 1910/548 3289/2015 2373/1011 3284/2010 
f 1912/550 3290/2016 2374/1012 3294/2020 
f 1916/554 3302/2028 2374/1012 3290/2016 
f 1917/555 3291/2017 2374/1012 3302/2028 
f 1913/551 3294/2020 2374/1012 3291/2017 
f 1915/553 3293/2019 2375/1013 3295/2021 
f 1919/557 3303/2029 2375/1013 3293/2019 
f 1916/554 3290/2016 2375/1013 3303/2029 
f 1912/550 3295/2021 2375/1013 3290/2016 
f 1914/552 3292/2018 2376/1014 3296/2022 
f 1918/556 3304/2030 2376/1014 3292/2018 
f 1919/557 3293/2019 2376/1014 3304/2030 
f 1915/553 3296/2022 2376/1014 3293/2019 
f 1913/551 3291/2017 2377/1015 3297/2023 
f 1917/555 3305/2031 2377/1015 3291/2017 
f 1918/556 3292/2018 2377/1015 3305/2031 
f 1914/552 3297/2023 2377/1015 3292/2018 
f 1916/554 3298/2024 2378/1016 3302/2028 
f 1885/523 3234/1960 2378/1016 3298/2024 
f 1884/522 3299/2025 2378/1016 3234/1960 
f 1917/555 3302/2028 2378/1016 3299/2025 
f 1919/557 3301/2027 2379/1017 3303/2029 
f 1886/524 3235/1961 2379/1017 3301/2027 
f 1885/523 3298/2024 2379/1017 3235/1961 
f 1916/554 3303/2029 2379/1017 3298/2024 
f 1918/556 3300/2026 2380/1018 3304/2030 
f 1887/525 3236/1962 2380/1018 3300/2026 
f 1886/524 3301/2027 2380/1018 3236/1962 
f 1919/557 3304/2030 2380/1018 3301/2027 
f 1917/555 3299/2025 2381/1019 3305/2031 
f 1884/522 3237/1963 2381/1019 3299/2025 
f 1887/525 3300/2026 2381/1019 3237/1963 
f 1918/556 3305/2031 2381/1019 3300/2026 
# 1848 polygons

#
# object DiskInnerHerniated
#

v  -20.563564 9.976342 -6.357201
v  -19.832664 9.942442 -7.342249
v  -20.425220 8.996858 -6.740920
v  -19.999842 8.997423 -6.894901
v  -19.995171 9.973384 -6.668491
v  -20.463289 9.950148 -7.134550
v  -21.122688 9.952436 -6.499260
v  -20.535633 9.987759 -5.802914
v  -19.693758 9.985955 -6.102175
v  -21.329123 9.957402 -5.563693
v  -19.769619 9.906741 -7.672764
v  -20.744080 9.908379 -7.445667
v  -19.344912 9.948180 -7.010656
v  -19.001019 9.908221 -7.295847
v  -19.741074 8.980489 -6.545459
v  -20.519819 8.980417 -6.265522
v  -21.268154 9.022943 -6.336564
v  -20.734083 9.030632 -7.107885
v  -19.884521 9.029878 -7.374472
v  -19.180283 9.015782 -7.012053
v  -19.838800 9.082324 -7.729614
v  -18.926935 9.059036 -7.310842
v  -18.415512 9.057150 -6.583040
v  -18.769566 9.015008 -6.382259
v  -19.517542 8.966181 -6.017621
v  -18.535494 9.011387 -5.732873
v  -19.295235 8.966578 -5.440022
v  -20.262562 8.966524 -5.015384
v  -20.486214 8.965127 -5.658869
v  -21.037317 9.014592 -4.612631
v  -21.338017 9.013031 -5.430897
v  -21.411180 9.061211 -4.391585
v  -21.773510 9.062223 -5.327772
v  -21.657867 9.078658 -6.448621
v  -20.931263 9.085113 -7.409216
v  -22.020008 9.127260 -5.274518
v  -21.877800 9.151725 -6.538280
v  -21.045933 9.159098 -7.619326
v  -19.806843 9.157730 -7.968750
v  -22.048359 9.249631 -6.613440
v  -21.131178 9.255595 -7.790951
v  -19.778717 9.257665 -8.163134
v  -18.650078 9.250369 -7.681444
v  -18.769880 9.138636 -7.521835
v  -21.191414 9.378976 -7.930641
v  -19.753332 9.393275 -8.321724
v  -18.560133 9.394781 -7.800234
v  -19.742924 9.603234 -8.312365
v  -18.576830 9.589685 -7.785322
v  -17.908989 9.576927 -6.899206
v  -17.879868 9.397394 -6.907196
v  -18.003815 9.241522 -6.830221
v  -17.538036 9.393183 -6.030140
v  -17.684723 9.235813 -5.993325
v  -17.892202 9.112879 -5.935826
v  -18.182686 9.123823 -6.717115
v  -18.155497 9.046696 -5.859383
v  -17.688841 9.117890 -5.211470
v  -17.956827 9.056920 -5.167356
v  -18.314436 9.026546 -5.091167
v  -17.717497 9.086655 -4.449267
v  -18.033657 9.052609 -4.398923
v  -18.575611 9.036552 -4.243279
v  -18.992851 8.992622 -4.861502
v  -19.335354 9.075592 -3.852254
v  -19.855957 9.011261 -4.414776
v  -19.853773 9.115535 -3.438814
v  -20.492918 9.057906 -3.963518
v  -20.076103 9.148438 -3.230410
v  -20.782562 9.094105 -3.729915
v  -20.223640 9.199221 -3.079180
v  -20.955446 9.152951 -3.568826
v  -21.621639 9.131045 -4.249970
v  -21.088293 9.256148 -3.436127
v  -21.780811 9.238808 -4.138498
v  -22.210352 9.227147 -5.233969
v  -21.900818 9.377921 -4.053092
v  -22.349413 9.368641 -5.208768
v  -22.176165 9.377119 -6.677586
v  -22.364073 9.592669 -5.225334
v  -22.174601 9.596852 -6.707016
v  -21.166121 9.605619 -7.948246
v  -21.994932 9.747033 -6.674438
v  -21.044641 9.745522 -7.800142
v  -19.746277 9.739501 -8.127617
v  -18.681660 9.731333 -7.654524
v  -20.910337 9.840779 -7.640062
v  -19.753874 9.837336 -7.923910
v  -18.811832 9.836745 -7.497513
v  -18.493946 9.907287 -6.596626
v  -18.243460 9.837656 -6.720262
v  -18.054588 9.726619 -6.822681
v  -17.945663 9.830961 -5.923941
v  -17.733803 9.716423 -5.982346
v  -17.567928 9.567957 -6.023902
v  -17.533207 9.704734 -5.220528
v  -17.360088 9.564680 -5.253241
v  -17.327660 9.393276 -5.262804
v  -17.172987 9.562695 -4.506506
v  -17.123730 9.402368 -4.518246
v  -17.246880 9.248555 -4.507150
v  -17.474123 9.237206 -5.243400
v  -17.460026 9.141724 -4.482125
v  -16.967661 9.290833 -3.735724
v  -17.177700 9.190375 -3.708622
v  -17.415695 9.124780 -3.676758
v  -17.695131 9.097816 -3.632952
v  -18.113848 9.105523 -3.534786
v  -18.769342 9.150839 -3.254864
v  -19.214205 9.198442 -2.934438
v  -19.414824 9.228081 -2.761071
v  -19.560154 9.267406 -2.626984
v  -19.686617 9.344410 -2.511877
v  -20.348783 9.285992 -2.948766
v  -19.787592 9.450922 -2.424780
v  -20.441839 9.405388 -2.848025
v  -21.187723 9.389010 -3.331740
v  -20.457333 9.557506 -2.849980
v  -21.204178 9.564784 -3.326031
v  -21.918365 9.578668 -4.052220
v  -21.121820 9.710663 -3.440904
v  -21.800402 9.737329 -4.159772
v  -22.200880 9.759667 -5.287475
v  -21.644215 9.849063 -4.292043
v  -21.996553 9.863792 -5.359493
v  -21.788818 9.847245 -6.635590
v  -21.737034 9.923978 -5.442898
v  -21.523390 9.915882 -6.581871
v  -21.436968 9.919138 -4.456179
v  -21.097860 9.954391 -4.686202
v  -20.848392 9.882673 -3.760640
v  -20.598007 9.917103 -4.008175
v  -20.041708 9.959346 -4.452596
v  -20.369772 9.989660 -5.101755
v  -19.244699 9.961051 -4.835744
v  -19.486263 9.986443 -5.473340
v  -18.445322 9.896803 -5.046475
v  -18.643547 9.936538 -5.722836
v  -18.905188 9.947217 -6.406875
v  -18.212135 9.896529 -5.847622
v  -18.026480 9.854356 -5.128700
v  -17.756496 9.802658 -5.178775
v  -17.843830 9.822796 -4.406398
v  -17.582050 9.771873 -4.444120
v  -17.351992 9.690765 -4.478352
v  -17.373617 9.773605 -3.685762
v  -17.152201 9.682551 -3.714030
v  -16.956789 9.566367 -3.738448
v  -16.853073 9.426445 -3.750722
v  -19.809866 9.580677 -2.435686
v  -19.749323 9.697625 -2.543239
v  -20.390650 9.688129 -2.963085
v  -19.659113 9.796120 -2.673589
v  -20.290424 9.783322 -3.108822
v  -21.003231 9.816446 -3.587665
v  -20.167988 9.844316 -3.274552
v  -19.542061 9.866093 -2.818835
v  -19.381966 9.911052 -2.982565
v  -19.985140 9.888657 -3.486731
v  -19.087847 9.947746 -3.196581
v  -19.583082 9.942245 -3.821911
v  -18.531067 9.941030 -3.450252
v  -18.911900 9.944870 -4.155332
v  -17.951172 9.878780 -3.600363
v  -18.211260 9.872058 -4.344567
v  -17.625854 9.831143 -3.652380
v  -20.559082 9.965862 -6.707129
v  -20.188877 9.986000 -6.243136
v  -20.942907 9.970635 -6.071319
v  -20.204315 9.930862 -7.476498
v  -19.893341 9.957619 -7.077351
v  -19.444998 9.930712 -7.385134
v  -20.162086 8.983824 -6.586871
v  -20.790089 9.004450 -6.617217
v  -19.655451 9.003236 -6.999510
v  -20.265038 9.011269 -7.069530
v  -19.402519 9.043835 -7.442348
v  -18.753284 9.034530 -6.854650
v  -19.242466 8.991302 -6.510254
v  -18.981766 8.986122 -5.910109
v  -19.900784 8.955359 -5.533742
v  -20.063099 8.965714 -6.108250
v  -20.854385 8.982961 -5.154229
v  -20.974855 8.991669 -5.906050
v  -21.473272 9.033642 -4.899970
v  -21.613688 9.043213 -5.878560
v  -21.236769 9.053376 -6.881731
v  -21.921328 9.101487 -5.890229
v  -21.459009 9.117451 -7.065031
v  -20.420551 9.120282 -7.790262
v  -21.608124 9.203947 -7.206287
v  -20.454315 9.206244 -7.997885
v  -19.199715 9.198762 -7.915756
v  -20.479065 9.311969 -8.180733
v  -19.126722 9.317385 -8.085510
v  -19.094257 9.496168 -8.159092
v  -18.158758 9.489922 -7.379345
v  -18.206499 9.315864 -7.332092
v  -17.734629 9.313112 -6.435008
v  -17.910130 9.171488 -6.361855
v  -18.344740 9.183473 -7.208860
v  -18.132353 9.078627 -6.270128
v  -18.519089 9.088811 -7.054678
v  -17.914997 9.074487 -5.543929
v  -18.212469 9.032187 -5.476249
v  -18.419683 9.031824 -6.151037
v  -17.991493 9.053412 -4.792267
v  -18.452785 9.020945 -4.683456
v  -18.752657 8.994781 -5.307860
v  -19.202717 9.021770 -4.366364
v  -19.619286 8.974022 -4.943965
v  -19.933392 9.063643 -3.895671
v  -20.475353 9.006979 -4.472158
v  -20.330715 9.100995 -3.560113
v  -20.986261 9.052962 -4.129976
v  -20.514151 9.141457 -3.385876
v  -21.222202 9.102079 -3.947484
v  -21.767139 9.088125 -4.769125
v  -21.384174 9.189043 -3.807795
v  -21.964989 9.173725 -4.677402
v  -22.129494 9.184484 -5.906180
v  -22.123991 9.292654 -4.602643
v  -22.299213 9.295251 -5.922091
v  -21.730446 9.306100 -7.327946
v  -22.385078 9.481575 -5.944449
v  -21.781868 9.487808 -7.403095
v  -20.479168 9.495371 -8.274092
v  -21.685457 9.683558 -7.363426
v  -20.434319 9.684612 -8.174582
v  -19.130901 9.673884 -8.058365
v  -20.367788 9.794596 -7.976555
v  -19.201010 9.789572 -7.875509
v  -19.287693 9.876033 -7.672380
v  -18.588390 9.877436 -7.054760
v  -18.396709 9.787824 -7.196302
v  -17.964546 9.784454 -6.357676
v  -17.779263 9.651116 -6.426948
v  -18.245119 9.661725 -7.315790
v  -17.529709 9.642679 -5.614436
v  -17.418133 9.479876 -5.637634
v  -17.675179 9.484234 -6.461216
v  -17.228210 9.481625 -4.888781
v  -17.282171 9.314799 -4.886609
v  -17.484695 9.310574 -5.627427
v  -17.465893 9.176920 -4.865050
v  -17.675768 9.168329 -5.592493
v  -17.212580 9.208271 -4.115922
v  -17.444902 9.128168 -4.086981
v  -17.707203 9.093358 -4.833288
v  -17.707211 9.083437 -4.051133
v  -18.074314 9.063855 -3.982297
v  -18.698545 9.086715 -3.749475
v  -19.332233 9.135158 -3.362192
v  -19.655785 9.170448 -3.077262
v  -19.812796 9.204655 -2.923900
v  -19.946243 9.266856 -2.790559
v  -20.654657 9.216217 -3.241199
v  -20.060562 9.363773 -2.675078
v  -20.769024 9.326854 -3.116809
v  -21.513908 9.309420 -3.690528
v  -20.828491 9.476124 -3.055836
v  -21.583736 9.476095 -3.630596
v  -22.207916 9.477194 -4.570827
v  -21.538658 9.653435 -3.690658
v  -22.139519 9.677151 -4.623994
v  -22.291962 9.684469 -5.967498
v  -21.969065 9.811993 -4.728321
v  -22.085835 9.811668 -5.988025
v  -21.506903 9.797964 -7.256657
v  -21.850071 9.893064 -6.007974
v  -21.310780 9.880871 -7.145683
v  -21.527967 9.939629 -6.029692
v  -21.029455 9.934128 -6.986082
v  -21.765150 9.897262 -4.847238
v  -21.486357 9.943372 -4.995694
v  -21.049767 9.922544 -4.178369
v  -20.586931 9.958561 -4.536035
v  -20.901110 9.977331 -5.268153
v  -19.813885 9.982798 -4.981449
v  -20.033424 9.996181 -5.628097
v  -18.928787 9.948711 -5.290408
v  -19.140032 9.968863 -5.941811
v  -19.441486 9.966675 -6.566408
v  -18.504839 9.925711 -6.156185
v  -18.875858 9.930359 -6.861694
v  -18.289127 9.896564 -5.445577
v  -17.968973 9.852912 -5.518825
v  -18.190847 9.875853 -6.272637
v  -17.797268 9.812922 -4.792457
v  -17.552605 9.747299 -4.831987
v  -17.730572 9.770448 -5.572026
v  -17.366159 9.729875 -4.084849
v  -17.154600 9.626687 -4.114741
v  -17.343765 9.636330 -4.866880
v  -17.011251 9.488126 -4.136168
v  -17.034933 9.335053 -4.136322
v  -20.121469 9.492699 -2.624610
v  -20.094728 9.627718 -2.689920
v  -20.796366 9.633051 -3.117348
v  -20.012091 9.738033 -2.821337
v  -20.701544 9.752157 -3.255722
v  -21.416641 9.784029 -3.826134
v  -20.581324 9.832308 -3.413455
v  -21.262949 9.874276 -3.982515
v  -19.907600 9.819355 -2.968873
v  -19.775234 9.872975 -3.136212
v  -20.424437 9.878786 -3.602956
v  -19.539085 9.921913 -3.364895
v  -20.096369 9.924440 -3.925767
v  -19.053783 9.951114 -3.664504
v  -19.477070 9.958797 -4.333185
v  -18.381817 9.909603 -3.908732
v  -18.684488 9.919094 -4.620714
v  -17.883591 9.845334 -4.013469
v  -18.100487 9.855098 -4.744873
v  -17.606369 9.797945 -4.051568
v  -20.295576 9.876256 -7.771898
v  -19.286461 9.105902 -7.714024
v  -20.363293 9.056765 -7.512222
v  -20.317236 9.977552 -6.500657
v  -20.230591 9.963535 -6.918037
v  -20.825972 9.951273 -6.867342
v  -20.817095 9.967321 -6.429823
v  -20.556400 9.982519 -6.128617
v  -20.114204 9.991959 -5.947853
v  -19.823013 9.980808 -6.395519
v  -21.287170 9.954840 -6.046568
v  -20.962315 9.974430 -5.670975
v  -19.797817 9.930399 -7.499134
v  -20.252800 9.906905 -7.642443
v  -20.627270 9.932104 -7.308414
v  -20.100901 9.947857 -7.284615
v  -19.650562 9.962955 -6.842136
v  -19.610439 9.947037 -7.221054
v  -19.139723 9.930973 -7.163113
v  -19.352314 9.907444 -7.544079
v  -20.208939 8.995058 -6.810007
v  -19.874969 8.989110 -6.753977
v  -20.116226 8.974924 -6.364745
v  -20.479546 8.988547 -6.530511
v  -20.922546 8.998201 -6.274765
v  -21.055302 9.027428 -6.762464
v  -20.572563 9.009209 -6.894955
v  -19.936378 9.009615 -7.113522
v  -19.499357 9.022658 -7.252592
v  -19.423674 8.995880 -6.780690
v  -20.319965 9.031992 -7.319063
v  -19.855755 9.053701 -7.574072
v  -19.339901 9.070377 -7.589313
v  -19.027168 9.034874 -7.181169
v  -18.627190 9.057129 -6.961727
v  -18.558310 9.035835 -6.499155
v  -18.943125 9.014694 -6.711482
v  -19.099329 8.988413 -6.212097
v  -19.624668 8.972321 -6.294625
v  -18.641296 9.012337 -6.055765
v  -18.872101 8.987291 -5.607595
v  -19.411472 8.963642 -5.730593
v  -19.777634 8.959528 -5.235884
v  -20.398743 8.961666 -5.336104
v  -19.994139 8.958444 -5.827783
v  -20.524311 8.971993 -5.971825
v  -20.693275 8.987949 -4.798724
v  -21.226349 9.010025 -5.003667
v  -20.950855 8.986155 -5.527172
v  -21.357170 9.017740 -5.883952
v  -21.262247 9.037245 -4.483835
v  -21.638941 9.058209 -4.827126
v  -21.597649 9.037263 -5.368254
v  -21.787407 9.070367 -5.882958
v  -21.500393 9.049311 -6.395012
v  -21.362125 9.083112 -6.980696
v  -20.849005 9.055748 -7.275282
v  -21.909349 9.091286 -5.297980
v  -22.030380 9.138788 -5.898571
v  -21.779179 9.112339 -6.495903
v  -21.537613 9.157394 -7.138857
v  -20.994804 9.119279 -7.521769
v  -20.438858 9.160132 -7.898701
v  -19.822392 9.116982 -7.858389
v  -20.396372 9.086042 -7.664219
v  -21.967194 9.198188 -6.577170
v  -21.671936 9.254414 -7.268818
v  -21.090946 9.205416 -7.708279
v  -20.467520 9.257298 -8.090876
v  -19.792486 9.204629 -8.069059
v  -19.162518 9.254841 -8.002270
v  -18.706848 9.190945 -7.606260
v  -19.240349 9.149124 -7.821247
v  -21.167953 9.306999 -7.869673
v  -20.484447 9.386059 -8.248219
v  -19.764935 9.316824 -8.254791
v  -19.101059 9.394969 -8.144707
v  -18.596540 9.316211 -7.751682
v  -19.746105 9.498178 -8.341623
v  -19.104733 9.597100 -8.129898
v  -18.554762 9.492397 -7.810373
v  -18.187977 9.582925 -7.359613
v  -17.875734 9.487586 -6.913721
v  -18.163067 9.396355 -7.371374
v  -17.928547 9.315208 -6.876587
v  -18.272556 9.245790 -7.273815
v  -17.680555 9.395613 -6.456779
v  -17.596195 9.311069 -6.015805
v  -17.817715 9.237986 -6.401501
v  -17.782598 9.168356 -5.966689
v  -18.014223 9.117182 -6.317565
v  -18.087721 9.176827 -6.776432
v  -18.425949 9.130589 -7.136168
v  -18.015923 9.073561 -5.900670
v  -18.266758 9.051587 -6.215850
v  -18.291126 9.085205 -6.654173
v  -18.842211 9.094145 -7.423882
v  -17.788269 9.113131 -5.570212
v  -17.816462 9.081165 -5.191077
v  -18.056286 9.048729 -5.512866
v  -18.108845 9.041009 -5.140072
v  -18.429331 9.016867 -5.414453
v  -18.312653 9.028580 -5.810127
v  -17.844810 9.070503 -4.813912
v  -17.858315 9.068015 -4.430174
v  -18.182426 9.038191 -4.753675
v  -18.270397 9.039430 -4.345138
v  -18.795305 9.012022 -4.561167
v  -18.615522 9.006647 -5.002586
v  -19.157593 8.976857 -5.152389
v  -18.956362 9.052053 -4.067816
v  -19.605312 9.041781 -4.133161
v  -19.427170 8.995787 -4.655090
v  -20.078337 8.984615 -4.708562
v  -19.635284 9.096828 -3.630105
v  -20.178133 9.084375 -3.691966
v  -20.216700 9.034170 -4.171989
v  -20.786079 9.032598 -4.268161
v  -19.988441 9.131487 -3.315829
v  -20.429823 9.118392 -3.468591
v  -20.668140 9.075858 -3.826150
v  -21.117701 9.074109 -4.031714
v  -20.153595 9.170148 -3.151818
v  -20.587746 9.173096 -3.310551
v  -20.876381 9.118721 -3.644842
v  -21.308212 9.139512 -3.873955
v  -21.527245 9.091794 -4.315135
v  -21.871334 9.125820 -4.720905
v  -21.025599 9.200035 -3.499767
v  -21.452076 9.246926 -3.747240
v  -21.705574 9.181013 -4.191575
v  -22.048933 9.229961 -4.638141
v  -22.120325 9.172956 -5.253023
v  -22.218998 9.237123 -5.913779
v  -21.849125 9.301539 -4.089288
v  -22.180281 9.371749 -4.577879
v  -22.290142 9.288610 -5.217831
v  -22.358467 9.372269 -5.932015
v  -22.122284 9.303955 -6.647953
v  -21.771231 9.377674 -7.375444
v  -22.377878 9.478537 -5.210939
v  -22.366945 9.595023 -5.957057
v  -22.197186 9.485077 -6.699215
v  -21.755547 9.601452 -7.402039
v  -21.191677 9.490873 -7.960062
v  -20.462650 9.606142 -8.251749
v  -22.097654 9.681467 -6.695161
v  -21.594831 9.745327 -7.308037
v  -21.112101 9.686139 -7.885498
v  -20.400568 9.743267 -8.072784
v  -19.743465 9.680140 -8.231823
v  -19.165436 9.735161 -7.966299
v  -18.622746 9.667272 -7.728319
v  -20.978756 9.796853 -7.720497
v  -20.333590 9.838843 -7.878670
v  -19.749905 9.791924 -8.027376
v  -19.240726 9.836676 -7.779654
v  -18.742733 9.788039 -7.579103
v  -19.757708 9.875664 -7.810030
v  -18.894825 9.876808 -7.405205
v  -18.715855 9.908273 -6.967533
v  -18.357395 9.877316 -6.663191
v  -18.484871 9.837427 -7.129106
v  -18.143719 9.787203 -6.773647
v  -18.318569 9.729099 -7.257984
v  -18.071207 9.836372 -6.316801
v  -17.834921 9.779046 -5.954950
v  -17.868141 9.722052 -6.394611
v  -17.640125 9.646210 -6.006282
v  -17.710686 9.571795 -6.450535
v  -17.972475 9.656567 -6.866695
v  -17.626152 9.710755 -5.594458
v  -17.435194 9.639671 -5.238828
v  -17.455589 9.565845 -5.629611
v  -17.321793 9.480064 -5.261602
v  -17.425213 9.392282 -5.637305
v  -17.531258 9.481214 -6.032348
v  -17.267857 9.563686 -4.880373
v  -17.127871 9.484373 -4.515019
v  -17.230942 9.396533 -4.891170
v  -17.168118 9.321836 -4.515111
v  -17.365841 9.240302 -4.877200
v  -17.385048 9.311769 -5.255739
v  -17.575304 9.235630 -5.611366
v  -17.345867 9.188290 -4.495901
v  -17.580341 9.127117 -4.850349
v  -17.575060 9.171240 -5.228777
v  -17.113661 9.265587 -4.127633
v  -17.066517 9.235998 -3.722995
v  -17.325169 9.162625 -4.102076
v  -17.293554 9.152977 -3.693500
v  -17.572134 9.102553 -4.070159
v  -17.584320 9.109535 -4.466582
v  -17.545742 9.106757 -3.657523
v  -17.868486 9.070608 -4.023860
v  -17.875298 9.096869 -3.600202
v  -18.344423 9.067713 -3.899738
v  -18.438393 9.125389 -3.412209
v  -19.055031 9.112112 -3.560597
v  -19.027111 9.176249 -3.085136
v  -19.531902 9.154915 -3.189374
v  -19.333134 9.214246 -2.834182
v  -19.738031 9.185710 -2.998041
v  -19.490204 9.244373 -2.691808
v  -19.881670 9.230598 -2.854763
v  -19.625555 9.301461 -2.567193
v  -20.006035 9.311794 -2.730819
v  -20.288992 9.238265 -3.011619
v  -20.715034 9.268307 -3.176918
v  -19.743557 9.394119 -2.460480
v  -20.101738 9.423755 -2.635590
v  -20.402161 9.341112 -2.890248
v  -20.809292 9.395059 -3.072554
v  -21.144993 9.317467 -3.376367
v  -21.560764 9.383488 -3.648150
v  -20.460529 9.480585 -2.834057
v  -20.824793 9.559104 -3.069738
v  -21.208508 9.475800 -3.313498
v  -21.577984 9.571369 -3.643041
v  -21.926201 9.476672 -4.039062
v  -22.197472 9.586493 -4.585020
v  -21.171558 9.642914 -3.373733
v  -21.480097 9.723815 -3.757129
v  -21.870399 9.664789 -4.097589
v  -22.056051 9.751530 -4.675758
v  -22.296534 9.685413 -5.252942
v  -22.188726 9.754992 -5.977309
v  -21.726479 9.798581 -4.223371
v  -21.873713 9.860062 -4.784531
v  -22.102737 9.818332 -5.322650
v  -21.975533 9.856894 -5.998597
v  -21.895004 9.801659 -6.655632
v  -21.414581 9.842728 -7.204224
v  -21.876781 9.898439 -5.399031
v  -21.703024 9.920528 -6.017794
v  -21.667309 9.885691 -6.611160
v  -21.185677 9.911602 -7.074985
v  -20.835274 9.877946 -7.552334
v  -21.570919 9.942107 -5.492726
v  -21.349983 9.936710 -6.547256
v  -21.549198 9.889288 -4.369448
v  -21.637867 9.924672 -4.917330
v  -21.303049 9.938494 -4.552830
v  -21.258232 9.959034 -5.105059
v  -21.165760 9.903900 -4.074533
v  -20.749302 9.900862 -3.864386
v  -20.871361 9.938124 -4.322658
v  -20.357958 9.939417 -4.219440
v  -20.224949 9.976053 -4.771349
v  -20.771809 9.973866 -4.883093
v  -20.473377 9.991851 -5.453118
v  -19.661829 9.968428 -4.662055
v  -19.374809 9.974962 -5.157434
v  -19.936623 9.994513 -5.300438
v  -19.587044 9.988970 -5.791518
v  -18.816704 9.931593 -4.961588
v  -18.544125 9.917946 -5.384933
v  -19.032606 9.963464 -5.614655
v  -18.757568 9.944798 -6.067268
v  -19.270010 9.968678 -6.262265
v  -19.105400 9.948294 -6.730300
v  -18.386986 9.916628 -5.796337
v  -18.332411 9.904947 -6.220621
v  -18.661522 9.928671 -6.514758
v  -18.198038 9.873422 -5.097294
v  -18.114006 9.877307 -5.485741
v  -17.882273 9.832512 -5.155350
v  -17.844378 9.818814 -5.546897
v  -18.068214 9.869049 -5.889161
v  -17.938007 9.834759 -4.770225
v  -17.707466 9.799585 -4.425934
v  -17.671169 9.785224 -4.812675
v  -17.462864 9.736466 -4.461695
v  -17.442993 9.698039 -4.850140
v  -17.640224 9.759563 -5.200505
v  -17.482792 9.767971 -4.068629
v  -17.259840 9.731902 -3.700391
v  -17.256689 9.682999 -4.100222
v  -17.048744 9.627634 -3.727039
v  -17.069565 9.561531 -4.127144
v  -17.251532 9.632165 -4.493786
v  -16.883652 9.497958 -3.747287
v  -16.994694 9.411093 -4.139872
v  -16.888798 9.355859 -3.745917
v  -19.809944 9.515151 -2.416555
v  -20.119289 9.563166 -2.642575
v  -19.786613 9.641376 -2.482056
v  -20.056192 9.686094 -2.753792
v  -20.431335 9.626950 -2.897433
v  -20.752264 9.697543 -3.184173
v  -19.707130 9.749800 -2.606811
v  -19.962526 9.782724 -2.892913
v  -20.343361 9.740252 -3.033610
v  -20.644472 9.797032 -3.332111
v  -21.066135 9.768500 -3.511841
v  -21.345266 9.834157 -3.900365
v  -20.232779 9.817351 -3.188532
v  -20.509008 9.859165 -3.502741
v  -20.931843 9.854519 -3.669498
v  -19.604343 9.834797 -2.744395
v  -19.845707 9.849060 -3.049785
v  -19.471519 9.890265 -2.896518
v  -19.678816 9.895720 -3.237975
v  -20.093605 9.866198 -3.368692
v  -20.297070 9.898201 -3.736498
v  -19.262650 9.932194 -3.082095
v  -19.337067 9.943172 -3.509547
v  -19.818100 9.917361 -3.644443
v  -19.822861 9.947855 -4.136188
v  -18.831833 9.951768 -3.327499
v  -18.723833 9.941378 -3.805616
v  -19.270693 9.953245 -3.999210
v  -19.087959 9.951223 -4.500209
v  -18.222002 9.912307 -3.540245
v  -18.083237 9.872139 -3.976975
v  -18.537680 9.911627 -4.269268
v  -18.333160 9.880892 -4.700377
v  -17.765102 9.853636 -3.633491
v  -17.739197 9.822749 -4.033303
v  -17.995871 9.844700 -4.384777
v  -17.495491 9.805576 -3.669780
# 637 vertices

vt 0.000000 0.000000 0.000000
vt 0.000000 0.000000 0.000000
vt 0.000000 0.000000 0.000000
vt 0.000000 0.000000 0.000000
vt 0.000000 0.000000 0.000000
vt 0.000000 0.000000 0.000000
vt 0.000000 0.000000 0.000000
vt 0.000000 0.000000 0.000000
vt 0.000000 0.000000 0.000000
vt 0.000000 0.000000 0.000000
vt 0.000000 0.000000 0.000000
vt 0.000000 0.000000 0.000000
vt 0.000000 0.000000 0.000000
vt 0.000000 0.000000 0.000000
vt 0.000000 0.000000 0.000000
vt 0.000000 0.000000 0.000000
vt 0.000000 0.000000 0.000000
vt 0.000000 0.000000 0.000000
vt 0.000000 0.000000 0.000000
vt 0.000000 0.000000 0.000000
vt 0.000000 0.000000 0.000000
vt 0.000000 0.000000 0.000000
vt 0.000000 0.000000 0.000000
vt 0.000000 0.000000 0.000000
vt 0.000000 0.000000 0.000000
vt 0.000000 0.000000 0.000000
vt 0.000000 0.000000 0.000000
vt 0.000000 0.000000 0.000000
vt 0.000000 0.000000 0.000000
vt 0.000000 0.000000 0.000000
vt 0.000000 0.000000 0.000000
vt 0.000000 0.000000 0.000000
vt 0.000000 0.000000 0.000000
vt 0.000000 0.000000 0.000000
vt 0.000000 0.000000 0.000000
vt 0.000000 0.000000 0.000000
vt 0.000000 0.000000 0.000000
vt 0.000000 0.000000 0.000000
vt 0.000000 0.000000 0.000000
vt 0.000000 0.000000 0.000000
vt 0.000000 0.000000 0.000000
vt 0.000000 0.000000 0.000000
vt 0.000000 0.000000 0.000000
vt 0.000000 0.000000 0.000000
vt 0.000000 0.000000 0.000000
vt 0.000000 0.000000 0.000000
vt 0.000000 0.000000 0.000000
vt 0.000000 0.000000 0.000000
vt 0.000000 0.000000 0.000000
vt 0.000000 0.000000 0.000000
vt 0.000000 0.000000 0.000000
vt 0.000000 0.000000 0.000000
vt 0.000000 0.000000 0.000000
vt 0.000000 0.000000 0.000000
vt 0.000000 0.000000 0.000000
vt 0.000000 0.000000 0.000000
vt 0.000000 0.000000 0.000000
vt 0.000000 0.000000 0.000000
vt 0.000000 0.000000 0.000000
vt 0.000000 0.000000 0.000000
vt 0.000000 0.000000 0.000000
vt 0.000000 0.000000 0.000000
vt 0.000000 0.000000 0.000000
vt 0.000000 0.000000 0.000000
vt 0.000000 0.000000 0.000000
vt 0.000000 0.000000 0.000000
vt 0.000000 0.000000 0.000000
vt 0.000000 0.000000 0.000000
vt 0.000000 0.000000 0.000000
vt 0.000000 0.000000 0.000000
vt 0.000000 0.000000 0.000000
vt 0.000000 0.000000 0.000000
vt 0.000000 0.000000 0.000000
vt 0.000000 0.000000 0.000000
vt 0.000000 0.000000 0.000000
vt 0.000000 0.000000 0.000000
vt 0.000000 0.000000 0.000000
vt 0.000000 0.000000 0.000000
vt 0.000000 0.000000 0.000000
vt 0.000000 0.000000 0.000000
vt 0.000000 0.000000 0.000000
vt 0.000000 0.000000 0.000000
vt 0.000000 0.000000 0.000000
vt 0.000000 0.000000 0.000000
vt 0.000000 0.000000 0.000000
vt 0.000000 0.000000 0.000000
vt 0.000000 0.000000 0.000000
vt 0.000000 0.000000 0.000000
vt 0.000000 0.000000 0.000000
vt 0.000000 0.000000 0.000000
vt 0.000000 0.000000 0.000000
vt 0.000000 0.000000 0.000000
vt 0.000000 0.000000 0.000000
vt 0.000000 0.000000 0.000000
vt 0.000000 0.000000 0.000000
vt 0.000000 0.000000 0.000000
vt 0.000000 0.000000 0.000000
vt 0.000000 0.000000 0.000000
vt 0.000000 0.000000 0.000000
vt 0.000000 0.000000 0.000000
vt 0.000000 0.000000 0.000000
vt 0.000000 0.000000 0.000000
vt 0.000000 0.000000 0.000000
vt 0.000000 0.000000 0.000000
vt 0.000000 0.000000 0.000000
vt 0.000000 0.000000 0.000000
vt 0.000000 0.000000 0.000000
vt 0.000000 0.000000 0.000000
vt 0.000000 0.000000 0.000000
vt 0.000000 0.000000 0.000000
vt 0.000000 0.000000 0.000000
vt 0.000000 0.000000 0.000000
vt 0.000000 0.000000 0.000000
vt 0.000000 0.000000 0.000000
vt 0.000000 0.000000 0.000000
vt 0.000000 0.000000 0.000000
vt 0.000000 0.000000 0.000000
vt 0.000000 0.000000 0.000000
vt 0.000000 0.000000 0.000000
vt 0.000000 0.000000 0.000000
vt 0.000000 0.000000 0.000000
vt 0.000000 0.000000 0.000000
vt 0.000000 0.000000 0.000000
vt 0.000000 0.000000 0.000000
vt 0.000000 0.000000 0.000000
vt 0.000000 0.000000 0.000000
vt 0.000000 0.000000 0.000000
vt 0.000000 0.000000 0.000000
vt 0.000000 0.000000 0.000000
vt 0.000000 0.000000 0.000000
vt 0.000000 0.000000 0.000000
vt 0.000000 0.000000 0.000000
vt 0.000000 0.000000 0.000000
vt 0.000000 0.000000 0.000000
vt 0.000000 0.000000 0.000000
vt 0.000000 0.000000 0.000000
vt 0.000000 0.000000 0.000000
vt 0.000000 0.000000 0.000000
vt 0.000000 0.000000 0.000000
vt 0.000000 0.000000 0.000000
vt 0.000000 0.000000 0.000000
vt 0.000000 0.000000 0.000000
vt 0.000000 0.000000 0.000000
vt 0.000000 0.000000 0.000000
vt 0.000000 0.000000 0.000000
vt 0.000000 0.000000 0.000000
vt 0.000000 0.000000 0.000000
vt 0.000000 0.000000 0.000000
vt 0.000000 0.000000 0.000000
vt 0.000000 0.000000 0.000000
vt 0.000000 0.000000 0.000000
vt 0.000000 0.000000 0.000000
vt 0.000000 0.000000 0.000000
vt 0.000000 0.000000 0.000000
vt 0.000000 0.000000 0.000000
vt 0.000000 0.000000 0.000000
vt 0.000000 0.000000 0.000000
vt 0.000000 0.000000 0.000000
vt 0.000000 0.000000 0.000000
vt 0.000000 0.000000 0.000000
vt 0.000000 0.000000 0.000000
vt 0.000000 0.000000 0.000000
vt 0.000000 0.000000 0.000000
vt 0.000000 0.000000 0.000000
vt 0.000000 0.000000 0.000000
vt 0.000000 0.000000 0.000000
vt 0.000000 0.000000 0.000000
vt 0.000000 0.000000 0.000000
vt 0.000000 0.000000 0.000000
vt 0.000000 0.000000 0.000000
vt 0.000000 0.000000 0.000000
vt 0.000000 0.000000 0.000000
vt 0.000000 0.000000 0.000000
vt 0.000000 0.000000 0.000000
vt 0.000000 0.000000 0.000000
vt 0.000000 0.000000 0.000000
vt 0.000000 0.000000 0.000000
vt 0.000000 0.000000 0.000000
vt 0.000000 0.000000 0.000000
vt 0.000000 0.000000 0.000000
vt 0.000000 0.000000 0.000000
vt 0.000000 0.000000 0.000000
vt 0.000000 0.000000 0.000000
vt 0.000000 0.000000 0.000000
vt 0.000000 0.000000 0.000000
vt 0.000000 0.000000 0.000000
vt 0.000000 0.000000 0.000000
vt 0.000000 0.000000 0.000000
vt 0.000000 0.000000 0.000000
vt 0.000000 0.000000 0.000000
vt 0.000000 0.000000 0.000000
vt 0.000000 0.000000 0.000000
vt 0.000000 0.000000 0.000000
vt 0.000000 0.000000 0.000000
vt 0.000000 0.000000 0.000000
vt 0.000000 0.000000 0.000000
vt 0.000000 0.000000 0.000000
vt 0.000000 0.000000 0.000000
vt 0.000000 0.000000 0.000000
vt 0.000000 0.000000 0.000000
vt 0.000000 0.000000 0.000000
vt 0.000000 0.000000 0.000000
vt 0.000000 0.000000 0.000000
vt 0.000000 0.000000 0.000000
vt 0.000000 0.000000 0.000000
vt 0.000000 0.000000 0.000000
vt 0.000000 0.000000 0.000000
vt 0.000000 0.000000 0.000000
vt 0.000000 0.000000 0.000000
vt 0.000000 0.000000 0.000000
vt 0.000000 0.000000 0.000000
vt 0.000000 0.000000 0.000000
vt 0.000000 0.000000 0.000000
vt 0.000000 0.000000 0.000000
vt 0.000000 0.000000 0.000000
vt 0.000000 0.000000 0.000000
vt 0.000000 0.000000 0.000000
vt 0.000000 0.000000 0.000000
vt 0.000000 0.000000 0.000000
vt 0.000000 0.000000 0.000000
vt 0.000000 0.000000 0.000000
vt 0.000000 0.000000 0.000000
vt 0.000000 0.000000 0.000000
vt 0.000000 0.000000 0.000000
vt 0.000000 0.000000 0.000000
vt 0.000000 0.000000 0.000000
vt 0.000000 0.000000 0.000000
vt 0.000000 0.000000 0.000000
vt 0.000000 0.000000 0.000000
vt 0.000000 0.000000 0.000000
vt 0.000000 0.000000 0.000000
vt 0.000000 0.000000 0.000000
vt 0.000000 0.000000 0.000000
vt 0.000000 0.000000 0.000000
vt 0.000000 0.000000 0.000000
vt 0.000000 0.000000 0.000000
vt 0.000000 0.000000 0.000000
vt 0.000000 0.000000 0.000000
vt 0.000000 0.000000 0.000000
vt 0.000000 0.000000 0.000000
vt 0.000000 0.000000 0.000000
vt 0.000000 0.000000 0.000000
vt 0.000000 0.000000 0.000000
vt 0.000000 0.000000 0.000000
vt 0.000000 0.000000 0.000000
vt 0.000000 0.000000 0.000000
vt 0.000000 0.000000 0.000000
vt 0.000000 0.000000 0.000000
vt 0.000000 0.000000 0.000000
vt 0.000000 0.000000 0.000000
vt 0.000000 0.000000 0.000000
vt 0.000000 0.000000 0.000000
vt 0.000000 0.000000 0.000000
vt 0.000000 0.000000 0.000000
vt 0.000000 0.000000 0.000000
vt 0.000000 0.000000 0.000000
vt 0.000000 0.000000 0.000000
vt 0.000000 0.000000 0.000000
vt 0.000000 0.000000 0.000000
vt 0.000000 0.000000 0.000000
vt 0.000000 0.000000 0.000000
vt 0.000000 0.000000 0.000000
vt 0.000000 0.000000 0.000000
vt 0.000000 0.000000 0.000000
vt 0.000000 0.000000 0.000000
vt 0.000000 0.000000 0.000000
vt 0.000000 0.000000 0.000000
vt 0.000000 0.000000 0.000000
vt 0.000000 0.000000 0.000000
vt 0.000000 0.000000 0.000000
vt 0.000000 0.000000 0.000000
vt 0.000000 0.000000 0.000000
vt 0.000000 0.000000 0.000000
vt 0.000000 0.000000 0.000000
vt 0.000000 0.000000 0.000000
vt 0.000000 0.000000 0.000000
vt 0.000000 0.000000 0.000000
vt 0.000000 0.000000 0.000000
vt 0.000000 0.000000 0.000000
vt 0.000000 0.000000 0.000000
vt 0.000000 0.000000 0.000000
vt 0.000000 0.000000 0.000000
vt 0.000000 0.000000 0.000000
vt 0.000000 0.000000 0.000000
vt 0.000000 0.000000 0.000000
vt 0.000000 0.000000 0.000000
vt 0.000000 0.000000 0.000000
vt 0.000000 0.000000 0.000000
vt 0.000000 0.000000 0.000000
vt 0.000000 0.000000 0.000000
vt 0.000000 0.000000 0.000000
vt 0.000000 0.000000 0.000000
vt 0.000000 0.000000 0.000000
vt 0.000000 0.000000 0.000000
vt 0.000000 0.000000 0.000000
vt 0.000000 0.000000 0.000000
vt 0.000000 0.000000 0.000000
vt 0.000000 0.000000 0.000000
vt 0.000000 0.000000 0.000000
vt 0.000000 0.000000 0.000000
vt 0.000000 0.000000 0.000000
vt 0.000000 0.000000 0.000000
vt 0.000000 0.000000 0.000000
vt 0.000000 0.000000 0.000000
vt 0.000000 0.000000 0.000000
vt 0.000000 0.000000 0.000000
vt 0.000000 0.000000 0.000000
vt 0.000000 0.000000 0.000000
vt 0.000000 0.000000 0.000000
vt 0.000000 0.000000 0.000000
vt 0.000000 0.000000 0.000000
vt 0.000000 0.000000 0.000000
vt 0.000000 0.000000 0.000000
vt 0.000000 0.000000 0.000000
vt 0.000000 0.000000 0.000000
vt 0.000000 0.000000 0.000000
vt 0.000000 0.000000 0.000000
vt 0.000000 0.000000 0.000000
vt 0.000000 0.000000 0.000000
vt 0.000000 0.000000 0.000000
vt 0.000000 0.000000 0.000000
vt 0.000000 0.000000 0.000000
vt 0.000000 0.000000 0.000000
vt 0.000000 0.000000 0.000000
vt 0.000000 0.000000 0.000000
vt 0.000000 0.000000 0.000000
vt 0.000000 0.000000 0.000000
vt 0.000000 0.000000 0.000000
vt 0.000000 0.000000 0.000000
vt 0.000000 0.000000 0.000000
vt 0.000000 0.000000 0.000000
vt 0.000000 0.000000 0.000000
vt 0.000000 0.000000 0.000000
vt 0.000000 0.000000 0.000000
vt 0.000000 0.000000 0.000000
vt 0.000000 0.000000 0.000000
vt 0.000000 0.000000 0.000000
vt 0.000000 0.000000 0.000000
vt 0.000000 0.000000 0.000000
vt 0.000000 0.000000 0.000000
vt 0.000000 0.000000 0.000000
vt 0.000000 0.000000 0.000000
vt 0.000000 0.000000 0.000000
vt 0.000000 0.000000 0.000000
vt 0.000000 0.000000 0.000000
vt 0.000000 0.000000 0.000000
vt 0.000000 0.000000 0.000000
vt 0.000000 0.000000 0.000000
vt 0.000000 0.000000 0.000000
vt 0.000000 0.000000 0.000000
vt 0.000000 0.000000 0.000000
vt 0.000000 0.000000 0.000000
vt 0.000000 0.000000 0.000000
vt 0.000000 0.000000 0.000000
vt 0.000000 0.000000 0.000000
vt 0.000000 0.000000 0.000000
vt 0.000000 0.000000 0.000000
vt 0.000000 0.000000 0.000000
vt 0.000000 0.000000 0.000000
vt 0.000000 0.000000 0.000000
vt 0.000000 0.000000 0.000000
vt 0.000000 0.000000 0.000000
vt 0.000000 0.000000 0.000000
vt 0.000000 0.000000 0.000000
vt 0.000000 0.000000 0.000000
vt 0.000000 0.000000 0.000000
vt 0.000000 0.000000 0.000000
vt 0.000000 0.000000 0.000000
vt 0.000000 0.000000 0.000000
vt 0.000000 0.000000 0.000000
vt 0.000000 0.000000 0.000000
vt 0.000000 0.000000 0.000000
vt 0.000000 0.000000 0.000000
vt 0.000000 0.000000 0.000000
vt 0.000000 0.000000 0.000000
vt 0.000000 0.000000 0.000000
vt 0.000000 0.000000 0.000000
vt 0.000000 0.000000 0.000000
vt 0.000000 0.000000 0.000000
vt 0.000000 0.000000 0.000000
vt 0.000000 0.000000 0.000000
vt 0.000000 0.000000 0.000000
vt 0.000000 0.000000 0.000000
vt 0.000000 0.000000 0.000000
vt 0.000000 0.000000 0.000000
vt 0.000000 0.000000 0.000000
vt 0.000000 0.000000 0.000000
vt 0.000000 0.000000 0.000000
vt 0.000000 0.000000 0.000000
vt 0.000000 0.000000 0.000000
vt 0.000000 0.000000 0.000000
vt 0.000000 0.000000 0.000000
vt 0.000000 0.000000 0.000000
vt 0.000000 0.000000 0.000000
vt 0.000000 0.000000 0.000000
vt 0.000000 0.000000 0.000000
vt 0.000000 0.000000 0.000000
vt 0.000000 0.000000 0.000000
vt 0.000000 0.000000 0.000000
vt 0.000000 0.000000 0.000000
vt 0.000000 0.000000 0.000000
vt 0.000000 0.000000 0.000000
vt 0.000000 0.000000 0.000000
vt 0.000000 0.000000 0.000000
vt 0.000000 0.000000 0.000000
vt 0.000000 0.000000 0.000000
vt 0.000000 0.000000 0.000000
vt 0.000000 0.000000 0.000000
vt 0.000000 0.000000 0.000000
vt 0.000000 0.000000 0.000000
vt 0.000000 0.000000 0.000000
vt 0.000000 0.000000 0.000000
vt 0.000000 0.000000 0.000000
vt 0.000000 0.000000 0.000000
vt 0.000000 0.000000 0.000000
vt 0.000000 0.000000 0.000000
vt 0.000000 0.000000 0.000000
vt 0.000000 0.000000 0.000000
vt 0.000000 0.000000 0.000000
vt 0.000000 0.000000 0.000000
vt 0.000000 0.000000 0.000000
vt 0.000000 0.000000 0.000000
vt 0.000000 0.000000 0.000000
vt 0.000000 0.000000 0.000000
vt 0.000000 0.000000 0.000000
vt 0.000000 0.000000 0.000000
vt 0.000000 0.000000 0.000000
vt 0.000000 0.000000 0.000000
vt 0.000000 0.000000 0.000000
vt 0.000000 0.000000 0.000000
vt 0.000000 0.000000 0.000000
vt 0.000000 0.000000 0.000000
vt 0.000000 0.000000 0.000000
vt 0.000000 0.000000 0.000000
vt 0.000000 0.000000 0.000000
vt 0.000000 0.000000 0.000000
vt 0.000000 0.000000 0.000000
vt 0.000000 0.000000 0.000000
vt 0.000000 0.000000 0.000000
vt 0.000000 0.000000 0.000000
vt 0.000000 0.000000 0.000000
vt 0.000000 0.000000 0.000000
vt 0.000000 0.000000 0.000000
vt 0.000000 0.000000 0.000000
vt 0.000000 0.000000 0.000000
vt 0.000000 0.000000 0.000000
vt 0.000000 0.000000 0.000000
vt 0.000000 0.000000 0.000000
vt 0.000000 0.000000 0.000000
vt 0.000000 0.000000 0.000000
vt 0.000000 0.000000 0.000000
vt 0.000000 0.000000 0.000000
vt 0.000000 0.000000 0.000000
vt 0.000000 0.000000 0.000000
vt 0.000000 0.000000 0.000000
vt 0.000000 0.000000 0.000000
vt 0.000000 0.000000 0.000000
vt 0.000000 0.000000 0.000000
vt 0.000000 0.000000 0.000000
vt 0.000000 0.000000 0.000000
vt 0.000000 0.000000 0.000000
vt 0.000000 0.000000 0.000000
vt 0.000000 0.000000 0.000000
vt 0.000000 0.000000 0.000000
vt 0.000000 0.000000 0.000000
vt 0.000000 0.000000 0.000000
vt 0.000000 0.000000 0.000000
vt 0.000000 0.000000 0.000000
vt 0.000000 0.000000 0.000000
vt 0.000000 0.000000 0.000000
vt 0.000000 0.000000 0.000000
vt 0.000000 0.000000 0.000000
vt 0.000000 0.000000 0.000000
vt 0.000000 0.000000 0.000000
vt 0.000000 0.000000 0.000000
vt 0.000000 0.000000 0.000000
vt 0.000000 0.000000 0.000000
vt 0.000000 0.000000 0.000000
vt 0.000000 0.000000 0.000000
vt 0.000000 0.000000 0.000000
vt 0.000000 0.000000 0.000000
vt 0.000000 0.000000 0.000000
vt 0.000000 0.000000 0.000000
vt 0.000000 0.000000 0.000000
vt 0.000000 0.000000 0.000000
vt 0.000000 0.000000 0.000000
vt 0.000000 0.000000 0.000000
vt 0.000000 0.000000 0.000000
vt 0.000000 0.000000 0.000000
vt 0.000000 0.000000 0.000000
vt 0.000000 0.000000 0.000000
vt 0.000000 0.000000 0.000000
vt 0.000000 0.000000 0.000000
vt 0.000000 0.000000 0.000000
vt 0.000000 0.000000 0.000000
vt 0.000000 0.000000 0.000000
vt 0.000000 0.000000 0.000000
vt 0.000000 0.000000 0.000000
vt 0.000000 0.000000 0.000000
vt 0.000000 0.000000 0.000000
vt 0.000000 0.000000 0.000000
vt 0.000000 0.000000 0.000000
vt 0.000000 0.000000 0.000000
vt 0.000000 0.000000 0.000000
vt 0.000000 0.000000 0.000000
vt 0.000000 0.000000 0.000000
vt 0.000000 0.000000 0.000000
vt 0.000000 0.000000 0.000000
vt 0.000000 0.000000 0.000000
vt 0.000000 0.000000 0.000000
vt 0.000000 0.000000 0.000000
vt 0.000000 0.000000 0.000000
vt 0.000000 0.000000 0.000000
vt 0.000000 0.000000 0.000000
vt 0.000000 0.000000 0.000000
vt 0.000000 0.000000 0.000000
vt 0.000000 0.000000 0.000000
vt 0.000000 0.000000 0.000000
vt 0.000000 0.000000 0.000000
vt 0.000000 0.000000 0.000000
vt 0.000000 0.000000 0.000000
vt 0.000000 0.000000 0.000000
vt 0.000000 0.000000 0.000000
vt 0.000000 0.000000 0.000000
vt 0.000000 0.000000 0.000000
vt 0.000000 0.000000 0.000000
vt 0.000000 0.000000 0.000000
vt 0.000000 0.000000 0.000000
vt 0.000000 0.000000 0.000000
vt 0.000000 0.000000 0.000000
vt 0.000000 0.000000 0.000000
vt 0.000000 0.000000 0.000000
vt 0.000000 0.000000 0.000000
vt 0.000000 0.000000 0.000000
vt 0.000000 0.000000 0.000000
vt 0.000000 0.000000 0.000000
vt 0.000000 0.000000 0.000000
vt 0.000000 0.000000 0.000000
vt 0.000000 0.000000 0.000000
vt 0.000000 0.000000 0.000000
vt 0.000000 0.000000 0.000000
vt 0.000000 0.000000 0.000000
vt 0.000000 0.000000 0.000000
vt 0.000000 0.000000 0.000000
vt 0.000000 0.000000 0.000000
vt 0.000000 0.000000 0.000000
vt 0.000000 0.000000 0.000000
vt 0.000000 0.000000 0.000000
vt 0.000000 0.000000 0.000000
vt 0.000000 0.000000 0.000000
vt 0.000000 0.000000 0.000000
vt 0.000000 0.000000 0.000000
vt 0.000000 0.000000 0.000000
vt 0.000000 0.000000 0.000000
vt 0.000000 0.000000 0.000000
vt 0.000000 0.000000 0.000000
vt 0.000000 0.000000 0.000000
vt 0.000000 0.000000 0.000000
vt 0.000000 0.000000 0.000000
vt 0.000000 0.000000 0.000000
vt 0.000000 0.000000 0.000000
vt 0.000000 0.000000 0.000000
vt 0.000000 0.000000 0.000000
vt 0.000000 0.000000 0.000000
vt 0.000000 0.000000 0.000000
vt 0.000000 0.000000 0.000000
vt 0.000000 0.000000 0.000000
vt 0.000000 0.000000 0.000000
vt 0.000000 0.000000 0.000000
vt 0.000000 0.000000 0.000000
vt 0.000000 0.000000 0.000000
vt 0.000000 0.000000 0.000000
vt 0.000000 0.000000 0.000000
vt 0.000000 0.000000 0.000000
vt 0.000000 0.000000 0.000000
vt 0.000000 0.000000 0.000000
vt 0.000000 0.000000 0.000000
vt 0.000000 0.000000 0.000000
vt 0.000000 0.000000 0.000000
vt 0.000000 0.000000 0.000000
vt 0.000000 0.000000 0.000000
vt 0.000000 0.000000 0.000000
vt 0.000000 0.000000 0.000000
vt 0.000000 0.000000 0.000000
vt 0.000000 0.000000 0.000000
vt 0.000000 0.000000 0.000000
vt 0.000000 0.000000 0.000000
vt 0.000000 0.000000 0.000000
vt 0.000000 0.000000 0.000000
vt 0.000000 0.000000 0.000000
vt 0.000000 0.000000 0.000000
vt 0.000000 0.000000 0.000000
vt 0.000000 0.000000 0.000000
vt 0.000000 0.000000 0.000000
vt 0.000000 0.000000 0.000000
vt 0.000000 0.000000 0.000000
vt 0.000000 0.000000 0.000000
vt 0.000000 0.000000 0.000000
vt 0.000000 0.000000 0.000000
vt 0.000000 0.000000 0.000000
vt 0.000000 0.000000 0.000000
vt 0.000000 0.000000 0.000000
vt 0.000000 0.000000 0.000000
vt 0.000000 0.000000 0.000000
vt 0.000000 0.000000 0.000000
vt 0.000000 0.000000 0.000000
vt 0.000000 0.000000 0.000000
vt 0.000000 0.000000 0.000000
vt 0.000000 0.000000 0.000000
vt 0.000000 0.000000 0.000000
vt 0.000000 0.000000 0.000000
vt 0.000000 0.000000 0.000000
vt 0.000000 0.000000 0.000000
vt 0.000000 0.000000 0.000000
vt 0.000000 0.000000 0.000000
vt 0.000000 0.000000 0.000000
vt 0.000000 0.000000 0.000000
vt 0.000000 0.000000 0.000000
vt 0.000000 0.000000 0.000000
vt 0.000000 0.000000 0.000000
vt 0.000000 0.000000 0.000000
vt 0.000000 0.000000 0.000000
vt 0.000000 0.000000 0.000000
vt 0.000000 0.000000 0.000000
vt 0.000000 0.000000 0.000000
vt 0.000000 0.000000 0.000000
vt 0.000000 0.000000 0.000000
vt 0.000000 0.000000 0.000000
vt 0.000000 0.000000 0.000000
vt 0.000000 0.000000 0.000000
vt 0.000000 0.000000 0.000000
vt 0.000000 0.000000 0.000000
vt 0.000000 0.000000 0.000000
vt 0.000000 0.000000 0.000000
vt 0.000000 0.000000 0.000000
vt 0.000000 0.000000 0.000000
vt 0.000000 0.000000 0.000000
# 637 texture coords

o DiskInnerHerniated
g DiskInnerHerniated
usemtl HerniatedDiskAsset_default
f 3306/2032 3625/2351 3472/2198 3628/2354 
f 3310/2033 3626/2352 3472/2198 3625/2351 
f 3311/2034 3627/2353 3472/2198 3626/2352 
f 3312/2035 3628/2354 3472/2198 3627/2353 
f 3306/2032 3629/2355 3473/2199 3625/2351 
f 3313/2036 3630/2356 3473/2199 3629/2355 
f 3314/2037 3631/2357 3473/2199 3630/2356 
f 3310/2033 3625/2351 3473/2199 3631/2357 
f 3306/2032 3628/2354 3474/2200 3629/2355 
f 3312/2035 3632/2358 3474/2200 3628/2354 
f 3315/2038 3633/2359 3474/2200 3632/2358 
f 3313/2036 3629/2355 3474/2200 3633/2359 
f 3307/2039 3634/2360 3475/2201 3637/2363 
f 3316/2040 3635/2361 3475/2201 3634/2360 
f 3317/2041 3636/2362 3475/2201 3635/2361 
f 3311/2034 3637/2363 3475/2201 3636/2362 
f 3307/2039 3637/2363 3476/2202 3639/2365 
f 3311/2034 3626/2352 3476/2202 3637/2363 
f 3310/2033 3638/2364 3476/2202 3626/2352 
f 3318/2042 3639/2365 3476/2202 3638/2364 
f 3307/2039 3639/2365 3477/2203 3634/2360 
f 3318/2042 3640/2366 3477/2203 3639/2365 
f 3319/2043 3641/2367 3477/2203 3640/2366 
f 3316/2040 3634/2360 3477/2203 3641/2367 
f 3308/2044 3642/2368 3478/2204 3645/2371 
f 3309/2045 3643/2369 3478/2204 3642/2368 
f 3320/2046 3644/2370 3478/2204 3643/2369 
f 3321/2047 3645/2371 3478/2204 3644/2370 
f 3308/2044 3645/2371 3479/2205 3648/2374 
f 3321/2047 3646/2372 3479/2205 3645/2371 
f 3322/2048 3647/2373 3479/2205 3646/2372 
f 3323/2049 3648/2374 3479/2205 3647/2373 
f 3309/2045 3649/2375 3480/2206 3643/2369 
f 3324/2050 3650/2376 3480/2206 3649/2375 
f 3325/2051 3651/2377 3480/2206 3650/2376 
f 3320/2046 3643/2369 3480/2206 3651/2377 
f 3309/2045 3642/2368 3481/2207 3649/2375 
f 3308/2044 3648/2374 3481/2207 3642/2368 
f 3323/2049 3652/2378 3481/2207 3648/2374 
f 3324/2050 3649/2375 3481/2207 3652/2378 
f 3325/2051 3650/2376 3482/2208 3655/2381 
f 3324/2050 3653/2379 3482/2208 3650/2376 
f 3326/2052 3654/2380 3482/2208 3653/2379 
f 3327/2053 3655/2381 3482/2208 3654/2380 
f 3325/2051 3655/2381 3483/2209 3658/2384 
f 3327/2053 3656/2382 3483/2209 3655/2381 
f 3328/2054 3657/2383 3483/2209 3656/2382 
f 3329/2055 3658/2384 3483/2209 3657/2383 
f 3325/2051 3658/2384 3484/2210 3651/2377 
f 3329/2055 3659/2385 3484/2210 3658/2384 
f 3330/2056 3660/2386 3484/2210 3659/2385 
f 3320/2046 3651/2377 3484/2210 3660/2386 
f 3330/2056 3659/2385 3485/2211 3663/2389 
f 3329/2055 3661/2387 3485/2211 3659/2385 
f 3331/2057 3662/2388 3485/2211 3661/2387 
f 3332/2058 3663/2389 3485/2211 3662/2388 
f 3330/2056 3663/2389 3486/2212 3666/2392 
f 3332/2058 3664/2390 3486/2212 3663/2389 
f 3333/2059 3665/2391 3486/2212 3664/2390 
f 3334/2060 3666/2392 3486/2212 3665/2391 
f 3330/2056 3666/2392 3487/2213 3660/2386 
f 3334/2060 3667/2393 3487/2213 3666/2392 
f 3321/2047 3644/2370 3487/2213 3667/2393 
f 3320/2046 3660/2386 3487/2213 3644/2370 
f 3334/2060 3665/2391 3488/2214 3670/2396 
f 3333/2059 3668/2394 3488/2214 3665/2391 
f 3335/2061 3669/2395 3488/2214 3668/2394 
f 3336/2062 3670/2396 3488/2214 3669/2395 
f 3334/2060 3670/2396 3489/2215 3667/2393 
f 3336/2062 3671/2397 3489/2215 3670/2396 
f 3322/2048 3646/2372 3489/2215 3671/2397 
f 3321/2047 3667/2393 3489/2215 3646/2372 
f 3336/2062 3669/2395 3490/2216 3674/2400 
f 3335/2061 3672/2398 3490/2216 3669/2395 
f 3337/2063 3673/2399 3490/2216 3672/2398 
f 3338/2064 3674/2400 3490/2216 3673/2399 
f 3336/2062 3674/2400 3491/2217 3671/2397 
f 3338/2064 3675/2401 3491/2217 3674/2400 
f 3339/2065 3676/2402 3491/2217 3675/2401 
f 3322/2048 3671/2397 3491/2217 3676/2402 
f 3339/2065 3677/2403 3492/2218 3676/2402 
f 3340/2066 3678/2404 3492/2218 3677/2403 
f 3323/2049 3647/2373 3492/2218 3678/2404 
f 3322/2048 3676/2402 3492/2218 3647/2373 
f 3339/2065 3675/2401 3493/2219 3681/2407 
f 3338/2064 3679/2405 3493/2219 3675/2401 
f 3341/2067 3680/2406 3493/2219 3679/2405 
f 3342/2068 3681/2407 3493/2219 3680/2406 
f 3339/2065 3681/2407 3494/2220 3677/2403 
f 3342/2068 3682/2408 3494/2220 3681/2407 
f 3343/2069 3683/2409 3494/2220 3682/2408 
f 3340/2066 3677/2403 3494/2220 3683/2409 
f 3343/2069 3684/2410 3495/2221 3683/2409 
f 3344/2070 3685/2411 3495/2221 3684/2410 
f 3326/2052 3686/2412 3495/2221 3685/2411 
f 3340/2066 3683/2409 3495/2221 3686/2412 
f 3343/2069 3682/2408 3496/2222 3689/2415 
f 3342/2068 3687/2413 3496/2222 3682/2408 
f 3345/2071 3688/2414 3496/2222 3687/2413 
f 3346/2072 3689/2415 3496/2222 3688/2414 
f 3343/2069 3689/2415 3497/2223 3684/2410 
f 3346/2072 3690/2416 3497/2223 3689/2415 
f 3347/2073 3691/2417 3497/2223 3690/2416 
f 3344/2070 3684/2410 3497/2223 3691/2417 
f 3347/2073 3692/2418 3498/2224 3691/2417 
f 3348/2074 3693/2419 3498/2224 3692/2418 
f 3349/2075 3694/2420 3498/2224 3693/2419 
f 3344/2070 3691/2417 3498/2224 3694/2420 
f 3347/2073 3690/2416 3499/2225 3697/2423 
f 3346/2072 3695/2421 3499/2225 3690/2416 
f 3350/2076 3696/2422 3499/2225 3695/2421 
f 3351/2077 3697/2423 3499/2225 3696/2422 
f 3347/2073 3697/2423 3500/2226 3692/2418 
f 3351/2077 3698/2424 3500/2226 3697/2423 
f 3352/2078 3699/2425 3500/2226 3698/2424 
f 3348/2074 3692/2418 3500/2226 3699/2425 
f 3352/2078 3698/2424 3501/2227 3702/2428 
f 3351/2077 3700/2426 3501/2227 3698/2424 
f 3353/2079 3701/2427 3501/2227 3700/2426 
f 3354/2080 3702/2428 3501/2227 3701/2427 
f 3352/2078 3702/2428 3502/2228 3705/2431 
f 3354/2080 3703/2429 3502/2228 3702/2428 
f 3355/2081 3704/2430 3502/2228 3703/2429 
f 3356/2082 3705/2431 3502/2228 3704/2430 
f 3352/2078 3705/2431 3503/2229 3699/2425 
f 3356/2082 3706/2432 3503/2229 3705/2431 
f 3357/2083 3707/2433 3503/2229 3706/2432 
f 3348/2074 3699/2425 3503/2229 3707/2433 
f 3357/2083 3706/2432 3504/2230 3710/2436 
f 3356/2082 3708/2434 3504/2230 3706/2432 
f 3358/2084 3709/2435 3504/2230 3708/2434 
f 3359/2085 3710/2436 3504/2230 3709/2435 
f 3357/2083 3710/2436 3505/2231 3713/2439 
f 3359/2085 3711/2437 3505/2231 3710/2436 
f 3360/2086 3712/2438 3505/2231 3711/2437 
f 3361/2087 3713/2439 3505/2231 3712/2438 
f 3357/2083 3713/2439 3506/2232 3707/2433 
f 3361/2087 3714/2440 3506/2232 3713/2439 
f 3349/2075 3693/2419 3506/2232 3714/2440 
f 3348/2074 3707/2433 3506/2232 3693/2419 
f 3361/2087 3712/2438 3507/2233 3717/2443 
f 3360/2086 3715/2441 3507/2233 3712/2438 
f 3362/2088 3716/2442 3507/2233 3715/2441 
f 3328/2054 3717/2443 3507/2233 3716/2442 
f 3361/2087 3717/2443 3508/2234 3714/2440 
f 3328/2054 3656/2382 3508/2234 3717/2443 
f 3327/2053 3718/2444 3508/2234 3656/2382 
f 3349/2075 3714/2440 3508/2234 3718/2444 
f 3362/2088 3715/2441 3509/2235 3721/2447 
f 3360/2086 3719/2445 3509/2235 3715/2441 
f 3363/2089 3720/2446 3509/2235 3719/2445 
f 3364/2090 3721/2447 3509/2235 3720/2446 
f 3362/2088 3721/2447 3510/2236 3724/2450 
f 3364/2090 3722/2448 3510/2236 3721/2447 
f 3365/2091 3723/2449 3510/2236 3722/2448 
f 3331/2057 3724/2450 3510/2236 3723/2449 
f 3362/2088 3724/2450 3511/2237 3716/2442 
f 3331/2057 3661/2387 3511/2237 3724/2450 
f 3329/2055 3657/2383 3511/2237 3661/2387 
f 3328/2054 3716/2442 3511/2237 3657/2383 
f 3365/2091 3722/2448 3512/2238 3727/2453 
f 3364/2090 3725/2451 3512/2238 3722/2448 
f 3366/2092 3726/2452 3512/2238 3725/2451 
f 3367/2093 3727/2453 3512/2238 3726/2452 
f 3365/2091 3727/2453 3513/2239 3730/2456 
f 3367/2093 3728/2454 3513/2239 3727/2453 
f 3368/2094 3729/2455 3513/2239 3728/2454 
f 3369/2095 3730/2456 3513/2239 3729/2455 
f 3365/2091 3730/2456 3514/2240 3723/2449 
f 3369/2095 3731/2457 3514/2240 3730/2456 
f 3332/2058 3662/2388 3514/2240 3731/2457 
f 3331/2057 3723/2449 3514/2240 3662/2388 
f 3369/2095 3729/2455 3515/2241 3734/2460 
f 3368/2094 3732/2458 3515/2241 3729/2455 
f 3370/2096 3733/2459 3515/2241 3732/2458 
f 3371/2097 3734/2460 3515/2241 3733/2459 
f 3369/2095 3734/2460 3516/2242 3731/2457 
f 3371/2097 3735/2461 3516/2242 3734/2460 
f 3333/2059 3664/2390 3516/2242 3735/2461 
f 3332/2058 3731/2457 3516/2242 3664/2390 
f 3371/2097 3733/2459 3517/2243 3738/2464 
f 3370/2096 3736/2462 3517/2243 3733/2459 
f 3372/2098 3737/2463 3517/2243 3736/2462 
f 3373/2099 3738/2464 3517/2243 3737/2463 
f 3371/2097 3738/2464 3518/2244 3735/2461 
f 3373/2099 3739/2465 3518/2244 3738/2464 
f 3335/2061 3668/2394 3518/2244 3739/2465 
f 3333/2059 3735/2461 3518/2244 3668/2394 
f 3373/2099 3737/2463 3519/2245 3742/2468 
f 3372/2098 3740/2466 3519/2245 3737/2463 
f 3374/2100 3741/2467 3519/2245 3740/2466 
f 3375/2101 3742/2468 3519/2245 3741/2467 
f 3373/2099 3742/2468 3520/2246 3739/2465 
f 3375/2101 3743/2469 3520/2246 3742/2468 
f 3337/2063 3672/2398 3520/2246 3743/2469 
f 3335/2061 3739/2465 3520/2246 3672/2398 
f 3375/2101 3741/2467 3521/2247 3746/2472 
f 3374/2100 3744/2470 3521/2247 3741/2467 
f 3376/2102 3745/2471 3521/2247 3744/2470 
f 3377/2103 3746/2472 3521/2247 3745/2471 
f 3375/2101 3746/2472 3522/2248 3743/2469 
f 3377/2103 3747/2473 3522/2248 3746/2472 
f 3378/2104 3748/2474 3522/2248 3747/2473 
f 3337/2063 3743/2469 3522/2248 3748/2474 
f 3378/2104 3749/2475 3523/2249 3748/2474 
f 3341/2067 3679/2405 3523/2249 3749/2475 
f 3338/2064 3673/2399 3523/2249 3679/2405 
f 3337/2063 3748/2474 3523/2249 3673/2399 
f 3378/2104 3747/2473 3524/2250 3752/2478 
f 3377/2103 3750/2476 3524/2250 3747/2473 
f 3379/2105 3751/2477 3524/2250 3750/2476 
f 3380/2106 3752/2478 3524/2250 3751/2477 
f 3378/2104 3752/2478 3525/2251 3749/2475 
f 3380/2106 3753/2479 3525/2251 3752/2478 
f 3381/2107 3754/2480 3525/2251 3753/2479 
f 3341/2067 3749/2475 3525/2251 3754/2480 
f 3381/2107 3755/2481 3526/2252 3754/2480 
f 3345/2071 3687/2413 3526/2252 3755/2481 
f 3342/2068 3680/2406 3526/2252 3687/2413 
f 3341/2067 3754/2480 3526/2252 3680/2406 
f 3381/2107 3753/2479 3527/2253 3758/2484 
f 3380/2106 3756/2482 3527/2253 3753/2479 
f 3382/2108 3757/2483 3527/2253 3756/2482 
f 3383/2109 3758/2484 3527/2253 3757/2483 
f 3381/2107 3758/2484 3528/2254 3755/2481 
f 3383/2109 3759/2485 3528/2254 3758/2484 
f 3384/2110 3760/2486 3528/2254 3759/2485 
f 3345/2071 3755/2481 3528/2254 3760/2486 
f 3384/2110 3761/2487 3529/2255 3760/2486 
f 3350/2076 3695/2421 3529/2255 3761/2487 
f 3346/2072 3688/2414 3529/2255 3695/2421 
f 3345/2071 3760/2486 3529/2255 3688/2414 
f 3384/2110 3759/2485 3530/2256 3764/2490 
f 3383/2109 3762/2488 3530/2256 3759/2485 
f 3385/2111 3763/2489 3530/2256 3762/2488 
f 3386/2112 3764/2490 3530/2256 3763/2489 
f 3384/2110 3764/2490 3531/2257 3761/2487 
f 3386/2112 3765/2491 3531/2257 3764/2490 
f 3387/2113 3766/2492 3531/2257 3765/2491 
f 3350/2076 3761/2487 3531/2257 3766/2492 
f 3387/2113 3767/2493 3532/2258 3766/2492 
f 3353/2079 3700/2426 3532/2258 3767/2493 
f 3351/2077 3696/2422 3532/2258 3700/2426 
f 3350/2076 3766/2492 3532/2258 3696/2422 
f 3387/2113 3765/2491 3533/2259 3770/2496 
f 3386/2112 3768/2494 3533/2259 3765/2491 
f 3388/2114 3769/2495 3533/2259 3768/2494 
f 3389/2115 3770/2496 3533/2259 3769/2495 
f 3387/2113 3770/2496 3534/2260 3767/2493 
f 3389/2115 3771/2497 3534/2260 3770/2496 
f 3390/2116 3772/2498 3534/2260 3771/2497 
f 3353/2079 3767/2493 3534/2260 3772/2498 
f 3390/2116 3773/2499 3535/2261 3772/2498 
f 3391/2117 3774/2500 3535/2261 3773/2499 
f 3354/2080 3701/2427 3535/2261 3774/2500 
f 3353/2079 3772/2498 3535/2261 3701/2427 
f 3390/2116 3771/2497 3536/2262 3777/2503 
f 3389/2115 3775/2501 3536/2262 3771/2497 
f 3392/2118 3776/2502 3536/2262 3775/2501 
f 3393/2119 3777/2503 3536/2262 3776/2502 
f 3390/2116 3777/2503 3537/2263 3773/2499 
f 3393/2119 3778/2504 3537/2263 3777/2503 
f 3394/2120 3779/2505 3537/2263 3778/2504 
f 3391/2117 3773/2499 3537/2263 3779/2505 
f 3394/2120 3778/2504 3538/2264 3781/2507 
f 3393/2119 3780/2506 3538/2264 3778/2504 
f 3316/2040 3641/2367 3538/2264 3780/2506 
f 3319/2043 3781/2507 3538/2264 3641/2367 
f 3394/2120 3781/2507 3539/2265 3784/2510 
f 3319/2043 3782/2508 3539/2265 3781/2507 
f 3395/2121 3783/2509 3539/2265 3782/2508 
f 3396/2122 3784/2510 3539/2265 3783/2509 
f 3394/2120 3784/2510 3540/2266 3779/2505 
f 3396/2122 3785/2511 3540/2266 3784/2510 
f 3397/2123 3786/2512 3540/2266 3785/2511 
f 3391/2117 3779/2505 3540/2266 3786/2512 
f 3397/2123 3785/2511 3541/2267 3789/2515 
f 3396/2122 3787/2513 3541/2267 3785/2511 
f 3398/2124 3788/2514 3541/2267 3787/2513 
f 3399/2125 3789/2515 3541/2267 3788/2514 
f 3397/2123 3789/2515 3542/2268 3792/2518 
f 3399/2125 3790/2516 3542/2268 3789/2515 
f 3400/2126 3791/2517 3542/2268 3790/2516 
f 3355/2081 3792/2518 3542/2268 3791/2517 
f 3397/2123 3792/2518 3543/2269 3786/2512 
f 3355/2081 3703/2429 3543/2269 3792/2518 
f 3354/2080 3774/2500 3543/2269 3703/2429 
f 3391/2117 3786/2512 3543/2269 3774/2500 
f 3400/2126 3790/2516 3544/2270 3795/2521 
f 3399/2125 3793/2519 3544/2270 3790/2516 
f 3401/2127 3794/2520 3544/2270 3793/2519 
f 3402/2128 3795/2521 3544/2270 3794/2520 
f 3400/2126 3795/2521 3545/2271 3798/2524 
f 3402/2128 3796/2522 3545/2271 3795/2521 
f 3403/2129 3797/2523 3545/2271 3796/2522 
f 3358/2084 3798/2524 3545/2271 3797/2523 
f 3400/2126 3798/2524 3546/2272 3791/2517 
f 3358/2084 3708/2434 3546/2272 3798/2524 
f 3356/2082 3704/2430 3546/2272 3708/2434 
f 3355/2081 3791/2517 3546/2272 3704/2430 
f 3403/2129 3796/2522 3547/2273 3801/2527 
f 3402/2128 3799/2525 3547/2273 3796/2522 
f 3404/2130 3800/2526 3547/2273 3799/2525 
f 3405/2131 3801/2527 3547/2273 3800/2526 
f 3403/2129 3801/2527 3548/2274 3804/2530 
f 3405/2131 3802/2528 3548/2274 3801/2527 
f 3406/2132 3803/2529 3548/2274 3802/2528 
f 3407/2133 3804/2530 3548/2274 3803/2529 
f 3403/2129 3804/2530 3549/2275 3797/2523 
f 3407/2133 3805/2531 3549/2275 3804/2530 
f 3359/2085 3709/2435 3549/2275 3805/2531 
f 3358/2084 3797/2523 3549/2275 3709/2435 
f 3407/2133 3803/2529 3550/2276 3808/2534 
f 3406/2132 3806/2532 3550/2276 3803/2529 
f 3408/2134 3807/2533 3550/2276 3806/2532 
f 3363/2089 3808/2534 3550/2276 3807/2533 
f 3407/2133 3808/2534 3551/2277 3805/2531 
f 3363/2089 3719/2445 3551/2277 3808/2534 
f 3360/2086 3711/2437 3551/2277 3719/2445 
f 3359/2085 3805/2531 3551/2277 3711/2437 
f 3408/2134 3806/2532 3552/2278 3811/2537 
f 3406/2132 3809/2535 3552/2278 3806/2532 
f 3409/2135 3810/2536 3552/2278 3809/2535 
f 3410/2136 3811/2537 3552/2278 3810/2536 
f 3408/2134 3811/2537 3553/2279 3814/2540 
f 3410/2136 3812/2538 3553/2279 3811/2537 
f 3411/2137 3813/2539 3553/2279 3812/2538 
f 3366/2092 3814/2540 3553/2279 3813/2539 
f 3408/2134 3814/2540 3554/2280 3807/2533 
f 3366/2092 3725/2451 3554/2280 3814/2540 
f 3364/2090 3720/2446 3554/2280 3725/2451 
f 3363/2089 3807/2533 3554/2280 3720/2446 
f 3411/2137 3815/2541 3555/2281 3813/2539 
f 3412/2138 3816/2542 3555/2281 3815/2541 
f 3367/2093 3726/2452 3555/2281 3816/2542 
f 3366/2092 3813/2539 3555/2281 3726/2452 
f 3412/2138 3817/2543 3556/2282 3816/2542 
f 3413/2139 3818/2544 3556/2282 3817/2543 
f 3368/2094 3728/2454 3556/2282 3818/2544 
f 3367/2093 3816/2542 3556/2282 3728/2454 
f 3413/2139 3819/2545 3557/2283 3818/2544 
f 3414/2140 3820/2546 3557/2283 3819/2545 
f 3370/2096 3732/2458 3557/2283 3820/2546 
f 3368/2094 3818/2544 3557/2283 3732/2458 
f 3414/2140 3821/2547 3558/2284 3820/2546 
f 3415/2141 3822/2548 3558/2284 3821/2547 
f 3372/2098 3736/2462 3558/2284 3822/2548 
f 3370/2096 3820/2546 3558/2284 3736/2462 
f 3415/2141 3823/2549 3559/2285 3822/2548 
f 3416/2142 3824/2550 3559/2285 3823/2549 
f 3374/2100 3740/2466 3559/2285 3824/2550 
f 3372/2098 3822/2548 3559/2285 3740/2466 
f 3416/2142 3825/2551 3560/2286 3824/2550 
f 3417/2143 3826/2552 3560/2286 3825/2551 
f 3376/2102 3744/2470 3560/2286 3826/2552 
f 3374/2100 3824/2550 3560/2286 3744/2470 
f 3417/2143 3827/2553 3561/2287 3826/2552 
f 3418/2144 3828/2554 3561/2287 3827/2553 
f 3419/2145 3829/2555 3561/2287 3828/2554 
f 3376/2102 3826/2552 3561/2287 3829/2555 
f 3419/2145 3830/2556 3562/2288 3829/2555 
f 3379/2105 3750/2476 3562/2288 3830/2556 
f 3377/2103 3745/2471 3562/2288 3750/2476 
f 3376/2102 3829/2555 3562/2288 3745/2471 
f 3419/2145 3828/2554 3563/2289 3833/2559 
f 3418/2144 3831/2557 3563/2289 3828/2554 
f 3420/2146 3832/2558 3563/2289 3831/2557 
f 3421/2147 3833/2559 3563/2289 3832/2558 
f 3419/2145 3833/2559 3564/2290 3830/2556 
f 3421/2147 3834/2560 3564/2290 3833/2559 
f 3422/2148 3835/2561 3564/2290 3834/2560 
f 3379/2105 3830/2556 3564/2290 3835/2561 
f 3422/2148 3836/2562 3565/2291 3835/2561 
f 3382/2108 3756/2482 3565/2291 3836/2562 
f 3380/2106 3751/2477 3565/2291 3756/2482 
f 3379/2105 3835/2561 3565/2291 3751/2477 
f 3422/2148 3834/2560 3566/2292 3839/2565 
f 3421/2147 3837/2563 3566/2292 3834/2560 
f 3423/2149 3838/2564 3566/2292 3837/2563 
f 3424/2150 3839/2565 3566/2292 3838/2564 
f 3422/2148 3839/2565 3567/2293 3836/2562 
f 3424/2150 3840/2566 3567/2293 3839/2565 
f 3425/2151 3841/2567 3567/2293 3840/2566 
f 3382/2108 3836/2562 3567/2293 3841/2567 
f 3425/2151 3842/2568 3568/2294 3841/2567 
f 3385/2111 3762/2488 3568/2294 3842/2568 
f 3383/2109 3757/2483 3568/2294 3762/2488 
f 3382/2108 3841/2567 3568/2294 3757/2483 
f 3425/2151 3840/2566 3569/2295 3845/2571 
f 3424/2150 3843/2569 3569/2295 3840/2566 
f 3426/2152 3844/2570 3569/2295 3843/2569 
f 3427/2153 3845/2571 3569/2295 3844/2570 
f 3425/2151 3845/2571 3570/2296 3842/2568 
f 3427/2153 3846/2572 3570/2296 3845/2571 
f 3428/2154 3847/2573 3570/2296 3846/2572 
f 3385/2111 3842/2568 3570/2296 3847/2573 
f 3428/2154 3848/2574 3571/2297 3847/2573 
f 3388/2114 3768/2494 3571/2297 3848/2574 
f 3386/2112 3763/2489 3571/2297 3768/2494 
f 3385/2111 3847/2573 3571/2297 3763/2489 
f 3428/2154 3846/2572 3572/2298 3851/2577 
f 3427/2153 3849/2575 3572/2298 3846/2572 
f 3429/2155 3850/2576 3572/2298 3849/2575 
f 3430/2156 3851/2577 3572/2298 3850/2576 
f 3428/2154 3851/2577 3573/2299 3848/2574 
f 3430/2156 3852/2578 3573/2299 3851/2577 
f 3431/2157 3853/2579 3573/2299 3852/2578 
f 3388/2114 3848/2574 3573/2299 3853/2579 
f 3431/2157 3854/2580 3574/2300 3853/2579 
f 3392/2118 3775/2501 3574/2300 3854/2580 
f 3389/2115 3769/2495 3574/2300 3775/2501 
f 3388/2114 3853/2579 3574/2300 3769/2495 
f 3431/2157 3852/2578 3575/2301 3857/2583 
f 3430/2156 3855/2581 3575/2301 3852/2578 
f 3432/2158 3856/2582 3575/2301 3855/2581 
f 3433/2159 3857/2583 3575/2301 3856/2582 
f 3431/2157 3857/2583 3576/2302 3854/2580 
f 3433/2159 3858/2584 3576/2302 3857/2583 
f 3317/2041 3859/2585 3576/2302 3858/2584 
f 3392/2118 3854/2580 3576/2302 3859/2585 
f 3433/2159 3856/2582 3577/2303 3861/2587 
f 3432/2158 3860/2586 3577/2303 3856/2582 
f 3315/2038 3632/2358 3577/2303 3860/2586 
f 3312/2035 3861/2587 3577/2303 3632/2358 
f 3433/2159 3861/2587 3578/2304 3858/2584 
f 3312/2035 3627/2353 3578/2304 3861/2587 
f 3311/2034 3636/2362 3578/2304 3627/2353 
f 3317/2041 3858/2584 3578/2304 3636/2362 
f 3432/2158 3855/2581 3579/2305 3863/2589 
f 3430/2156 3850/2576 3579/2305 3855/2581 
f 3429/2155 3862/2588 3579/2305 3850/2576 
f 3434/2160 3863/2589 3579/2305 3862/2588 
f 3432/2158 3863/2589 3580/2306 3860/2586 
f 3434/2160 3864/2590 3580/2306 3863/2589 
f 3435/2161 3865/2591 3580/2306 3864/2590 
f 3315/2038 3860/2586 3580/2306 3865/2591 
f 3435/2161 3864/2590 3581/2307 3868/2594 
f 3434/2160 3866/2592 3581/2307 3864/2590 
f 3436/2162 3867/2593 3581/2307 3866/2592 
f 3437/2163 3868/2594 3581/2307 3867/2593 
f 3435/2161 3868/2594 3582/2308 3871/2597 
f 3437/2163 3869/2595 3582/2308 3868/2594 
f 3438/2164 3870/2596 3582/2308 3869/2595 
f 3439/2165 3871/2597 3582/2308 3870/2596 
f 3435/2161 3871/2597 3583/2309 3865/2591 
f 3439/2165 3872/2598 3583/2309 3871/2597 
f 3313/2036 3633/2359 3583/2309 3872/2598 
f 3315/2038 3865/2591 3583/2309 3633/2359 
f 3439/2165 3870/2596 3584/2310 3875/2601 
f 3438/2164 3873/2599 3584/2310 3870/2596 
f 3440/2166 3874/2600 3584/2310 3873/2599 
f 3441/2167 3875/2601 3584/2310 3874/2600 
f 3439/2165 3875/2601 3585/2311 3872/2598 
f 3441/2167 3876/2602 3585/2311 3875/2601 
f 3314/2037 3630/2356 3585/2311 3876/2602 
f 3313/2036 3872/2598 3585/2311 3630/2356 
f 3441/2167 3874/2600 3586/2312 3879/2605 
f 3440/2166 3877/2603 3586/2312 3874/2600 
f 3442/2168 3878/2604 3586/2312 3877/2603 
f 3443/2169 3879/2605 3586/2312 3878/2604 
f 3441/2167 3879/2605 3587/2313 3876/2602 
f 3443/2169 3880/2606 3587/2313 3879/2605 
f 3444/2170 3881/2607 3587/2313 3880/2606 
f 3314/2037 3876/2602 3587/2313 3881/2607 
f 3444/2170 3882/2608 3588/2314 3881/2607 
f 3318/2042 3638/2364 3588/2314 3882/2608 
f 3310/2033 3631/2357 3588/2314 3638/2364 
f 3314/2037 3881/2607 3588/2314 3631/2357 
f 3444/2170 3880/2606 3589/2315 3885/2611 
f 3443/2169 3883/2609 3589/2315 3880/2606 
f 3445/2171 3884/2610 3589/2315 3883/2609 
f 3395/2121 3885/2611 3589/2315 3884/2610 
f 3444/2170 3885/2611 3590/2316 3882/2608 
f 3395/2121 3782/2508 3590/2316 3885/2611 
f 3319/2043 3640/2366 3590/2316 3782/2508 
f 3318/2042 3882/2608 3590/2316 3640/2366 
f 3445/2171 3883/2609 3591/2317 3887/2613 
f 3443/2169 3878/2604 3591/2317 3883/2609 
f 3442/2168 3886/2612 3591/2317 3878/2604 
f 3446/2172 3887/2613 3591/2317 3886/2612 
f 3445/2171 3887/2613 3592/2318 3890/2616 
f 3446/2172 3888/2614 3592/2318 3887/2613 
f 3447/2173 3889/2615 3592/2318 3888/2614 
f 3398/2124 3890/2616 3592/2318 3889/2615 
f 3445/2171 3890/2616 3593/2319 3884/2610 
f 3398/2124 3787/2513 3593/2319 3890/2616 
f 3396/2122 3783/2509 3593/2319 3787/2513 
f 3395/2121 3884/2610 3593/2319 3783/2509 
f 3447/2173 3888/2614 3594/2320 3893/2619 
f 3446/2172 3891/2617 3594/2320 3888/2614 
f 3448/2174 3892/2618 3594/2320 3891/2617 
f 3449/2175 3893/2619 3594/2320 3892/2618 
f 3447/2173 3893/2619 3595/2321 3896/2622 
f 3449/2175 3894/2620 3595/2321 3893/2619 
f 3450/2176 3895/2621 3595/2321 3894/2620 
f 3401/2127 3896/2622 3595/2321 3895/2621 
f 3447/2173 3896/2622 3596/2322 3889/2615 
f 3401/2127 3793/2519 3596/2322 3896/2622 
f 3399/2125 3788/2514 3596/2322 3793/2519 
f 3398/2124 3889/2615 3596/2322 3788/2514 
f 3450/2176 3894/2620 3597/2323 3899/2625 
f 3449/2175 3897/2623 3597/2323 3894/2620 
f 3451/2177 3898/2624 3597/2323 3897/2623 
f 3452/2178 3899/2625 3597/2323 3898/2624 
f 3450/2176 3899/2625 3598/2324 3902/2628 
f 3452/2178 3900/2626 3598/2324 3899/2625 
f 3453/2179 3901/2627 3598/2324 3900/2626 
f 3404/2130 3902/2628 3598/2324 3901/2627 
f 3450/2176 3902/2628 3599/2325 3895/2621 
f 3404/2130 3799/2525 3599/2325 3902/2628 
f 3402/2128 3794/2520 3599/2325 3799/2525 
f 3401/2127 3895/2621 3599/2325 3794/2520 
f 3453/2179 3903/2629 3600/2326 3901/2627 
f 3454/2180 3904/2630 3600/2326 3903/2629 
f 3405/2131 3800/2526 3600/2326 3904/2630 
f 3404/2130 3901/2627 3600/2326 3800/2526 
f 3454/2180 3905/2631 3601/2327 3904/2630 
f 3409/2135 3809/2535 3601/2327 3905/2631 
f 3406/2132 3802/2528 3601/2327 3809/2535 
f 3405/2131 3904/2630 3601/2327 3802/2528 
f 3455/2181 3907/2633 3602/2328 3906/2632 
f 3423/2149 3837/2563 3602/2328 3907/2633 
f 3421/2147 3832/2558 3602/2328 3837/2563 
f 3420/2146 3906/2632 3602/2328 3832/2558 
f 3455/2181 3908/2634 3603/2329 3907/2633 
f 3456/2182 3909/2635 3603/2329 3908/2634 
f 3457/2183 3910/2636 3603/2329 3909/2635 
f 3423/2149 3907/2633 3603/2329 3910/2636 
f 3457/2183 3911/2637 3604/2330 3910/2636 
f 3426/2152 3843/2569 3604/2330 3911/2637 
f 3424/2150 3838/2564 3604/2330 3843/2569 
f 3423/2149 3910/2636 3604/2330 3838/2564 
f 3457/2183 3909/2635 3605/2331 3914/2640 
f 3456/2182 3912/2638 3605/2331 3909/2635 
f 3458/2184 3913/2639 3605/2331 3912/2638 
f 3459/2185 3914/2640 3605/2331 3913/2639 
f 3457/2183 3914/2640 3606/2332 3911/2637 
f 3459/2185 3915/2641 3606/2332 3914/2640 
f 3460/2186 3916/2642 3606/2332 3915/2641 
f 3426/2152 3911/2637 3606/2332 3916/2642 
f 3460/2186 3917/2643 3607/2333 3916/2642 
f 3429/2155 3849/2575 3607/2333 3917/2643 
f 3427/2153 3844/2570 3607/2333 3849/2575 
f 3426/2152 3916/2642 3607/2333 3844/2570 
f 3460/2186 3915/2641 3608/2334 3920/2646 
f 3459/2185 3918/2644 3608/2334 3915/2641 
f 3461/2187 3919/2645 3608/2334 3918/2644 
f 3436/2162 3920/2646 3608/2334 3919/2645 
f 3460/2186 3920/2646 3609/2335 3917/2643 
f 3436/2162 3866/2592 3609/2335 3920/2646 
f 3434/2160 3862/2588 3609/2335 3866/2592 
f 3429/2155 3917/2643 3609/2335 3862/2588 
f 3461/2187 3918/2644 3610/2336 3922/2648 
f 3459/2185 3913/2639 3610/2336 3918/2644 
f 3458/2184 3921/2647 3610/2336 3913/2639 
f 3462/2188 3922/2648 3610/2336 3921/2647 
f 3461/2187 3922/2648 3611/2337 3925/2651 
f 3462/2188 3923/2649 3611/2337 3922/2648 
f 3463/2189 3924/2650 3611/2337 3923/2649 
f 3464/2190 3925/2651 3611/2337 3924/2650 
f 3461/2187 3925/2651 3612/2338 3919/2645 
f 3464/2190 3926/2652 3612/2338 3925/2651 
f 3437/2163 3867/2593 3612/2338 3926/2652 
f 3436/2162 3919/2645 3612/2338 3867/2593 
f 3464/2190 3924/2650 3613/2339 3929/2655 
f 3463/2189 3927/2653 3613/2339 3924/2650 
f 3465/2191 3928/2654 3613/2339 3927/2653 
f 3466/2192 3929/2655 3613/2339 3928/2654 
f 3464/2190 3929/2655 3614/2340 3926/2652 
f 3466/2192 3930/2656 3614/2340 3929/2655 
f 3438/2164 3869/2595 3614/2340 3930/2656 
f 3437/2163 3926/2652 3614/2340 3869/2595 
f 3466/2192 3928/2654 3615/2341 3933/2659 
f 3465/2191 3931/2657 3615/2341 3928/2654 
f 3467/2193 3932/2658 3615/2341 3931/2657 
f 3468/2194 3933/2659 3615/2341 3932/2658 
f 3466/2192 3933/2659 3616/2342 3930/2656 
f 3468/2194 3934/2660 3616/2342 3933/2659 
f 3440/2166 3873/2599 3616/2342 3934/2660 
f 3438/2164 3930/2656 3616/2342 3873/2599 
f 3468/2194 3932/2658 3617/2343 3937/2663 
f 3467/2193 3935/2661 3617/2343 3932/2658 
f 3469/2195 3936/2662 3617/2343 3935/2661 
f 3470/2196 3937/2663 3617/2343 3936/2662 
f 3468/2194 3937/2663 3618/2344 3934/2660 
f 3470/2196 3938/2664 3618/2344 3937/2663 
f 3442/2168 3877/2603 3618/2344 3938/2664 
f 3440/2166 3934/2660 3618/2344 3877/2603 
f 3470/2196 3936/2662 3619/2345 3941/2667 
f 3469/2195 3939/2665 3619/2345 3936/2662 
f 3471/2197 3940/2666 3619/2345 3939/2665 
f 3448/2174 3941/2667 3619/2345 3940/2666 
f 3470/2196 3941/2667 3620/2346 3938/2664 
f 3448/2174 3891/2617 3620/2346 3941/2667 
f 3446/2172 3886/2612 3620/2346 3891/2617 
f 3442/2168 3938/2664 3620/2346 3886/2612 
f 3471/2197 3942/2668 3621/2347 3940/2666 
f 3451/2177 3897/2623 3621/2347 3942/2668 
f 3449/2175 3892/2618 3621/2347 3897/2623 
f 3448/2174 3940/2666 3621/2347 3892/2618 
f 3393/2119 3776/2502 3622/2348 3780/2506 
f 3392/2118 3859/2585 3622/2348 3776/2502 
f 3317/2041 3635/2361 3622/2348 3859/2585 
f 3316/2040 3780/2506 3622/2348 3635/2361 
f 3349/2075 3718/2444 3623/2349 3694/2420 
f 3327/2053 3654/2380 3623/2349 3718/2444 
f 3326/2052 3685/2411 3623/2349 3654/2380 
f 3344/2070 3694/2420 3623/2349 3685/2411 
f 3340/2066 3686/2412 3624/2350 3678/2404 
f 3326/2052 3653/2379 3624/2350 3686/2412 
f 3324/2050 3652/2378 3624/2350 3653/2379 
f 3323/2049 3678/2404 3624/2350 3652/2378 
# 612 polygons

#
# object DiskOuterHerniated
#

v  -14.790768 11.268667 0.935135
v  -14.909813 11.336283 0.967896
v  -25.446070 10.916616 0.815646
v  -19.318586 10.294077 -0.669358
v  -25.412071 11.059464 0.641398
v  -15.606293 10.524609 0.409119
v  -15.520552 10.692207 0.246596
v  -23.524948 8.946207 -3.833537
v  -14.886744 11.156702 0.920603
v  -14.814350 10.882513 0.757469
v  -14.718628 10.963084 0.688157
v  -14.808197 10.996595 0.616151
v  -14.876513 11.226356 0.835549
v  -18.207741 11.102701 -0.276883
v  -18.181644 10.950531 -0.344193
v  -18.039927 10.871280 -0.406589
v  -18.174255 11.006909 -0.428407
v  -14.997599 11.190199 0.790930
v  -15.023907 11.278507 0.911970
v  -15.014303 11.098349 0.915892
v  -25.609436 11.069566 0.885800
v  -25.801132 10.801929 0.651305
v  -25.496002 10.724459 0.664740
v  -25.154152 10.938255 0.836438
v  -25.192007 11.199281 0.967848
v  -25.131807 10.695320 0.647608
v  -19.037310 10.134461 -0.787852
v  -18.831337 10.496931 -0.555243
v  -19.172312 10.548028 -0.521749
v  -19.901419 10.112422 -0.784674
v  -19.883984 9.747014 -1.200086
v  -19.893980 10.449107 -0.550552
v  -25.598612 11.145923 0.771617
v  -25.182945 11.263643 0.874717
v  -25.132767 11.095675 0.658161
v  -25.104410 10.895300 0.439474
v  -25.456205 10.912515 0.471272
v  -25.773321 10.899879 0.552043
v  -15.718517 10.700085 0.531430
v  -15.903255 10.353605 0.134898
v  -15.671761 10.264366 0.119771
v  -15.453182 10.209902 0.112168
v  -15.444069 10.557467 0.479671
v  -15.502666 10.802756 0.679240
v  -15.369183 10.738463 0.310541
v  -15.386372 10.426967 -0.078549
v  -15.596523 10.449008 -0.062474
v  -15.840008 10.516953 -0.023542
v  -15.643864 10.843672 0.372303
v  -15.440258 10.946047 0.507575
v  -24.389950 8.876982 -4.058045
v  -24.057293 8.798713 -5.519345
v  -23.559864 8.841126 -5.427983
v  -24.080406 9.167419 -2.533272
v  -24.683636 9.136117 -2.594754
v  -23.157936 8.876457 -5.420818
v  -22.901739 8.941926 -4.176048
v  -22.357601 9.170962 -2.950415
v  -22.762043 9.252741 -2.363759
v  -22.064686 9.154624 -3.207965
v  -20.807426 9.269525 -2.543113
v  -21.002161 9.307240 -2.264963
v  -22.514540 8.995713 -4.341651
v  -21.785561 9.190956 -3.457237
v  -20.629297 9.317231 -2.813808
v  -19.313246 9.620753 -2.201209
v  -19.446316 9.487666 -1.943441
v  -21.597651 9.378921 -3.634237
v  -20.555527 9.576622 -2.937088
v  -19.439362 9.879855 -2.092637
v  -18.772305 10.182250 -1.244965
v  -18.516827 10.007230 -1.337113
v  -20.670977 9.823676 -2.759633
v  -19.639648 10.028645 -1.850588
v  -19.036549 10.290387 -1.109448
v  -18.851263 10.589743 -0.749148
v  -18.553570 10.502023 -0.808701
v  -19.833797 10.095106 -1.605927
v  -19.358082 10.387079 -0.970791
v  -19.247534 10.663921 -0.699302
v  -19.184288 10.926269 -0.520259
v  -18.776157 10.872099 -0.550163
v  -20.004929 10.453879 -0.855488
v  -19.941071 10.718138 -0.638494
v  -19.916527 10.968316 -0.467332
v  -19.904007 11.251950 -0.281801
v  -19.138584 11.228274 -0.330733
v  -21.077169 10.774296 -0.461786
v  -21.054338 11.020494 -0.290334
v  -21.025688 11.271228 -0.113356
v  -21.006184 11.238369 0.001655
v  -19.888512 11.273254 -0.137985
v  -22.362162 11.078129 0.065650
v  -22.299545 11.301481 0.243343
v  -22.268934 11.237469 0.327095
v  -22.311230 10.965486 0.202740
v  -21.029621 10.971954 -0.114551
v  -23.645075 11.313149 0.649355
v  -23.618214 11.231842 0.734215
v  -23.656305 10.959408 0.592100
v  -23.709877 10.702001 0.421388
v  -22.356504 10.704028 0.050921
v  -24.648706 11.207098 0.935392
v  -24.642359 10.942151 0.793951
v  -24.638466 10.689772 0.595301
v  -24.663942 10.422284 0.357223
v  -23.778162 10.440040 0.217453
v  -25.135538 10.424053 0.383385
v  -25.168139 10.071894 -0.078735
v  -24.740648 10.103576 -0.028165
v  -25.505489 10.448763 0.387193
v  -25.511250 10.086930 -0.122244
v  -25.828224 10.521257 0.349810
v  -25.806753 10.176903 -0.195135
v  -25.718134 9.758625 -1.296728
v  -25.465219 9.608465 -1.220608
v  -25.140348 9.577740 -1.138916
v  -25.381725 9.155548 -2.696561
v  -25.048910 9.124928 -2.630175
v  -24.809483 9.585769 -1.067602
v  -24.188246 9.593213 -1.044059
v  -23.936514 10.133821 -0.126610
v  -22.787582 9.581990 -1.200566
v  -22.535023 10.074743 -0.451332
v  -22.411776 10.434443 -0.130901
v  -21.148293 10.051423 -0.731924
v  -21.085680 10.409195 -0.439086
v  -21.054581 10.698536 -0.259440
v  -19.893335 10.739408 -0.385050
v  -19.891142 11.017218 -0.244794
v  -19.146072 10.785998 -0.394214
v  -19.122726 11.054900 -0.266527
v  -19.113708 11.296093 -0.168285
v  -18.725780 11.051460 -0.277157
v  -18.711096 11.291663 -0.183014
v  -18.723276 11.192181 -0.351750
v  -18.391853 11.238510 -0.211534
v  -18.416973 11.097161 -0.396664
v  -18.474533 10.807440 -0.577898
v  -18.176271 10.726507 -0.592483
v  -18.255968 10.394510 -0.842700
v  -18.024673 10.644447 -0.544115
v  -18.130987 10.287958 -0.779245
v  -18.471195 9.843307 -1.220725
v  -18.344315 10.320993 -0.684811
v  -18.682499 9.898313 -1.036983
v  -19.638269 9.524833 -1.693240
v  -18.867725 9.996297 -0.905162
v  -19.797882 9.596465 -1.469195
v  -21.193913 9.371578 -1.932127
v  -21.270634 9.564553 -1.369750
v  -18.592520 10.405931 -0.614066
v  -18.481445 10.721436 -0.438894
v  -18.757427 10.771406 -0.408658
v  -18.223240 10.664106 -0.483212
v  -18.427456 11.006750 -0.303264
v  -25.126659 8.926099 -4.234648
v  -24.802376 8.881646 -4.155769
v  -24.730564 8.854784 -5.723307
v  -24.431974 8.790060 -5.633027
v  -24.235825 8.840611 -7.179022
v  -23.955114 8.790962 -7.062733
v  -23.641665 8.803975 -6.932022
v  -23.311314 8.882740 -8.444346
v  -23.028095 8.855692 -8.262922
v  -22.696632 8.852180 -8.048378
v  -23.281763 8.830266 -6.794109
v  -22.382917 8.896523 -7.812309
v  -22.937468 8.874434 -6.680209
v  -22.114834 8.977746 -7.599409
v  -22.604675 8.959382 -6.579882
v  -22.765081 8.942900 -5.443574
v  -22.327271 9.140034 -6.499486
v  -22.444601 9.128615 -5.461673
v  -22.218094 9.190585 -4.464391
v  -22.326696 9.469536 -5.466282
v  -22.152281 9.540418 -4.494154
v  -21.620432 9.682358 -3.618503
v  -22.315298 9.837953 -4.421105
v  -21.825825 9.866800 -3.434996
v  -20.849697 9.933516 -2.478341
v  -22.088188 9.942786 -3.224945
v  -21.022863 9.965781 -2.231085
v  -20.255856 10.159488 -1.346065
v  -21.508938 10.000109 -1.888292
v  -21.161276 10.217541 -1.061882
v  -21.105167 10.519658 -0.678308
v  -22.626177 10.306623 -0.698530
v  -22.500587 10.589492 -0.339543
v  -22.421131 10.843098 -0.112599
v  -23.850935 10.659842 0.030570
v  -23.765503 10.885044 0.255678
v  -23.703747 11.107841 0.453215
v  -24.625751 10.888093 0.399794
v  -24.648430 11.108278 0.628154
v  -24.659676 11.297894 0.842300
v  -24.637903 10.666853 0.152329
v  -25.101122 10.679581 0.162100
v  -24.708502 10.429645 -0.253272
v  -25.138298 10.445528 -0.289337
v  -25.505121 10.446554 -0.314219
v  -25.478699 10.696119 0.182770
v  -25.804375 10.365627 -0.290138
v  -25.793657 10.654982 0.243837
v  -25.507910 10.181471 -1.358896
v  -25.758339 10.021604 -1.362433
v  -25.476568 10.039309 -2.835838
v  -25.637444 9.731433 -2.832839
v  -25.606457 9.395211 -2.779602
v  -25.363203 9.525370 -4.347365
v  -25.329578 9.185201 -4.309763
v  -24.937996 9.425794 -5.806285
v  -24.904875 9.100063 -5.784249
v  -24.436317 9.411557 -7.254527
v  -24.412117 9.101625 -7.244940
v  -23.819229 9.448710 -8.776944
v  -23.747404 9.153908 -8.716008
v  -23.569271 8.946617 -8.606145
v  -22.726410 9.135164 -10.220784
v  -22.546124 8.940530 -10.001896
v  -22.337503 8.898469 -9.737394
v  -20.871410 8.960143 -10.762118
v  -20.796804 8.899716 -10.448560
v  -20.719879 8.885178 -10.070828
v  -22.107870 8.886494 -9.440377
v  -20.613174 8.884409 -9.545990
v  -21.811481 8.888454 -9.040262
v  -20.526062 8.898723 -9.095120
v  -21.574303 8.917521 -8.655652
v  -20.451904 8.958966 -8.708879
v  -21.380419 8.980920 -8.337661
v  -20.395580 9.133890 -8.399581
v  -21.225391 9.156493 -8.085812
v  -21.892002 9.157256 -7.426546
v  -21.153908 9.459368 -7.975557
v  -21.778900 9.448544 -7.341862
v  -22.212502 9.445819 -6.467360
v  -21.874294 9.737980 -7.417208
v  -22.309742 9.744523 -6.498020
v  -22.462170 9.790525 -5.458530
v  -22.558718 9.940153 -6.574903
v  -22.737272 9.990329 -5.447759
v  -22.611719 9.988833 -4.297144
v  -23.090742 10.063272 -5.433676
v  -22.949543 10.035646 -4.157426
v  -22.365604 9.962230 -3.042980
v  -23.481478 10.049380 -3.986484
v  -23.117031 9.977881 -2.628703
v  -22.811131 10.044762 -1.455946
v  -24.400784 10.018476 -2.584908
v  -24.277887 10.114417 -1.190377
v  -24.017838 10.405958 -0.317701
v  -24.824316 10.153311 -1.216919
v  -24.821335 10.057994 -2.690119
v  -25.169989 10.097004 -2.777111
v  -25.175995 10.184598 -1.297461
v  -24.655087 10.071733 -4.198479
v  -24.991922 10.039835 -4.285732
v  -25.259283 9.859130 -4.347748
v  -24.644234 9.981677 -5.731690
v  -24.872915 9.745020 -5.796554
v  -24.193413 9.968213 -7.158899
v  -24.391592 9.722274 -7.234528
v  -23.545338 9.935409 -8.610986
v  -23.731024 9.745700 -8.734423
v  -22.532898 10.019848 -9.981837
v  -22.704927 9.876254 -10.195950
v  -22.784273 9.491138 -10.298373
v  -20.970161 9.863852 -11.011112
v  -20.980137 9.493612 -11.130336
v  -20.936985 9.152967 -11.023374
v  -18.920727 9.489965 -11.095156
v  -18.941269 9.154786 -10.985981
v  -18.999430 8.959545 -10.722813
v  -17.197832 9.152607 -10.105713
v  -17.362150 8.964756 -9.887518
v  -17.557457 8.918586 -9.627223
v  -19.074535 8.901200 -10.408963
v  -17.780050 8.899008 -9.322021
v  -19.151808 8.885496 -10.028613
v  -18.063419 8.898542 -8.938397
v  -19.265903 8.885059 -9.507681
v  -18.290253 8.922988 -8.579133
v  -19.353851 8.898799 -9.069283
v  -18.489542 8.988053 -8.264194
v  -19.433014 8.956905 -8.677413
v  -18.646965 9.158916 -8.020583
v  -19.496773 9.125585 -8.367625
v  -18.718071 9.469696 -7.921078
v  -19.522923 9.462016 -8.248263
v  -20.373859 9.462362 -8.286524
v  -19.497566 9.798301 -8.379307
v  -20.397020 9.784356 -8.409891
v  -21.221436 9.757297 -8.082713
v  -20.454102 9.987668 -8.704077
v  -21.373913 9.949554 -8.329988
v  -22.089569 9.930956 -7.587855
v  -21.562456 10.037156 -8.643379
v  -22.347080 10.020108 -7.793956
v  -22.863897 10.040388 -6.669607
v  -22.645905 10.060254 -8.017071
v  -23.188761 10.072289 -6.777038
v  -23.492489 10.081573 -5.444196
v  -23.558764 10.070218 -6.908517
v  -23.921940 10.089344 -5.522505
v  -24.234283 10.076442 -4.062593
v  -24.345783 10.070340 -5.642998
v  -23.918697 10.053645 -7.045423
v  -22.997705 10.056663 -8.235515
v  -23.300175 10.015360 -8.427978
v  -22.106741 10.070595 -9.418176
v  -22.339096 10.059063 -9.723001
v  -20.728468 10.078389 -10.063628
v  -20.810349 10.066962 -10.440668
v  -20.900589 10.017035 -10.741611
v  -19.071762 10.068173 -10.411056
v  -19.002546 10.014604 -10.728644
v  -18.944740 9.840459 -11.008613
v  -17.360329 10.012349 -9.893416
v  -17.193520 9.842189 -10.118203
v  -17.135645 9.495215 -10.189572
v  -16.059290 9.806784 -8.727651
v  -15.975290 9.494841 -8.786722
v  -16.061676 9.183996 -8.726802
v  -15.214077 9.486020 -7.350557
v  -15.297989 9.155884 -7.312357
v  -15.534588 8.961523 -7.196952
v  -16.264126 9.005621 -8.580258
v  -15.832851 8.908583 -7.047822
v  -16.517132 8.937020 -8.385365
v  -16.180656 8.899300 -6.890942
v  -16.812061 8.908059 -8.166218
v  -16.582991 8.901278 -6.722773
v  -17.154795 8.911381 -7.928198
v  -16.940361 8.925482 -6.584565
v  -17.473694 8.943572 -7.698086
v  -17.268688 8.989551 -6.461248
v  -17.752369 9.004313 -7.495520
v  -17.548008 9.163486 -6.357203
v  -17.992455 9.176107 -7.328685
v  -17.668636 9.480047 -6.311390
v  -18.109840 9.477823 -7.253277
v  -17.537529 9.790889 -6.357929
v  -17.987886 9.776172 -7.332050
v  -18.645817 9.777206 -8.025095
v  -17.748333 9.948702 -7.499858
v  -18.488789 9.961379 -8.263298
v  -19.434650 9.994021 -8.676526
v  -18.289175 10.036252 -8.581151
v  -19.357080 10.064494 -9.057913
v  -20.527821 10.061876 -9.083546
v  -19.262436 10.078175 -9.514040
v  -20.619015 10.078746 -9.540495
v  -21.803530 10.068802 -9.020027
v  -19.151299 10.078052 -10.033722
v  -18.052254 10.063326 -8.950619
v  -17.772331 10.064955 -9.329543
v  -17.556072 10.050013 -9.626062
v  -16.806973 10.051976 -8.169795
v  -16.518196 10.024917 -8.382821
v  -16.259514 9.975862 -8.582134
v  -15.827957 10.055789 -7.047439
v  -15.524769 10.011611 -7.196132
v  -15.286860 9.815721 -7.311783
v  -15.104822 9.979098 -5.812479
v  -14.852535 9.790968 -5.900046
v  -14.772966 9.470707 -5.930669
v  -14.567003 9.745994 -4.650400
v  -14.469463 9.447710 -4.680607
v  -14.595821 9.157689 -4.640746
v  -14.875729 9.158362 -5.899610
v  -14.864594 9.023256 -4.560130
v  -15.122417 8.975694 -5.815559
v  -15.177677 8.976568 -4.466177
v  -15.441042 8.911621 -5.711328
v  -15.519758 8.947530 -4.367419
v  -15.808891 8.890124 -5.599138
v  -15.906788 8.941627 -4.261514
v  -16.233547 8.895729 -5.483158
v  -16.239384 8.947941 -4.171961
v  -16.591988 8.908948 -5.389023
v  -16.558884 8.967762 -4.084716
v  -16.935734 8.954710 -5.296550
v  -16.854084 9.091811 -3.997405
v  -17.235420 9.124987 -5.214251
v  -16.979412 9.403480 -3.946095
v  -17.351536 9.467506 -5.173868
v  -16.814985 9.709083 -3.975235
v  -17.214531 9.807022 -5.196293
v  -16.512993 9.842025 -4.054488
v  -16.914757 9.984900 -5.269781
v  -17.260035 9.971128 -6.462387
v  -16.574350 10.036576 -5.362479
v  -16.935757 10.040940 -6.584777
v  -17.464197 10.020564 -7.706820
v  -16.574699 10.064552 -6.727056
v  -17.146378 10.053028 -7.934456
v  -16.175270 10.065543 -6.893508
v  -16.210537 10.053370 -5.462710
v  -15.783039 10.059480 -5.588016
v  -15.421259 10.037271 -5.706945
v  -15.465446 9.924453 -4.375778
v  -15.138708 9.919816 -4.477770
v  -14.830717 9.893316 -4.569333
v  -14.910734 9.822606 -3.268067
v  -14.623713 9.831509 -3.323739
v  -14.356836 9.731852 -3.368676
v  -14.595989 9.856524 -2.056388
v  -14.366005 9.786246 -2.058009
v  -14.265482 9.558574 -2.024351
v  -14.271122 9.440723 -3.374737
v  -14.395329 9.337337 -1.976702
v  -14.403286 9.166054 -3.338424
v  -14.635857 9.298890 -1.953322
v  -14.665997 9.090424 -3.282137
v  -14.885445 9.282566 -1.929178
v  -14.955339 9.063408 -3.222824
v  -15.142918 9.279533 -1.902715
v  -15.262598 9.045539 -3.157161
v  -15.408630 9.279082 -1.868950
v  -15.577898 9.024888 -3.078170
v  -15.677896 9.274239 -1.824261
v  -15.879944 9.015725 -2.993748
v  -15.945084 9.295275 -1.784435
v  -16.174395 9.024174 -2.914927
v  -16.211010 9.345259 -1.754708
v  -16.461132 9.105228 -2.841087
v  -16.323757 9.509583 -1.781204
v  -16.560883 9.352581 -2.826857
v  -16.147926 9.670494 -1.846026
v  -16.384895 9.563852 -2.886839
v  -15.892822 9.733974 -1.896357
v  -16.116060 9.667914 -2.965557
v  -15.626278 9.773302 -1.943310
v  -15.825480 9.729039 -3.048162
v  -16.190344 9.888553 -4.147876
v  -15.523014 9.767000 -3.131216
v  -15.848362 9.913499 -4.252304
v  -15.202156 9.795341 -3.207777
v  -15.359787 9.802569 -1.984688
v  -15.097795 9.831607 -2.015810
v  -14.844692 9.853998 -2.039003
v  -15.138577 10.090159 -0.851888
v  -14.918522 10.110378 -0.859852
v  -14.704472 10.116711 -0.864072
v  -15.011086 10.456713 -0.054665
v  -14.833752 10.475055 -0.026307
v  -14.668667 10.467172 0.012399
v  -14.506800 10.074320 -0.846547
v  -14.574310 10.375142 0.094188
v  -14.412693 9.900767 -0.775475
v  -14.691362 10.257691 0.169462
v  -14.543064 9.735164 -0.714108
v  -14.877371 10.219010 0.169730
v  -14.747721 9.709269 -0.706698
v  -15.061104 10.197544 0.148523
v  -14.963976 9.699437 -0.700666
v  -15.251770 10.193709 0.125432
v  -15.189259 9.707392 -0.700620
v  -15.428831 9.719868 -0.697557
v  -15.686386 9.741685 -0.694338
v  -15.930828 9.770886 -0.695879
v  -16.160778 10.476954 0.123666
v  -16.176996 9.827852 -0.716072
v  -16.296133 10.614020 0.050863
v  -16.302603 9.941862 -0.770833
v  -16.089062 10.596894 0.008981
v  -16.110306 10.024268 -0.811241
v  -15.871365 10.049311 -0.822672
v  -15.612312 10.056265 -0.832295
v  -15.376343 10.068352 -0.842788
v  -15.196327 10.433634 -0.073889
v  -15.220882 10.737986 0.316188
v  -15.058681 10.744791 0.323199
v  -15.267056 10.970941 0.547608
v  -15.103079 10.981539 0.567211
v  -14.950317 10.990411 0.586467
v  -14.899611 10.754658 0.343134
v  -14.746635 10.754227 0.380658
v  -14.652531 10.698862 0.458480
v  -14.758968 10.609441 0.527007
v  -14.979744 10.843521 0.765117
v  -14.936291 10.566514 0.535382
v  -15.139297 10.828410 0.754159
v  -15.102119 10.550297 0.521410
v  -15.310011 10.823451 0.731710
v  -15.272842 10.548580 0.502206
v  -15.173428 11.101954 0.927731
v  -15.352554 11.091455 0.907936
v  -15.590473 11.059774 0.838008
v  -15.910234 10.930522 0.626589
v  -15.364305 11.290301 0.918930
v  -15.614164 11.259869 0.858712
v  -16.001163 11.127462 0.613449
v  -15.540604 11.141579 0.690440
v  -15.837456 11.004603 0.486285
v  -15.321251 11.169305 0.746731
v  -15.173130 11.287308 0.928351
v  -15.144667 11.176147 0.765943
# 499 vertices

vt 0.000000 0.000000 0.000000
# 1 texture coords

o DiskOuterHerniated
g DiskOuterHerniated
usemtl HerniatedDiskAsset_default
f 3943/2669 3951/2669 3952/2669 3953/2669 
f 3943/2669 3953/2669 3954/2669 3955/2669 
f 3943/2669 3955/2669 3944/2669 3951/2669 
f 3944/2669 3955/2669 3960/2669 3961/2669 
f 3944/2669 3961/2669 3962/2669 3951/2669 
f 3945/2669 3963/2669 3964/2669 3965/2669 
f 3945/2669 3966/2669 3967/2669 3963/2669 
f 3945/2669 3965/2669 3968/2669 3966/2669 
f 3946/2669 3969/2669 3970/2669 3971/2669 
f 3946/2669 3972/2669 3973/2669 3969/2669 
f 3946/2669 3971/2669 3974/2669 3972/2669 
f 3947/2669 3975/2669 3976/2669 3977/2669 
f 3947/2669 3977/2669 3978/2669 3979/2669 
f 3947/2669 3979/2669 3980/2669 3975/2669 
f 3948/2669 3981/2669 3982/2669 3983/2669 
f 3948/2669 3983/2669 3984/2669 3985/2669 
f 3948/2669 3985/2669 3986/2669 3981/2669 
f 3949/2669 3987/2669 3988/2669 3989/2669 
f 3949/2669 3989/2669 3990/2669 3991/2669 
f 3949/2669 3991/2669 3992/2669 3987/2669 
f 3950/2669 3993/2669 3994/2669 3995/2669 
f 3950/2669 3996/2669 3997/2669 3993/2669 
f 3950/2669 3995/2669 3998/2669 3999/2669 
f 3950/2669 4000/2669 4001/2669 3996/2669 
f 3950/2669 3999/2669 4002/2669 4000/2669 
f 4002/2669 4003/2669 4004/2669 4000/2669 
f 4002/2669 3999/2669 4005/2669 4006/2669 
f 4002/2669 4006/2669 4007/2669 4003/2669 
f 4007/2669 4008/2669 4009/2669 4003/2669 
f 4007/2669 4006/2669 4010/2669 4011/2669 
f 4007/2669 4011/2669 4012/2669 4008/2669 
f 4012/2669 4013/2669 4014/2669 4008/2669 
f 4012/2669 4011/2669 4015/2669 4016/2669 
f 4012/2669 4016/2669 4017/2669 4013/2669 
f 4017/2669 4018/2669 4019/2669 4013/2669 
f 4017/2669 4016/2669 4020/2669 4021/2669 
f 4017/2669 4021/2669 4022/2669 4018/2669 
f 4022/2669 4023/2669 4024/2669 4018/2669 
f 4022/2669 4021/2669 4025/2669 4026/2669 
f 4022/2669 4026/2669 4027/2669 4023/2669 
f 4027/2669 4028/2669 4029/2669 4023/2669 
f 4027/2669 4026/2669 4030/2669 4031/2669 
f 4027/2669 4031/2669 4032/2669 4028/2669 
f 4032/2669 4033/2669 4034/2669 4028/2669 
f 4032/2669 4031/2669 4035/2669 4036/2669 
f 4032/2669 4036/2669 4037/2669 4033/2669 
f 4037/2669 4038/2669 4039/2669 4033/2669 
f 4037/2669 4036/2669 4040/2669 4041/2669 
f 4037/2669 4041/2669 4042/2669 4038/2669 
f 4042/2669 4043/2669 4044/2669 4038/2669 
f 4042/2669 4041/2669 4045/2669 4046/2669 
f 4042/2669 4046/2669 4047/2669 4043/2669 
f 4047/2669 4048/2669 4049/2669 4043/2669 
f 4047/2669 4046/2669 3966/2669 3968/2669 
f 4047/2669 3968/2669 4050/2669 4048/2669 
f 4050/2669 4051/2669 4052/2669 4048/2669 
f 4050/2669 3968/2669 3965/2669 4053/2669 
f 4050/2669 4053/2669 4054/2669 4051/2669 
f 4054/2669 4053/2669 4055/2669 4056/2669 
f 4054/2669 4056/2669 4057/2669 4058/2669 
f 4054/2669 4058/2669 4059/2669 4051/2669 
f 4059/2669 4058/2669 4060/2669 4061/2669 
f 4059/2669 4061/2669 3997/2669 4062/2669 
f 4059/2669 4062/2669 4052/2669 4051/2669 
f 4062/2669 3997/2669 3996/2669 4063/2669 
f 4062/2669 4063/2669 4064/2669 4052/2669 
f 4064/2669 4063/2669 4065/2669 4066/2669 
f 4064/2669 4066/2669 4067/2669 4049/2669 
f 4064/2669 4049/2669 4048/2669 4052/2669 
f 4067/2669 4066/2669 4068/2669 4069/2669 
f 4067/2669 4069/2669 4070/2669 4044/2669 
f 4067/2669 4044/2669 4043/2669 4049/2669 
f 4070/2669 4069/2669 3974/2669 4071/2669 
f 4070/2669 4071/2669 4072/2669 4039/2669 
f 4070/2669 4039/2669 4038/2669 4044/2669 
f 4072/2669 4071/2669 4073/2669 4074/2669 
f 4072/2669 4074/2669 4075/2669 4034/2669 
f 4072/2669 4034/2669 4033/2669 4039/2669 
f 4075/2669 4074/2669 4076/2669 4077/2669 
f 4075/2669 4077/2669 4078/2669 4029/2669 
f 4075/2669 4029/2669 4028/2669 4034/2669 
f 4078/2669 4077/2669 4079/2669 4080/2669 
f 4078/2669 4080/2669 4081/2669 4024/2669 
f 4078/2669 4024/2669 4023/2669 4029/2669 
f 4081/2669 4080/2669 3959/2669 4082/2669 
f 4081/2669 4082/2669 4083/2669 4019/2669 
f 4081/2669 4019/2669 4018/2669 4024/2669 
f 4083/2669 4082/2669 4084/2669 4085/2669 
f 4083/2669 4085/2669 4086/2669 4014/2669 
f 4083/2669 4014/2669 4013/2669 4019/2669 
f 4086/2669 4085/2669 4087/2669 4088/2669 
f 4086/2669 4088/2669 4089/2669 4009/2669 
f 4086/2669 4009/2669 4008/2669 4014/2669 
f 4089/2669 4088/2669 4090/2669 4091/2669 
f 4089/2669 4091/2669 4092/2669 4004/2669 
f 4089/2669 4004/2669 4003/2669 4009/2669 
f 4092/2669 4091/2669 3973/2669 4093/2669 
f 4092/2669 4093/2669 4065/2669 4001/2669 
f 4092/2669 4001/2669 4000/2669 4004/2669 
f 4093/2669 3973/2669 3972/2669 4068/2669 
f 4093/2669 4068/2669 4066/2669 4065/2669 
f 4091/2669 4090/2669 3969/2669 3973/2669 
f 4090/2669 4094/2669 3970/2669 3969/2669 
f 4090/2669 4088/2669 4087/2669 4094/2669 
f 4094/2669 4095/2669 4096/2669 3970/2669 
f 4094/2669 4087/2669 4097/2669 4095/2669 
f 4097/2669 3957/2669 4098/2669 4095/2669 
f 4097/2669 4087/2669 4085/2669 4084/2669 
f 4097/2669 4084/2669 3958/2669 3957/2669 
f 4098/2669 3957/2669 3956/2669 4079/2669 
f 4098/2669 4079/2669 4077/2669 4076/2669 
f 4098/2669 4076/2669 4096/2669 4095/2669 
f 4096/2669 4076/2669 4074/2669 4073/2669 
f 4096/2669 4073/2669 3971/2669 3970/2669 
f 4084/2669 4082/2669 3959/2669 3958/2669 
f 4080/2669 4079/2669 3956/2669 3959/2669 
f 4073/2669 4071/2669 3974/2669 3971/2669 
f 4069/2669 4068/2669 3972/2669 3974/2669 
f 4065/2669 4063/2669 3996/2669 4001/2669 
f 4061/2669 4060/2669 4099/2669 4100/2669 
f 4061/2669 4100/2669 3993/2669 3997/2669 
f 4100/2669 4099/2669 4101/2669 4102/2669 
f 4100/2669 4102/2669 3994/2669 3993/2669 
f 4102/2669 4101/2669 4103/2669 4104/2669 
f 4102/2669 4104/2669 4105/2669 3994/2669 
f 4105/2669 4104/2669 4106/2669 4107/2669 
f 4105/2669 4107/2669 4108/2669 4109/2669 
f 4105/2669 4109/2669 3995/2669 3994/2669 
f 4109/2669 4108/2669 4110/2669 4111/2669 
f 4109/2669 4111/2669 3998/2669 3995/2669 
f 4111/2669 4110/2669 4112/2669 4113/2669 
f 4111/2669 4113/2669 4114/2669 3998/2669 
f 4114/2669 4005/2669 3999/2669 3998/2669 
f 4114/2669 4113/2669 4115/2669 4116/2669 
f 4114/2669 4116/2669 4117/2669 4005/2669 
f 4117/2669 4010/2669 4006/2669 4005/2669 
f 4117/2669 4116/2669 4118/2669 4119/2669 
f 4117/2669 4119/2669 4120/2669 4010/2669 
f 4120/2669 4015/2669 4011/2669 4010/2669 
f 4120/2669 4119/2669 4121/2669 4122/2669 
f 4120/2669 4122/2669 4123/2669 4015/2669 
f 4123/2669 4020/2669 4016/2669 4015/2669 
f 4123/2669 4122/2669 4124/2669 4125/2669 
f 4123/2669 4125/2669 4126/2669 4020/2669 
f 4126/2669 4025/2669 4021/2669 4020/2669 
f 4126/2669 4125/2669 4127/2669 4128/2669 
f 4126/2669 4128/2669 4129/2669 4025/2669 
f 4129/2669 4030/2669 4026/2669 4025/2669 
f 4129/2669 4128/2669 4130/2669 4131/2669 
f 4129/2669 4131/2669 4132/2669 4030/2669 
f 4132/2669 4035/2669 4031/2669 4030/2669 
f 4132/2669 4131/2669 4133/2669 4134/2669 
f 4132/2669 4134/2669 4135/2669 4035/2669 
f 4135/2669 4040/2669 4036/2669 4035/2669 
f 4135/2669 4134/2669 4136/2669 4137/2669 
f 4135/2669 4137/2669 4138/2669 4040/2669 
f 4138/2669 4045/2669 4041/2669 4040/2669 
f 4138/2669 4137/2669 3977/2669 3976/2669 
f 4138/2669 3976/2669 3967/2669 4045/2669 
f 4137/2669 4136/2669 3978/2669 3977/2669 
f 4136/2669 4134/2669 4133/2669 4139/2669 
f 4136/2669 4139/2669 4140/2669 3978/2669 
f 4140/2669 4139/2669 4141/2669 4142/2669 
f 4140/2669 4142/2669 4143/2669 4144/2669 
f 4140/2669 4144/2669 3979/2669 3978/2669 
f 4144/2669 4143/2669 4145/2669 4146/2669 
f 4144/2669 4146/2669 3980/2669 3979/2669 
f 4146/2669 4145/2669 4056/2669 4055/2669 
f 4146/2669 4055/2669 3964/2669 3980/2669 
f 4145/2669 4143/2669 4147/2669 4148/2669 
f 4145/2669 4148/2669 4057/2669 4056/2669 
f 4148/2669 4147/2669 4149/2669 4150/2669 
f 4148/2669 4150/2669 4151/2669 4057/2669 
f 4151/2669 4150/2669 4152/2669 4153/2669 
f 4151/2669 4153/2669 4099/2669 4060/2669 
f 4151/2669 4060/2669 4058/2669 4057/2669 
f 4153/2669 4152/2669 4154/2669 4155/2669 
f 4153/2669 4155/2669 4101/2669 4099/2669 
f 4155/2669 4154/2669 4156/2669 4157/2669 
f 4155/2669 4157/2669 4103/2669 4101/2669 
f 4157/2669 4156/2669 4158/2669 4159/2669 
f 4157/2669 4159/2669 4160/2669 4103/2669 
f 4160/2669 4159/2669 4161/2669 4162/2669 
f 4160/2669 4162/2669 4163/2669 4106/2669 
f 4160/2669 4106/2669 4104/2669 4103/2669 
f 4163/2669 4162/2669 4164/2669 4165/2669 
f 4163/2669 4165/2669 4166/2669 4167/2669 
f 4163/2669 4167/2669 4107/2669 4106/2669 
f 4167/2669 4166/2669 4168/2669 4169/2669 
f 4167/2669 4169/2669 4108/2669 4107/2669 
f 4169/2669 4168/2669 4170/2669 4171/2669 
f 4169/2669 4171/2669 4110/2669 4108/2669 
f 4171/2669 4170/2669 4172/2669 4173/2669 
f 4171/2669 4173/2669 4112/2669 4110/2669 
f 4173/2669 4172/2669 4174/2669 4175/2669 
f 4173/2669 4175/2669 4176/2669 4112/2669 
f 4176/2669 4115/2669 4113/2669 4112/2669 
f 4176/2669 4175/2669 4177/2669 4178/2669 
f 4176/2669 4178/2669 4179/2669 4115/2669 
f 4179/2669 4118/2669 4116/2669 4115/2669 
f 4179/2669 4178/2669 4180/2669 4181/2669 
f 4179/2669 4181/2669 4182/2669 4118/2669 
f 4182/2669 4121/2669 4119/2669 4118/2669 
f 4182/2669 4181/2669 4183/2669 4184/2669 
f 4182/2669 4184/2669 4185/2669 4121/2669 
f 4185/2669 4124/2669 4122/2669 4121/2669 
f 4185/2669 4184/2669 4186/2669 4187/2669 
f 4185/2669 4187/2669 4188/2669 4124/2669 
f 4188/2669 4127/2669 4125/2669 4124/2669 
f 4188/2669 4187/2669 4189/2669 4190/2669 
f 4188/2669 4190/2669 4191/2669 4127/2669 
f 4191/2669 4130/2669 4128/2669 4127/2669 
f 4191/2669 4190/2669 4192/2669 4193/2669 
f 4191/2669 4193/2669 4194/2669 4130/2669 
f 4194/2669 4133/2669 4131/2669 4130/2669 
f 4194/2669 4193/2669 4195/2669 4141/2669 
f 4194/2669 4141/2669 4139/2669 4133/2669 
f 4195/2669 4193/2669 4192/2669 4196/2669 
f 4195/2669 4196/2669 4197/2669 4198/2669 
f 4195/2669 4198/2669 4142/2669 4141/2669 
f 4198/2669 4197/2669 4149/2669 4147/2669 
f 4198/2669 4147/2669 4143/2669 4142/2669 
f 4197/2669 4196/2669 4199/2669 4200/2669 
f 4197/2669 4200/2669 4201/2669 4149/2669 
f 4201/2669 4200/2669 4202/2669 4203/2669 
f 4201/2669 4203/2669 4154/2669 4152/2669 
f 4201/2669 4152/2669 4150/2669 4149/2669 
f 4203/2669 4202/2669 4204/2669 4205/2669 
f 4203/2669 4205/2669 4156/2669 4154/2669 
f 4205/2669 4204/2669 4206/2669 4207/2669 
f 4205/2669 4207/2669 4158/2669 4156/2669 
f 4207/2669 4206/2669 4208/2669 4209/2669 
f 4207/2669 4209/2669 4210/2669 4158/2669 
f 4210/2669 4209/2669 4211/2669 4212/2669 
f 4210/2669 4212/2669 4213/2669 4161/2669 
f 4210/2669 4161/2669 4159/2669 4158/2669 
f 4213/2669 4212/2669 4214/2669 4215/2669 
f 4213/2669 4215/2669 4216/2669 4164/2669 
f 4213/2669 4164/2669 4162/2669 4161/2669 
f 4216/2669 4215/2669 4217/2669 4218/2669 
f 4216/2669 4218/2669 4219/2669 4220/2669 
f 4216/2669 4220/2669 4165/2669 4164/2669 
f 4220/2669 4219/2669 4221/2669 4222/2669 
f 4220/2669 4222/2669 4166/2669 4165/2669 
f 4222/2669 4221/2669 4223/2669 4224/2669 
f 4222/2669 4224/2669 4168/2669 4166/2669 
f 4224/2669 4223/2669 4225/2669 4226/2669 
f 4224/2669 4226/2669 4170/2669 4168/2669 
f 4226/2669 4225/2669 4227/2669 4228/2669 
f 4226/2669 4228/2669 4172/2669 4170/2669 
f 4228/2669 4227/2669 4229/2669 4230/2669 
f 4228/2669 4230/2669 4174/2669 4172/2669 
f 4230/2669 4229/2669 4231/2669 4232/2669 
f 4230/2669 4232/2669 4233/2669 4174/2669 
f 4233/2669 4177/2669 4175/2669 4174/2669 
f 4233/2669 4232/2669 4234/2669 4235/2669 
f 4233/2669 4235/2669 4236/2669 4177/2669 
f 4236/2669 4180/2669 4178/2669 4177/2669 
f 4236/2669 4235/2669 4237/2669 4238/2669 
f 4236/2669 4238/2669 4239/2669 4180/2669 
f 4239/2669 4183/2669 4181/2669 4180/2669 
f 4239/2669 4238/2669 4240/2669 4241/2669 
f 4239/2669 4241/2669 4242/2669 4183/2669 
f 4242/2669 4186/2669 4184/2669 4183/2669 
f 4242/2669 4241/2669 4243/2669 4244/2669 
f 4242/2669 4244/2669 4245/2669 4186/2669 
f 4245/2669 4189/2669 4187/2669 4186/2669 
f 4245/2669 4244/2669 4246/2669 4247/2669 
f 4245/2669 4247/2669 4248/2669 4189/2669 
f 4248/2669 4192/2669 4190/2669 4189/2669 
f 4248/2669 4247/2669 4249/2669 4199/2669 
f 4248/2669 4199/2669 4196/2669 4192/2669 
f 4249/2669 4247/2669 4246/2669 4250/2669 
f 4249/2669 4250/2669 4204/2669 4202/2669 
f 4249/2669 4202/2669 4200/2669 4199/2669 
f 4250/2669 4246/2669 4251/2669 4252/2669 
f 4250/2669 4252/2669 4206/2669 4204/2669 
f 4252/2669 4251/2669 4253/2669 4254/2669 
f 4252/2669 4254/2669 4208/2669 4206/2669 
f 4254/2669 4253/2669 4255/2669 4256/2669 
f 4254/2669 4256/2669 4257/2669 4208/2669 
f 4257/2669 4256/2669 4258/2669 4259/2669 
f 4257/2669 4259/2669 4260/2669 4211/2669 
f 4257/2669 4211/2669 4209/2669 4208/2669 
f 4260/2669 4259/2669 4261/2669 4262/2669 
f 4260/2669 4262/2669 4263/2669 4214/2669 
f 4260/2669 4214/2669 4212/2669 4211/2669 
f 4263/2669 4262/2669 4264/2669 4265/2669 
f 4263/2669 4265/2669 4266/2669 4217/2669 
f 4263/2669 4217/2669 4215/2669 4214/2669 
f 4266/2669 4265/2669 4267/2669 4268/2669 
f 4266/2669 4268/2669 4269/2669 4270/2669 
f 4266/2669 4270/2669 4218/2669 4217/2669 
f 4270/2669 4269/2669 4271/2669 4272/2669 
f 4270/2669 4272/2669 4219/2669 4218/2669 
f 4272/2669 4271/2669 4273/2669 4274/2669 
f 4272/2669 4274/2669 4221/2669 4219/2669 
f 4274/2669 4273/2669 4275/2669 4276/2669 
f 4274/2669 4276/2669 4223/2669 4221/2669 
f 4276/2669 4275/2669 4277/2669 4278/2669 
f 4276/2669 4278/2669 4225/2669 4223/2669 
f 4278/2669 4277/2669 4279/2669 4280/2669 
f 4278/2669 4280/2669 4227/2669 4225/2669 
f 4280/2669 4279/2669 4281/2669 4282/2669 
f 4280/2669 4282/2669 4229/2669 4227/2669 
f 4282/2669 4281/2669 4283/2669 4284/2669 
f 4282/2669 4284/2669 4231/2669 4229/2669 
f 4284/2669 4283/2669 4285/2669 4286/2669 
f 4284/2669 4286/2669 4287/2669 4231/2669 
f 4287/2669 4234/2669 4232/2669 4231/2669 
f 4287/2669 4286/2669 4288/2669 4289/2669 
f 4287/2669 4289/2669 4290/2669 4234/2669 
f 4290/2669 4237/2669 4235/2669 4234/2669 
f 4290/2669 4289/2669 4291/2669 4292/2669 
f 4290/2669 4292/2669 4293/2669 4237/2669 
f 4293/2669 4240/2669 4238/2669 4237/2669 
f 4293/2669 4292/2669 4294/2669 4295/2669 
f 4293/2669 4295/2669 4296/2669 4240/2669 
f 4296/2669 4243/2669 4241/2669 4240/2669 
f 4296/2669 4295/2669 4255/2669 4253/2669 
f 4296/2669 4253/2669 4251/2669 4243/2669 
f 4295/2669 4294/2669 4297/2669 4255/2669 
f 4297/2669 4294/2669 4298/2669 4299/2669 
f 4297/2669 4299/2669 4300/2669 4258/2669 
f 4297/2669 4258/2669 4256/2669 4255/2669 
f 4300/2669 4299/2669 4301/2669 4302/2669 
f 4300/2669 4302/2669 4303/2669 4261/2669 
f 4300/2669 4261/2669 4259/2669 4258/2669 
f 4303/2669 4302/2669 4304/2669 4305/2669 
f 4303/2669 4305/2669 4306/2669 4264/2669 
f 4303/2669 4264/2669 4262/2669 4261/2669 
f 4306/2669 4305/2669 4307/2669 4308/2669 
f 4306/2669 4308/2669 4309/2669 4267/2669 
f 4306/2669 4267/2669 4265/2669 4264/2669 
f 4309/2669 4308/2669 4310/2669 4311/2669 
f 4309/2669 4311/2669 4312/2669 4313/2669 
f 4309/2669 4313/2669 4268/2669 4267/2669 
f 4313/2669 4312/2669 4314/2669 4315/2669 
f 4313/2669 4315/2669 4269/2669 4268/2669 
f 4315/2669 4314/2669 4316/2669 4317/2669 
f 4315/2669 4317/2669 4271/2669 4269/2669 
f 4317/2669 4316/2669 4318/2669 4319/2669 
f 4317/2669 4319/2669 4273/2669 4271/2669 
f 4319/2669 4318/2669 4320/2669 4321/2669 
f 4319/2669 4321/2669 4275/2669 4273/2669 
f 4321/2669 4320/2669 4322/2669 4323/2669 
f 4321/2669 4323/2669 4277/2669 4275/2669 
f 4323/2669 4322/2669 4324/2669 4325/2669 
f 4323/2669 4325/2669 4279/2669 4277/2669 
f 4325/2669 4324/2669 4326/2669 4327/2669 
f 4325/2669 4327/2669 4281/2669 4279/2669 
f 4327/2669 4326/2669 4328/2669 4329/2669 
f 4327/2669 4329/2669 4283/2669 4281/2669 
f 4329/2669 4328/2669 4330/2669 4331/2669 
f 4329/2669 4331/2669 4285/2669 4283/2669 
f 4331/2669 4330/2669 4332/2669 4333/2669 
f 4331/2669 4333/2669 4334/2669 4285/2669 
f 4334/2669 4288/2669 4286/2669 4285/2669 
f 4334/2669 4333/2669 4335/2669 4336/2669 
f 4334/2669 4336/2669 4337/2669 4288/2669 
f 4337/2669 4291/2669 4289/2669 4288/2669 
f 4337/2669 4336/2669 4338/2669 4339/2669 
f 4337/2669 4339/2669 4298/2669 4291/2669 
f 4339/2669 4338/2669 4340/2669 4301/2669 
f 4339/2669 4301/2669 4299/2669 4298/2669 
f 4340/2669 4338/2669 4341/2669 4342/2669 
f 4340/2669 4342/2669 4343/2669 4304/2669 
f 4340/2669 4304/2669 4302/2669 4301/2669 
f 4343/2669 4342/2669 4344/2669 4345/2669 
f 4343/2669 4345/2669 4346/2669 4307/2669 
f 4343/2669 4307/2669 4305/2669 4304/2669 
f 4346/2669 4345/2669 4347/2669 4348/2669 
f 4346/2669 4348/2669 4349/2669 4310/2669 
f 4346/2669 4310/2669 4308/2669 4307/2669 
f 4349/2669 4348/2669 4350/2669 4351/2669 
f 4349/2669 4351/2669 4352/2669 4353/2669 
f 4349/2669 4353/2669 4311/2669 4310/2669 
f 4353/2669 4352/2669 4354/2669 4355/2669 
f 4353/2669 4355/2669 4312/2669 4311/2669 
f 4355/2669 4354/2669 4356/2669 4357/2669 
f 4355/2669 4357/2669 4314/2669 4312/2669 
f 4357/2669 4356/2669 4358/2669 4359/2669 
f 4357/2669 4359/2669 4316/2669 4314/2669 
f 4359/2669 4358/2669 4360/2669 4361/2669 
f 4359/2669 4361/2669 4318/2669 4316/2669 
f 4361/2669 4360/2669 4362/2669 4363/2669 
f 4361/2669 4363/2669 4320/2669 4318/2669 
f 4363/2669 4362/2669 4364/2669 4365/2669 
f 4363/2669 4365/2669 4322/2669 4320/2669 
f 4365/2669 4364/2669 4366/2669 4367/2669 
f 4365/2669 4367/2669 4324/2669 4322/2669 
f 4367/2669 4366/2669 4368/2669 4369/2669 
f 4367/2669 4369/2669 4326/2669 4324/2669 
f 4369/2669 4368/2669 4370/2669 4371/2669 
f 4369/2669 4371/2669 4328/2669 4326/2669 
f 4371/2669 4370/2669 4372/2669 4373/2669 
f 4371/2669 4373/2669 4330/2669 4328/2669 
f 4373/2669 4372/2669 4374/2669 4375/2669 
f 4373/2669 4375/2669 4332/2669 4330/2669 
f 4375/2669 4374/2669 4376/2669 4377/2669 
f 4375/2669 4377/2669 4378/2669 4332/2669 
f 4378/2669 4335/2669 4333/2669 4332/2669 
f 4378/2669 4377/2669 4379/2669 4380/2669 
f 4378/2669 4380/2669 4341/2669 4335/2669 
f 4380/2669 4379/2669 4381/2669 4344/2669 
f 4380/2669 4344/2669 4342/2669 4341/2669 
f 4381/2669 4379/2669 4382/2669 4383/2669 
f 4381/2669 4383/2669 4384/2669 4347/2669 
f 4381/2669 4347/2669 4345/2669 4344/2669 
f 4384/2669 4383/2669 4385/2669 4386/2669 
f 4384/2669 4386/2669 4387/2669 4350/2669 
f 4384/2669 4350/2669 4348/2669 4347/2669 
f 4387/2669 4386/2669 4388/2669 4389/2669 
f 4387/2669 4389/2669 4390/2669 4391/2669 
f 4387/2669 4391/2669 4351/2669 4350/2669 
f 4391/2669 4390/2669 4392/2669 4393/2669 
f 4391/2669 4393/2669 4352/2669 4351/2669 
f 4393/2669 4392/2669 4394/2669 4395/2669 
f 4393/2669 4395/2669 4354/2669 4352/2669 
f 4395/2669 4394/2669 4396/2669 4397/2669 
f 4395/2669 4397/2669 4356/2669 4354/2669 
f 4397/2669 4396/2669 4398/2669 4399/2669 
f 4397/2669 4399/2669 4358/2669 4356/2669 
f 4399/2669 4398/2669 4400/2669 4401/2669 
f 4399/2669 4401/2669 4360/2669 4358/2669 
f 4401/2669 4400/2669 3984/2669 4402/2669 
f 4401/2669 4402/2669 4362/2669 4360/2669 
f 4402/2669 3984/2669 3983/2669 4403/2669 
f 4402/2669 4403/2669 4364/2669 4362/2669 
f 4403/2669 3983/2669 3982/2669 4404/2669 
f 4403/2669 4404/2669 4366/2669 4364/2669 
f 4404/2669 3982/2669 4405/2669 4406/2669 
f 4404/2669 4406/2669 4368/2669 4366/2669 
f 4406/2669 4405/2669 4407/2669 4408/2669 
f 4406/2669 4408/2669 4370/2669 4368/2669 
f 4408/2669 4407/2669 4409/2669 4410/2669 
f 4408/2669 4410/2669 4372/2669 4370/2669 
f 4410/2669 4409/2669 3990/2669 4411/2669 
f 4410/2669 4411/2669 4374/2669 4372/2669 
f 4411/2669 3990/2669 3989/2669 4412/2669 
f 4411/2669 4412/2669 4376/2669 4374/2669 
f 4412/2669 3989/2669 3988/2669 4413/2669 
f 4412/2669 4413/2669 4382/2669 4376/2669 
f 4413/2669 3988/2669 4414/2669 4385/2669 
f 4413/2669 4385/2669 4383/2669 4382/2669 
f 4414/2669 3988/2669 3987/2669 4415/2669 
f 4414/2669 4415/2669 4416/2669 4388/2669 
f 4414/2669 4388/2669 4386/2669 4385/2669 
f 4416/2669 4415/2669 4417/2669 4418/2669 
f 4416/2669 4418/2669 4419/2669 4420/2669 
f 4416/2669 4420/2669 4389/2669 4388/2669 
f 4420/2669 4419/2669 3954/2669 4421/2669 
f 4420/2669 4421/2669 4390/2669 4389/2669 
f 4421/2669 3954/2669 3953/2669 4422/2669 
f 4421/2669 4422/2669 4392/2669 4390/2669 
f 4422/2669 3953/2669 3952/2669 4423/2669 
f 4422/2669 4423/2669 4394/2669 4392/2669 
f 4423/2669 3952/2669 4424/2669 4425/2669 
f 4423/2669 4425/2669 4396/2669 4394/2669 
f 4425/2669 4424/2669 4426/2669 4427/2669 
f 4425/2669 4427/2669 4398/2669 4396/2669 
f 4427/2669 4426/2669 4428/2669 4429/2669 
f 4427/2669 4429/2669 4400/2669 4398/2669 
f 4429/2669 4428/2669 3986/2669 3985/2669 
f 4429/2669 3985/2669 3984/2669 4400/2669 
f 4428/2669 4426/2669 4430/2669 4431/2669 
f 4428/2669 4431/2669 4432/2669 3986/2669 
f 4432/2669 4433/2669 3981/2669 3986/2669 
f 4432/2669 4431/2669 4434/2669 4435/2669 
f 4432/2669 4435/2669 4436/2669 4433/2669 
f 4436/2669 4407/2669 4405/2669 4433/2669 
f 4436/2669 4435/2669 4437/2669 4438/2669 
f 4436/2669 4438/2669 4409/2669 4407/2669 
f 4438/2669 4437/2669 3992/2669 3991/2669 
f 4438/2669 3991/2669 3990/2669 4409/2669 
f 4437/2669 4435/2669 4434/2669 4439/2669 
f 4437/2669 4439/2669 4417/2669 3992/2669 
f 4439/2669 4434/2669 4440/2669 4441/2669 
f 4439/2669 4441/2669 4418/2669 4417/2669 
f 4441/2669 4440/2669 3961/2669 3960/2669 
f 4441/2669 3960/2669 4419/2669 4418/2669 
f 4440/2669 4434/2669 4431/2669 4430/2669 
f 4440/2669 4430/2669 3962/2669 3961/2669 
f 4433/2669 4405/2669 3982/2669 3981/2669 
f 4430/2669 4426/2669 4424/2669 3962/2669 
f 4424/2669 3952/2669 3951/2669 3962/2669 
f 4419/2669 3960/2669 3955/2669 3954/2669 
f 4417/2669 4415/2669 3987/2669 3992/2669 
f 4382/2669 4379/2669 4377/2669 4376/2669 
f 4341/2669 4338/2669 4336/2669 4335/2669 
f 4298/2669 4294/2669 4292/2669 4291/2669 
f 4251/2669 4246/2669 4244/2669 4243/2669 
f 4055/2669 4053/2669 3965/2669 3964/2669 
f 4046/2669 4045/2669 3967/2669 3966/2669 
f 3980/2669 3964/2669 3963/2669 3975/2669 
f 3976/2669 3975/2669 3963/2669 3967/2669 
f 3956/2669 3957/2669 3958/2669 3959/2669 
# 497 polygons

#
# object Object001
#

v  -17.177139 11.048413 0.821654
v  -16.332264 11.297023 0.908766
v  -16.423080 11.138783 1.080629
v  -16.934656 11.421356 0.703731
v  -17.191673 11.144279 0.870446
v  -17.427162 10.990803 0.623761
v  -17.330812 10.905234 0.621446
v  -17.070635 11.035661 0.866417
v  -17.040173 11.171844 0.964764
v  -17.216490 10.838511 0.620282
v  -16.308567 11.230018 0.819735
v  -16.402449 11.276004 0.778116
v  -16.396515 11.344944 0.904092
v  -16.310312 11.285675 0.979838
v  -16.254492 11.174890 0.891091
v  -16.384380 11.362088 1.007595
v  -16.407383 11.036551 1.025076
v  -16.308605 11.066792 1.009368
v  -16.366747 11.188842 1.084476
v  -16.446358 11.255589 1.117227
v  -16.492680 11.168660 1.095450
v  -16.510881 11.039779 1.024970
v  -17.023209 11.344912 0.571459
v  -17.123089 11.392427 0.623247
v  -16.966005 11.471383 0.775412
v  -16.841068 11.411773 0.723222
v  -16.911800 11.306503 0.550062
v  -16.834026 11.480762 0.836945
v  -16.930964 9.290833 -3.735724
v  -17.141003 9.190375 -3.708622
v  -17.378998 9.124780 -3.676758
v  -16.822670 9.274107 -2.877539
v  -17.059292 9.212386 -2.848122
v  -17.317226 9.199705 -2.816740
v  -17.658434 9.097816 -3.632952
v  -17.657001 9.209520 -2.756235
v  -18.077150 9.105523 -3.534786
v  -18.169909 9.245728 -2.590828
v  -18.732645 9.150839 -3.254864
v  -18.564240 9.296537 -2.377934
v  -19.177507 9.198442 -2.934438
v  -18.775551 9.330376 -2.240149
v  -19.378126 9.228081 -2.761071
v  -18.935635 9.366434 -2.129397
v  -19.523457 9.267406 -2.626984
v  -19.077330 9.436126 -2.037715
v  -19.649920 9.344410 -2.511877
v  -19.750895 9.450922 -2.424780
v  -17.336920 9.773605 -3.685762
v  -17.115503 9.682551 -3.714030
v  -16.920092 9.566367 -3.738448
v  -16.875881 9.731111 -2.915173
v  -16.673382 9.619279 -2.924734
v  -16.531612 9.494355 -2.926599
v  -16.816376 9.426445 -3.750722
v  -16.615288 9.370362 -2.906880
v  -16.303844 9.650912 -2.067351
v  -16.342720 9.529628 -2.035628
v  -16.537754 9.435985 -2.004066
v  -16.215490 9.804036 -1.206147
v  -16.383671 9.711849 -1.170174
v  -16.601740 9.672039 -1.154210
v  -16.774361 9.387034 -1.979499
v  -16.839190 9.671181 -1.149774
v  -17.024347 9.385022 -1.964534
v  -17.078188 9.679646 -1.141484
v  -17.313414 9.398886 -1.937732
v  -17.337183 9.697319 -1.118493
v  -17.683315 9.430143 -1.861815
v  -17.594971 9.728295 -1.074929
v  -18.015610 9.469832 -1.748762
v  -17.812880 9.774977 -1.024544
v  -18.244034 9.506406 -1.650408
v  -18.003557 9.832867 -0.982228
v  -18.419624 9.549682 -1.573360
v  -18.177738 9.898248 -0.956440
v  -18.579121 9.619101 -1.517243
v  -18.330297 9.985349 -0.952213
v  -18.716854 9.718954 -1.488271
v  -19.193451 9.541134 -1.976318
v  -18.798450 9.833287 -1.500109
v  -19.236313 9.666972 -1.988509
v  -19.773169 9.580677 -2.435686
v  -19.182573 9.779875 -2.081206
v  -19.712626 9.697625 -2.543239
v  -19.622416 9.796120 -2.673589
v  -19.505363 9.866093 -2.818835
v  -19.345268 9.911052 -2.982565
v  -19.051149 9.947746 -3.196581
v  -18.494370 9.941030 -3.450252
v  -17.914474 9.878780 -3.600363
v  -17.589157 9.831143 -3.652380
v  -17.650545 9.912391 -2.833291
v  -17.350212 9.869422 -2.874660
v  -17.099958 9.817859 -2.899225
v  -17.149012 9.978699 -2.098606
v  -16.902988 9.934608 -2.105828
v  -16.670040 9.869955 -2.104153
v  -16.785734 10.153440 -1.348364
v  -16.558889 10.105371 -1.331312
v  -16.355219 10.024305 -1.298786
v  -16.462132 9.769296 -2.089895
v  -16.200674 9.919765 -1.254273
v  -16.323664 10.342399 -0.600613
v  -16.190290 10.248569 -0.543879
v  -16.188271 10.138869 -0.482648
v  -16.208813 10.584308 0.056726
v  -16.196699 10.485255 0.122240
v  -16.300262 10.405961 0.174254
v  -16.325809 10.053737 -0.439076
v  -16.455473 10.374594 0.198627
v  -16.515560 10.019580 -0.421622
v  -16.627645 10.382454 0.200063
v  -16.720184 10.020337 -0.419859
v  -16.797802 10.398829 0.198013
v  -16.922298 10.029640 -0.418964
v  -16.965153 10.421209 0.194993
v  -17.118811 10.049526 -0.418210
v  -17.124487 10.453897 0.192091
v  -17.316359 10.083835 -0.412167
v  -17.279791 10.501430 0.193187
v  -17.507095 10.134252 -0.401318
v  -17.435003 10.560050 0.195692
v  -17.691057 10.192081 -0.387823
v  -17.583824 10.624894 0.193120
v  -17.860201 10.252757 -0.380194
v  -17.717518 10.701838 0.177243
v  -18.011108 10.329319 -0.389842
v  -17.832666 10.795897 0.139822
v  -18.134733 10.423785 -0.424483
v  -18.441723 10.086391 -0.974263
v  -18.160809 10.517274 -0.489787
v  -18.433384 10.186828 -1.043882
v  -18.760811 9.941339 -1.577389
v  -18.314251 10.243174 -1.120771
v  -18.646379 10.010910 -1.672378
v  -19.084887 9.868574 -2.194183
v  -18.498596 10.040479 -1.759920
v  -18.955788 9.920872 -2.311839
v  -18.332224 10.058535 -1.844378
v  -18.795803 9.950985 -2.431552
v  -18.124735 10.073503 -1.930532
v  -18.559713 9.970484 -2.563428
v  -17.797312 10.063132 -2.020336
v  -18.121717 9.960677 -2.726480
v  -17.425789 10.019965 -2.078075
v  -17.540117 10.251467 -1.335124
v  -17.267389 10.223158 -1.356593
v  -17.020266 10.189300 -1.356899
v  -17.139458 10.499598 -0.689137
v  -16.929602 10.469172 -0.679759
v  -16.718477 10.440077 -0.663559
v  -16.829935 10.800804 -0.096231
v  -16.647676 10.766811 -0.075985
v  -16.469818 10.730700 -0.049376
v  -16.509970 10.405024 -0.640572
v  -16.316366 10.671794 -0.004012
v  -16.435616 11.005165 0.379334
v  -16.304768 10.945726 0.431406
v  -16.212730 10.861506 0.497918
v  -16.298412 11.114843 0.668825
v  -16.222607 11.041423 0.741373
v  -16.202785 10.966159 0.815196
v  -16.190771 10.770360 0.566896
v  -16.276939 10.905452 0.869425
v  -16.270460 10.696671 0.621715
v  -16.396542 10.874477 0.891911
v  -16.406925 10.666404 0.643488
v  -16.525219 10.874367 0.886540
v  -16.558062 10.668638 0.638340
v  -16.648798 10.887399 0.881811
v  -16.705269 10.680615 0.628530
v  -16.764986 10.910635 0.880750
v  -16.845490 10.700676 0.621727
v  -16.873003 10.945162 0.879855
v  -16.974810 10.732973 0.618626
v  -16.972969 10.990901 0.876021
v  -17.095413 10.779122 0.618453
v  -16.819937 11.112912 1.021633
v  -16.925293 11.149016 1.002568
v  -16.791725 11.253466 1.088427
v  -16.914898 11.278618 1.054078
v  -17.055758 11.285883 0.995285
v  -17.245182 11.243001 0.876554
v  -16.906261 11.403440 1.064101
v  -17.074976 11.401508 0.990074
v  -17.293797 11.350611 0.853160
v  -17.581268 11.192539 0.560766
v  -17.517313 11.088728 0.605944
v  -17.069115 11.497229 0.937423
v  -17.286562 11.431594 0.778209
v  -17.550520 11.262104 0.476714
v  -17.812349 10.942829 0.011506
v  -17.887226 10.888724 0.081543
v  -17.214987 11.432734 0.693369
v  -17.439194 11.259974 0.407361
v  -17.677094 10.952513 -0.038952
v  -17.901527 10.578182 -0.603549
v  -18.055670 10.566499 -0.555572
v  -17.308201 11.221786 0.356718
v  -17.519171 10.932876 -0.071889
v  -17.727909 10.567172 -0.638239
v  -17.977451 10.257500 -1.237912
v  -18.153898 10.258368 -1.182969
v  -17.354219 10.904721 -0.095439
v  -17.545429 10.550748 -0.666320
v  -17.783072 10.259987 -1.290787
v  -17.347712 10.529739 -0.686206
v  -17.183371 10.872904 -0.109547
v  -17.008076 10.836475 -0.109015
v  -17.030020 11.138621 0.297206
v  -16.885006 11.101276 0.296441
v  -16.735697 11.068973 0.314714
v  -16.793827 11.269181 0.548718
v  -16.670162 11.235226 0.561335
v  -16.542633 11.203421 0.584678
v  -16.583302 11.039179 0.343868
v  -16.411837 11.168658 0.617695
v  -16.514145 11.311010 0.754242
v  -16.625834 11.346104 0.739323
v  -16.596912 11.422494 0.880197
v  -16.490747 11.384492 0.891795
v  -16.582521 11.461743 1.003360
v  -16.475126 11.416544 1.011023
v  -16.598335 11.435472 1.098120
v  -16.491089 11.384558 1.103231
v  -16.395653 11.327157 1.091703
v  -16.537231 11.302090 1.129508
v  -16.310608 11.246546 1.054219
v  -16.243385 11.118500 0.963311
v  -16.641487 11.342286 1.127269
v  -16.680782 11.222787 1.102724
v  -16.581190 11.194488 1.102095
v  -16.613943 11.055048 1.026474
v  -16.716713 11.079733 1.028257
v  -16.763437 11.378439 1.107041
v  -16.728891 11.478599 1.075918
v  -16.885656 11.507608 1.027629
v  -16.709150 11.502228 0.983538
v  -16.855089 11.527761 0.936952
v  -17.022329 11.509907 0.853359
v  -16.711889 11.457851 0.865493
v  -16.735403 11.381641 0.730222
v  -17.170868 11.178556 0.318689
v  -17.269444 11.037792 0.761444
v  -17.104692 11.113022 0.902724
v  -17.185818 10.969321 0.757426
v  -16.355972 11.294024 0.856088
v  -16.295559 11.252846 0.905639
v  -16.352119 11.330721 0.955394
v  -16.374249 11.111823 1.060039
v  -16.432755 11.193556 1.102385
v  -16.459534 11.100485 1.064949
v  -17.006573 11.417320 0.678928
v  -16.921497 11.379020 0.645741
v  -16.887602 11.453897 0.768861
v  -17.098181 9.187682 -3.285160
v  -17.344778 9.145055 -3.251720
v  -17.647408 9.141118 -3.204119
v  -18.148331 9.167708 -3.056889
v  -18.686090 9.217716 -2.792142
v  -18.984180 9.259246 -2.576359
v  -19.147568 9.288702 -2.445232
v  -19.289377 9.341550 -2.330695
v  -16.893028 9.642749 -3.327972
v  -16.713673 9.518947 -3.343437
v  -16.699200 9.385662 -3.339573
v  -16.410767 9.496298 -2.485663
v  -16.557182 9.385212 -2.456713
v  -16.871468 9.270608 -3.315001
v  -16.341032 9.603496 -1.592793
v  -16.556753 9.533661 -1.565773
v  -16.786102 9.308453 -2.427025
v  -16.795496 9.514347 -1.552782
v  -17.030010 9.279170 -2.402758
v  -17.047062 9.521868 -1.543450
v  -17.302605 9.284128 -2.375895
v  -17.334877 9.539441 -1.514789
v  -17.687946 9.307005 -2.298912
v  -17.645897 9.568938 -1.452986
v  -18.111784 9.349830 -2.151134
v  -17.908115 9.606714 -1.375385
v  -18.401623 9.391153 -2.006827
v  -18.109085 9.652483 -1.307262
v  -18.586557 9.424388 -1.902565
v  -18.284283 9.710766 -1.257249
v  -18.744308 9.476020 -1.817511
v  -18.443474 9.791887 -1.229445
v  -18.886150 9.563346 -1.755405
v  -19.413784 9.431431 -2.235633
v  -18.987007 9.678570 -1.734791
v  -19.487894 9.550632 -2.198949
v  -19.470371 9.673949 -2.261086
v  -17.605154 9.866240 -3.247387
v  -17.339657 9.820055 -3.280991
v  -17.115019 9.890817 -2.493777
v  -16.875784 9.830586 -2.505739
v  -17.104557 9.746930 -3.307263
v  -16.717360 10.008645 -1.716424
v  -16.496700 9.935369 -1.699082
v  -16.657961 9.737488 -2.508147
v  -16.302090 9.831695 -1.668924
v  -16.464272 9.621044 -2.502857
v  -16.247746 10.132200 -0.913032
v  -16.169975 10.023014 -0.857175
v  -16.225937 9.713526 -1.630744
v  -16.179369 10.367031 -0.194636
v  -16.240589 10.269302 -0.136292
v  -16.257534 9.917072 -0.807656
v  -16.394653 10.211060 -0.101287
v  -16.445721 9.853522 -0.780515
v  -16.577051 10.200518 -0.091448
v  -16.662457 9.838348 -0.773521
v  -16.764599 10.211631 -0.091718
v  -16.884281 9.843520 -0.771659
v  -16.947121 10.228658 -0.092915
v  -17.104076 9.855349 -0.766251
v  -17.125160 10.255982 -0.094782
v  -17.329435 9.879569 -0.751710
v  -17.300037 10.297834 -0.093663
v  -17.546112 9.920812 -0.726391
v  -17.472946 10.352339 -0.088463
v  -17.743711 9.976345 -0.698199
v  -17.640289 10.411757 -0.083970
v  -17.926361 10.036256 -0.676079
v  -17.793245 10.479076 -0.089864
v  -18.090563 10.106835 -0.669427
v  -17.930023 10.564237 -0.115734
v  -18.233765 10.196732 -0.683895
v  -18.573593 9.894203 -1.226978
v  -18.305513 10.297892 -0.733464
v  -18.614437 10.003898 -1.272332
v  -18.993504 9.797802 -1.785387
v  -18.535931 10.090120 -1.356834
v  -18.910803 9.894890 -1.885258
v  -19.391184 9.779847 -2.377937
v  -18.786488 9.953541 -1.989418
v  -19.284857 9.860154 -2.505010
v  -18.636562 9.983360 -2.090907
v  -19.147961 9.909211 -2.640615
v  -18.457020 10.004872 -2.192449
v  -18.955410 9.942301 -2.791016
v  -18.157980 10.010640 -2.310333
v  -18.573629 9.954567 -2.986627
v  -17.733257 9.979778 -2.418444
v  -18.026640 9.919021 -3.164945
v  -17.497950 10.130565 -1.696927
v  -17.202444 10.091951 -1.719090
v  -17.373734 9.933090 -2.472704
v  -17.086922 10.336487 -1.013311
v  -16.861294 10.305553 -1.003140
v  -16.954901 10.053967 -1.721724
v  -16.782394 10.619517 -0.362906
v  -16.584986 10.588184 -0.342686
v  -16.638458 10.271927 -0.986766
v  -16.400185 10.543169 -0.310102
v  -16.428104 10.217812 -0.958339
v  -16.377575 10.853209 0.211154
v  -16.253819 10.779326 0.268367
v  -16.249266 10.467864 -0.258414
v  -16.251911 11.002709 0.602181
v  -16.193878 10.918293 0.675370
v  -16.190289 10.685628 0.335231
v  -16.221268 10.839638 0.741195
v  -16.228064 10.595470 0.398151
v  -16.329851 10.789349 0.780843
v  -16.351681 10.540312 0.437859
v  -16.467583 10.776203 0.786537
v  -16.507915 10.530984 0.446702
v  -16.606445 10.783895 0.776995
v  -16.668537 10.543312 0.440753
v  -16.738010 10.800276 0.770462
v  -16.824932 10.560779 0.434585
v  -16.860336 10.827389 0.767714
v  -16.973888 10.586818 0.429853
v  -16.972076 10.867571 0.766508
v  -17.113205 10.625897 0.428130
v  -17.077547 10.919455 0.766444
v  -17.250771 10.679654 0.429656
v  -16.891922 11.054159 0.958453
v  -16.991360 11.095031 0.944008
v  -16.860056 11.201546 1.050927
v  -16.978546 11.226241 1.014476
v  -17.121986 11.221986 0.944576
v  -16.984840 11.346803 1.035632
v  -17.161486 11.330193 0.947250
v  -17.407656 11.236343 0.752663
v  -17.180717 11.436855 0.908065
v  -17.433958 11.333883 0.692082
v  -17.722670 11.092665 0.301328
v  -17.375666 11.370859 0.606487
v  -17.626537 11.124772 0.229522
v  -17.865978 10.764153 -0.292276
v  -17.486908 11.107997 0.181122
v  -17.707342 10.760705 -0.330315
v  -17.933043 10.404858 -0.915631
v  -17.535646 10.740766 -0.356864
v  -17.751198 10.396949 -0.956398
v  -18.047897 10.150730 -1.576218
v  -17.549526 10.387750 -0.991798
v  -17.809486 10.153969 -1.644370
v  -17.356525 10.716282 -0.376412
v  -17.169434 10.685754 -0.384053
v  -17.320713 10.366836 -1.012187
v  -17.024372 10.999763 0.113682
v  -16.862617 10.963707 0.122391
v  -16.977825 10.651699 -0.377815
v  -16.767925 11.178112 0.442700
v  -16.630318 11.147235 0.465427
v  -16.696865 10.930620 0.143994
v  -16.490360 11.116915 0.496607
v  -16.530926 10.898711 0.171633
v  -16.466005 11.245821 0.687607
v  -16.349892 11.204865 0.724762
v  -16.357719 11.072622 0.539831
v  -16.587223 11.278841 0.664437
v  -16.555405 11.370089 0.818946
v  -16.449432 11.334709 0.834454
v  -16.531870 11.428304 0.949500
v  -16.432787 11.385222 0.956939
v  -16.530199 11.433695 1.061716
v  -16.430420 11.381103 1.061129
v  -16.464169 11.322420 1.120207
v  -16.374676 11.261346 1.097614
v  -16.343315 11.314253 1.042660
v  -16.270290 11.211780 0.981855
v  -16.298368 11.160186 1.039180
v  -16.218491 11.078001 0.862840
v  -16.245977 11.016074 0.927220
v  -16.609520 11.268503 1.123090
v  -16.514793 11.234468 1.118281
v  -16.563335 11.371940 1.124540
v  -16.550482 11.118526 1.069371
v  -16.647614 11.140543 1.072945
v  -16.684523 10.985801 0.965365
v  -16.750561 11.169643 1.069480
v  -16.790344 11.015089 0.965028
v  -16.574089 10.966888 0.964897
v  -16.718258 11.302015 1.114731
v  -16.842773 11.331553 1.086678
v  -16.679176 11.415885 1.112271
v  -16.818546 11.451525 1.079543
v  -16.983002 11.464409 1.016721
v  -16.790413 11.517958 1.015047
v  -16.956766 11.526819 0.948093
v  -17.148294 11.486080 0.828723
v  -16.915058 11.508339 0.857703
v  -17.078211 11.464529 0.747533
v  -16.773438 11.500912 0.910150
v  -16.645702 11.468177 0.937103
v  -16.664728 11.406490 0.807468
v  -16.775709 11.438450 0.794862
v  -16.815351 11.348625 0.644930
v  -16.703600 11.313134 0.650069
v  -16.648396 11.480047 1.048734
v  -16.901110 11.213355 0.434627
v  -17.182653 11.036868 0.122545
v  -17.029032 11.252803 0.447273
v  -17.336992 11.073270 0.146571
v  -17.152388 11.297027 0.482537
v  -18.393295 10.129252 -1.437330
v  -18.102839 10.404840 -0.868515
v  -18.228676 10.140797 -1.507655
v  -17.269173 11.343523 0.536147
v  -18.247351 10.374891 -0.806398
v  -17.993481 10.734755 -0.234619
v  -18.020920 10.661319 -0.167333
v  -17.715286 11.008343 0.369868
v  -17.624180 10.907724 0.410165
v  -17.335243 11.132656 0.771264
v  -16.458803 10.958448 0.969193
v  -16.342541 10.972269 0.963246
v  -16.263119 11.145876 0.786408
v  -17.511600 10.818698 0.428845
v  -17.386501 10.744271 0.431870
v  -17.177725 11.093694 0.851333
v  -17.299698 11.084990 0.770701
v  -17.380516 10.945925 0.623726
v  -17.234734 10.997193 0.753638
v  -17.126095 11.048075 0.849149
v  -17.044516 11.109045 0.929116
v  -17.107895 11.169285 0.930438
v  -17.275433 10.870231 0.620639
v  -17.130741 10.946100 0.764474
v  -16.320152 11.271912 0.874639
v  -16.351679 11.254463 0.795607
v  -16.400053 11.316013 0.844516
v  -16.357782 11.320469 0.908563
v  -16.320568 11.295315 0.940801
v  -16.279749 11.233809 0.943305
v  -16.276579 11.203102 0.853108
v  -16.389698 11.360282 0.957934
v  -16.345219 11.327681 0.999214
v  -16.416328 11.098842 1.062529
v  -16.356068 11.047842 1.020299
v  -16.334518 11.134060 1.053561
v  -16.399130 11.161347 1.086167
v  -16.404579 11.227257 1.104655
v  -16.472263 11.215559 1.111990
v  -16.453104 11.153536 1.089563
v  -16.504154 11.109474 1.067247
v  -16.459085 11.035193 1.025755
v  -16.968681 11.394840 0.654508
v  -17.074368 11.368178 0.594199
v  -17.041107 11.442028 0.712203
v  -16.945488 11.445534 0.737043
v  -16.892717 11.420235 0.715226
v  -16.869045 11.365175 0.645068
v  -16.968687 11.324969 0.557420
v  -16.897823 11.482452 0.813927
v  -16.831486 11.449257 0.784696
v  -17.029819 9.235998 -3.722995
v  -17.256857 9.152977 -3.693500
v  -16.982876 9.225523 -3.300184
v  -16.938992 9.237701 -2.862741
v  -17.218456 9.159916 -3.269237
v  -17.183252 9.201477 -2.833530
v  -17.485107 9.139866 -3.230664
v  -17.509045 9.106757 -3.657523
v  -17.467567 9.201804 -2.795525
v  -17.859282 9.150002 -3.152667
v  -17.838600 9.096869 -3.600202
v  -17.908253 9.224604 -2.685220
v  -18.446590 9.191269 -2.931731
v  -18.401695 9.125389 -3.412209
v  -18.390553 9.271573 -2.481409
v  -18.865673 9.242044 -2.664794
v  -18.990414 9.176249 -3.085136
v  -18.685015 9.315023 -2.301378
v  -19.069016 9.273429 -2.509087
v  -19.296436 9.214246 -2.834182
v  -18.858509 9.345940 -2.182657
v  -19.220726 9.309823 -2.385525
v  -19.453506 9.244373 -2.691808
v  -19.008671 9.396583 -2.080867
v  -19.353676 9.382535 -2.280734
v  -19.588858 9.301461 -2.567193
v  -19.706860 9.394119 -2.460480
v  -17.223143 9.731902 -3.700391
v  -17.012047 9.627634 -3.727039
v  -16.996948 9.697227 -3.318058
v  -16.771465 9.677532 -2.920641
v  -16.797153 9.583366 -3.336575
v  -16.583261 9.557755 -2.927626
v  -16.671412 9.452157 -3.345468
v  -16.846954 9.497958 -3.747287
v  -16.548950 9.430471 -2.918938
v  -16.773672 9.323725 -3.328501
v  -16.852100 9.355859 -3.745917
v  -16.405495 9.559164 -2.496608
v  -16.298487 9.588772 -2.052135
v  -16.466022 9.436846 -2.471779
v  -16.428253 9.478060 -2.019352
v  -16.668970 9.342159 -2.441462
v  -16.710648 9.318284 -2.892666
v  -16.262226 9.655155 -1.610858
v  -16.286976 9.752754 -1.185929
v  -16.444996 9.561885 -1.577461
v  -16.489189 9.685672 -1.160016
v  -16.674267 9.518067 -1.557593
v  -16.653896 9.405313 -1.990529
v  -16.906982 9.286615 -2.413942
v  -16.719528 9.668772 -1.151511
v  -16.919930 9.517336 -1.548886
v  -16.896832 9.382129 -1.971731
v  -17.160210 9.280284 -2.390924
v  -16.957357 9.674579 -1.146852
v  -17.183258 9.528913 -1.533181
v  -17.159958 9.390135 -1.955211
v  -17.473186 9.292452 -2.348337
v  -17.205849 9.687059 -1.132406
v  -17.492298 9.552950 -1.488111
v  -17.494473 9.412691 -1.906068
v  -17.912333 9.326545 -2.231789
v  -17.469027 9.710922 -1.098616
v  -17.787292 9.586996 -1.413912
v  -17.860123 9.449835 -1.806573
v  -18.277737 9.372739 -2.071346
v  -17.708611 9.749866 -1.049584
v  -18.013626 9.628430 -1.339228
v  -18.140495 9.488196 -1.696799
v  -18.499285 9.407545 -1.952319
v  -17.910707 9.802969 -1.001770
v  -18.198103 9.679664 -1.279824
v  -18.335489 9.525938 -1.609314
v  -18.667034 9.445829 -1.857613
v  -18.092884 9.863691 -0.966886
v  -18.366463 9.747578 -1.240226
v  -18.501209 9.580526 -1.542385
v  -18.817608 9.515133 -1.783145
v  -18.257168 9.939336 -0.951589
v  -18.513220 9.841496 -1.224998
v  -18.652222 9.666041 -1.498787
v  -18.944447 9.618534 -1.738038
v  -19.141319 9.484807 -2.000591
v  -19.461319 9.487658 -2.205127
v  -18.769344 9.775448 -1.486949
v  -19.005978 9.739607 -1.749347
v  -19.226538 9.603615 -1.971719
v  -19.491562 9.614637 -2.217476
v  -19.773247 9.515151 -2.416555
v  -19.218523 9.725927 -2.028400
v  -19.433764 9.728907 -2.318374
v  -19.749916 9.641376 -2.482056
v  -19.670433 9.749800 -2.606811
v  -19.567646 9.834797 -2.744395
v  -19.434822 9.890265 -2.896518
v  -19.225952 9.932194 -3.082095
v  -18.795135 9.951768 -3.327499
v  -18.185305 9.912307 -3.540245
v  -17.728405 9.853636 -3.633491
v  -17.780453 9.889623 -3.217493
v  -17.484486 9.890329 -2.859133
v  -17.468853 9.844505 -3.265071
v  -17.221863 9.846697 -2.888043
v  -17.218061 9.788870 -3.295078
v  -17.458794 9.805576 -3.669780
v  -17.241850 9.912478 -2.484427
v  -17.024303 9.958034 -2.103302
v  -16.993061 9.864666 -2.500850
v  -16.784149 9.906165 -2.106380
v  -16.763861 9.788289 -2.508240
v  -16.985004 9.778608 -2.908151
v  -16.835363 10.032999 -1.720032
v  -16.670452 10.132430 -1.341382
v  -16.603577 9.977303 -1.709804
v  -16.453655 10.068649 -1.316900
v  -16.396334 9.885836 -1.685155
v  -16.562910 9.823228 -2.098343
v  -16.558094 9.680849 -2.506130
v  -16.264053 9.974380 -1.277608
v  -16.237461 9.773930 -1.650687
v  -16.367085 9.711473 -2.079751
v  -16.333313 10.178543 -0.937664
v  -16.245403 10.298809 -0.573774
v  -16.187824 10.079963 -0.885762
v  -16.170685 10.193316 -0.512418
v  -16.193459 9.966877 -0.830173
v  -16.185604 9.861345 -1.229690
v  -16.199459 10.419632 -0.227347
v  -16.188435 10.534391 0.089977
v  -16.192059 10.315207 -0.163284
v  -16.237553 10.441036 0.151012
v  -16.312332 10.233269 -0.115134
v  -16.244730 10.091053 -0.457826
v  -16.346766 9.877866 -0.790734
v  -16.374084 10.384256 0.189927
v  -16.484056 10.200775 -0.093732
v  -16.417244 10.030792 -0.427523
v  -16.551813 9.841273 -0.775333
v  -16.540878 10.375643 0.200951
v  -16.671335 10.205673 -0.091692
v  -16.617294 10.017467 -0.419828
v  -16.774374 9.840511 -0.772992
v  -16.713123 10.390079 0.199124
v  -16.856607 10.219067 -0.091977
v  -16.821980 10.024076 -0.419428
v  -16.993681 9.848194 -0.769439
v  -16.882172 10.409029 0.196607
v  -17.036514 10.240823 -0.094021
v  -17.020763 10.037989 -0.418897
v  -17.215862 9.865601 -0.760780
v  -17.045683 10.435909 0.193254
v  -17.213017 10.274775 -0.094797
v  -17.217890 10.064662 -0.415891
v  -17.440838 9.897792 -0.739946
v  -17.202290 10.475940 0.192204
v  -17.386564 10.324058 -0.091509
v  -17.412594 10.107489 -0.407264
v  -17.646618 9.947404 -0.712118
v  -17.357672 10.529755 0.194630
v  -17.557938 10.381848 -0.085593
v  -17.600368 10.162754 -0.394460
v  -17.837069 10.006380 -0.685798
v  -17.510849 10.591446 0.195530
v  -17.719044 10.443642 -0.084944
v  -17.777802 10.221323 -0.382537
v  -18.011042 10.068799 -0.670227
v  -17.652555 10.661339 0.187437
v  -17.863401 10.518970 -0.099779
v  -17.937855 10.288658 -0.382379
v  -18.164833 10.149700 -0.673907
v  -17.779209 10.747444 0.161297
v  -17.985174 10.612483 -0.138122
v  -18.080313 10.375025 -0.403331
v  -18.284832 10.246578 -0.702658
v  -18.396238 10.034682 -0.958189
v  -18.611649 9.948755 -1.240914
v  -18.163637 10.473609 -0.454936
v  -18.293716 10.343164 -0.770112
v  -18.453472 10.139532 -1.005177
v  -18.587387 10.053173 -1.313538
v  -18.792936 9.890238 -1.533035
v  -18.958733 9.850461 -1.833745
v  -18.383345 10.221001 -1.083329
v  -18.468443 10.115294 -1.399128
v  -18.710091 9.981625 -1.624836
v  -18.852468 9.929709 -1.937844
v  -19.137892 9.828201 -2.136744
v  -19.341820 9.824390 -2.440056
v  -18.575283 10.029004 -1.717019
v  -18.714106 9.970164 -2.040325
v  -19.023987 9.898658 -2.252694
v  -19.220249 9.888105 -2.572098
v  -18.418108 10.049906 -1.802243
v  -18.551615 9.994478 -2.141501
v  -18.880894 9.937635 -2.371185
v  -19.061758 9.926325 -2.712832
v  -18.239342 10.067613 -1.886717
v  -18.332550 10.011330 -2.247481
v  -18.697014 9.962954 -2.493765
v  -18.801754 9.953070 -2.880502
v  -17.973677 10.072573 -1.977098
v  -17.951990 10.000793 -2.370741
v  -18.359074 9.970521 -2.646150
v  -18.304203 9.944110 -3.088428
v  -17.606785 10.043493 -2.054167
v  -17.530823 9.954806 -2.452685
v  -17.874249 9.938570 -2.788966
v  -17.659966 10.146368 -1.674389
v  -17.403633 10.239008 -1.348880
v  -17.339941 10.110960 -1.711866
v  -17.140812 10.206469 -1.358596
v  -17.076939 10.073101 -1.721432
v  -17.278019 9.998854 -2.091542
v  -17.202242 10.351923 -1.014794
v  -17.034637 10.484175 -0.685597
v  -16.973640 10.320906 -1.009005
v  -16.824142 10.454691 -0.672355
v  -16.749645 10.289528 -0.995725
v  -16.902124 10.172009 -1.353513
v  -16.880684 10.635349 -0.371171
v  -16.738991 10.783628 -0.086790
v  -16.683609 10.603899 -0.353312
v  -16.557003 10.750269 -0.064268
v  -16.489511 10.569050 -0.328969
v  -16.612822 10.424667 -0.653544
v  -16.530392 10.249205 -0.974794
v  -16.388977 10.704805 -0.029045
v  -16.319328 10.509714 -0.286459
v  -16.412720 10.377703 -0.622903
v  -16.451698 10.879388 0.188814
v  -16.366863 10.978955 0.403209
v  -16.310852 10.819934 0.237918
v  -16.252136 10.905765 0.463506
v  -16.211842 10.733765 0.301230
v  -16.253885 10.630869 0.024987
v  -16.300098 11.040758 0.568526
v  -16.254965 11.079600 0.703459
v  -16.215672 10.961035 0.638545
v  -16.202702 11.002964 0.779521
v  -16.193441 10.876991 0.710354
v  -16.190311 10.815382 0.533052
v  -16.194061 10.638377 0.368246
v  -16.230406 10.932938 0.845695
v  -16.269392 10.809376 0.765492
v  -16.220007 10.729405 0.597441
v  -16.283525 10.561314 0.422253
v  -16.333771 10.885855 0.884790
v  -16.397596 10.778607 0.787705
v  -16.334562 10.676313 0.636750
v  -16.427990 10.530767 0.445748
v  -16.460897 10.871651 0.890906
v  -16.537851 10.779009 0.781560
v  -16.482155 10.665013 0.642873
v  -16.588940 10.536614 0.443957
v  -16.587883 10.879622 0.883579
v  -16.673214 10.790955 0.773182
v  -16.632442 10.673773 0.633325
v  -16.747078 10.551295 0.437494
v  -16.707869 10.897686 0.881023
v  -16.800495 10.812281 0.768687
v  -16.776510 10.689372 0.624657
v  -16.900927 10.572406 0.432035
v  -16.820040 10.926399 0.880532
v  -16.917530 10.845763 0.767126
v  -16.911522 10.715160 0.619759
v  -17.044437 10.604490 0.428423
v  -16.923851 10.967113 0.878207
v  -17.025055 10.892304 0.766176
v  -17.035545 10.754258 0.618201
v  -17.181534 10.650974 0.428648
v  -17.020746 11.015178 0.873732
v  -17.156107 10.807675 0.619350
v  -17.319550 10.711049 0.430836
v  -16.841633 11.033472 0.962748
v  -16.872065 11.131405 1.013831
v  -16.941677 11.075296 0.952190
v  -16.980316 11.163792 0.987510
v  -16.804436 11.185702 1.062340
v  -16.851694 11.267342 1.073842
v  -16.917927 11.215588 1.035039
v  -16.981552 11.286028 1.029115
v  -17.045401 11.229656 0.985551
v  -17.141628 11.274497 0.948920
v  -17.216028 11.193047 0.877748
v  -16.911520 11.341713 1.064157
v  -16.986095 11.406838 1.032132
v  -17.066805 11.343927 0.997772
v  -17.176273 11.385501 0.935116
v  -17.273548 11.297148 0.870177
v  -17.431343 11.288622 0.730109
v  -17.557129 11.142002 0.588097
v  -17.372440 11.182528 0.764721
v  -17.076706 11.456342 0.969249
v  -17.172247 11.473849 0.870974
v  -17.298613 11.398514 0.820048
v  -17.415424 11.364004 0.647802
v  -17.578173 11.234692 0.520423
v  -17.683535 11.116912 0.261907
v  -17.862690 10.921465 0.045934
v  -17.735924 11.055365 0.339932
v  -17.256218 11.440580 0.735009
v  -17.323856 11.361635 0.568987
v  -17.500990 11.268421 0.439284
v  -17.558664 11.120412 0.202989
v  -17.749226 10.952490 -0.016447
v  -17.789310 10.765837 -0.313282
v  -17.982086 10.576140 -0.581715
v  -17.934860 10.754257 -0.266365
v  -17.374748 11.243101 0.380175
v  -17.412579 11.091094 0.162717
v  -17.599741 10.944952 -0.057035
v  -17.622107 10.751450 -0.344476
v  -17.816259 10.574319 -0.622065
v  -17.843115 10.400393 -0.936374
v  -18.067308 10.258344 -1.210874
v  -18.019958 10.407341 -0.893300
v  -17.437393 10.919344 -0.084708
v  -17.447330 10.728945 -0.367502
v  -17.638123 10.559359 -0.653045
v  -17.654327 10.393181 -0.975079
v  -17.884560 10.258939 -1.264822
v  -17.940725 10.154909 -1.610453
v  -18.140661 10.144877 -1.541881
v  -17.448360 10.541210 -0.677902
v  -17.437939 10.379390 -1.004764
v  -17.667431 10.257977 -1.314990
v  -17.269470 10.889367 -0.104029
v  -17.263729 10.702107 -0.382346
v  -17.096138 10.854955 -0.111061
v  -17.074009 10.668518 -0.382291
v  -17.244282 10.515326 -0.689646
v  -17.104021 11.018532 0.115825
v  -16.958054 11.119467 0.294227
v  -16.943851 10.981256 0.115932
v  -16.810879 11.084590 0.303663
v  -16.780384 10.946900 0.132074
v  -16.919487 10.818422 -0.103856
v  -16.835201 11.194963 0.436404
v  -16.732567 11.251789 0.553502
v  -16.699547 11.162354 0.452659
v  -16.607014 11.219227 0.571838
v  -16.560501 11.132256 0.480309
v  -16.659485 11.053990 0.328411
v  -16.613300 10.914635 0.157423
v  -16.476549 11.187432 0.599523
v  -16.422047 11.098081 0.515917
v  -16.508223 11.024073 0.360198
v  -16.527447 11.262233 0.674908
v  -16.457407 11.294206 0.764653
v  -16.405842 11.227427 0.703802
v  -16.301277 11.177796 0.751845
v  -16.351582 11.144497 0.640516
v  -16.645788 11.295768 0.656166
v  -16.570251 11.328364 0.745911
v  -16.609707 11.388353 0.812975
v  -16.542629 11.403555 0.885992
v  -16.501940 11.352079 0.825924
v  -16.441439 11.365620 0.898165
v  -16.586950 11.448498 0.944063
v  -16.526577 11.439848 1.008423
v  -16.480480 11.407308 0.953697
v  -16.427704 11.391167 1.011139
v  -16.586332 11.457611 1.056876
v  -16.542524 11.410755 1.102662
v  -16.478672 11.408218 1.063164
v  -16.442165 11.357397 1.099841
v  -16.385338 11.350422 1.054623
v  -16.512352 11.347785 1.124332
v  -16.490391 11.280126 1.125323
v  -16.418404 11.294167 1.111518
v  -16.334246 11.218504 1.074750
v  -16.351452 11.291716 1.078027
v  -16.304813 11.269177 1.020112
v  -16.274170 11.187119 1.015682
v  -16.241077 11.146555 0.929045
v  -16.268471 11.091129 0.990229
v  -16.219513 11.045754 0.897999
v  -16.235497 11.111734 0.824668
v  -16.289711 10.990924 0.949353
v  -16.587410 11.322703 1.130350
v  -16.662045 11.285217 1.121088
v  -16.629608 11.208172 1.103655
v  -16.560497 11.251657 1.121800
v  -16.535461 11.181812 1.099494
v  -16.618484 11.394701 1.120598
v  -16.598356 11.128572 1.071283
v  -16.562483 11.046316 1.025358
v  -16.698322 11.154284 1.072848
v  -16.665321 11.066219 1.027876
v  -16.737995 10.999151 0.965749
v  -16.629898 10.975044 0.964780
v  -16.734791 11.238249 1.097851
v  -16.768200 11.095493 1.026309
v  -16.517067 10.961349 0.966205
v  -16.700029 11.361156 1.119683
v  -16.778414 11.317820 1.103451
v  -16.832115 11.393253 1.088792
v  -16.660398 11.458186 1.089589
v  -16.745750 11.434994 1.098829
v  -16.804001 11.496410 1.055953
v  -16.897614 11.462366 1.052734
v  -16.973808 11.508181 0.988880
v  -16.716415 11.500374 1.035415
v  -16.779617 11.518636 0.964040
v  -16.870495 11.528279 0.986362
v  -16.935856 11.525236 0.901866
v  -17.049332 11.512959 0.896721
v  -17.114925 11.480616 0.786010
v  -16.842415 11.509424 0.887422
v  -16.993086 11.494444 0.813554
v  -17.170288 11.415315 0.656209
v  -16.707932 11.486072 0.926504
v  -16.772072 11.471833 0.853662
v  -16.643417 11.482901 0.995855
v  -16.653419 11.441000 0.873851
v  -16.681000 11.364063 0.734145
v  -16.720161 11.423515 0.801679
v  -16.788692 11.398226 0.727401
v  -16.760256 11.330801 0.646280
v  -16.853540 11.287663 0.547367
v  -16.965702 11.232800 0.438030
v  -17.260300 11.055027 0.133055
v  -17.100899 11.158207 0.305562
v  -17.091219 11.274000 0.462171
v  -17.240105 11.200009 0.335982
v  -17.211914 11.320621 0.507490
v  -18.312651 10.136313 -1.472988
v  -18.236990 10.254469 -1.153459
v  -18.179398 10.394855 -0.839980
v  -18.120033 10.547556 -0.524131
v  -18.027084 10.704243 -0.200466
v  -17.872944 10.844929 0.113038
v  -17.673717 10.957247 0.392744
v  -17.569273 10.861099 0.422182
v  -17.473377 11.038364 0.617833
v  -16.400295 10.961111 0.969619
v  -17.450796 10.779945 0.431595
# 949 vertices

vt 0.000000 0.000000 0.000000
vt 0.000000 0.000000 0.000000
vt 0.000000 0.000000 0.000000
vt 0.000000 0.000000 0.000000
vt 0.000000 0.000000 0.000000
vt 0.000000 0.000000 0.000000
vt 0.000000 0.000000 0.000000
vt 0.000000 0.000000 0.000000
vt 0.000000 0.000000 0.000000
vt 0.000000 0.000000 0.000000
vt 0.000000 0.000000 0.000000
vt 0.000000 0.000000 0.000000
vt 0.000000 0.000000 0.000000
vt 0.000000 0.000000 0.000000
vt 0.000000 0.000000 0.000000
vt 0.000000 0.000000 0.000000
vt 0.000000 0.000000 0.000000
vt 0.000000 0.000000 0.000000
vt 0.000000 0.000000 0.000000
vt 0.000000 0.000000 0.000000
vt 0.000000 0.000000 0.000000
vt 0.000000 0.000000 0.000000
vt 0.000000 0.000000 0.000000
vt 0.000000 0.000000 0.000000
vt 0.000000 0.000000 0.000000
vt 0.000000 0.000000 0.000000
vt 0.000000 0.000000 0.000000
vt 0.000000 0.000000 0.000000
vt 0.000000 0.000000 0.000000
vt 0.000000 0.000000 0.000000
vt 0.000000 0.000000 0.000000
vt 0.000000 0.000000 0.000000
vt 0.000000 0.000000 0.000000
vt 0.000000 0.000000 0.000000
vt 0.000000 0.000000 0.000000
vt 0.000000 0.000000 0.000000
vt 0.000000 0.000000 0.000000
vt 0.000000 0.000000 0.000000
vt 0.000000 0.000000 0.000000
vt 0.000000 0.000000 0.000000
vt 0.000000 0.000000 0.000000
vt 0.000000 0.000000 0.000000
vt 0.000000 0.000000 0.000000
vt 0.000000 0.000000 0.000000
vt 0.000000 0.000000 0.000000
vt 0.000000 0.000000 0.000000
vt 0.000000 0.000000 0.000000
vt 0.000000 0.000000 0.000000
vt 0.000000 0.000000 0.000000
vt 0.000000 0.000000 0.000000
vt 0.000000 0.000000 0.000000
vt 0.000000 0.000000 0.000000
vt 0.000000 0.000000 0.000000
vt 0.000000 0.000000 0.000000
vt 0.000000 0.000000 0.000000
vt 0.000000 0.000000 0.000000
vt 0.000000 0.000000 0.000000
vt 0.000000 0.000000 0.000000
vt 0.000000 0.000000 0.000000
vt 0.000000 0.000000 0.000000
vt 0.000000 0.000000 0.000000
vt 0.000000 0.000000 0.000000
vt 0.000000 0.000000 0.000000
vt 0.000000 0.000000 0.000000
vt 0.000000 0.000000 0.000000
vt 0.000000 0.000000 0.000000
vt 0.000000 0.000000 0.000000
vt 0.000000 0.000000 0.000000
vt 0.000000 0.000000 0.000000
vt 0.000000 0.000000 0.000000
vt 0.000000 0.000000 0.000000
vt 0.000000 0.000000 0.000000
vt 0.000000 0.000000 0.000000
vt 0.000000 0.000000 0.000000
vt 0.000000 0.000000 0.000000
vt 0.000000 0.000000 0.000000
vt 0.000000 0.000000 0.000000
vt 0.000000 0.000000 0.000000
vt 0.000000 0.000000 0.000000
vt 0.000000 0.000000 0.000000
vt 0.000000 0.000000 0.000000
vt 0.000000 0.000000 0.000000
vt 0.000000 0.000000 0.000000
vt 0.000000 0.000000 0.000000
vt 0.000000 0.000000 0.000000
vt 0.000000 0.000000 0.000000
vt 0.000000 0.000000 0.000000
vt 0.000000 0.000000 0.000000
vt 0.000000 0.000000 0.000000
vt 0.000000 0.000000 0.000000
vt 0.000000 0.000000 0.000000
vt 0.000000 0.000000 0.000000
vt 0.000000 0.000000 0.000000
vt 0.000000 0.000000 0.000000
vt 0.000000 0.000000 0.000000
vt 0.000000 0.000000 0.000000
vt 0.000000 0.000000 0.000000
vt 0.000000 0.000000 0.000000
vt 0.000000 0.000000 0.000000
vt 0.000000 0.000000 0.000000
vt 0.000000 0.000000 0.000000
vt 0.000000 0.000000 0.000000
vt 0.000000 0.000000 0.000000
vt 0.000000 0.000000 0.000000
vt 0.000000 0.000000 0.000000
vt 0.000000 0.000000 0.000000
vt 0.000000 0.000000 0.000000
vt 0.000000 0.000000 0.000000
vt 0.000000 0.000000 0.000000
vt 0.000000 0.000000 0.000000
vt 0.000000 0.000000 0.000000
vt 0.000000 0.000000 0.000000
vt 0.000000 0.000000 0.000000
vt 0.000000 0.000000 0.000000
vt 0.000000 0.000000 0.000000
vt 0.000000 0.000000 0.000000
vt 0.000000 0.000000 0.000000
vt 0.000000 0.000000 0.000000
vt 0.000000 0.000000 0.000000
vt 0.000000 0.000000 0.000000
vt 0.000000 0.000000 0.000000
vt 0.000000 0.000000 0.000000
vt 0.000000 0.000000 0.000000
vt 0.000000 0.000000 0.000000
vt 0.000000 0.000000 0.000000
vt 0.000000 0.000000 0.000000
vt 0.000000 0.000000 0.000000
vt 0.000000 0.000000 0.000000
vt 0.000000 0.000000 0.000000
vt 0.000000 0.000000 0.000000
vt 0.000000 0.000000 0.000000
vt 0.000000 0.000000 0.000000
vt 0.000000 0.000000 0.000000
vt 0.000000 0.000000 0.000000
vt 0.000000 0.000000 0.000000
vt 0.000000 0.000000 0.000000
vt 0.000000 0.000000 0.000000
vt 0.000000 0.000000 0.000000
vt 0.000000 0.000000 0.000000
vt 0.000000 0.000000 0.000000
vt 0.000000 0.000000 0.000000
vt 0.000000 0.000000 0.000000
vt 0.000000 0.000000 0.000000
vt 0.000000 0.000000 0.000000
vt 0.000000 0.000000 0.000000
vt 0.000000 0.000000 0.000000
vt 0.000000 0.000000 0.000000
vt 0.000000 0.000000 0.000000
vt 0.000000 0.000000 0.000000
vt 0.000000 0.000000 0.000000
vt 0.000000 0.000000 0.000000
vt 0.000000 0.000000 0.000000
vt 0.000000 0.000000 0.000000
vt 0.000000 0.000000 0.000000
vt 0.000000 0.000000 0.000000
vt 0.000000 0.000000 0.000000
vt 0.000000 0.000000 0.000000
vt 0.000000 0.000000 0.000000
vt 0.000000 0.000000 0.000000
vt 0.000000 0.000000 0.000000
vt 0.000000 0.000000 0.000000
vt 0.000000 0.000000 0.000000
vt 0.000000 0.000000 0.000000
vt 0.000000 0.000000 0.000000
vt 0.000000 0.000000 0.000000
vt 0.000000 0.000000 0.000000
vt 0.000000 0.000000 0.000000
vt 0.000000 0.000000 0.000000
vt 0.000000 0.000000 0.000000
vt 0.000000 0.000000 0.000000
vt 0.000000 0.000000 0.000000
vt 0.000000 0.000000 0.000000
vt 0.000000 0.000000 0.000000
vt 0.000000 0.000000 0.000000
vt 0.000000 0.000000 0.000000
vt 0.000000 0.000000 0.000000
vt 0.000000 0.000000 0.000000
vt 0.000000 0.000000 0.000000
vt 0.000000 0.000000 0.000000
vt 0.000000 0.000000 0.000000
vt 0.000000 0.000000 0.000000
vt 0.000000 0.000000 0.000000
vt 0.000000 0.000000 0.000000
vt 0.000000 0.000000 0.000000
vt 0.000000 0.000000 0.000000
vt 0.000000 0.000000 0.000000
vt 0.000000 0.000000 0.000000
vt 0.000000 0.000000 0.000000
vt 0.000000 0.000000 0.000000
vt 0.000000 0.000000 0.000000
vt 0.000000 0.000000 0.000000
vt 0.000000 0.000000 0.000000
vt 0.000000 0.000000 0.000000
vt 0.000000 0.000000 0.000000
vt 0.000000 0.000000 0.000000
vt 0.000000 0.000000 0.000000
vt 0.000000 0.000000 0.000000
vt 0.000000 0.000000 0.000000
vt 0.000000 0.000000 0.000000
vt 0.000000 0.000000 0.000000
vt 0.000000 0.000000 0.000000
vt 0.000000 0.000000 0.000000
vt 0.000000 0.000000 0.000000
vt 0.000000 0.000000 0.000000
vt 0.000000 0.000000 0.000000
vt 0.000000 0.000000 0.000000
vt 0.000000 0.000000 0.000000
vt 0.000000 0.000000 0.000000
vt 0.000000 0.000000 0.000000
vt 0.000000 0.000000 0.000000
vt 0.000000 0.000000 0.000000
vt 0.000000 0.000000 0.000000
vt 0.000000 0.000000 0.000000
vt 0.000000 0.000000 0.000000
vt 0.000000 0.000000 0.000000
vt 0.000000 0.000000 0.000000
vt 0.000000 0.000000 0.000000
vt 0.000000 0.000000 0.000000
vt 0.000000 0.000000 0.000000
vt 0.000000 0.000000 0.000000
vt 0.000000 0.000000 0.000000
vt 0.000000 0.000000 0.000000
vt 0.000000 0.000000 0.000000
vt 0.000000 0.000000 0.000000
vt 0.000000 0.000000 0.000000
vt 0.000000 0.000000 0.000000
vt 0.000000 0.000000 0.000000
vt 0.000000 0.000000 0.000000
vt 0.000000 0.000000 0.000000
vt 0.000000 0.000000 0.000000
vt 0.000000 0.000000 0.000000
vt 0.000000 0.000000 0.000000
vt 0.000000 0.000000 0.000000
vt 0.000000 0.000000 0.000000
vt 0.000000 0.000000 0.000000
vt 0.000000 0.000000 0.000000
vt 0.000000 0.000000 0.000000
vt 0.000000 0.000000 0.000000
vt 0.000000 0.000000 0.000000
vt 0.000000 0.000000 0.000000
vt 0.000000 0.000000 0.000000
vt 0.000000 0.000000 0.000000
vt 0.000000 0.000000 0.000000
vt 0.000000 0.000000 0.000000
vt 0.000000 0.000000 0.000000
vt 0.000000 0.000000 0.000000
vt 0.000000 0.000000 0.000000
vt 0.000000 0.000000 0.000000
vt 0.000000 0.000000 0.000000
vt 0.000000 0.000000 0.000000
vt 0.000000 0.000000 0.000000
vt 0.000000 0.000000 0.000000
vt 0.000000 0.000000 0.000000
vt 0.000000 0.000000 0.000000
vt 0.000000 0.000000 0.000000
vt 0.000000 0.000000 0.000000
vt 0.000000 0.000000 0.000000
vt 0.000000 0.000000 0.000000
vt 0.000000 0.000000 0.000000
vt 0.000000 0.000000 0.000000
vt 0.000000 0.000000 0.000000
vt 0.000000 0.000000 0.000000
vt 0.000000 0.000000 0.000000
vt 0.000000 0.000000 0.000000
vt 0.000000 0.000000 0.000000
vt 0.000000 0.000000 0.000000
vt 0.000000 0.000000 0.000000
vt 0.000000 0.000000 0.000000
vt 0.000000 0.000000 0.000000
vt 0.000000 0.000000 0.000000
vt 0.000000 0.000000 0.000000
vt 0.000000 0.000000 0.000000
vt 0.000000 0.000000 0.000000
vt 0.000000 0.000000 0.000000
vt 0.000000 0.000000 0.000000
vt 0.000000 0.000000 0.000000
vt 0.000000 0.000000 0.000000
vt 0.000000 0.000000 0.000000
vt 0.000000 0.000000 0.000000
vt 0.000000 0.000000 0.000000
vt 0.000000 0.000000 0.000000
vt 0.000000 0.000000 0.000000
vt 0.000000 0.000000 0.000000
vt 0.000000 0.000000 0.000000
vt 0.000000 0.000000 0.000000
vt 0.000000 0.000000 0.000000
vt 0.000000 0.000000 0.000000
vt 0.000000 0.000000 0.000000
vt 0.000000 0.000000 0.000000
vt 0.000000 0.000000 0.000000
vt 0.000000 0.000000 0.000000
vt 0.000000 0.000000 0.000000
vt 0.000000 0.000000 0.000000
vt 0.000000 0.000000 0.000000
vt 0.000000 0.000000 0.000000
vt 0.000000 0.000000 0.000000
vt 0.000000 0.000000 0.000000
vt 0.000000 0.000000 0.000000
vt 0.000000 0.000000 0.000000
vt 0.000000 0.000000 0.000000
vt 0.000000 0.000000 0.000000
vt 0.000000 0.000000 0.000000
vt 0.000000 0.000000 0.000000
vt 0.000000 0.000000 0.000000
vt 0.000000 0.000000 0.000000
vt 0.000000 0.000000 0.000000
vt 0.000000 0.000000 0.000000
vt 0.000000 0.000000 0.000000
vt 0.000000 0.000000 0.000000
vt 0.000000 0.000000 0.000000
vt 0.000000 0.000000 0.000000
vt 0.000000 0.000000 0.000000
vt 0.000000 0.000000 0.000000
vt 0.000000 0.000000 0.000000
vt 0.000000 0.000000 0.000000
vt 0.000000 0.000000 0.000000
vt 0.000000 0.000000 0.000000
vt 0.000000 0.000000 0.000000
vt 0.000000 0.000000 0.000000
vt 0.000000 0.000000 0.000000
vt 0.000000 0.000000 0.000000
vt 0.000000 0.000000 0.000000
vt 0.000000 0.000000 0.000000
vt 0.000000 0.000000 0.000000
vt 0.000000 0.000000 0.000000
vt 0.000000 0.000000 0.000000
vt 0.000000 0.000000 0.000000
vt 0.000000 0.000000 0.000000
vt 0.000000 0.000000 0.000000
vt 0.000000 0.000000 0.000000
vt 0.000000 0.000000 0.000000
vt 0.000000 0.000000 0.000000
vt 0.000000 0.000000 0.000000
vt 0.000000 0.000000 0.000000
vt 0.000000 0.000000 0.000000
vt 0.000000 0.000000 0.000000
vt 0.000000 0.000000 0.000000
vt 0.000000 0.000000 0.000000
vt 0.000000 0.000000 0.000000
vt 0.000000 0.000000 0.000000
vt 0.000000 0.000000 0.000000
vt 0.000000 0.000000 0.000000
vt 0.000000 0.000000 0.000000
vt 0.000000 0.000000 0.000000
vt 0.000000 0.000000 0.000000
vt 0.000000 0.000000 0.000000
vt 0.000000 0.000000 0.000000
vt 0.000000 0.000000 0.000000
vt 0.000000 0.000000 0.000000
vt 0.000000 0.000000 0.000000
vt 0.000000 0.000000 0.000000
vt 0.000000 0.000000 0.000000
vt 0.000000 0.000000 0.000000
vt 0.000000 0.000000 0.000000
vt 0.000000 0.000000 0.000000
vt 0.000000 0.000000 0.000000
vt 0.000000 0.000000 0.000000
vt 0.000000 0.000000 0.000000
vt 0.000000 0.000000 0.000000
vt 0.000000 0.000000 0.000000
vt 0.000000 0.000000 0.000000
vt 0.000000 0.000000 0.000000
vt 0.000000 0.000000 0.000000
vt 0.000000 0.000000 0.000000
vt 0.000000 0.000000 0.000000
vt 0.000000 0.000000 0.000000
vt 0.000000 0.000000 0.000000
vt 0.000000 0.000000 0.000000
vt 0.000000 0.000000 0.000000
vt 0.000000 0.000000 0.000000
vt 0.000000 0.000000 0.000000
vt 0.000000 0.000000 0.000000
vt 0.000000 0.000000 0.000000
vt 0.000000 0.000000 0.000000
vt 0.000000 0.000000 0.000000
vt 0.000000 0.000000 0.000000
vt 0.000000 0.000000 0.000000
vt 0.000000 0.000000 0.000000
vt 0.000000 0.000000 0.000000
vt 0.000000 0.000000 0.000000
vt 0.000000 0.000000 0.000000
vt 0.000000 0.000000 0.000000
vt 0.000000 0.000000 0.000000
vt 0.000000 0.000000 0.000000
vt 0.000000 0.000000 0.000000
vt 0.000000 0.000000 0.000000
vt 0.000000 0.000000 0.000000
vt 0.000000 0.000000 0.000000
vt 0.000000 0.000000 0.000000
vt 0.000000 0.000000 0.000000
vt 0.000000 0.000000 0.000000
vt 0.000000 0.000000 0.000000
vt 0.000000 0.000000 0.000000
vt 0.000000 0.000000 0.000000
vt 0.000000 0.000000 0.000000
vt 0.000000 0.000000 0.000000
vt 0.000000 0.000000 0.000000
vt 0.000000 0.000000 0.000000
vt 0.000000 0.000000 0.000000
vt 0.000000 0.000000 0.000000
vt 0.000000 0.000000 0.000000
vt 0.000000 0.000000 0.000000
vt 0.000000 0.000000 0.000000
vt 0.000000 0.000000 0.000000
vt 0.000000 0.000000 0.000000
vt 0.000000 0.000000 0.000000
vt 0.000000 0.000000 0.000000
vt 0.000000 0.000000 0.000000
vt 0.000000 0.000000 0.000000
vt 0.000000 0.000000 0.000000
vt 0.000000 0.000000 0.000000
vt 0.000000 0.000000 0.000000
vt 0.000000 0.000000 0.000000
vt 0.000000 0.000000 0.000000
vt 0.000000 0.000000 0.000000
vt 0.000000 0.000000 0.000000
vt 0.000000 0.000000 0.000000
vt 0.000000 0.000000 0.000000
vt 0.000000 0.000000 0.000000
vt 0.000000 0.000000 0.000000
vt 0.000000 0.000000 0.000000
vt 0.000000 0.000000 0.000000
vt 0.000000 0.000000 0.000000
vt 0.000000 0.000000 0.000000
vt 0.000000 0.000000 0.000000
vt 0.000000 0.000000 0.000000
vt 0.000000 0.000000 0.000000
vt 0.000000 0.000000 0.000000
vt 0.000000 0.000000 0.000000
vt 0.000000 0.000000 0.000000
vt 0.000000 0.000000 0.000000
vt 0.000000 0.000000 0.000000
vt 0.000000 0.000000 0.000000
vt 0.000000 0.000000 0.000000
vt 0.000000 0.000000 0.000000
vt 0.000000 0.000000 0.000000
vt 0.000000 0.000000 0.000000
vt 0.000000 0.000000 0.000000
vt 0.000000 0.000000 0.000000
vt 0.000000 0.000000 0.000000
vt 0.000000 0.000000 0.000000
vt 0.000000 0.000000 0.000000
vt 0.000000 0.000000 0.000000
vt 0.000000 0.000000 0.000000
vt 0.000000 0.000000 0.000000
vt 0.000000 0.000000 0.000000
vt 0.000000 0.000000 0.000000
vt 0.000000 0.000000 0.000000
vt 0.000000 0.000000 0.000000
vt 0.000000 0.000000 0.000000
vt 0.000000 0.000000 0.000000
vt 0.000000 0.000000 0.000000
vt 0.000000 0.000000 0.000000
vt 0.000000 0.000000 0.000000
vt 0.000000 0.000000 0.000000
vt 0.000000 0.000000 0.000000
vt 0.000000 0.000000 0.000000
vt 0.000000 0.000000 0.000000
vt 0.000000 0.000000 0.000000
vt 0.000000 0.000000 0.000000
vt 0.000000 0.000000 0.000000
vt 0.000000 0.000000 0.000000
vt 0.000000 0.000000 0.000000
vt 0.000000 0.000000 0.000000
vt 0.000000 0.000000 0.000000
vt 0.000000 0.000000 0.000000
vt 0.000000 0.000000 0.000000
vt 0.000000 0.000000 0.000000
vt 0.000000 0.000000 0.000000
vt 0.000000 0.000000 0.000000
vt 0.000000 0.000000 0.000000
vt 0.000000 0.000000 0.000000
vt 0.000000 0.000000 0.000000
vt 0.000000 0.000000 0.000000
vt 0.000000 0.000000 0.000000
vt 0.000000 0.000000 0.000000
vt 0.000000 0.000000 0.000000
vt 0.000000 0.000000 0.000000
vt 0.000000 0.000000 0.000000
vt 0.000000 0.000000 0.000000
vt 0.000000 0.000000 0.000000
vt 0.000000 0.000000 0.000000
vt 0.000000 0.000000 0.000000
vt 0.000000 0.000000 0.000000
vt 0.000000 0.000000 0.000000
vt 0.000000 0.000000 0.000000
vt 0.000000 0.000000 0.000000
vt 0.000000 0.000000 0.000000
vt 0.000000 0.000000 0.000000
vt 0.000000 0.000000 0.000000
vt 0.000000 0.000000 0.000000
vt 0.000000 0.000000 0.000000
vt 0.000000 0.000000 0.000000
vt 0.000000 0.000000 0.000000
vt 0.000000 0.000000 0.000000
vt 0.000000 0.000000 0.000000
vt 0.000000 0.000000 0.000000
vt 0.000000 0.000000 0.000000
vt 0.000000 0.000000 0.000000
vt 0.000000 0.000000 0.000000
vt 0.000000 0.000000 0.000000
vt 0.000000 0.000000 0.000000
vt 0.000000 0.000000 0.000000
vt 0.000000 0.000000 0.000000
vt 0.000000 0.000000 0.000000
vt 0.000000 0.000000 0.000000
vt 0.000000 0.000000 0.000000
vt 0.000000 0.000000 0.000000
vt 0.000000 0.000000 0.000000
vt 0.000000 0.000000 0.000000
vt 0.000000 0.000000 0.000000
vt 0.000000 0.000000 0.000000
vt 0.000000 0.000000 0.000000
vt 0.000000 0.000000 0.000000
vt 0.000000 0.000000 0.000000
vt 0.000000 0.000000 0.000000
vt 0.000000 0.000000 0.000000
vt 0.000000 0.000000 0.000000
vt 0.000000 0.000000 0.000000
vt 0.000000 0.000000 0.000000
vt 0.000000 0.000000 0.000000
vt 0.000000 0.000000 0.000000
vt 0.000000 0.000000 0.000000
vt 0.000000 0.000000 0.000000
vt 0.000000 0.000000 0.000000
vt 0.000000 0.000000 0.000000
vt 0.000000 0.000000 0.000000
vt 0.000000 0.000000 0.000000
vt 0.000000 0.000000 0.000000
vt 0.000000 0.000000 0.000000
vt 0.000000 0.000000 0.000000
vt 0.000000 0.000000 0.000000
vt 0.000000 0.000000 0.000000
vt 0.000000 0.000000 0.000000
vt 0.000000 0.000000 0.000000
vt 0.000000 0.000000 0.000000
vt 0.000000 0.000000 0.000000
vt 0.000000 0.000000 0.000000
vt 0.000000 0.000000 0.000000
vt 0.000000 0.000000 0.000000
vt 0.000000 0.000000 0.000000
vt 0.000000 0.000000 0.000000
vt 0.000000 0.000000 0.000000
vt 0.000000 0.000000 0.000000
vt 0.000000 0.000000 0.000000
vt 0.000000 0.000000 0.000000
vt 0.000000 0.000000 0.000000
vt 0.000000 0.000000 0.000000
vt 0.000000 0.000000 0.000000
vt 0.000000 0.000000 0.000000
vt 0.000000 0.000000 0.000000
vt 0.000000 0.000000 0.000000
vt 0.000000 0.000000 0.000000
vt 0.000000 0.000000 0.000000
vt 0.000000 0.000000 0.000000
vt 0.000000 0.000000 0.000000
vt 0.000000 0.000000 0.000000
vt 0.000000 0.000000 0.000000
vt 0.000000 0.000000 0.000000
vt 0.000000 0.000000 0.000000
vt 0.000000 0.000000 0.000000
vt 0.000000 0.000000 0.000000
vt 0.000000 0.000000 0.000000
vt 0.000000 0.000000 0.000000
vt 0.000000 0.000000 0.000000
vt 0.000000 0.000000 0.000000
vt 0.000000 0.000000 0.000000
vt 0.000000 0.000000 0.000000
vt 0.000000 0.000000 0.000000
vt 0.000000 0.000000 0.000000
vt 0.000000 0.000000 0.000000
vt 0.000000 0.000000 0.000000
vt 0.000000 0.000000 0.000000
vt 0.000000 0.000000 0.000000
vt 0.000000 0.000000 0.000000
vt 0.000000 0.000000 0.000000
vt 0.000000 0.000000 0.000000
vt 0.000000 0.000000 0.000000
vt 0.000000 0.000000 0.000000
vt 0.000000 0.000000 0.000000
vt 0.000000 0.000000 0.000000
vt 0.000000 0.000000 0.000000
vt 0.000000 0.000000 0.000000
vt 0.000000 0.000000 0.000000
vt 0.000000 0.000000 0.000000
vt 0.000000 0.000000 0.000000
vt 0.000000 0.000000 0.000000
vt 0.000000 0.000000 0.000000
vt 0.000000 0.000000 0.000000
vt 0.000000 0.000000 0.000000
vt 0.000000 0.000000 0.000000
vt 0.000000 0.000000 0.000000
vt 0.000000 0.000000 0.000000
vt 0.000000 0.000000 0.000000
vt 0.000000 0.000000 0.000000
vt 0.000000 0.000000 0.000000
vt 0.000000 0.000000 0.000000
vt 0.000000 0.000000 0.000000
vt 0.000000 0.000000 0.000000
vt 0.000000 0.000000 0.000000
vt 0.000000 0.000000 0.000000
vt 0.000000 0.000000 0.000000
vt 0.000000 0.000000 0.000000
vt 0.000000 0.000000 0.000000
vt 0.000000 0.000000 0.000000
vt 0.000000 0.000000 0.000000
vt 0.000000 0.000000 0.000000
vt 0.000000 0.000000 0.000000
vt 0.000000 0.000000 0.000000
vt 0.000000 0.000000 0.000000
vt 0.000000 0.000000 0.000000
vt 0.000000 0.000000 0.000000
vt 0.000000 0.000000 0.000000
vt 0.000000 0.000000 0.000000
vt 0.000000 0.000000 0.000000
vt 0.000000 0.000000 0.000000
vt 0.000000 0.000000 0.000000
vt 0.000000 0.000000 0.000000
vt 0.000000 0.000000 0.000000
vt 0.000000 0.000000 0.000000
vt 0.000000 0.000000 0.000000
vt 0.000000 0.000000 0.000000
vt 0.000000 0.000000 0.000000
vt 0.000000 0.000000 0.000000
vt 0.000000 0.000000 0.000000
vt 0.000000 0.000000 0.000000
vt 0.000000 0.000000 0.000000
vt 0.000000 0.000000 0.000000
vt 0.000000 0.000000 0.000000
vt 0.000000 0.000000 0.000000
vt 0.000000 0.000000 0.000000
vt 0.000000 0.000000 0.000000
vt 0.000000 0.000000 0.000000
vt 0.000000 0.000000 0.000000
vt 0.000000 0.000000 0.000000
vt 0.000000 0.000000 0.000000
vt 0.000000 0.000000 0.000000
vt 0.000000 0.000000 0.000000
vt 0.000000 0.000000 0.000000
vt 0.000000 0.000000 0.000000
vt 0.000000 0.000000 0.000000
vt 0.000000 0.000000 0.000000
vt 0.000000 0.000000 0.000000
vt 0.000000 0.000000 0.000000
vt 0.000000 0.000000 0.000000
vt 0.000000 0.000000 0.000000
vt 0.000000 0.000000 0.000000
vt 0.000000 0.000000 0.000000
vt 0.000000 0.000000 0.000000
vt 0.000000 0.000000 0.000000
vt 0.000000 0.000000 0.000000
vt 0.000000 0.000000 0.000000
vt 0.000000 0.000000 0.000000
vt 0.000000 0.000000 0.000000
vt 0.000000 0.000000 0.000000
vt 0.000000 0.000000 0.000000
vt 0.000000 0.000000 0.000000
vt 0.000000 0.000000 0.000000
vt 0.000000 0.000000 0.000000
vt 0.000000 0.000000 0.000000
vt 0.000000 0.000000 0.000000
vt 0.000000 0.000000 0.000000
vt 0.000000 0.000000 0.000000
vt 0.000000 0.000000 0.000000
vt 0.000000 0.000000 0.000000
vt 0.000000 0.000000 0.000000
vt 0.000000 0.000000 0.000000
vt 0.000000 0.000000 0.000000
vt 0.000000 0.000000 0.000000
vt 0.000000 0.000000 0.000000
vt 0.000000 0.000000 0.000000
vt 0.000000 0.000000 0.000000
vt 0.000000 0.000000 0.000000
vt 0.000000 0.000000 0.000000
vt 0.000000 0.000000 0.000000
vt 0.000000 0.000000 0.000000
vt 0.000000 0.000000 0.000000
vt 0.000000 0.000000 0.000000
vt 0.000000 0.000000 0.000000
vt 0.000000 0.000000 0.000000
vt 0.000000 0.000000 0.000000
vt 0.000000 0.000000 0.000000
vt 0.000000 0.000000 0.000000
vt 0.000000 0.000000 0.000000
vt 0.000000 0.000000 0.000000
vt 0.000000 0.000000 0.000000
vt 0.000000 0.000000 0.000000
vt 0.000000 0.000000 0.000000
vt 0.000000 0.000000 0.000000
vt 0.000000 0.000000 0.000000
vt 0.000000 0.000000 0.000000
vt 0.000000 0.000000 0.000000
vt 0.000000 0.000000 0.000000
vt 0.000000 0.000000 0.000000
vt 0.000000 0.000000 0.000000
vt 0.000000 0.000000 0.000000
vt 0.000000 0.000000 0.000000
vt 0.000000 0.000000 0.000000
vt 0.000000 0.000000 0.000000
vt 0.000000 0.000000 0.000000
vt 0.000000 0.000000 0.000000
vt 0.000000 0.000000 0.000000
vt 0.000000 0.000000 0.000000
vt 0.000000 0.000000 0.000000
vt 0.000000 0.000000 0.000000
vt 0.000000 0.000000 0.000000
vt 0.000000 0.000000 0.000000
vt 0.000000 0.000000 0.000000
vt 0.000000 0.000000 0.000000
vt 0.000000 0.000000 0.000000
vt 0.000000 0.000000 0.000000
vt 0.000000 0.000000 0.000000
vt 0.000000 0.000000 0.000000
vt 0.000000 0.000000 0.000000
vt 0.000000 0.000000 0.000000
vt 0.000000 0.000000 0.000000
vt 0.000000 0.000000 0.000000
vt 0.000000 0.000000 0.000000
vt 0.000000 0.000000 0.000000
vt 0.000000 0.000000 0.000000
vt 0.000000 0.000000 0.000000
vt 0.000000 0.000000 0.000000
vt 0.000000 0.000000 0.000000
vt 0.000000 0.000000 0.000000
vt 0.000000 0.000000 0.000000
vt 0.000000 0.000000 0.000000
vt 0.000000 0.000000 0.000000
vt 0.000000 0.000000 0.000000
vt 0.000000 0.000000 0.000000
vt 0.000000 0.000000 0.000000
vt 0.000000 0.000000 0.000000
vt 0.000000 0.000000 0.000000
vt 0.000000 0.000000 0.000000
vt 0.000000 0.000000 0.000000
vt 0.000000 0.000000 0.000000
vt 0.000000 0.000000 0.000000
vt 0.000000 0.000000 0.000000
vt 0.000000 0.000000 0.000000
vt 0.000000 0.000000 0.000000
vt 0.000000 0.000000 0.000000
vt 0.000000 0.000000 0.000000
vt 0.000000 0.000000 0.000000
vt 0.000000 0.000000 0.000000
vt 0.000000 0.000000 0.000000
vt 0.000000 0.000000 0.000000
vt 0.000000 0.000000 0.000000
vt 0.000000 0.000000 0.000000
vt 0.000000 0.000000 0.000000
vt 0.000000 0.000000 0.000000
vt 0.000000 0.000000 0.000000
vt 0.000000 0.000000 0.000000
vt 0.000000 0.000000 0.000000
vt 0.000000 0.000000 0.000000
vt 0.000000 0.000000 0.000000
vt 0.000000 0.000000 0.000000
vt 0.000000 0.000000 0.000000
vt 0.000000 0.000000 0.000000
vt 0.000000 0.000000 0.000000
vt 0.000000 0.000000 0.000000
vt 0.000000 0.000000 0.000000
vt 0.000000 0.000000 0.000000
vt 0.000000 0.000000 0.000000
vt 0.000000 0.000000 0.000000
vt 0.000000 0.000000 0.000000
vt 0.000000 0.000000 0.000000
vt 0.000000 0.000000 0.000000
vt 0.000000 0.000000 0.000000
vt 0.000000 0.000000 0.000000
vt 0.000000 0.000000 0.000000
vt 0.000000 0.000000 0.000000
vt 0.000000 0.000000 0.000000
vt 0.000000 0.000000 0.000000
vt 0.000000 0.000000 0.000000
vt 0.000000 0.000000 0.000000
vt 0.000000 0.000000 0.000000
vt 0.000000 0.000000 0.000000
vt 0.000000 0.000000 0.000000
vt 0.000000 0.000000 0.000000
vt 0.000000 0.000000 0.000000
vt 0.000000 0.000000 0.000000
vt 0.000000 0.000000 0.000000
vt 0.000000 0.000000 0.000000
vt 0.000000 0.000000 0.000000
vt 0.000000 0.000000 0.000000
vt 0.000000 0.000000 0.000000
vt 0.000000 0.000000 0.000000
vt 0.000000 0.000000 0.000000
vt 0.000000 0.000000 0.000000
vt 0.000000 0.000000 0.000000
vt 0.000000 0.000000 0.000000
vt 0.000000 0.000000 0.000000
vt 0.000000 0.000000 0.000000
vt 0.000000 0.000000 0.000000
vt 0.000000 0.000000 0.000000
vt 0.000000 0.000000 0.000000
vt 0.000000 0.000000 0.000000
vt 0.000000 0.000000 0.000000
vt 0.000000 0.000000 0.000000
vt 0.000000 0.000000 0.000000
vt 0.000000 0.000000 0.000000
vt 0.000000 0.000000 0.000000
vt 0.000000 0.000000 0.000000
vt 0.000000 0.000000 0.000000
vt 0.000000 0.000000 0.000000
vt 0.000000 0.000000 0.000000
vt 0.000000 0.000000 0.000000
vt 0.000000 0.000000 0.000000
vt 0.000000 0.000000 0.000000
vt 0.000000 0.000000 0.000000
vt 0.000000 0.000000 0.000000
vt 0.000000 0.000000 0.000000
vt 0.000000 0.000000 0.000000
vt 0.000000 0.000000 0.000000
vt 0.000000 0.000000 0.000000
vt 0.000000 0.000000 0.000000
vt 0.000000 0.000000 0.000000
vt 0.000000 0.000000 0.000000
vt 0.000000 0.000000 0.000000
vt 0.000000 0.000000 0.000000
vt 0.000000 0.000000 0.000000
vt 0.000000 0.000000 0.000000
vt 0.000000 0.000000 0.000000
vt 0.000000 0.000000 0.000000
vt 0.000000 0.000000 0.000000
vt 0.000000 0.000000 0.000000
vt 0.000000 0.000000 0.000000
vt 0.000000 0.000000 0.000000
vt 0.000000 0.000000 0.000000
vt 0.000000 0.000000 0.000000
vt 0.000000 0.000000 0.000000
vt 0.000000 0.000000 0.000000
vt 0.000000 0.000000 0.000000
vt 0.000000 0.000000 0.000000
vt 0.000000 0.000000 0.000000
vt 0.000000 0.000000 0.000000
vt 0.000000 0.000000 0.000000
vt 0.000000 0.000000 0.000000
vt 0.000000 0.000000 0.000000
vt 0.000000 0.000000 0.000000
vt 0.000000 0.000000 0.000000
vt 0.000000 0.000000 0.000000
vt 0.000000 0.000000 0.000000
vt 0.000000 0.000000 0.000000
vt 0.000000 0.000000 0.000000
vt 0.000000 0.000000 0.000000
vt 0.000000 0.000000 0.000000
vt 0.000000 0.000000 0.000000
vt 0.000000 0.000000 0.000000
vt 0.000000 0.000000 0.000000
vt 0.000000 0.000000 0.000000
vt 0.000000 0.000000 0.000000
vt 0.000000 0.000000 0.000000
vt 0.000000 0.000000 0.000000
vt 0.000000 0.000000 0.000000
vt 0.000000 0.000000 0.000000
vt 0.000000 0.000000 0.000000
vt 0.000000 0.000000 0.000000
vt 0.000000 0.000000 0.000000
vt 0.000000 0.000000 0.000000
vt 0.000000 0.000000 0.000000
vt 0.000000 0.000000 0.000000
vt 0.000000 0.000000 0.000000
vt 0.000000 0.000000 0.000000
vt 0.000000 0.000000 0.000000
vt 0.000000 0.000000 0.000000
vt 0.000000 0.000000 0.000000
vt 0.000000 0.000000 0.000000
vt 0.000000 0.000000 0.000000
vt 0.000000 0.000000 0.000000
vt 0.000000 0.000000 0.000000
vt 0.000000 0.000000 0.000000
vt 0.000000 0.000000 0.000000
vt 0.000000 0.000000 0.000000
vt 0.000000 0.000000 0.000000
vt 0.000000 0.000000 0.000000
vt 0.000000 0.000000 0.000000
vt 0.000000 0.000000 0.000000
vt 0.000000 0.000000 0.000000
vt 0.000000 0.000000 0.000000
vt 0.000000 0.000000 0.000000
vt 0.000000 0.000000 0.000000
vt 0.000000 0.000000 0.000000
vt 0.000000 0.000000 0.000000
vt 0.000000 0.000000 0.000000
vt 0.000000 0.000000 0.000000
vt 0.000000 0.000000 0.000000
vt 0.000000 0.000000 0.000000
vt 0.000000 0.000000 0.000000
vt 0.000000 0.000000 0.000000
vt 0.000000 0.000000 0.000000
vt 0.000000 0.000000 0.000000
vt 0.000000 0.000000 0.000000
vt 0.000000 0.000000 0.000000
vt 0.000000 0.000000 0.000000
vt 0.000000 0.000000 0.000000
vt 0.000000 0.000000 0.000000
vt 0.000000 0.000000 0.000000
vt 0.000000 0.000000 0.000000
vt 0.000000 0.000000 0.000000
vt 0.000000 0.000000 0.000000
vt 0.000000 0.000000 0.000000
vt 0.000000 0.000000 0.000000
vt 0.000000 0.000000 0.000000
vt 0.000000 0.000000 0.000000
vt 0.000000 0.000000 0.000000
vt 0.000000 0.000000 0.000000
vt 0.000000 0.000000 0.000000
vt 0.000000 0.000000 0.000000
vt 0.000000 0.000000 0.000000
vt 0.000000 0.000000 0.000000
vt 0.000000 0.000000 0.000000
vt 0.000000 0.000000 0.000000
vt 0.000000 0.000000 0.000000
vt 0.000000 0.000000 0.000000
vt 0.000000 0.000000 0.000000
vt 0.000000 0.000000 0.000000
vt 0.000000 0.000000 0.000000
vt 0.000000 0.000000 0.000000
vt 0.000000 0.000000 0.000000
vt 0.000000 0.000000 0.000000
vt 0.000000 0.000000 0.000000
vt 0.000000 0.000000 0.000000
vt 0.000000 0.000000 0.000000
vt 0.000000 0.000000 0.000000
vt 0.000000 0.000000 0.000000
vt 0.000000 0.000000 0.000000
vt 0.000000 0.000000 0.000000
vt 0.000000 0.000000 0.000000
vt 0.000000 0.000000 0.000000
vt 0.000000 0.000000 0.000000
vt 0.000000 0.000000 0.000000
vt 0.000000 0.000000 0.000000
vt 0.000000 0.000000 0.000000
vt 0.000000 0.000000 0.000000
vt 0.000000 0.000000 0.000000
vt 0.000000 0.000000 0.000000
vt 0.000000 0.000000 0.000000
vt 0.000000 0.000000 0.000000
vt 0.000000 0.000000 0.000000
vt 0.000000 0.000000 0.000000
vt 0.000000 0.000000 0.000000
vt 0.000000 0.000000 0.000000
vt 0.000000 0.000000 0.000000
vt 0.000000 0.000000 0.000000
vt 0.000000 0.000000 0.000000
vt 0.000000 0.000000 0.000000
vt 0.000000 0.000000 0.000000
vt 0.000000 0.000000 0.000000
vt 0.000000 0.000000 0.000000
# 949 texture coords

o Object001
g Object001
usemtl HerniatedDiskAsset_default
f 4442/2670 4917/3145 4686/2914 4920/3148 
f 4446/2671 4918/3146 4686/2914 4917/3145 
f 4447/2672 4919/3147 4686/2914 4918/3146 
f 4448/2673 4920/3148 4686/2914 4919/3147 
f 4442/2670 4921/3149 4687/2915 4917/3145 
f 4449/2674 4922/3150 4687/2915 4921/3149 
f 4450/2675 4923/3151 4687/2915 4922/3150 
f 4446/2671 4917/3145 4687/2915 4923/3151 
f 4442/2670 4920/3148 4688/2916 4921/3149 
f 4448/2673 4924/3152 4688/2916 4920/3148 
f 4451/2676 4925/3153 4688/2916 4924/3152 
f 4449/2674 4921/3149 4688/2916 4925/3153 
f 4443/2677 4926/3154 4689/2917 4929/3157 
f 4452/2678 4927/3155 4689/2917 4926/3154 
f 4453/2679 4928/3156 4689/2917 4927/3155 
f 4454/2680 4929/3157 4689/2917 4928/3156 
f 4443/2677 4930/3158 4690/2918 4926/3154 
f 4455/2681 4931/3159 4690/2918 4930/3158 
f 4456/2682 4932/3160 4690/2918 4931/3159 
f 4452/2678 4926/3154 4690/2918 4932/3160 
f 4443/2677 4929/3157 4691/2919 4930/3158 
f 4454/2680 4933/3161 4691/2919 4929/3157 
f 4457/2683 4934/3162 4691/2919 4933/3161 
f 4455/2681 4930/3158 4691/2919 4934/3162 
f 4444/2684 4935/3163 4692/2920 4938/3166 
f 4458/2685 4936/3164 4692/2920 4935/3163 
f 4459/2686 4937/3165 4692/2920 4936/3164 
f 4460/2687 4938/3166 4692/2920 4937/3165 
f 4444/2684 4938/3166 4693/2921 4941/3169 
f 4460/2687 4939/3167 4693/2921 4938/3166 
f 4461/2688 4940/3168 4693/2921 4939/3167 
f 4462/2689 4941/3169 4693/2921 4940/3168 
f 4444/2684 4941/3169 4694/2922 4935/3163 
f 4462/2689 4942/3170 4694/2922 4941/3169 
f 4463/2690 4943/3171 4694/2922 4942/3170 
f 4458/2685 4935/3163 4694/2922 4943/3171 
f 4445/2691 4944/3172 4695/2923 4947/3175 
f 4464/2692 4945/3173 4695/2923 4944/3172 
f 4465/2693 4946/3174 4695/2923 4945/3173 
f 4466/2694 4947/3175 4695/2923 4946/3174 
f 4445/2691 4948/3176 4696/2924 4944/3172 
f 4467/2695 4949/3177 4696/2924 4948/3176 
f 4468/2696 4950/3178 4696/2924 4949/3177 
f 4464/2692 4944/3172 4696/2924 4950/3178 
f 4445/2691 4947/3175 4697/2925 4948/3176 
f 4466/2694 4951/3179 4697/2925 4947/3175 
f 4469/2697 4952/3180 4697/2925 4951/3179 
f 4467/2695 4948/3176 4697/2925 4952/3180 
f 4472/2700 4954/3182 4698/2926 4957/3185 
f 4471/2699 4955/3183 4698/2926 4954/3182 
f 4473/2701 4956/3184 4698/2926 4955/3183 
f 4474/2702 4957/3185 4698/2926 4956/3184 
f 4472/2700 4957/3185 4699/2927 4960/3188 
f 4474/2702 4958/3186 4699/2927 4957/3185 
f 4475/2703 4959/3187 4699/2927 4958/3186 
f 4476/2704 4960/3188 4699/2927 4959/3187 
f 4476/2704 4959/3187 4700/2928 4963/3191 
f 4475/2703 4961/3189 4700/2928 4959/3187 
f 4477/2705 4962/3190 4700/2928 4961/3189 
f 4478/2706 4963/3191 4700/2928 4962/3190 
f 4478/2706 4962/3190 4701/2929 4966/3194 
f 4477/2705 4964/3192 4701/2929 4962/3190 
f 4479/2707 4965/3193 4701/2929 4964/3192 
f 4480/2708 4966/3194 4701/2929 4965/3193 
f 4480/2708 4965/3193 4702/2930 4969/3197 
f 4479/2707 4967/3195 4702/2930 4965/3193 
f 4481/2709 4968/3196 4702/2930 4967/3195 
f 4482/2710 4969/3197 4702/2930 4968/3196 
f 4482/2710 4968/3196 4703/2931 4972/3200 
f 4481/2709 4970/3198 4703/2931 4968/3196 
f 4483/2711 4971/3199 4703/2931 4970/3198 
f 4484/2712 4972/3200 4703/2931 4971/3199 
f 4484/2712 4971/3199 4704/2932 4975/3203 
f 4483/2711 4973/3201 4704/2932 4971/3199 
f 4485/2713 4974/3202 4704/2932 4973/3201 
f 4486/2714 4975/3203 4704/2932 4974/3202 
f 4486/2714 4974/3202 4705/2933 4978/3206 
f 4485/2713 4976/3204 4705/2933 4974/3202 
f 4487/2715 4977/3205 4705/2933 4976/3204 
f 4488/2716 4978/3206 4705/2933 4977/3205 
f 4492/2720 4981/3209 4706/2934 4984/3212 
f 4491/2719 4982/3210 4706/2934 4981/3209 
f 4493/2721 4983/3211 4706/2934 4982/3210 
f 4494/2722 4984/3212 4706/2934 4983/3211 
f 4492/2720 4984/3212 4707/2935 4987/3215 
f 4494/2722 4985/3213 4707/2935 4984/3212 
f 4495/2723 4986/3214 4707/2935 4985/3213 
f 4496/2724 4987/3215 4707/2935 4986/3214 
f 4496/2724 4986/3214 4708/2936 4990/3218 
f 4495/2723 4988/3216 4708/2936 4986/3214 
f 4497/2725 4989/3217 4708/2936 4988/3216 
f 4470/2698 4990/3218 4708/2936 4989/3217 
f 4497/2725 4988/3216 4709/2937 4993/3221 
f 4495/2723 4991/3219 4709/2937 4988/3216 
f 4498/2726 4992/3220 4709/2937 4991/3219 
f 4499/2727 4993/3221 4709/2937 4992/3220 
f 4497/2725 4993/3221 4710/2938 4996/3224 
f 4499/2727 4994/3222 4710/2938 4993/3221 
f 4500/2728 4995/3223 4710/2938 4994/3222 
f 4473/2701 4996/3224 4710/2938 4995/3223 
f 4497/2725 4996/3224 4711/2939 4989/3217 
f 4473/2701 4955/3183 4711/2939 4996/3224 
f 4471/2699 4953/3181 4711/2939 4955/3183 
f 4470/2698 4989/3217 4711/2939 4953/3181 
f 4500/2728 4994/3222 4712/2940 4999/3227 
f 4499/2727 4997/3225 4712/2940 4994/3222 
f 4501/2729 4998/3226 4712/2940 4997/3225 
f 4502/2730 4999/3227 4712/2940 4998/3226 
f 4500/2728 4999/3227 4713/2941 5002/3230 
f 4502/2730 5000/3228 4713/2941 4999/3227 
f 4503/2731 5001/3229 4713/2941 5000/3228 
f 4504/2732 5002/3230 4713/2941 5001/3229 
f 4500/2728 5002/3230 4714/2942 4995/3223 
f 4504/2732 5003/3231 4714/2942 5002/3230 
f 4474/2702 4956/3184 4714/2942 5003/3231 
f 4473/2701 4995/3223 4714/2942 4956/3184 
f 4504/2732 5001/3229 4715/2943 5006/3234 
f 4503/2731 5004/3232 4715/2943 5001/3229 
f 4505/2733 5005/3233 4715/2943 5004/3232 
f 4506/2734 5006/3234 4715/2943 5005/3233 
f 4504/2732 5006/3234 4716/2944 5003/3231 
f 4506/2734 5007/3235 4716/2944 5006/3234 
f 4475/2703 4958/3186 4716/2944 5007/3235 
f 4474/2702 5003/3231 4716/2944 4958/3186 
f 4506/2734 5005/3233 4717/2945 5010/3238 
f 4505/2733 5008/3236 4717/2945 5005/3233 
f 4507/2735 5009/3237 4717/2945 5008/3236 
f 4508/2736 5010/3238 4717/2945 5009/3237 
f 4506/2734 5010/3238 4718/2946 5007/3235 
f 4508/2736 5011/3239 4718/2946 5010/3238 
f 4477/2705 4961/3189 4718/2946 5011/3239 
f 4475/2703 5007/3235 4718/2946 4961/3189 
f 4508/2736 5009/3237 4719/2947 5014/3242 
f 4507/2735 5012/3240 4719/2947 5009/3237 
f 4509/2737 5013/3241 4719/2947 5012/3240 
f 4510/2738 5014/3242 4719/2947 5013/3241 
f 4508/2736 5014/3242 4720/2948 5011/3239 
f 4510/2738 5015/3243 4720/2948 5014/3242 
f 4479/2707 4964/3192 4720/2948 5015/3243 
f 4477/2705 5011/3239 4720/2948 4964/3192 
f 4510/2738 5013/3241 4721/2949 5018/3246 
f 4509/2737 5016/3244 4721/2949 5013/3241 
f 4511/2739 5017/3245 4721/2949 5016/3244 
f 4512/2740 5018/3246 4721/2949 5017/3245 
f 4510/2738 5018/3246 4722/2950 5015/3243 
f 4512/2740 5019/3247 4722/2950 5018/3246 
f 4481/2709 4967/3195 4722/2950 5019/3247 
f 4479/2707 5015/3243 4722/2950 4967/3195 
f 4512/2740 5017/3245 4723/2951 5022/3250 
f 4511/2739 5020/3248 4723/2951 5017/3245 
f 4513/2741 5021/3249 4723/2951 5020/3248 
f 4514/2742 5022/3250 4723/2951 5021/3249 
f 4512/2740 5022/3250 4724/2952 5019/3247 
f 4514/2742 5023/3251 4724/2952 5022/3250 
f 4483/2711 4970/3198 4724/2952 5023/3251 
f 4481/2709 5019/3247 4724/2952 4970/3198 
f 4514/2742 5021/3249 4725/2953 5026/3254 
f 4513/2741 5024/3252 4725/2953 5021/3249 
f 4515/2743 5025/3253 4725/2953 5024/3252 
f 4516/2744 5026/3254 4725/2953 5025/3253 
f 4514/2742 5026/3254 4726/2954 5023/3251 
f 4516/2744 5027/3255 4726/2954 5026/3254 
f 4485/2713 4973/3201 4726/2954 5027/3255 
f 4483/2711 5023/3251 4726/2954 4973/3201 
f 4516/2744 5025/3253 4727/2955 5030/3258 
f 4515/2743 5028/3256 4727/2955 5025/3253 
f 4517/2745 5029/3257 4727/2955 5028/3256 
f 4518/2746 5030/3258 4727/2955 5029/3257 
f 4516/2744 5030/3258 4728/2956 5027/3255 
f 4518/2746 5031/3259 4728/2956 5030/3258 
f 4487/2715 4976/3204 4728/2956 5031/3259 
f 4485/2713 5027/3255 4728/2956 4976/3204 
f 4518/2746 5029/3257 4729/2957 5034/3262 
f 4517/2745 5032/3260 4729/2957 5029/3257 
f 4519/2747 5033/3261 4729/2957 5032/3260 
f 4520/2748 5034/3262 4729/2957 5033/3261 
f 4518/2746 5034/3262 4730/2958 5031/3259 
f 4520/2748 5035/3263 4730/2958 5034/3262 
f 4521/2749 5036/3264 4730/2958 5035/3263 
f 4487/2715 5031/3259 4730/2958 5036/3264 
f 4521/2749 5037/3265 4731/2959 5036/3264 
f 4489/2717 4979/3207 4731/2959 5037/3265 
f 4488/2716 4977/3205 4731/2959 4979/3207 
f 4487/2715 5036/3264 4731/2959 4977/3205 
f 4521/2749 5035/3263 4732/2960 5040/3268 
f 4520/2748 5038/3266 4732/2960 5035/3263 
f 4522/2750 5039/3267 4732/2960 5038/3266 
f 4523/2751 5040/3268 4732/2960 5039/3267 
f 4521/2749 5040/3268 4733/2961 5037/3265 
f 4523/2751 5041/3269 4733/2961 5040/3268 
f 4524/2752 5042/3270 4733/2961 5041/3269 
f 4489/2717 5037/3265 4733/2961 5042/3270 
f 4524/2752 5041/3269 4734/2962 5045/3273 
f 4523/2751 5043/3271 4734/2962 5041/3269 
f 4525/2753 5044/3272 4734/2962 5043/3271 
f 4526/2754 5045/3273 4734/2962 5044/3272 
f 4533/2761 5052/3280 4735/2963 5055/3283 
f 4532/2760 5053/3281 4735/2963 5052/3280 
f 4534/2762 5054/3282 4735/2963 5053/3281 
f 4535/2763 5055/3283 4735/2963 5054/3282 
f 4533/2761 5055/3283 4736/2964 5058/3286 
f 4535/2763 5056/3284 4736/2964 5055/3283 
f 4536/2764 5057/3285 4736/2964 5056/3284 
f 4490/2718 5058/3286 4736/2964 5057/3285 
f 4536/2764 5056/3284 4737/2965 5061/3289 
f 4535/2763 5059/3287 4737/2965 5056/3284 
f 4537/2765 5060/3288 4737/2965 5059/3287 
f 4538/2766 5061/3289 4737/2965 5060/3288 
f 4536/2764 5061/3289 4738/2966 5064/3292 
f 4538/2766 5062/3290 4738/2966 5061/3289 
f 4539/2767 5063/3291 4738/2966 5062/3290 
f 4493/2721 5064/3292 4738/2966 5063/3291 
f 4536/2764 5064/3292 4739/2967 5057/3285 
f 4493/2721 4982/3210 4739/2967 5064/3292 
f 4491/2719 4980/3208 4739/2967 4982/3210 
f 4490/2718 5057/3285 4739/2967 4980/3208 
f 4539/2767 5062/3290 4740/2968 5067/3295 
f 4538/2766 5065/3293 4740/2968 5062/3290 
f 4540/2768 5066/3294 4740/2968 5065/3293 
f 4541/2769 5067/3295 4740/2968 5066/3294 
f 4539/2767 5067/3295 4741/2969 5070/3298 
f 4541/2769 5068/3296 4741/2969 5067/3295 
f 4542/2770 5069/3297 4741/2969 5068/3296 
f 4543/2771 5070/3298 4741/2969 5069/3297 
f 4539/2767 5070/3298 4742/2970 5063/3291 
f 4543/2771 5071/3299 4742/2970 5070/3298 
f 4494/2722 4983/3211 4742/2970 5071/3299 
f 4493/2721 5063/3291 4742/2970 4983/3211 
f 4543/2771 5069/3297 4743/2971 5074/3302 
f 4542/2770 5072/3300 4743/2971 5069/3297 
f 4544/2772 5073/3301 4743/2971 5072/3300 
f 4498/2726 5074/3302 4743/2971 5073/3301 
f 4543/2771 5074/3302 4744/2972 5071/3299 
f 4498/2726 4991/3219 4744/2972 5074/3302 
f 4495/2723 4985/3213 4744/2972 4991/3219 
f 4494/2722 5071/3299 4744/2972 4985/3213 
f 4544/2772 5072/3300 4745/2973 5077/3305 
f 4542/2770 5075/3303 4745/2973 5072/3300 
f 4545/2773 5076/3304 4745/2973 5075/3303 
f 4546/2774 5077/3305 4745/2973 5076/3304 
f 4544/2772 5077/3305 4746/2974 5080/3308 
f 4546/2774 5078/3306 4746/2974 5077/3305 
f 4547/2775 5079/3307 4746/2974 5078/3306 
f 4501/2729 5080/3308 4746/2974 5079/3307 
f 4544/2772 5080/3308 4747/2975 5073/3301 
f 4501/2729 4997/3225 4747/2975 5080/3308 
f 4499/2727 4992/3220 4747/2975 4997/3225 
f 4498/2726 5073/3301 4747/2975 4992/3220 
f 4547/2775 5078/3306 4748/2976 5083/3311 
f 4546/2774 5081/3309 4748/2976 5078/3306 
f 4548/2776 5082/3310 4748/2976 5081/3309 
f 4549/2777 5083/3311 4748/2976 5082/3310 
f 4547/2775 5083/3311 4749/2977 5086/3314 
f 4549/2777 5084/3312 4749/2977 5083/3311 
f 4550/2778 5085/3313 4749/2977 5084/3312 
f 4551/2779 5086/3314 4749/2977 5085/3313 
f 4547/2775 5086/3314 4750/2978 5079/3307 
f 4551/2779 5087/3315 4750/2978 5086/3314 
f 4502/2730 4998/3226 4750/2978 5087/3315 
f 4501/2729 5079/3307 4750/2978 4998/3226 
f 4551/2779 5085/3313 4751/2979 5090/3318 
f 4550/2778 5088/3316 4751/2979 5085/3313 
f 4552/2780 5089/3317 4751/2979 5088/3316 
f 4553/2781 5090/3318 4751/2979 5089/3317 
f 4551/2779 5090/3318 4752/2980 5087/3315 
f 4553/2781 5091/3319 4752/2980 5090/3318 
f 4503/2731 5000/3228 4752/2980 5091/3319 
f 4502/2730 5087/3315 4752/2980 5000/3228 
f 4553/2781 5089/3317 4753/2981 5094/3322 
f 4552/2780 5092/3320 4753/2981 5089/3317 
f 4554/2782 5093/3321 4753/2981 5092/3320 
f 4555/2783 5094/3322 4753/2981 5093/3321 
f 4553/2781 5094/3322 4754/2982 5091/3319 
f 4555/2783 5095/3323 4754/2982 5094/3322 
f 4505/2733 5004/3232 4754/2982 5095/3323 
f 4503/2731 5091/3319 4754/2982 5004/3232 
f 4555/2783 5093/3321 4755/2983 5098/3326 
f 4554/2782 5096/3324 4755/2983 5093/3321 
f 4556/2784 5097/3325 4755/2983 5096/3324 
f 4557/2785 5098/3326 4755/2983 5097/3325 
f 4555/2783 5098/3326 4756/2984 5095/3323 
f 4557/2785 5099/3327 4756/2984 5098/3326 
f 4507/2735 5008/3236 4756/2984 5099/3327 
f 4505/2733 5095/3323 4756/2984 5008/3236 
f 4557/2785 5097/3325 4757/2985 5102/3330 
f 4556/2784 5100/3328 4757/2985 5097/3325 
f 4558/2786 5101/3329 4757/2985 5100/3328 
f 4559/2787 5102/3330 4757/2985 5101/3329 
f 4557/2785 5102/3330 4758/2986 5099/3327 
f 4559/2787 5103/3331 4758/2986 5102/3330 
f 4509/2737 5012/3240 4758/2986 5103/3331 
f 4507/2735 5099/3327 4758/2986 5012/3240 
f 4559/2787 5101/3329 4759/2987 5106/3334 
f 4558/2786 5104/3332 4759/2987 5101/3329 
f 4560/2788 5105/3333 4759/2987 5104/3332 
f 4561/2789 5106/3334 4759/2987 5105/3333 
f 4559/2787 5106/3334 4760/2988 5103/3331 
f 4561/2789 5107/3335 4760/2988 5106/3334 
f 4511/2739 5016/3244 4760/2988 5107/3335 
f 4509/2737 5103/3331 4760/2988 5016/3244 
f 4561/2789 5105/3333 4761/2989 5110/3338 
f 4560/2788 5108/3336 4761/2989 5105/3333 
f 4562/2790 5109/3337 4761/2989 5108/3336 
f 4563/2791 5110/3338 4761/2989 5109/3337 
f 4561/2789 5110/3338 4762/2990 5107/3335 
f 4563/2791 5111/3339 4762/2990 5110/3338 
f 4513/2741 5020/3248 4762/2990 5111/3339 
f 4511/2739 5107/3335 4762/2990 5020/3248 
f 4563/2791 5109/3337 4763/2991 5114/3342 
f 4562/2790 5112/3340 4763/2991 5109/3337 
f 4564/2792 5113/3341 4763/2991 5112/3340 
f 4565/2793 5114/3342 4763/2991 5113/3341 
f 4563/2791 5114/3342 4764/2992 5111/3339 
f 4565/2793 5115/3343 4764/2992 5114/3342 
f 4515/2743 5024/3252 4764/2992 5115/3343 
f 4513/2741 5111/3339 4764/2992 5024/3252 
f 4565/2793 5113/3341 4765/2993 5118/3346 
f 4564/2792 5116/3344 4765/2993 5113/3341 
f 4566/2794 5117/3345 4765/2993 5116/3344 
f 4567/2795 5118/3346 4765/2993 5117/3345 
f 4565/2793 5118/3346 4766/2994 5115/3343 
f 4567/2795 5119/3347 4766/2994 5118/3346 
f 4517/2745 5028/3256 4766/2994 5119/3347 
f 4515/2743 5115/3343 4766/2994 5028/3256 
f 4567/2795 5117/3345 4767/2995 5122/3350 
f 4566/2794 5120/3348 4767/2995 5117/3345 
f 4568/2796 5121/3349 4767/2995 5120/3348 
f 4569/2797 5122/3350 4767/2995 5121/3349 
f 4567/2795 5122/3350 4768/2996 5119/3347 
f 4569/2797 5123/3351 4768/2996 5122/3350 
f 4519/2747 5032/3260 4768/2996 5123/3351 
f 4517/2745 5119/3347 4768/2996 5032/3260 
f 4569/2797 5121/3349 4769/2997 5126/3354 
f 4568/2796 5124/3352 4769/2997 5121/3349 
f 4570/2798 5125/3353 4769/2997 5124/3352 
f 4571/2799 5126/3354 4769/2997 5125/3353 
f 4569/2797 5126/3354 4770/2998 5123/3351 
f 4571/2799 5127/3355 4770/2998 5126/3354 
f 4572/2800 5128/3356 4770/2998 5127/3355 
f 4519/2747 5123/3351 4770/2998 5128/3356 
f 4572/2800 5129/3357 4771/2999 5128/3356 
f 4522/2750 5038/3266 4771/2999 5129/3357 
f 4520/2748 5033/3261 4771/2999 5038/3266 
f 4519/2747 5128/3356 4771/2999 5033/3261 
f 4572/2800 5127/3355 4772/3000 5132/3360 
f 4571/2799 5130/3358 4772/3000 5127/3355 
f 4573/2801 5131/3359 4772/3000 5130/3358 
f 4574/2802 5132/3360 4772/3000 5131/3359 
f 4572/2800 5132/3360 4773/3001 5129/3357 
f 4574/2802 5133/3361 4773/3001 5132/3360 
f 4575/2803 5134/3362 4773/3001 5133/3361 
f 4522/2750 5129/3357 4773/3001 5134/3362 
f 4575/2803 5135/3363 4774/3002 5134/3362 
f 4525/2753 5043/3271 4774/3002 5135/3363 
f 4523/2751 5039/3267 4774/3002 5043/3271 
f 4522/2750 5134/3362 4774/3002 5039/3267 
f 4575/2803 5133/3361 4775/3003 5138/3366 
f 4574/2802 5136/3364 4775/3003 5133/3361 
f 4576/2804 5137/3365 4775/3003 5136/3364 
f 4577/2805 5138/3366 4775/3003 5137/3365 
f 4575/2803 5138/3366 4776/3004 5135/3363 
f 4577/2805 5139/3367 4776/3004 5138/3366 
f 4578/2806 5140/3368 4776/3004 5139/3367 
f 4525/2753 5135/3363 4776/3004 5140/3368 
f 4578/2806 5141/3369 4777/3005 5140/3368 
f 4527/2755 5046/3274 4777/3005 5141/3369 
f 4526/2754 5044/3272 4777/3005 5046/3274 
f 4525/2753 5140/3368 4777/3005 5044/3272 
f 4578/2806 5139/3367 4778/3006 5144/3372 
f 4577/2805 5142/3370 4778/3006 5139/3367 
f 4579/2807 5143/3371 4778/3006 5142/3370 
f 4580/2808 5144/3372 4778/3006 5143/3371 
f 4578/2806 5144/3372 4779/3007 5141/3369 
f 4580/2808 5145/3373 4779/3007 5144/3372 
f 4528/2756 5047/3275 4779/3007 5145/3373 
f 4527/2755 5141/3369 4779/3007 5047/3275 
f 4580/2808 5143/3371 4780/3008 5148/3376 
f 4579/2807 5146/3374 4780/3008 5143/3371 
f 4581/2809 5147/3375 4780/3008 5146/3374 
f 4582/2810 5148/3376 4780/3008 5147/3375 
f 4580/2808 5148/3376 4781/3009 5145/3373 
f 4582/2810 5149/3377 4781/3009 5148/3376 
f 4529/2757 5048/3276 4781/3009 5149/3377 
f 4528/2756 5145/3373 4781/3009 5048/3276 
f 4582/2810 5147/3375 4782/3010 5152/3380 
f 4581/2809 5150/3378 4782/3010 5147/3375 
f 4583/2811 5151/3379 4782/3010 5150/3378 
f 4584/2812 5152/3380 4782/3010 5151/3379 
f 4582/2810 5152/3380 4783/3011 5149/3377 
f 4584/2812 5153/3381 4783/3011 5152/3380 
f 4530/2758 5049/3277 4783/3011 5153/3381 
f 4529/2757 5149/3377 4783/3011 5049/3277 
f 4584/2812 5151/3379 4784/3012 5156/3384 
f 4583/2811 5154/3382 4784/3012 5151/3379 
f 4585/2813 5155/3383 4784/3012 5154/3382 
f 4586/2814 5156/3384 4784/3012 5155/3383 
f 4584/2812 5156/3384 4785/3013 5153/3381 
f 4586/2814 5157/3385 4785/3013 5156/3384 
f 4531/2759 5050/3278 4785/3013 5157/3385 
f 4530/2758 5153/3381 4785/3013 5050/3278 
f 4586/2814 5155/3383 4786/3014 5160/3388 
f 4585/2813 5158/3386 4786/3014 5155/3383 
f 4587/2815 5159/3387 4786/3014 5158/3386 
f 4534/2762 5160/3388 4786/3014 5159/3387 
f 4586/2814 5160/3388 4787/3015 5157/3385 
f 4534/2762 5053/3281 4787/3015 5160/3388 
f 4532/2760 5051/3279 4787/3015 5053/3281 
f 4531/2759 5157/3385 4787/3015 5051/3279 
f 4587/2815 5158/3386 4788/3016 5163/3391 
f 4585/2813 5161/3389 4788/3016 5158/3386 
f 4588/2816 5162/3390 4788/3016 5161/3389 
f 4589/2817 5163/3391 4788/3016 5162/3390 
f 4587/2815 5163/3391 4789/3017 5166/3394 
f 4589/2817 5164/3392 4789/3017 5163/3391 
f 4590/2818 5165/3393 4789/3017 5164/3392 
f 4537/2765 5166/3394 4789/3017 5165/3393 
f 4587/2815 5166/3394 4790/3018 5159/3387 
f 4537/2765 5059/3287 4790/3018 5166/3394 
f 4535/2763 5054/3282 4790/3018 5059/3287 
f 4534/2762 5159/3387 4790/3018 5054/3282 
f 4590/2818 5164/3392 4791/3019 5169/3397 
f 4589/2817 5167/3395 4791/3019 5164/3392 
f 4591/2819 5168/3396 4791/3019 5167/3395 
f 4592/2820 5169/3397 4791/3019 5168/3396 
f 4590/2818 5169/3397 4792/3020 5172/3400 
f 4592/2820 5170/3398 4792/3020 5169/3397 
f 4593/2821 5171/3399 4792/3020 5170/3398 
f 4540/2768 5172/3400 4792/3020 5171/3399 
f 4590/2818 5172/3400 4793/3021 5165/3393 
f 4540/2768 5065/3293 4793/3021 5172/3400 
f 4538/2766 5060/3288 4793/3021 5065/3293 
f 4537/2765 5165/3393 4793/3021 5060/3288 
f 4593/2821 5170/3398 4794/3022 5175/3403 
f 4592/2820 5173/3401 4794/3022 5170/3398 
f 4594/2822 5174/3402 4794/3022 5173/3401 
f 4595/2823 5175/3403 4794/3022 5174/3402 
f 4593/2821 5175/3403 4795/3023 5178/3406 
f 4595/2823 5176/3404 4795/3023 5175/3403 
f 4596/2824 5177/3405 4795/3023 5176/3404 
f 4597/2825 5178/3406 4795/3023 5177/3405 
f 4593/2821 5178/3406 4796/3024 5171/3399 
f 4597/2825 5179/3407 4796/3024 5178/3406 
f 4541/2769 5066/3294 4796/3024 5179/3407 
f 4540/2768 5171/3399 4796/3024 5066/3294 
f 4597/2825 5177/3405 4797/3025 5182/3410 
f 4596/2824 5180/3408 4797/3025 5177/3405 
f 4598/2826 5181/3409 4797/3025 5180/3408 
f 4545/2773 5182/3410 4797/3025 5181/3409 
f 4597/2825 5182/3410 4798/3026 5179/3407 
f 4545/2773 5075/3303 4798/3026 5182/3410 
f 4542/2770 5068/3296 4798/3026 5075/3303 
f 4541/2769 5179/3407 4798/3026 5068/3296 
f 4598/2826 5180/3408 4799/3027 5185/3413 
f 4596/2824 5183/3411 4799/3027 5180/3408 
f 4599/2827 5184/3412 4799/3027 5183/3411 
f 4600/2828 5185/3413 4799/3027 5184/3412 
f 4598/2826 5185/3413 4800/3028 5188/3416 
f 4600/2828 5186/3414 4800/3028 5185/3413 
f 4601/2829 5187/3415 4800/3028 5186/3414 
f 4548/2776 5188/3416 4800/3028 5187/3415 
f 4598/2826 5188/3416 4801/3029 5181/3409 
f 4548/2776 5081/3309 4801/3029 5188/3416 
f 4546/2774 5076/3304 4801/3029 5081/3309 
f 4545/2773 5181/3409 4801/3029 5076/3304 
f 4601/2829 5186/3414 4802/3030 5191/3419 
f 4600/2828 5189/3417 4802/3030 5186/3414 
f 4602/2830 5190/3418 4802/3030 5189/3417 
f 4603/2831 5191/3419 4802/3030 5190/3418 
f 4601/2829 5191/3419 4803/3031 5194/3422 
f 4603/2831 5192/3420 4803/3031 5191/3419 
f 4604/2832 5193/3421 4803/3031 5192/3420 
f 4605/2833 5194/3422 4803/3031 5193/3421 
f 4601/2829 5194/3422 4804/3032 5187/3415 
f 4605/2833 5195/3423 4804/3032 5194/3422 
f 4549/2777 5082/3310 4804/3032 5195/3423 
f 4548/2776 5187/3415 4804/3032 5082/3310 
f 4605/2833 5193/3421 4805/3033 5198/3426 
f 4604/2832 5196/3424 4805/3033 5193/3421 
f 4606/2834 5197/3425 4805/3033 5196/3424 
f 4607/2835 5198/3426 4805/3033 5197/3425 
f 4605/2833 5198/3426 4806/3034 5195/3423 
f 4607/2835 5199/3427 4806/3034 5198/3426 
f 4550/2778 5084/3312 4806/3034 5199/3427 
f 4549/2777 5195/3423 4806/3034 5084/3312 
f 4607/2835 5197/3425 4807/3035 5202/3430 
f 4606/2834 5200/3428 4807/3035 5197/3425 
f 4608/2836 5201/3429 4807/3035 5200/3428 
f 4609/2837 5202/3430 4807/3035 5201/3429 
f 4607/2835 5202/3430 4808/3036 5199/3427 
f 4609/2837 5203/3431 4808/3036 5202/3430 
f 4552/2780 5088/3316 4808/3036 5203/3431 
f 4550/2778 5199/3427 4808/3036 5088/3316 
f 4609/2837 5201/3429 4809/3037 5206/3434 
f 4608/2836 5204/3432 4809/3037 5201/3429 
f 4610/2838 5205/3433 4809/3037 5204/3432 
f 4611/2839 5206/3434 4809/3037 5205/3433 
f 4609/2837 5206/3434 4810/3038 5203/3431 
f 4611/2839 5207/3435 4810/3038 5206/3434 
f 4554/2782 5092/3320 4810/3038 5207/3435 
f 4552/2780 5203/3431 4810/3038 5092/3320 
f 4611/2839 5205/3433 4811/3039 5210/3438 
f 4610/2838 5208/3436 4811/3039 5205/3433 
f 4612/2840 5209/3437 4811/3039 5208/3436 
f 4613/2841 5210/3438 4811/3039 5209/3437 
f 4611/2839 5210/3438 4812/3040 5207/3435 
f 4613/2841 5211/3439 4812/3040 5210/3438 
f 4556/2784 5096/3324 4812/3040 5211/3439 
f 4554/2782 5207/3435 4812/3040 5096/3324 
f 4613/2841 5209/3437 4813/3041 5214/3442 
f 4612/2840 5212/3440 4813/3041 5209/3437 
f 4614/2842 5213/3441 4813/3041 5212/3440 
f 4615/2843 5214/3442 4813/3041 5213/3441 
f 4613/2841 5214/3442 4814/3042 5211/3439 
f 4615/2843 5215/3443 4814/3042 5214/3442 
f 4558/2786 5100/3328 4814/3042 5215/3443 
f 4556/2784 5211/3439 4814/3042 5100/3328 
f 4615/2843 5213/3441 4815/3043 5218/3446 
f 4614/2842 5216/3444 4815/3043 5213/3441 
f 4616/2844 5217/3445 4815/3043 5216/3444 
f 4617/2845 5218/3446 4815/3043 5217/3445 
f 4615/2843 5218/3446 4816/3044 5215/3443 
f 4617/2845 5219/3447 4816/3044 5218/3446 
f 4560/2788 5104/3332 4816/3044 5219/3447 
f 4558/2786 5215/3443 4816/3044 5104/3332 
f 4617/2845 5217/3445 4817/3045 5222/3450 
f 4616/2844 5220/3448 4817/3045 5217/3445 
f 4618/2846 5221/3449 4817/3045 5220/3448 
f 4619/2847 5222/3450 4817/3045 5221/3449 
f 4617/2845 5222/3450 4818/3046 5219/3447 
f 4619/2847 5223/3451 4818/3046 5222/3450 
f 4562/2790 5108/3336 4818/3046 5223/3451 
f 4560/2788 5219/3447 4818/3046 5108/3336 
f 4619/2847 5221/3449 4819/3047 5225/3453 
f 4618/2846 5224/3452 4819/3047 5221/3449 
f 4449/2674 4925/3153 4819/3047 5224/3452 
f 4451/2676 5225/3453 4819/3047 4925/3153 
f 4619/2847 5225/3453 4820/3048 5223/3451 
f 4451/2676 5226/3454 4820/3048 5225/3453 
f 4564/2792 5112/3340 4820/3048 5226/3454 
f 4562/2790 5223/3451 4820/3048 5112/3340 
f 4618/2846 5220/3448 4821/3049 5229/3457 
f 4616/2844 5227/3455 4821/3049 5220/3448 
f 4620/2848 5228/3456 4821/3049 5227/3455 
f 4621/2849 5229/3457 4821/3049 5228/3456 
f 4618/2846 5229/3457 4822/3050 5224/3452 
f 4621/2849 5230/3458 4822/3050 5229/3457 
f 4450/2675 4922/3150 4822/3050 5230/3458 
f 4449/2674 5224/3452 4822/3050 4922/3150 
f 4621/2849 5228/3456 4823/3051 5233/3461 
f 4620/2848 5231/3459 4823/3051 5228/3456 
f 4622/2850 5232/3460 4823/3051 5231/3459 
f 4623/2851 5233/3461 4823/3051 5232/3460 
f 4621/2849 5233/3461 4824/3052 5230/3458 
f 4623/2851 5234/3462 4824/3052 5233/3461 
f 4624/2852 5235/3463 4824/3052 5234/3462 
f 4450/2675 5230/3458 4824/3052 5235/3463 
f 4624/2852 5236/3464 4825/3053 5235/3463 
f 4625/2853 5237/3465 4825/3053 5236/3464 
f 4446/2671 4923/3151 4825/3053 5237/3465 
f 4450/2675 5235/3463 4825/3053 4923/3151 
f 4624/2852 5234/3462 4826/3054 5240/3468 
f 4623/2851 5238/3466 4826/3054 5234/3462 
f 4626/2854 5239/3467 4826/3054 5238/3466 
f 4627/2855 5240/3468 4826/3054 5239/3467 
f 4624/2852 5240/3468 4827/3055 5236/3464 
f 4627/2855 5241/3469 4827/3055 5240/3468 
f 4628/2856 5242/3470 4827/3055 5241/3469 
f 4625/2853 5236/3464 4827/3055 5242/3470 
f 4628/2856 5243/3471 4828/3056 5242/3470 
f 4629/2857 5244/3472 4828/3056 5243/3471 
f 4630/2858 5245/3473 4828/3056 5244/3472 
f 4625/2853 5242/3470 4828/3056 5245/3473 
f 4628/2856 5241/3469 4829/3057 5248/3476 
f 4627/2855 5246/3474 4829/3057 5241/3469 
f 4631/2859 5247/3475 4829/3057 5246/3474 
f 4632/2860 5248/3476 4829/3057 5247/3475 
f 4628/2856 5248/3476 4830/3058 5243/3471 
f 4632/2860 5249/3477 4830/3058 5248/3476 
f 4633/2861 5250/3478 4830/3058 5249/3477 
f 4629/2857 5243/3471 4830/3058 5250/3478 
f 4633/2861 5251/3479 4831/3059 5250/3478 
f 4634/2862 5252/3480 4831/3059 5251/3479 
f 4635/2863 5253/3481 4831/3059 5252/3480 
f 4629/2857 5250/3478 4831/3059 5253/3481 
f 4633/2861 5249/3477 4832/3060 5256/3484 
f 4632/2860 5254/3482 4832/3060 5249/3477 
f 4636/2864 5255/3483 4832/3060 5254/3482 
f 4637/2865 5256/3484 4832/3060 5255/3483 
f 4633/2861 5256/3484 4833/3061 5251/3479 
f 4637/2865 5257/3485 4833/3061 5256/3484 
f 4638/2866 5258/3486 4833/3061 5257/3485 
f 4634/2862 5251/3479 4833/3061 5258/3486 
f 4638/2866 5259/3487 4834/3062 5258/3486 
f 4639/2867 5260/3488 4834/3062 5259/3487 
f 4640/2868 5261/3489 4834/3062 5260/3488 
f 4634/2862 5258/3486 4834/3062 5261/3489 
f 4638/2866 5257/3485 4835/3063 5264/3492 
f 4637/2865 5262/3490 4835/3063 5257/3485 
f 4641/2869 5263/3491 4835/3063 5262/3490 
f 4642/2870 5264/3492 4835/3063 5263/3491 
f 4638/2866 5264/3492 4836/3064 5259/3487 
f 4642/2870 5265/3493 4836/3064 5264/3492 
f 4643/2871 5266/3494 4836/3064 5265/3493 
f 4639/2867 5259/3487 4836/3064 5266/3494 
f 4643/2871 5267/3495 4837/3065 5266/3494 
f 4644/2872 5268/3496 4837/3065 5267/3495 
f 4645/2873 5269/3497 4837/3065 5268/3496 
f 4639/2867 5266/3494 4837/3065 5269/3497 
f 4643/2871 5265/3493 4838/3066 5272/3500 
f 4642/2870 5270/3498 4838/3066 5265/3493 
f 4646/2874 5271/3499 4838/3066 5270/3498 
f 4647/2875 5272/3500 4838/3066 5271/3499 
f 4643/2871 5272/3500 4839/3067 5267/3495 
f 4647/2875 5273/3501 4839/3067 5272/3500 
f 4648/2876 5274/3502 4839/3067 5273/3501 
f 4644/2872 5267/3495 4839/3067 5274/3502 
f 4648/2876 5275/3503 4840/3068 5274/3502 
f 4583/2811 5150/3378 4840/3068 5275/3503 
f 4581/2809 5276/3504 4840/3068 5150/3378 
f 4644/2872 5274/3502 4840/3068 5276/3504 
f 4648/2876 5273/3501 4841/3069 5279/3507 
f 4647/2875 5277/3505 4841/3069 5273/3501 
f 4649/2877 5278/3506 4841/3069 5277/3505 
f 4588/2816 5279/3507 4841/3069 5278/3506 
f 4648/2876 5279/3507 4842/3070 5275/3503 
f 4588/2816 5161/3389 4842/3070 5279/3507 
f 4585/2813 5154/3382 4842/3070 5161/3389 
f 4583/2811 5275/3503 4842/3070 5154/3382 
f 4649/2877 5277/3505 4843/3071 5281/3509 
f 4647/2875 5271/3499 4843/3071 5277/3505 
f 4646/2874 5280/3508 4843/3071 5271/3499 
f 4650/2878 5281/3509 4843/3071 5280/3508 
f 4649/2877 5281/3509 4844/3072 5284/3512 
f 4650/2878 5282/3510 4844/3072 5281/3509 
f 4651/2879 5283/3511 4844/3072 5282/3510 
f 4591/2819 5284/3512 4844/3072 5283/3511 
f 4649/2877 5284/3512 4845/3073 5278/3506 
f 4591/2819 5167/3395 4845/3073 5284/3512 
f 4589/2817 5162/3390 4845/3073 5167/3395 
f 4588/2816 5278/3506 4845/3073 5162/3390 
f 4651/2879 5282/3510 4846/3074 5287/3515 
f 4650/2878 5285/3513 4846/3074 5282/3510 
f 4652/2880 5286/3514 4846/3074 5285/3513 
f 4653/2881 5287/3515 4846/3074 5286/3514 
f 4651/2879 5287/3515 4847/3075 5290/3518 
f 4653/2881 5288/3516 4847/3075 5287/3515 
f 4654/2882 5289/3517 4847/3075 5288/3516 
f 4594/2822 5290/3518 4847/3075 5289/3517 
f 4651/2879 5290/3518 4848/3076 5283/3511 
f 4594/2822 5173/3401 4848/3076 5290/3518 
f 4592/2820 5168/3396 4848/3076 5173/3401 
f 4591/2819 5283/3511 4848/3076 5168/3396 
f 4654/2882 5288/3516 4849/3077 5293/3521 
f 4653/2881 5291/3519 4849/3077 5288/3516 
f 4655/2883 5292/3520 4849/3077 5291/3519 
f 4656/2884 5293/3521 4849/3077 5292/3520 
f 4654/2882 5293/3521 4850/3078 5296/3524 
f 4656/2884 5294/3522 4850/3078 5293/3521 
f 4657/2885 5295/3523 4850/3078 5294/3522 
f 4658/2886 5296/3524 4850/3078 5295/3523 
f 4654/2882 5296/3524 4851/3079 5289/3517 
f 4658/2886 5297/3525 4851/3079 5296/3524 
f 4595/2823 5174/3402 4851/3079 5297/3525 
f 4594/2822 5289/3517 4851/3079 5174/3402 
f 4658/2886 5295/3523 4852/3080 5300/3528 
f 4657/2885 5298/3526 4852/3080 5295/3523 
f 4659/2887 5299/3527 4852/3080 5298/3526 
f 4599/2827 5300/3528 4852/3080 5299/3527 
f 4658/2886 5300/3528 4853/3081 5297/3525 
f 4599/2827 5183/3411 4853/3081 5300/3528 
f 4596/2824 5176/3404 4853/3081 5183/3411 
f 4595/2823 5297/3525 4853/3081 5176/3404 
f 4659/2887 5298/3526 4854/3082 5303/3531 
f 4657/2885 5301/3529 4854/3082 5298/3526 
f 4660/2888 5302/3530 4854/3082 5301/3529 
f 4453/2679 5303/3531 4854/3082 5302/3530 
f 4659/2887 5303/3531 4855/3083 5305/3533 
f 4453/2679 4927/3155 4855/3083 5303/3531 
f 4452/2678 5304/3532 4855/3083 4927/3155 
f 4602/2830 5305/3533 4855/3083 5304/3532 
f 4659/2887 5305/3533 4856/3084 5299/3527 
f 4602/2830 5189/3417 4856/3084 5305/3533 
f 4600/2828 5184/3412 4856/3084 5189/3417 
f 4599/2827 5299/3527 4856/3084 5184/3412 
f 4660/2888 5301/3529 4857/3085 5307/3535 
f 4657/2885 5294/3522 4857/3085 5301/3529 
f 4656/2884 5306/3534 4857/3085 5294/3522 
f 4661/2889 5307/3535 4857/3085 5306/3534 
f 4660/2888 5307/3535 4858/3086 5310/3538 
f 4661/2889 5308/3536 4858/3086 5307/3535 
f 4662/2890 5309/3537 4858/3086 5308/3536 
f 4663/2891 5310/3538 4858/3086 5309/3537 
f 4660/2888 5310/3538 4859/3087 5302/3530 
f 4663/2891 5311/3539 4859/3087 5310/3538 
f 4454/2680 4928/3156 4859/3087 5311/3539 
f 4453/2679 5302/3530 4859/3087 4928/3156 
f 4663/2891 5309/3537 4860/3088 5314/3542 
f 4662/2890 5312/3540 4860/3088 5309/3537 
f 4664/2892 5313/3541 4860/3088 5312/3540 
f 4665/2893 5314/3542 4860/3088 5313/3541 
f 4663/2891 5314/3542 4861/3089 5311/3539 
f 4665/2893 5315/3543 4861/3089 5314/3542 
f 4457/2683 4933/3161 4861/3089 5315/3543 
f 4454/2680 5311/3539 4861/3089 4933/3161 
f 4665/2893 5313/3541 4862/3090 5318/3546 
f 4664/2892 5316/3544 4862/3090 5313/3541 
f 4666/2894 5317/3545 4862/3090 5316/3544 
f 4667/2895 5318/3546 4862/3090 5317/3545 
f 4665/2893 5318/3546 4863/3091 5315/3543 
f 4667/2895 5319/3547 4863/3091 5318/3546 
f 4668/2896 5320/3548 4863/3091 5319/3547 
f 4457/2683 5315/3543 4863/3091 5320/3548 
f 4668/2896 5319/3547 4864/3092 5323/3551 
f 4667/2895 5321/3549 4864/3092 5319/3547 
f 4669/2897 5322/3550 4864/3092 5321/3549 
f 4461/2688 5323/3551 4864/3092 5322/3550 
f 4668/2896 5323/3551 4865/3093 5325/3553 
f 4461/2688 4939/3167 4865/3093 5323/3551 
f 4460/2687 5324/3552 4865/3093 4939/3167 
f 4670/2898 5325/3553 4865/3093 5324/3552 
f 4668/2896 5325/3553 4866/3094 5320/3548 
f 4670/2898 5326/3554 4866/3094 5325/3553 
f 4455/2681 4934/3162 4866/3094 5326/3554 
f 4457/2683 5320/3548 4866/3094 4934/3162 
f 4670/2898 5327/3555 4867/3095 5326/3554 
f 4671/2899 5328/3556 4867/3095 5327/3555 
f 4456/2682 4931/3159 4867/3095 5328/3556 
f 4455/2681 5326/3554 4867/3095 4931/3159 
f 4670/2898 5324/3552 4868/3096 5327/3555 
f 4460/2687 4937/3165 4868/3096 5324/3552 
f 4459/2686 5329/3557 4868/3096 4937/3165 
f 4671/2899 5327/3555 4868/3096 5329/3557 
f 4671/2899 5330/3558 4869/3097 5328/3556 
f 4604/2832 5192/3420 4869/3097 5330/3558 
f 4603/2831 5331/3559 4869/3097 5192/3420 
f 4456/2682 5328/3556 4869/3097 5331/3559 
f 4671/2899 5329/3557 4870/3098 5330/3558 
f 4459/2686 5332/3560 4870/3098 5329/3557 
f 4606/2834 5196/3424 4870/3098 5332/3560 
f 4604/2832 5330/3558 4870/3098 5196/3424 
f 4669/2897 5333/3561 4871/3099 5336/3564 
f 4672/2900 5334/3562 4871/3099 5333/3561 
f 4673/2901 5335/3563 4871/3099 5334/3562 
f 4674/2902 5336/3564 4871/3099 5335/3563 
f 4669/2897 5336/3564 4872/3100 5322/3550 
f 4674/2902 5337/3565 4872/3100 5336/3564 
f 4462/2689 4940/3168 4872/3100 5337/3565 
f 4461/2688 5322/3550 4872/3100 4940/3168 
f 4669/2897 5321/3549 4873/3101 5333/3561 
f 4667/2895 5317/3545 4873/3101 5321/3549 
f 4666/2894 5338/3566 4873/3101 5317/3545 
f 4672/2900 5333/3561 4873/3101 5338/3566 
f 4674/2902 5339/3567 4874/3102 5337/3565 
f 4675/2903 5340/3568 4874/3102 5339/3567 
f 4463/2690 4942/3170 4874/3102 5340/3568 
f 4462/2689 5337/3565 4874/3102 4942/3170 
f 4674/2902 5335/3563 4875/3103 5339/3567 
f 4673/2901 5341/3569 4875/3103 5335/3563 
f 4676/2904 5342/3570 4875/3103 5341/3569 
f 4675/2903 5339/3567 4875/3103 5342/3570 
f 4676/2904 5343/3571 4876/3104 5342/3570 
f 4614/2842 5212/3440 4876/3104 5343/3571 
f 4612/2840 5344/3572 4876/3104 5212/3440 
f 4675/2903 5342/3570 4876/3104 5344/3572 
f 4676/2904 5341/3569 4877/3105 5346/3574 
f 4673/2901 5345/3573 4877/3105 5341/3569 
f 4622/2850 5231/3459 4877/3105 5345/3573 
f 4620/2848 5346/3574 4877/3105 5231/3459 
f 4676/2904 5346/3574 4878/3106 5343/3571 
f 4620/2848 5227/3455 4878/3106 5346/3574 
f 4616/2844 5216/3444 4878/3106 5227/3455 
f 4614/2842 5343/3571 4878/3106 5216/3444 
f 4675/2903 5344/3572 4879/3107 5340/3568 
f 4612/2840 5208/3436 4879/3107 5344/3572 
f 4610/2838 5347/3575 4879/3107 5208/3436 
f 4463/2690 5340/3568 4879/3107 5347/3575 
f 4673/2901 5334/3562 4880/3108 5345/3573 
f 4672/2900 5348/3576 4880/3108 5334/3562 
f 4677/2905 5349/3577 4880/3108 5348/3576 
f 4622/2850 5345/3573 4880/3108 5349/3577 
f 4677/2905 5350/3578 4881/3109 5349/3577 
f 4626/2854 5238/3466 4881/3109 5350/3578 
f 4623/2851 5232/3460 4881/3109 5238/3466 
f 4622/2850 5349/3577 4881/3109 5232/3460 
f 4677/2905 5348/3576 4882/3110 5352/3580 
f 4672/2900 5338/3566 4882/3110 5348/3576 
f 4666/2894 5351/3579 4882/3110 5338/3566 
f 4678/2906 5352/3580 4882/3110 5351/3579 
f 4677/2905 5352/3580 4883/3111 5350/3578 
f 4678/2906 5353/3581 4883/3111 5352/3580 
f 4679/2907 5354/3582 4883/3111 5353/3581 
f 4626/2854 5350/3578 4883/3111 5354/3582 
f 4679/2907 5355/3583 4884/3112 5354/3582 
f 4631/2859 5246/3474 4884/3112 5355/3583 
f 4627/2855 5239/3467 4884/3112 5246/3474 
f 4626/2854 5354/3582 4884/3112 5239/3467 
f 4679/2907 5353/3581 4885/3113 5358/3586 
f 4678/2906 5356/3584 4885/3113 5353/3581 
f 4680/2908 5357/3585 4885/3113 5356/3584 
f 4681/2909 5358/3586 4885/3113 5357/3585 
f 4679/2907 5358/3586 4886/3114 5355/3583 
f 4681/2909 5359/3587 4886/3114 5358/3586 
f 4682/2910 5360/3588 4886/3114 5359/3587 
f 4631/2859 5355/3583 4886/3114 5360/3588 
f 4682/2910 5361/3589 4887/3115 5360/3588 
f 4636/2864 5254/3482 4887/3115 5361/3589 
f 4632/2860 5247/3475 4887/3115 5254/3482 
f 4631/2859 5360/3588 4887/3115 5247/3475 
f 4682/2910 5359/3587 4888/3116 5363/3591 
f 4681/2909 5362/3590 4888/3116 5359/3587 
f 4469/2697 4951/3179 4888/3116 5362/3590 
f 4466/2694 5363/3591 4888/3116 4951/3179 
f 4682/2910 5363/3591 4889/3117 5361/3589 
f 4466/2694 4946/3174 4889/3117 5363/3591 
f 4465/2693 5364/3592 4889/3117 4946/3174 
f 4636/2864 5361/3589 4889/3117 5364/3592 
f 4681/2909 5357/3585 4890/3118 5362/3590 
f 4680/2908 5365/3593 4890/3118 5357/3585 
f 4683/2911 5366/3594 4890/3118 5365/3593 
f 4469/2697 5362/3590 4890/3118 5366/3594 
f 4683/2911 5365/3593 4891/3119 5368/3596 
f 4680/2908 5367/3595 4891/3119 5365/3593 
f 4664/2892 5312/3540 4891/3119 5367/3595 
f 4662/2890 5368/3596 4891/3119 5312/3540 
f 4683/2911 5368/3596 4892/3120 5370/3598 
f 4662/2890 5308/3536 4892/3120 5368/3596 
f 4661/2889 5369/3597 4892/3120 5308/3536 
f 4684/2912 5370/3598 4892/3120 5369/3597 
f 4683/2911 5370/3598 4893/3121 5366/3594 
f 4684/2912 5371/3599 4893/3121 5370/3598 
f 4467/2695 4952/3180 4893/3121 5371/3599 
f 4469/2697 5366/3594 4893/3121 4952/3180 
f 4684/2912 5372/3600 4894/3122 5371/3599 
f 4655/2883 5373/3601 4894/3122 5372/3600 
f 4468/2696 4949/3177 4894/3122 5373/3601 
f 4467/2695 5371/3599 4894/3122 4949/3177 
f 4684/2912 5369/3597 4895/3123 5372/3600 
f 4661/2889 5306/3534 4895/3123 5369/3597 
f 4656/2884 5292/3520 4895/3123 5306/3534 
f 4655/2883 5372/3600 4895/3123 5292/3520 
f 4680/2908 5356/3584 4896/3124 5367/3595 
f 4678/2906 5351/3579 4896/3124 5356/3584 
f 4666/2894 5316/3544 4896/3124 5351/3579 
f 4664/2892 5367/3595 4896/3124 5316/3544 
f 4655/2883 5291/3519 4897/3125 5373/3601 
f 4653/2881 5286/3514 4897/3125 5291/3519 
f 4652/2880 5374/3602 4897/3125 5286/3514 
f 4468/2696 5373/3601 4897/3125 5374/3602 
f 4652/2880 5285/3513 4898/3126 5376/3604 
f 4650/2878 5280/3508 4898/3126 5285/3513 
f 4646/2874 5375/3603 4898/3126 5280/3508 
f 4685/2913 5376/3604 4898/3126 5375/3603 
f 4652/2880 5376/3604 4899/3127 5374/3602 
f 4685/2913 5377/3605 4899/3127 5376/3604 
f 4464/2692 4950/3178 4899/3127 5377/3605 
f 4468/2696 5374/3602 4899/3127 4950/3178 
f 4685/2913 5375/3603 4900/3128 5378/3606 
f 4646/2874 5270/3498 4900/3128 5375/3603 
f 4642/2870 5263/3491 4900/3128 5270/3498 
f 4641/2869 5378/3606 4900/3128 5263/3491 
f 4685/2913 5378/3606 4901/3129 5377/3605 
f 4641/2869 5379/3607 4901/3129 5378/3606 
f 4465/2693 4945/3173 4901/3129 5379/3607 
f 4464/2692 5377/3605 4901/3129 4945/3173 
f 4645/2873 5380/3608 4902/3130 5381/3609 
f 4579/2807 5142/3370 4902/3130 5380/3608 
f 4577/2805 5137/3365 4902/3130 5142/3370 
f 4576/2804 5381/3609 4902/3130 5137/3365 
f 4645/2873 5381/3609 4903/3131 5269/3497 
f 4576/2804 5382/3610 4903/3131 5381/3609 
f 4640/2868 5260/3488 4903/3131 5382/3610 
f 4639/2867 5269/3497 4903/3131 5260/3488 
f 4645/2873 5268/3496 4904/3132 5380/3608 
f 4644/2872 5276/3504 4904/3132 5268/3496 
f 4581/2809 5146/3374 4904/3132 5276/3504 
f 4579/2807 5380/3608 4904/3132 5146/3374 
f 4641/2869 5262/3490 4905/3133 5379/3607 
f 4637/2865 5255/3483 4905/3133 5262/3490 
f 4636/2864 5364/3592 4905/3133 5255/3483 
f 4465/2693 5379/3607 4905/3133 5364/3592 
f 4640/2868 5382/3610 4906/3134 5383/3611 
f 4576/2804 5136/3364 4906/3134 5382/3610 
f 4574/2802 5131/3359 4906/3134 5136/3364 
f 4573/2801 5383/3611 4906/3134 5131/3359 
f 4640/2868 5383/3611 4907/3135 5261/3489 
f 4573/2801 5384/3612 4907/3135 5383/3611 
f 4635/2863 5252/3480 4907/3135 5384/3612 
f 4634/2862 5261/3489 4907/3135 5252/3480 
f 4635/2863 5384/3612 4908/3136 5385/3613 
f 4573/2801 5130/3358 4908/3136 5384/3612 
f 4571/2799 5125/3353 4908/3136 5130/3358 
f 4570/2798 5385/3613 4908/3136 5125/3353 
f 4635/2863 5385/3613 4909/3137 5253/3481 
f 4570/2798 5386/3614 4909/3137 5385/3613 
f 4630/2858 5244/3472 4909/3137 5386/3614 
f 4629/2857 5253/3481 4909/3137 5244/3472 
f 4630/2858 5386/3614 4910/3138 5388/3616 
f 4570/2798 5124/3352 4910/3138 5386/3614 
f 4568/2796 5387/3615 4910/3138 5124/3352 
f 4447/2672 5388/3616 4910/3138 5387/3615 
f 4630/2858 5388/3616 4911/3139 5245/3473 
f 4447/2672 4918/3146 4911/3139 5388/3616 
f 4446/2671 5237/3465 4911/3139 4918/3146 
f 4625/2853 5245/3473 4911/3139 5237/3465 
f 4610/2838 5204/3432 4912/3140 5347/3575 
f 4608/2836 5389/3617 4912/3140 5204/3432 
f 4458/2685 4943/3171 4912/3140 5389/3617 
f 4463/2690 5347/3575 4912/3140 4943/3171 
f 4608/2836 5200/3428 4913/3141 5389/3617 
f 4606/2834 5332/3560 4913/3141 5200/3428 
f 4459/2686 4936/3164 4913/3141 5332/3560 
f 4458/2685 5389/3617 4913/3141 4936/3164 
f 4603/2831 5190/3418 4914/3142 5331/3559 
f 4602/2830 5304/3532 4914/3142 5190/3418 
f 4452/2678 4932/3160 4914/3142 5304/3532 
f 4456/2682 5331/3559 4914/3142 4932/3160 
f 4568/2796 5120/3348 4915/3143 5387/3615 
f 4566/2794 5390/3618 4915/3143 5120/3348 
f 4448/2673 4919/3147 4915/3143 5390/3618 
f 4447/2672 5387/3615 4915/3143 4919/3147 
f 4566/2794 5116/3344 4916/3144 5390/3618 
f 4564/2792 5226/3454 4916/3144 5116/3344 
f 4451/2676 4924/3152 4916/3144 5226/3454 
f 4448/2673 5390/3618 4916/3144 4924/3152 
# 924 polygons

