# 3ds Max Wavefront OBJ Exporter v0.99 - (c)2007 guruware
# File Created: 26.11.2024 17:47:56

mtllib HealthyDiskAsset.mtl

#
# object VertebraeLower
#

v  -9.526335 8.942657 4.675247
v  0.086254 -6.256073 9.588699
v  -0.664654 -5.110901 10.433746
v  -3.608778 11.021454 -0.013870
v  -9.262506 5.643890 5.851242
v  3.665245 11.066650 0.022293
v  0.032455 -0.827820 4.736465
v  -6.445673 4.008850 -1.968155
v  10.873922 7.092865 3.483292
v  5.709293 6.094025 -2.052994
v  -5.776772 6.006927 -2.278793
v  -0.102655 7.685852 3.861618
v  10.326326 5.854767 6.013702
v  6.501156 4.189484 -2.148544
v  -0.084097 -5.938354 10.598541
v  5.627100 3.876648 0.961060
v  0.746771 -4.902100 10.447372
v  2.962938 2.626465 0.654510
v  -10.965052 7.184570 3.612198
v  -2.949509 2.563660 0.633911
v  0.659414 6.338776 4.796982
v  -0.406929 2.850555 -9.872299
v  0.671316 2.844177 -9.786209
v  -5.916134 4.417206 1.136505
v  2.947441 9.565613 -1.774567
v  2.189322 4.184906 1.440628
v  -3.558760 3.653046 -1.092880
v  -2.096695 8.967163 0.959076
v  -10.619508 6.637512 6.108170
v  6.330212 5.756226 1.012589
v  1.962254 8.707489 1.092575
v  -3.211042 9.684753 -1.710388
v  -6.581299 5.959106 1.108292
v  -2.258652 4.246826 1.378815
v  3.641415 3.399597 -1.247223
v  -2.568928 8.175598 3.871750
v  10.335405 6.501160 6.299362
v  2.832823 8.172424 3.921463
v  -0.383955 2.884308 -11.095535
v  -5.506859 8.785522 -0.142410
v  5.409941 9.006012 -0.169724
v  -0.698011 8.747467 -9.883087
v  1.292006 8.700317 -9.409988
v  -0.051460 1.390320 3.167511
v  -1.403870 2.821198 -9.344940
v  -8.736446 8.978088 4.294342
v  -8.993736 8.621857 3.762848
v  -9.850099 8.520599 4.350601
v  -10.324280 8.518585 4.735779
v  -9.722385 9.124084 5.034760
v  -8.589888 9.203339 4.748367
v  0.223789 -5.885193 9.569199
v  0.093683 -6.157196 9.810501
v  -0.131788 -6.070435 9.508835
v  0.078062 -5.401550 8.952271
v  0.248466 -5.267944 9.084763
v  -0.138693 -5.376038 8.960556
v  -0.549799 -5.212738 10.595779
v  -0.714836 -4.444183 10.604538
v  -0.779894 -4.504211 10.326965
v  -0.601898 -5.332855 10.310394
v  -0.484442 -5.483856 10.471024
v  -0.766766 -4.612030 10.049805
v  -3.705338 10.607727 -0.435776
v  -4.069981 10.699493 -0.401855
v  -3.802425 11.179016 0.147705
v  -3.227961 10.729095 0.095154
v  -3.258808 10.340668 -0.336334
v  -3.316210 10.977783 0.426071
v  -9.662686 5.530212 5.608002
v  -8.568614 5.495514 5.036438
v  -8.278054 5.726807 5.471588
v  -8.062594 6.188141 5.867981
v  -9.375161 5.928833 6.218765
v  -10.129580 5.746735 6.056778
v  3.326334 10.835205 0.107513
v  3.462814 11.026611 0.451981
v  3.869396 11.169983 0.240173
v  3.721006 10.633331 -0.415741
v  3.306492 10.403534 -0.334824
v  4.102863 10.731720 -0.363495
v  -0.420614 -1.031372 5.028946
v  -0.780027 -0.316833 4.271957
v  -0.416330 -0.144409 4.026093
v  0.451334 -0.156464 4.034195
v  0.837786 -0.319336 4.287399
v  0.508295 -1.023834 5.058044
v  0.005322 0.203522 3.725510
v  -6.246468 3.524353 -1.814545
v  -5.950851 4.156738 -1.340714
v  -6.283537 4.595123 -1.785629
v  -6.574545 3.864166 -2.688354
v  -6.424002 3.162750 -2.631760
v  -6.396776 4.691040 -2.588989
v  10.176893 7.016205 2.902679
v  10.153128 7.525391 3.007782
v  10.948660 7.450134 3.728790
v  11.144960 7.222290 4.089172
v  11.015100 6.802948 3.686234
v  10.166639 6.533875 2.953568
v  5.509407 5.420929 -1.270172
v  5.992540 4.557617 -1.444229
v  6.259607 4.896881 -2.121170
v  6.206776 4.845734 -3.080780
v  5.730618 5.959686 -3.144730
v  5.730841 7.034851 -3.349457
v  5.871336 7.315491 -2.291672
v  5.697388 6.771393 -1.042908
v  5.419636 5.960419 -0.676926
v  5.952051 7.679230 -1.206207
v  -5.669340 5.462494 -1.545502
v  -5.473560 6.109192 -0.833298
v  -5.749649 6.915253 -1.134750
v  -5.786650 5.507233 -3.575684
v  -6.235146 4.454681 -3.705734
v  -5.985390 7.833862 -1.242416
v  -5.847744 7.241302 -2.436005
v  -5.685095 6.734375 -3.615677
v  -0.056843 7.911469 3.391266
v  -1.364389 8.538208 3.175659
v  -1.738514 8.434204 3.441086
v  -0.982056 7.303650 4.236618
v  -0.112749 6.128784 4.974350
v  1.197550 8.061890 3.677933
v  0.961979 8.220947 3.379227
v  1.629597 7.430389 4.173996
v  10.417219 6.190582 6.162491
v  9.625036 6.010254 6.301620
v  9.732798 5.628387 5.930695
v  10.644735 5.886597 5.743866
v  10.758562 6.351837 5.955765
v  10.012926 5.526886 5.388153
v  6.386265 3.763885 -1.909500
v  6.525387 3.429047 -3.008652
v  6.531704 4.048767 -3.082138
v  -0.174858 -5.897461 10.472855
v  -0.078695 -6.013214 10.371094
v  0.037153 -5.909363 10.508606
v  0.084511 -5.722076 10.638016
v  -0.067255 -5.740662 10.667664
v  -0.209148 -5.735413 10.602798
v  5.471127 4.837097 0.857971
v  6.501064 4.949951 1.421295
v  5.094465 3.680176 0.665878
v  5.034861 4.429596 0.724823
v  6.773701 4.445099 1.898422
v  5.978298 3.364716 1.477661
v  0.667469 -5.021515 10.633560
v  0.594051 -5.323090 10.496704
v  0.716658 -5.110748 10.301956
v  0.779348 -4.434509 10.297043
v  0.727400 -4.374237 10.568100
v  0.762289 -4.539642 10.028671
v  2.290937 2.380554 1.504028
v  2.206047 3.126984 1.524506
v  3.091831 3.375336 0.574158
v  3.483467 2.473206 0.558823
v  2.535913 1.852478 1.488831
v  3.859098 3.472107 0.394836
v  -10.936767 7.589844 3.882248
v  -10.430059 7.719574 3.366714
v  -10.542108 7.169189 3.155914
v  -11.086598 6.912354 3.810593
v  -11.131601 7.400879 4.229095
v  -10.582070 6.649445 3.183029
v  -3.443157 2.366028 0.595764
v  -3.859325 3.324707 0.391479
v  -3.068033 3.329071 0.583679
v  -2.303995 2.349884 1.513809
v  -2.529858 1.805634 1.508606
v  -2.234713 3.121094 1.481247
v  9.085648 9.001312 4.504730
v  9.233919 9.196350 4.975067
v  10.122267 8.714325 4.793167
v  9.492373 8.653259 4.269363
v  1.275417 5.677917 4.884750
v  2.085241 6.656281 4.399521
v  0.415480 4.620514 5.763840
v  0.833960 4.324066 5.627182
v  -0.034252 4.639618 5.858032
v  0.933449 2.758362 -8.812851
v  -0.314642 2.722321 -8.496140
v  -1.533913 2.731140 -8.414871
v  -2.261171 2.870483 -9.906387
v  -1.262873 2.893097 -10.705231
v  0.387331 2.881561 -10.999008
v  1.445024 2.888275 -10.457092
v  2.123085 2.829865 -9.319290
v  -5.660599 5.124786 0.858353
v  -5.129850 4.683990 0.751343
v  -5.222858 4.176758 0.784042
v  -6.861978 5.292999 1.565903
v  -5.503471 3.080231 0.881958
v  -5.743996 2.893738 1.312576
v  -6.342936 4.058411 1.591690
v  -7.139333 4.885010 2.002335
v  -5.077188 3.193726 0.620316
v  3.798599 9.747375 -1.872467
v  3.939571 9.432587 -2.725342
v  3.219290 9.391663 -2.676697
v  2.329973 9.326324 -2.732361
v  2.139233 9.356567 -2.171097
v  3.229544 9.948029 -0.904892
v  3.740761 10.151581 -1.044296
v  2.555433 9.297150 -1.298477
v  2.880230 9.599182 -0.676865
v  1.986334 9.143433 -1.732285
v  1.715616 5.399750 1.607620
v  2.168301 5.610657 1.217285
v  2.653101 4.751099 1.014465
v  1.058788 4.083923 2.322433
v  0.902330 5.302948 2.197250
v  3.343832 4.475250 0.637939
v  3.210209 4.022217 0.677139
v  1.111794 2.991913 2.481033
v  -3.803125 2.814331 -1.610779
v  -2.871323 2.524536 -1.794220
v  -2.671824 3.078888 -1.533768
v  -2.373182 3.906677 -1.342758
v  -2.974844 4.478516 -0.740005
v  -4.522190 4.017090 -0.938736
v  -4.737135 3.181671 -1.442673
v  -2.353106 8.907776 0.593399
v  -2.738617 10.007629 0.276321
v  -2.666430 10.182922 0.577637
v  -2.085934 9.616394 1.270203
v  -1.458506 8.929474 1.795334
v  -1.509653 8.457703 1.545166
v  -1.557604 7.872345 1.457672
v  -1.990486 8.005981 1.007233
v  -2.176607 8.032837 0.752945
v  -10.215255 6.807861 6.323914
v  -10.306748 7.336182 6.183014
v  -10.798591 6.904572 5.905228
v  -10.971104 6.386627 5.612259
v  -10.698872 6.230652 5.972641
v  -10.207439 6.252747 6.286911
v  5.331818 5.230988 0.570450
v  5.769667 5.999847 0.418243
v  7.633934 6.146820 1.741684
v  7.685934 5.594727 2.024719
v  6.599606 6.799988 0.873428
v  7.691427 6.851288 1.635315
v  6.031059 6.901917 0.286148
v  2.266479 8.562317 0.662781
v  2.142962 7.733002 0.750717
v  1.921684 7.760590 1.084351
v  1.269047 8.236115 1.754944
v  1.167023 8.631165 2.046768
v  1.792559 9.294189 1.515030
v  1.376116 7.637878 1.605392
v  2.412378 10.012878 1.102112
v  2.406067 9.703156 0.733871
v  2.482916 9.453278 0.480148
v  -4.044641 9.779846 -1.870071
v  -3.826220 10.179108 -1.042847
v  -3.283930 10.001404 -0.884293
v  -3.640686 9.414459 -2.708664
v  -4.282600 9.417908 -2.815063
v  -2.825413 9.560852 -0.546127
v  -2.658749 9.355347 -1.073654
v  -2.358053 9.202423 -1.477737
v  -2.681042 9.472351 -2.000565
v  -3.030092 9.387848 -2.668625
v  -6.936746 7.021515 1.114532
v  -6.179430 7.120239 0.420303
v  -5.879122 6.160675 0.452042
v  -5.466543 5.436218 0.522888
v  -1.174212 4.118347 2.240982
v  -1.174314 2.981812 2.444290
v  -1.754028 5.538269 1.557343
v  -1.040741 5.373199 2.103531
v  -3.182037 4.005035 0.681320
v  -2.644735 4.787506 1.004929
v  -2.106817 5.777100 1.233139
v  -3.283390 4.456726 0.672028
v  2.846365 2.839874 -1.608887
v  3.133318 2.225494 -2.039368
v  4.042198 2.473267 -1.906769
v  4.925552 2.702057 -1.880478
v  4.593075 3.523224 -1.235321
v  3.864725 4.372406 -0.537079
v  3.377689 4.696533 -0.359268
v  3.057779 4.133087 -0.911789
v  4.429230 4.432220 -0.620575
v  2.538408 3.472778 -1.423782
v  -3.163084 8.905304 3.259888
v  -4.069279 8.683685 3.757217
v  -3.904470 8.246521 4.191986
v  -2.627506 9.083008 2.967590
v  -3.956881 7.654053 4.399521
v  -2.762791 7.373230 4.226608
v  9.658621 6.502014 6.455353
v  10.543924 6.760590 6.166336
v  9.780497 7.020020 6.447311
v  3.409760 8.887909 3.302887
v  2.897520 9.183655 2.867889
v  2.192926 8.597565 3.388397
v  3.129183 7.256348 4.280853
v  4.322016 8.168121 4.410965
v  4.529636 8.635590 4.022690
v  -0.417530 2.807617 -11.728928
v  0.761677 2.825439 -11.650162
v  -1.707920 2.851196 -11.328171
v  -5.355875 9.365356 -0.351852
v  -5.834492 8.911957 -1.281067
v  -5.944460 8.516022 -1.243973
v  -5.205540 9.381500 0.761856
v  -5.022121 9.856049 0.445526
v  -5.874695 7.969513 -0.298691
v  -6.200191 7.872070 0.550781
v  -5.960569 8.500916 0.907196
v  5.288332 9.574402 -0.360519
v  4.950399 10.088928 0.405014
v  5.096611 9.602478 0.675415
v  5.667709 8.728119 0.776810
v  5.956503 8.211395 0.456314
v  5.763195 8.358765 -0.304413
v  5.971392 8.365662 -1.178360
v  5.841806 8.851501 -1.221237
v  5.738070 9.204834 -1.298065
v  -0.990311 8.782257 -10.515335
v  -1.923286 8.710968 -9.751526
v  -1.133829 8.688568 -9.171402
v  -0.047060 8.758087 -9.821152
v  -0.027874 8.814728 -10.744598
v  -0.267670 8.678711 -8.708481
v  1.772579 8.728729 -9.998672
v  0.932119 8.786316 -10.561569
v  0.631220 8.732758 -9.608200
v  1.595654 8.647827 -8.754852
v  2.423603 8.667358 -9.198242
v  0.612696 8.656769 -8.532852
v  0.583698 0.721436 3.326523
v  -0.630461 0.753998 3.297699
v  1.414135 1.606628 2.603012
v  1.668533 1.187622 2.668381
v  -0.050165 2.116974 3.008759
v  1.220764 2.174805 2.564133
v  -1.657812 1.202423 2.645203
v  -1.435287 1.595520 2.577469
v  -1.258518 2.163239 2.536194
v  -2.840187 2.773376 -8.746475
v  -3.604839 2.707764 -9.100830
v  -2.856844 2.856445 -10.397903
v  -1.680147 2.614471 -7.241989
v  -3.089230 2.655945 -7.444199
v  -3.979898 2.602051 -7.645676
v  -4.542908 2.499756 -7.808640
v  -4.098528 2.600037 -9.361389
v  -3.135639 2.525238 -6.026123
v  -4.108343 2.522217 -6.143066
v  -4.764547 2.443787 -6.259109
v  -5.278328 2.528381 -6.357376
v  -5.047703 2.483704 -7.953674
v  -4.168276 2.368896 -4.664246
v  -4.912140 2.422943 -4.778534
v  -5.469046 2.588623 -4.885208
v  -5.866762 2.979309 -4.992004
v  -5.634996 2.882263 -6.448364
v  -5.122761 2.345764 -3.547440
v  -5.784964 2.569519 -3.628281
v  -6.269325 3.014648 -3.737335
v  -6.398396 3.695312 -3.772110
v  -5.984535 3.548004 -5.057907
v  -5.896685 2.667603 -2.582962
v  -5.129147 2.356537 -2.615387
v  -4.969385 2.631073 -1.952927
v  -5.742754 3.012146 -1.813065
v  -5.473381 3.618958 -1.293137
v  -5.059843 4.464569 -0.957825
v  -5.389585 4.927429 -1.134476
v  -4.828150 4.993073 -0.376404
v  -5.163172 5.439270 -0.531982
v  -4.881710 5.065521 0.118195
v  -5.250843 5.554474 0.063828
v  -5.595606 6.272614 -0.137894
v  -5.845274 7.139984 -0.298691
v  -4.998543 4.974365 0.519089
v  -4.452917 4.809204 0.122101
v  -4.498425 4.717926 0.427582
v  -4.566866 4.449066 0.561737
v  -3.964319 4.630585 0.409927
v  -3.966702 4.353149 0.478928
v  -3.949152 3.971222 0.478851
v  -4.630640 4.032654 0.551178
v  -4.534281 3.250519 0.426346
v  -3.887783 2.145905 0.781250
v  -4.256292 1.927917 0.935532
v  -2.768873 1.460815 1.610596
v  -3.021284 1.207306 1.785919
v  -3.259298 1.032135 2.017639
v  -4.563450 1.696320 1.155914
v  -3.447758 0.998077 2.330399
v  -4.777418 1.533325 1.521255
v  -3.545626 1.141846 2.665680
v  -4.841360 1.590363 1.985352
v  -5.761129 2.802032 1.815063
v  -6.489382 3.841888 2.119705
v  -4.754387 1.824646 2.447891
v  -5.647846 2.814972 2.337036
v  -6.420706 3.742188 2.663712
v  -7.221198 4.488281 3.054016
v  -7.281736 4.605316 2.521057
v  -5.381695 2.967865 2.843140
v  -6.170643 3.828400 3.147736
v  -6.991401 4.557861 3.542007
v  -7.909423 5.091949 4.035217
v  -8.170476 5.056305 3.518204
v  -5.832075 4.093018 3.518692
v  -6.671209 4.793152 3.953583
v  -7.598010 5.294708 4.498383
v  -8.857145 5.380463 4.548325
v  -6.319300 5.158051 4.315796
v  -7.274715 5.596283 4.918198
v  -5.915859 5.702393 4.647217
v  -6.934924 6.107239 5.294647
v  -5.530327 6.448151 4.892792
v  -6.703905 6.748169 5.588699
v  -8.012607 6.741608 6.133575
v  -9.320313 6.455109 6.388748
v  -6.590395 7.408173 5.756409
v  -8.052995 7.362244 6.303101
v  -9.344090 7.074921 6.467056
v  -8.129292 7.972626 6.294830
v  -9.449464 7.703430 6.393753
v  -8.206054 8.497833 6.118011
v  -9.558486 8.224091 6.143738
v  -10.430844 7.784088 5.928024
v  -10.933128 7.235748 5.593048
v  -9.650224 8.625671 5.888153
v  -10.532774 8.125549 5.633102
v  -11.021925 7.523346 5.261017
v  -11.217957 6.915710 4.871399
v  -11.147727 6.647400 5.224838
v  -10.559995 8.326050 5.321655
v  -11.023161 7.756042 4.937057
v  -11.213349 7.174805 4.531876
v  -10.897713 7.928833 4.600311
v  -11.144532 6.619659 4.052094
v  -11.112169 6.334625 4.382004
v  -10.585882 6.206390 3.385910
v  -10.487805 5.907867 3.735489
v  -10.317701 5.687775 4.178619
v  -11.028897 6.052063 4.770264
v  -10.113000 5.528351 4.645508
v  -10.838998 5.806824 5.228683
v  -9.875953 5.504700 5.146271
v  -10.551659 5.740204 5.703384
v  -9.125171 5.398407 4.032486
v  -9.347174 5.527405 3.544235
v  -8.303370 5.195648 2.989655
v  -9.482469 5.753754 3.073792
v  -8.303246 5.482117 2.547745
v  -9.490631 6.136780 2.763992
v  -8.225340 5.893158 2.224121
v  -9.490033 6.615326 2.573425
v  -8.126656 6.419006 1.959839
v  -9.487710 7.194977 2.560059
v  -8.264230 7.144989 1.924698
v  -9.457664 7.794098 2.772873
v  -8.270051 7.822998 2.130081
v  -7.036878 7.803558 1.366394
v  -8.146559 8.315704 2.514175
v  -6.922723 8.347137 1.757126
v  -7.875498 8.680695 3.048325
v  -6.691292 8.729889 2.242462
v  -5.748854 8.982910 1.467804
v  -6.381357 8.948944 2.754440
v  -5.484787 9.235565 1.945465
v  -5.040199 9.705383 1.356674
v  -5.146128 9.287201 2.373367
v  -4.679028 9.781921 1.761932
v  -4.380058 10.216187 1.349625
v  -4.832712 10.161743 1.014816
v  -4.146559 10.563232 1.101440
v  -4.690479 10.594910 0.809891
v  -4.899258 10.247162 0.249847
v  -4.464989 10.935364 0.638992
v  -4.757584 10.527130 0.059158
v  -5.151262 9.998871 -0.647003
v  -5.284739 9.720062 -0.474411
v  -5.574738 9.539856 -1.516403
v  -5.733299 9.255981 -1.375748
v  -5.774729 9.040955 -2.737869
v  -5.903934 8.765625 -2.672668
v  -5.939503 8.399902 -2.605148
v  -5.763046 8.293182 -3.918869
v  -5.747440 7.889984 -3.855682
v  -5.722363 7.417725 -3.754211
v  -5.926325 7.939240 -2.539352
v  -5.536024 7.571838 -5.115524
v  -5.522190 7.066040 -5.054092
v  -5.524506 6.250885 -4.987305
v  -5.353907 6.762787 -6.545059
v  -5.388536 5.809723 -6.517044
v  -5.521917 4.738373 -6.512085
v  -5.696136 5.052063 -4.996536
v  -5.638908 4.033142 -6.517151
v  -5.902033 4.204437 -5.045090
v  -5.722174 3.419800 -6.502747
v  -5.395683 3.878693 -8.162674
v  -5.494835 3.313110 -8.149933
v  -5.415302 2.794769 -8.078690
v  -4.974716 3.209595 -9.868088
v  -4.855862 2.758759 -9.765121
v  -4.522757 2.535034 -9.583847
v  -3.889545 2.718475 -11.361771
v  -3.579515 2.620422 -11.060516
v  -3.241785 2.725464 -10.740875
v  -2.199009 2.674072 -12.148621
v  -1.974327 2.764404 -11.765045
v  -0.555099 2.616119 -12.707733
v  -0.493647 2.696777 -12.255753
v  1.141901 2.626740 -12.581970
v  0.966650 2.713043 -12.160355
v  2.705847 2.670319 -11.748718
v  2.412977 2.785614 -11.409531
v  2.022402 2.888794 -10.995132
v  3.469475 2.728546 -10.109100
v  2.964533 2.820587 -9.792465
v  4.035864 2.606384 -8.537231
v  3.439587 2.695862 -8.302963
v  2.425648 2.700104 -7.960434
v  3.586987 2.582458 -6.718979
v  2.504225 2.556427 -6.466965
v  1.144012 2.504944 -6.168381
v  1.102722 2.639496 -7.554260
v  -0.293592 2.480835 -5.963211
v  -0.275234 2.608582 -7.292572
v  -1.768847 2.480438 -5.918915
v  -0.357952 2.279358 -4.575500
v  -1.805145 2.276154 -4.516556
v  -3.120182 2.315826 -4.562500
v  -1.810568 2.029907 -3.571915
v  -3.109365 2.060669 -3.509109
v  -4.204754 2.157928 -3.505432
v  -3.069204 1.972717 -2.777252
v  -4.191349 2.102386 -2.703659
v  -3.001715 2.125946 -2.198349
v  -4.051926 2.335022 -2.069229
v  -1.779747 1.986511 -2.364319
v  -1.724878 2.350739 -1.995865
v  -1.801941 1.919678 -2.918930
v  -0.462145 1.891632 -2.988876
v  -0.486252 1.949799 -2.473236
v  -0.422426 2.017609 -3.662201
v  0.963732 2.029877 -3.669449
v  0.877983 1.888550 -2.980103
v  1.076880 2.305267 -4.700867
v  2.410143 2.360474 -4.873367
v  2.272774 2.066589 -3.649033
v  3.415977 2.124146 -3.701126
v  3.300827 1.992554 -2.781921
v  2.151361 1.920746 -2.869034
v  3.550514 2.412659 -5.050613
v  4.302090 2.440582 -5.242355
v  4.343704 2.224640 -3.800461
v  4.261793 2.535950 -6.888504
v  4.790945 2.475891 -7.037476
v  4.895515 2.439819 -5.409622
v  4.498667 2.548004 -8.723129
v  4.887011 2.644684 -8.885849
v  5.248884 2.534912 -7.169174
v  3.863415 2.618439 -10.372910
v  4.223955 2.604645 -10.614624
v  4.467117 2.944092 -10.780273
v  5.162830 2.937805 -9.007874
v  2.975748 2.639282 -12.077606
v  3.158030 2.955597 -12.302399
v  3.209923 3.374237 -12.362823
v  4.508778 3.402893 -10.831360
v  1.287344 2.679138 -13.002563
v  1.371702 2.972504 -13.251358
v  1.407495 3.373840 -13.307343
v  1.402414 3.817780 -13.244247
v  3.168945 3.837921 -12.324158
v  -0.608965 2.963715 -13.414551
v  -0.588951 3.379883 -13.467178
v  -0.557524 3.835205 -13.407288
v  -0.511648 4.404785 -13.284134
v  1.395996 4.375275 -13.125717
v  -2.480381 3.459564 -12.827148
v  -2.431955 3.914337 -12.801254
v  -2.342739 4.522278 -12.710678
v  -2.234127 5.381256 -12.588379
v  -0.451096 5.252228 -13.137955
v  -3.903004 4.052460 -11.518967
v  -3.781494 4.697662 -11.456650
v  -3.647526 5.576691 -11.371780
v  -3.540667 6.511414 -11.281693
v  -2.134344 6.410858 -12.468201
v  -4.674538 4.994293 -9.836044
v  -4.560421 5.887970 -9.801361
v  -4.518789 6.673645 -9.777603
v  -4.518759 7.232147 -9.770981
v  -3.540611 7.216431 -11.258865
v  -5.073685 6.362610 -8.152725
v  -5.088308 6.957916 -8.165085
v  -5.099785 7.396484 -8.167404
v  -5.091789 7.779633 -8.165848
v  -4.517483 7.652466 -9.757828
v  -5.372824 7.285248 -6.575684
v  -5.388790 7.674255 -6.598785
v  -5.392984 8.022827 -6.606140
v  -5.349157 8.353088 -6.600082
v  -5.033432 8.132111 -8.144150
v  -5.540205 7.955658 -5.157883
v  -5.508244 8.283630 -5.179321
v  -5.385452 8.546265 -5.176193
v  -5.156794 8.722961 -5.137238
v  -5.121262 8.592041 -6.548492
v  -5.695814 8.634552 -3.951126
v  -5.506931 8.910889 -3.955063
v  -5.223251 9.037750 -3.919174
v  -4.838541 9.067322 -3.851852
v  -4.837019 8.787231 -5.064743
v  -5.528807 9.283295 -2.798386
v  -5.206163 9.390686 -2.839615
v  -4.797527 9.427368 -2.860611
v  -4.393145 9.047058 -3.760880
v  -4.980043 9.780609 -1.792191
v  -4.595879 9.792938 -1.876999
v  -4.637621 10.225189 -0.953720
v  -4.279884 10.235657 -1.042084
v  -4.353691 10.712158 -0.292023
v  -4.576340 10.654846 -0.146011
v  -4.234184 11.175018 0.420532
v  -4.011106 11.241913 0.276535
v  -4.923674 10.150421 -0.807846
v  -5.323433 9.698853 -1.665146
v  -3.657162 10.952667 0.817596
v  -3.457203 11.028625 0.654724
v  -3.004892 10.500854 1.092133
v  -2.780056 10.479614 0.857620
v  -2.293560 9.882843 1.596268
v  -2.606701 9.873596 1.844147
v  -1.893690 9.280060 2.460983
v  -1.603088 9.183075 2.139725
v  -3.277164 10.407593 1.240997
v  -3.563696 10.275726 1.357346
v  -2.926929 9.778168 2.020187
v  -3.899591 10.819305 0.938599
v  -3.269373 9.632172 2.212936
v  -2.240229 9.223114 2.716736
v  -3.856403 10.022491 1.601181
v  -4.214903 9.656006 2.064056
v  -3.683867 9.365173 2.572098
v  -4.409868 9.009796 3.231506
v  -4.787855 9.204926 2.779205
v  -5.797272 8.981659 3.688614
v  -5.525755 8.868530 4.131393
v  -6.075716 9.024414 3.236679
v  -7.316812 9.079834 4.124954
v  -7.058714 9.155396 4.587082
v  -7.587268 8.932373 3.621506
v  -8.454522 9.269135 5.159317
v  -8.365464 9.158936 5.533508
v  -6.860704 9.052277 5.014450
v  -8.288754 8.897522 5.880142
v  -6.725624 8.827576 5.343643
v  -5.310261 8.643402 4.523178
v  -6.610123 8.475861 5.632034
v  -5.200357 8.283447 4.838486
v  -6.557837 7.991028 5.783600
v  -5.203348 7.802490 4.986267
v  -5.307756 7.200256 4.992889
v  -4.157330 6.927673 4.454788
v  -4.511784 6.071747 4.352585
v  -3.538349 5.606995 4.134933
v  -3.067619 6.530640 4.287033
v  -2.675650 5.047882 4.314728
v  -2.054482 5.933624 4.522842
v  -1.479820 6.691132 4.494202
v  -1.370958 5.176147 4.964325
v  -0.751602 5.771393 5.053513
v  -0.981594 4.095245 5.557541
v  -0.506807 4.453827 5.794266
v  -0.701303 2.989624 6.181519
v  -0.394331 3.246277 6.447342
v  -0.052114 3.385010 6.590073
v  -0.326691 2.140625 7.123413
v  -0.059219 2.260437 7.280228
v  0.235687 2.208862 7.208435
v  0.286770 3.335632 6.526123
v  0.451273 2.021912 6.961777
v  0.582117 3.118835 6.281082
v  0.625677 1.775665 6.662354
v  0.870560 2.827820 5.970581
v  1.238218 3.929199 5.327835
v  1.809822 4.991028 4.745041
v  1.175976 2.414948 5.597122
v  1.698753 3.325104 4.934784
v  2.399012 4.107452 4.394714
v  3.178886 4.768158 4.072403
v  2.609999 5.748444 4.357315
v  2.143318 2.619080 4.545898
v  2.934191 3.225128 3.989944
v  3.751644 3.832886 3.703629
v  4.612522 4.482727 3.742371
v  4.078140 5.370178 4.040009
v  3.311878 2.525879 3.641495
v  4.214678 3.089386 3.363449
v  5.076851 3.823456 3.457626
v  5.953909 4.592834 3.840836
v  5.522142 5.106964 4.153610
v  4.602150 2.552063 3.028061
v  5.482214 3.395264 3.140411
v  6.333420 4.267365 3.491470
v  7.223425 4.920807 3.981888
v  6.863876 5.219574 4.391922
v  5.825951 3.169586 2.657654
v  6.664806 4.092987 3.043427
v  7.559000 4.777802 3.487000
v  8.488943 5.226898 3.941635
v  8.149055 5.312500 4.494629
v  6.833576 4.150909 2.490601
v  7.749487 4.866974 2.930252
v  8.765371 5.335358 3.377701
v  9.747770 5.593781 3.892609
v  9.436853 5.469788 4.411057
v  7.773560 5.140503 2.420959
v  8.874790 5.579407 2.899918
v  9.998491 5.797272 3.432648
v  10.877645 6.044769 4.089615
v  10.656595 5.759216 4.436005
v  8.893955 5.953156 2.554977
v  10.137556 6.097290 3.111435
v  11.032698 6.424438 3.831406
v  11.217962 6.954559 4.363129
v  11.206408 6.636902 4.654526
v  11.133707 7.484344 4.747375
v  11.148462 7.206512 5.075287
v  11.090204 6.911713 5.381973
v  11.132254 6.300232 4.968369
v  10.974874 6.609894 5.688538
v  10.966375 6.051910 5.355225
v  10.356417 5.539276 4.878815
v  9.081608 5.485107 4.969009
v  8.733738 5.643066 5.520920
v  7.792946 5.554565 5.001785
v  8.528378 6.041351 5.973495
v  7.459339 5.997559 5.440659
v  6.475918 5.663483 4.773331
v  7.284929 6.597839 5.788910
v  6.081837 6.334259 5.082077
v  5.049088 5.869171 4.441437
v  5.854759 7.060730 5.261703
v  4.656599 6.739838 4.607285
v  3.567461 6.329071 4.267120
v  4.429714 7.525848 4.591660
v  5.760355 7.719788 5.323059
v  5.755482 8.259857 5.252274
v  7.334604 8.388275 5.985611
v  7.435682 8.801636 5.730484
v  5.866907 8.655853 4.968018
v  7.259113 7.852997 6.081711
v  8.797779 7.746582 6.412720
v  8.944042 8.262268 6.237808
v  7.239511 7.250183 6.000916
v  8.651508 7.160889 6.396591
v  9.909903 7.500427 6.312988
v  8.537668 6.557007 6.240540
v  10.647467 7.114288 6.002762
v  10.743654 7.469269 5.761673
v  10.045279 7.924774 6.091202
v  10.809706 7.776245 5.471451
v  10.156103 8.270721 5.813644
v  9.064926 8.677246 5.999832
v  10.241587 8.523651 5.497864
v  9.150026 8.983368 5.693466
v  7.554638 9.064758 5.394455
v  9.217722 9.179291 5.336349
v  7.719032 9.206635 4.985992
v  6.329857 9.026184 4.182617
v  6.074327 8.900146 4.595245
v  5.169930 9.038483 3.178909
v  4.847080 8.893768 3.574661
v  4.420155 9.484528 2.311417
v  3.979868 9.279816 2.696152
v  4.051893 9.911224 1.720062
v  3.542265 9.661560 2.130157
v  3.767054 10.245880 1.379684
v  3.209299 9.887329 1.839706
v  2.556730 9.386688 2.583374
v  2.924097 10.029724 1.651108
v  2.208708 9.520721 2.294739
v  1.481354 8.904144 2.756500
v  1.815825 8.822174 3.062729
v  0.756527 8.263519 3.101166
v  1.228827 8.856384 2.409210
v  0.616396 8.213745 2.777664
v  -0.047100 7.920685 2.924637
v  -0.047598 7.929565 3.161179
v  -1.087103 8.548920 2.927109
v  -0.871897 8.447571 2.643265
v  -0.041691 7.790985 2.699966
v  -0.799938 8.232361 2.340393
v  -0.069561 7.598236 2.527237
v  -0.838903 7.946503 2.134903
v  -0.082731 7.275513 2.359985
v  -0.882576 7.509552 2.010025
v  -0.088182 6.477081 2.315628
v  -0.923401 6.634125 2.000092
v  -1.561125 6.873138 1.518051
v  -1.922415 6.989655 1.156982
v  -2.120380 7.053772 0.833572
v  -2.357250 6.022217 0.890518
v  -2.464800 6.158173 0.488068
v  -2.231003 7.091156 0.465668
v  -2.800177 5.185303 0.740707
v  -2.867491 5.410431 0.379868
v  -2.788548 5.429596 -0.032593
v  -2.394566 6.186249 0.074921
v  -3.368080 4.797241 0.541885
v  -3.399466 4.980896 0.234375
v  -3.301735 4.886047 -0.181778
v  -2.513474 5.283234 -0.512772
v  -3.951508 4.748749 0.142029
v  -3.865253 4.579346 -0.321014
v  -4.429659 4.710907 -0.297928
v  -2.032837 5.041595 -1.108902
v  -1.819176 6.092255 -0.904892
v  -2.194963 6.161560 -0.363907
v  -1.798986 7.064911 -0.807053
v  -2.067108 7.080841 -0.324600
v  -2.217588 7.092957 0.086533
v  -2.166325 7.951965 -0.424759
v  -2.313637 7.962250 -0.007172
v  -2.302525 7.989807 0.382523
v  -2.501249 8.787445 -0.186447
v  -2.486397 8.853638 0.248428
v  -2.817369 9.782745 -0.087341
v  -2.341703 8.725098 -0.642288
v  -2.087831 8.658783 -1.072571
v  -1.909960 7.945740 -0.855453
v  -1.400513 7.966248 -1.314758
v  -1.560415 8.648834 -1.461411
v  -1.262804 7.075928 -1.313828
v  -0.566645 7.153687 -1.565750
v  -0.668617 8.052185 -1.538376
v  -1.216232 6.011536 -1.503525
v  -0.485668 5.999329 -1.762375
v  0.261904 6.076050 -1.768082
v  0.205351 7.242798 -1.603073
v  -1.359062 4.743561 -1.682281
v  -0.489597 4.637268 -1.951645
v  0.383030 4.733887 -1.940720
v  1.186796 5.043060 -1.708344
v  1.013664 6.221222 -1.574112
v  -0.502556 3.523438 -1.980804
v  0.554567 3.628448 -1.978027
v  1.486282 3.940399 -1.740051
v  2.159706 4.369202 -1.290619
v  1.835936 5.405334 -1.164856
v  0.654942 2.917267 -1.991241
v  1.717184 3.105377 -1.773529
v  0.728346 2.364716 -2.094452
v  1.867001 2.516235 -1.876022
v  0.803814 1.958099 -2.427597
v  2.023218 2.046112 -2.235779
v  -0.499910 2.307831 -2.136688
v  -0.503799 2.832001 -2.013687
v  -1.646072 2.894897 -1.829285
v  -1.546972 3.613068 -1.764450
v  2.260412 5.690277 -0.528473
v  2.035244 6.579895 -0.453323
v  1.647738 6.409485 -1.040543
v  2.650740 4.852814 -0.684525
v  2.910921 5.180328 -0.191788
v  2.490751 5.854706 -0.042160
v  2.582788 5.918823 0.415710
v  2.282518 6.753174 0.428574
v  2.221930 6.688232 0.005600
v  3.011055 5.305145 0.258759
v  2.907494 5.140320 0.685349
v  2.459341 5.827484 0.859253
v  3.488956 4.917694 0.087006
v  3.459063 4.818268 0.467361
v  3.964018 4.738892 -0.040955
v  3.982300 4.692505 0.288315
v  3.957645 4.438019 0.454758
v  3.937035 4.057739 0.484116
v  4.416645 4.758881 0.245499
v  4.465786 4.546997 0.503403
v  4.530455 4.182220 0.543655
v  4.539581 3.555817 0.456375
v  4.907036 4.793976 0.567703
v  4.811890 4.986847 0.234192
v  5.176947 5.396729 0.162186
v  4.759260 4.976746 -0.211655
v  5.080736 5.352112 -0.374924
v  5.518154 6.086426 -0.094009
v  5.777113 6.931519 -0.324875
v  5.887812 7.682037 -0.384262
v  6.082455 7.606049 0.296356
v  6.682234 7.536255 0.959503
v  6.600178 8.102356 1.194641
v  7.661644 8.057526 1.961105
v  7.723740 7.512329 1.702057
v  6.392586 8.548279 1.558090
v  7.501862 8.466492 2.332443
v  8.717709 8.424225 3.075821
v  8.909351 8.029816 2.648880
v  6.126722 8.902679 1.983688
v  7.217735 8.766113 2.816925
v  8.451460 8.736176 3.588440
v  9.761198 8.294189 3.809540
v  6.903648 8.937042 3.305847
v  8.178707 9.002411 4.072220
v  6.615314 9.024628 3.745102
v  7.946369 9.166504 4.548050
v  5.818258 9.079010 2.405075
v  5.493097 9.119476 2.803452
v  5.152004 9.482330 1.672821
v  4.790558 9.550415 2.023514
v  4.914576 9.944611 1.210342
v  4.510887 10.022308 1.519363
v  4.740435 10.401947 0.911179
v  4.303953 10.429993 1.170197
v  4.527966 10.813416 0.717880
v  4.046717 10.741486 0.975906
v  3.480837 10.458954 1.194214
v  3.813637 10.926086 0.842087
v  3.231215 10.589935 1.071106
v  2.629633 10.110992 1.433502
v  2.999458 10.657806 0.857498
v  1.899498 9.543671 1.954483
v  3.619173 11.034882 0.664322
v  2.862854 10.533417 0.528275
v  2.876116 10.273376 0.214676
v  2.911631 9.951019 -0.166092
v  2.598068 9.218292 0.077179
v  2.581760 9.045258 -0.412628
v  2.372736 8.343079 -0.207581
v  2.403511 8.443695 0.260681
v  2.199354 7.566895 -0.062820
v  2.244499 7.649384 0.364655
v  2.165092 6.759674 0.843262
v  1.918571 6.722534 1.202881
v  1.481796 6.634979 1.594147
v  0.761047 6.504303 2.093567
v  0.684309 7.365631 2.130112
v  0.614510 7.787659 2.295197
v  0.583710 8.049744 2.515213
v  -0.072836 5.322113 2.440659
v  -0.062082 4.124115 2.586700
v  -0.037693 3.010651 2.821945
v  2.144732 8.270264 -0.671066
v  2.018589 7.481232 -0.499969
v  1.718210 8.194946 -1.151321
v  1.633331 7.388824 -1.023682
v  0.989439 8.152985 -1.495392
v  0.973072 7.313202 -1.439209
v  0.152498 8.115417 -1.587219
v  1.021257 8.749451 -1.649551
v  0.113457 8.748230 -1.705261
v  -0.774323 8.684753 -1.670197
v  0.077795 9.174103 -2.023621
v  -0.900816 9.145996 -1.972885
v  -1.753721 9.120911 -1.796860
v  -1.024109 9.338898 -2.453522
v  -1.973125 9.364838 -2.283127
v  -1.150316 9.277985 -2.971466
v  -2.198692 9.316406 -2.797241
v  -1.308121 9.060913 -3.535873
v  -2.436102 9.019379 -3.458206
v  -3.348852 9.021881 -3.512131
v  -2.687798 8.641327 -4.530807
v  -3.533955 8.684631 -4.726990
v  -4.024387 8.742462 -4.858322
v  -3.902967 9.029877 -3.640350
v  -4.453325 8.786072 -4.970322
v  -4.038960 8.651367 -6.234268
v  -4.445505 8.690674 -6.362198
v  -4.804754 8.682465 -6.465317
v  -4.282204 8.664093 -7.830399
v  -4.619568 8.604156 -7.974808
v  -4.888187 8.425720 -8.087692
v  -4.139832 8.593109 -9.509293
v  -4.383968 8.369904 -9.653885
v  -4.488647 8.030060 -9.727722
v  -3.496748 8.445984 -11.127121
v  -3.556210 8.092621 -11.209030
v  -3.559946 7.699829 -11.245529
v  -2.118847 8.205261 -12.395477
v  -2.116560 7.788635 -12.423477
v  -2.111181 7.240265 -12.432907
v  -0.326038 7.819183 -12.975616
v  -0.347389 7.226868 -12.971527
v  -0.392982 6.318787 -13.010025
v  1.436262 7.185394 -12.744843
v  1.396463 6.269623 -12.813934
v  1.394468 5.208008 -12.970093
v  2.951567 6.234497 -11.927017
v  3.022297 5.204254 -12.085632
v  3.102922 4.388367 -12.226395
v  4.190619 5.230927 -10.690292
v  4.311304 4.429169 -10.764877
v  4.426645 3.873322 -10.817200
v  5.024839 4.484283 -9.077759
v  5.153742 3.903137 -9.084122
v  5.233095 3.390106 -9.067062
v  5.538494 3.880371 -7.375885
v  5.616320 3.335876 -7.343948
v  5.559069 2.862396 -7.276947
v  5.809452 3.325653 -5.753448
v  5.689196 2.868744 -5.659424
v  5.363392 2.558380 -5.540390
v  6.017836 2.840149 -4.213242
v  5.585791 2.540436 -4.047607
v  5.045088 2.364410 -3.920883
v  5.759197 2.562592 -2.779434
v  5.095642 2.336517 -2.713638
v  4.294333 2.143158 -2.722733
v  5.604345 2.950348 -1.819794
v  6.145874 3.332794 -1.826477
v  5.690197 4.141266 -1.222000
v  5.244055 3.751129 -1.197372
v  6.302338 2.862396 -2.879700
v  6.188450 3.345093 -4.324600
v  6.167873 3.954102 -4.369003
v  5.772614 3.884308 -5.795364
v  5.662912 4.539886 -5.818085
v  5.956638 4.650574 -4.351974
v  5.422098 4.502228 -7.392044
v  5.292929 5.384125 -7.406036
v  5.491802 5.524384 -5.856079
v  4.897535 5.284454 -9.061050
v  4.822554 6.255188 -9.042374
v  5.225250 6.440094 -7.447586
v  4.092392 6.184174 -10.594147
v  4.085358 6.958069 -10.534683
v  4.831312 6.923370 -9.040375
v  2.962988 7.092163 -11.830429
v  3.009535 7.657104 -11.790604
v  4.108685 7.493195 -10.502182
v  1.481899 7.784241 -12.722061
v  1.508127 8.211090 -12.658234
v  3.042562 8.069794 -11.737320
v  -0.316832 8.267273 -12.941757
v  -0.289234 8.626495 -12.820969
v  1.516371 8.568634 -12.549652
v  -2.085632 8.579865 -12.293304
v  -1.966707 8.856262 -12.077438
v  -0.256363 8.888672 -12.598373
v  -3.311058 8.699402 -10.938950
v  -3.037390 8.768829 -10.690063
v  -1.767687 8.874115 -11.730133
v  -3.824287 8.666077 -9.325592
v  -3.455132 8.674683 -9.100433
v  -2.706722 8.755463 -10.401306
v  -3.877247 8.639435 -7.667282
v  -3.401857 8.598480 -7.474167
v  -3.029713 8.655548 -8.853760
v  -3.557980 8.594330 -6.087326
v  -2.803640 8.522034 -5.885849
v  -2.766245 8.553345 -7.227676
v  -1.672161 8.520264 -6.856293
v  -1.554457 8.599976 -8.085236
v  -2.521719 8.625854 -8.573471
v  -1.648863 8.472168 -5.611572
v  -0.230936 8.538239 -5.415009
v  -0.337162 8.514374 -6.536057
v  -1.491932 8.678864 -4.396439
v  -0.124313 8.846466 -4.384567
v  1.289183 8.738617 -4.299240
v  1.241302 8.479828 -5.393433
v  -0.046701 9.111145 -3.640579
v  1.254515 9.072021 -3.517227
v  2.466152 9.044464 -3.398849
v  2.526714 8.681030 -4.356674
v  0.007952 9.309265 -3.040680
v  1.192966 9.266479 -2.959152
v  0.043070 9.344574 -2.494385
v  1.138891 9.318359 -2.434174
v  1.085871 9.145599 -1.975052
v  1.826609 8.776398 -1.380508
v  2.306181 8.896149 -0.935410
v  3.401791 9.054596 -3.447647
v  3.473667 8.717133 -4.511795
v  3.436684 8.589264 -5.743073
v  2.483591 8.511383 -5.548889
v  3.264069 8.575592 -6.980957
v  2.321018 8.522369 -6.747681
v  1.091045 8.503357 -6.530319
v  2.017832 8.577209 -7.852280
v  0.846104 8.574036 -7.562744
v  -0.384039 8.587158 -7.632187
v  2.925461 8.615997 -8.171432
v  3.798771 8.626251 -7.135727
v  3.445839 8.644897 -8.390930
v  2.919743 8.692047 -9.522507
v  3.880285 8.660583 -8.578522
v  3.313234 8.711761 -9.790070
v  2.460493 8.792572 -10.839615
v  2.151743 8.758850 -10.460373
v  1.257061 8.864410 -11.579590
v  1.106344 8.826935 -11.117340
v  -0.148352 8.901093 -11.797791
v  -0.098511 8.857239 -11.314163
v  -1.555361 8.849030 -11.394653
v  -1.296637 8.811493 -10.983765
v  -2.363554 8.734436 -10.113983
v  -0.194769 8.934540 -12.197159
v  1.381395 8.893280 -11.983459
v  1.466959 8.864136 -12.323456
v  2.740456 8.820160 -11.185226
v  2.942606 8.741974 -11.475250
v  3.038162 8.441498 -11.653732
v  3.949341 8.585022 -10.245651
v  4.100077 8.285431 -10.398056
v  4.125547 7.908905 -10.466125
v  4.767338 8.221436 -8.973251
v  4.840694 7.839264 -9.026260
v  4.843494 7.416840 -9.037277
v  5.259712 7.887695 -7.523911
v  5.254795 7.480560 -7.510529
v  5.240698 7.030273 -7.485992
v  5.434237 7.632233 -6.075226
v  5.419975 7.203461 -6.022095
v  5.412735 6.627075 -5.938812
v  5.583866 7.368469 -4.674362
v  5.579224 6.806213 -4.549820
v  5.640467 5.727264 -4.403458
v  5.775829 7.612488 -3.522415
v  5.798773 8.072449 -3.642227
v  5.948698 8.465515 -2.489731
v  5.945364 8.004974 -2.404175
v  5.588377 7.810852 -4.768021
v  5.567440 8.199249 -4.833176
v  5.790899 8.476868 -3.720322
v  5.432161 8.012360 -6.102203
v  5.366289 8.354675 -6.110474
v  5.465849 8.529388 -4.868103
v  5.209597 8.272705 -7.516830
v  4.971664 8.546448 -7.462921
v  5.112295 8.594879 -6.089554
v  4.584440 8.525238 -8.881058
v  4.264353 8.630707 -8.742126
v  4.620291 8.648102 -7.373260
v  3.659016 8.708374 -10.032059
v  4.229239 8.663971 -7.265366
v  4.385002 8.701599 -5.960098
v  4.767477 8.708649 -6.041168
v  4.477509 8.830750 -4.725235
v  4.882095 8.839478 -4.804794
v  5.222958 8.744965 -4.859085
v  4.996126 9.129913 -3.733505
v  5.388195 9.052399 -3.765305
v  5.662331 8.815125 -3.757095
v  5.434040 9.367340 -2.707397
v  5.739944 9.141937 -2.627274
v  5.896673 8.841705 -2.559784
v  5.575968 9.547180 -1.460526
v  5.288980 9.730469 -1.637589
v  4.944948 10.151581 -0.761551
v  5.180408 9.937195 -0.564621
v  4.625454 10.648865 -0.069077
v  4.806845 10.448975 0.160858
v  4.331120 11.064240 0.539459
v  4.391502 10.735107 -0.239685
v  4.066423 11.177551 0.364655
v  4.612261 10.228882 -0.946320
v  4.221180 10.221588 -1.038712
v  4.884577 9.798584 -1.787689
v  4.404688 9.792786 -1.882706
v  5.018505 9.439056 -2.759781
v  4.520887 9.449890 -2.777420
v  4.525864 9.091583 -3.656158
v  4.009560 9.068604 -3.554398
v  4.027538 8.779633 -4.632568
v  3.954182 8.653168 -5.860397
v  4.857618 4.642273 -0.753754
v  5.191540 4.959534 -0.929123
v  4.392410 4.762299 -0.116577
v  5.411718 9.230774 1.258102
v  10.422041 8.248962 4.367004
v  10.745348 7.876038 3.979156
v  10.015768 7.952789 3.351608
v  8.958803 7.523834 2.370010
v  8.942705 6.950806 2.275757
v  8.912962 6.402924 2.362854
v  11.017530 7.707520 4.398117
v  10.706915 8.174500 4.760056
v  10.269102 8.673981 5.162689
v  10.813704 8.016998 5.128616
v  3.985086 2.327271 0.689529
v  4.378557 2.123535 0.826248
v  4.718021 1.908447 1.013718
v  3.329538 1.000671 1.971741
v  3.066017 1.214966 1.727264
v  2.791250 1.500763 1.563675
v  1.926470 0.893066 2.794495
v  2.178408 0.714905 2.986710
v  1.350008 0.238739 3.727844
v  0.998728 0.399200 3.515518
v  2.427286 0.706329 3.254868
v  1.685764 0.233704 3.988358
v  1.212406 -0.343414 4.593582
v  1.923944 0.393616 4.281693
v  1.456553 -0.205353 4.932907
v  1.139482 -0.918732 5.713547
v  0.876745 -1.042999 5.389297
v  0.880241 -1.679352 6.661682
v  0.680691 -1.869354 6.421432
v  0.386185 -1.961975 6.230865
v  0.606991 -2.727234 7.303101
v  0.379734 -2.860779 7.114731
v  0.087746 -2.911774 7.034805
v  0.064274 -1.932159 6.099152
v  -0.218552 -2.896820 7.059692
v  -0.253761 -1.973999 6.196014
v  -0.467749 -2.807373 7.193985
v  -0.554180 -1.931427 6.351318
v  -0.789616 -1.068054 5.337097
v  -1.151550 -0.381775 4.552704
v  -0.788610 -1.781036 6.572067
v  -1.073870 -0.977631 5.643509
v  -1.427238 -0.284027 4.864059
v  -1.894541 0.303040 4.211746
v  -1.655376 0.176056 3.914169
v  -1.193413 -0.754730 5.947754
v  -1.532097 -0.049744 5.168182
v  -1.984047 0.560577 4.493332
v  -2.620737 1.067657 3.792908
v  -2.550753 0.814362 3.524429
v  -1.468233 0.261902 5.429123
v  -1.937572 0.888550 4.736252
v  -2.579893 1.403778 4.023666
v  -3.495346 1.770538 3.308624
v  -3.571060 1.405640 3.022919
v  -1.803175 1.249023 4.940765
v  -2.461370 1.788330 4.228561
v  -3.313757 2.222565 3.591385
v  -4.213276 2.703796 3.238739
v  -4.547079 2.220123 2.878006
v  -2.236336 2.271698 4.462616
v  -3.010708 2.781616 3.879974
v  -3.807192 3.302277 3.558823
v  -4.595648 3.910126 3.528458
v  -5.007484 3.330811 3.246536
v  -2.565153 3.523468 4.256332
v  -3.304193 4.092072 3.937607
v  -4.104366 4.674683 3.837738
v  -4.979969 5.219238 4.100342
v  -5.432240 4.553619 3.811142
v  -1.977060 4.401367 4.685959
v  -1.864737 2.907654 4.788544
v  -1.426868 3.579224 5.199997
v  -1.323580 2.145111 5.449478
v  -0.997318 2.613678 5.815460
v  -0.904730 1.295197 6.179047
v  -0.708698 1.629242 6.517517
v  -0.524260 1.917999 6.852188
v  -0.574623 0.632721 7.253433
v  -0.451063 0.847992 7.538284
v  -0.292633 1.023682 7.801437
v  -0.413713 -0.223938 8.243500
v  -0.254627 -0.071381 8.468216
v  -0.059231 0.048553 8.649384
v  -0.062056 1.132416 7.965775
v  0.185678 0.006409 8.584137
v  0.191591 1.082520 7.885895
v  0.364975 -0.142548 8.362228
v  0.373903 0.929352 7.652603
v  0.484110 -0.313110 8.122665
v  0.519785 0.738220 7.378448
v  0.596766 -0.496613 7.885574
v  0.636631 0.501129 7.088242
v  0.808825 1.472137 6.328125
v  0.769876 0.240173 6.813522
v  1.021578 1.128540 6.008759
v  1.496162 1.921753 5.264359
v  1.235302 0.775482 5.746323
v  1.747660 1.447632 5.001938
v  2.438482 2.036560 4.256943
v  1.911243 1.049438 4.796646
v  2.605391 1.576508 4.041779
v  3.557049 1.994629 3.345352
v  2.670076 1.191193 3.819916
v  3.673176 1.546692 3.039047
v  4.871006 2.111633 2.600189
v  3.656342 1.209808 2.676895
v  5.047626 1.822296 2.065689
v  6.001556 3.186920 2.083069
v  5.029446 1.734467 1.470490
v  3.559286 1.002869 2.307709
v  2.617514 0.873474 3.553970
v  1.993601 0.685760 4.564545
v  1.414835 0.416962 5.517258
v  1.514914 0.072571 5.256683
v  1.097862 -0.319794 6.298172
v  1.176477 -0.627075 6.026245
v  0.895998 -1.152466 7.178329
v  0.939562 -1.428955 6.932526
v  0.764233 -2.082550 8.043243
v  0.767836 -2.303314 7.790237
v  0.722412 -2.533478 7.536972
v  0.629009 -3.214050 8.574615
v  0.595642 -3.406708 8.322266
v  0.509245 -3.600555 8.072327
v  0.501192 -4.239746 8.949249
v  0.399324 -4.413879 8.740128
v  0.280439 -4.565491 8.551010
v  0.330366 -3.744965 7.883423
v  0.076529 -4.674347 8.409363
v  0.086714 -3.821777 7.772354
v  -0.155544 -4.658783 8.421265
v  -0.183249 -3.808380 7.784271
v  -0.327192 -4.517517 8.586472
v  -0.398460 -3.688660 7.935989
v  -0.442142 -4.348785 8.787155
v  -0.538599 -3.513123 8.153488
v  -0.636045 -2.635956 7.415512
v  -0.613073 -3.318848 8.395508
v  -0.737604 -2.422546 7.659164
v  -0.908154 -1.562561 6.830826
v  -0.765121 -2.188599 7.914963
v  -0.916248 -1.291687 7.081467
v  -1.146484 -0.473114 6.202499
v  -0.852591 -1.027069 7.304733
v  -1.009853 -0.163727 6.442062
v  -1.316910 0.605377 5.657013
v  -0.840694 0.119598 6.697205
v  -1.115452 0.959045 5.900543
v  -1.605791 1.663696 5.158707
v  -0.701630 0.375183 6.966812
v  -0.755941 -0.802094 7.530685
v  -0.647074 -0.593445 7.768478
v  -0.534952 -0.394806 8.009277
v  -0.667542 -1.596191 8.618500
v  -0.578314 -1.416931 8.838806
v  -0.464586 -1.242340 9.057846
v  -0.621574 -2.428955 9.673233
v  -0.501501 -2.280365 9.891617
v  -0.320650 -2.151672 10.096954
v  -0.301451 -1.083649 9.262543
v  -0.092825 -2.078949 10.220413
v  -0.081001 -0.982971 9.397247
v  0.182793 -2.091400 10.197937
v  0.169678 -1.030396 9.336624
v  0.395451 -2.205902 10.023849
v  0.384529 -1.156616 9.173126
v  0.566175 -2.343048 9.822327
v  0.528658 -1.325592 8.960724
v  0.648579 -2.506287 9.595520
v  0.619335 -1.500458 8.745346
v  0.699749 -2.682343 9.334976
v  0.695667 -1.689941 8.513412
v  0.701845 -0.702026 7.648361
v  0.747135 -1.886963 8.276001
v  0.812204 -0.920593 7.406204
v  0.928751 -0.015900 6.555786
v  0.687130 -2.859741 9.075211
v  0.655890 -3.032349 8.824341
v  0.691488 -3.785980 9.682266
v  0.632490 -3.933044 9.431152
v  0.567059 -4.082306 9.184860
v  0.685600 -4.678711 9.801895
v  0.601967 -4.824615 9.591080
v  0.506657 -4.966614 9.403641
v  0.582571 -5.393280 9.921921
v  0.465204 -5.531219 9.763260
v  0.340822 -5.685577 9.636841
v  0.390839 -5.116974 9.233566
v  0.332468 -5.821777 10.022919
v  0.222109 -6.001495 9.913589
v  0.200123 -5.948120 10.171310
v  0.077782 -6.072235 10.041061
v  -0.089638 -6.134766 9.886765
v  -0.236155 -5.895416 9.583344
v  -0.073404 -6.064240 10.137344
v  -0.212297 -5.993378 9.964798
v  -0.349754 -5.729950 9.690613
v  -0.404324 -5.115082 9.284332
v  -0.276005 -5.250916 9.119781
v  -0.308172 -5.860229 10.068176
v  -0.452024 -5.607056 9.827408
v  -0.509981 -4.979279 9.463745
v  -0.532602 -4.175110 9.006058
v  -0.537617 -5.493469 9.982391
v  -0.607180 -4.858856 9.641373
v  -0.595806 -4.026978 9.237015
v  -0.648298 -3.124756 8.650986
v  -0.694130 -4.731750 9.839691
v  -0.645365 -3.885345 9.487549
v  -0.675674 -2.946014 8.905075
v  -0.758104 -1.978333 8.157486
v  -0.698269 -3.742432 9.746628
v  -0.697124 -2.774689 9.159592
v  -0.726414 -1.789307 8.384506
v  -0.686874 -2.603394 9.414337
v  -0.729164 -3.595184 10.033112
v  -0.680117 -3.480499 10.316772
v  -0.560169 -4.400391 10.843475
v  -0.562857 -3.385101 10.570770
v  -0.332895 -4.369232 11.001297
v  -0.378971 -3.306458 10.770355
v  -0.080505 -4.346741 11.094284
v  -0.102108 -3.263336 10.886078
v  0.189522 -4.332855 11.088120
v  0.175898 -3.271210 10.845474
v  0.422409 -4.333099 10.988419
v  0.410109 -3.326233 10.699371
v  0.606087 -4.340942 10.805771
v  0.597340 -3.408417 10.491257
v  0.699793 -3.508942 10.243973
v  0.732517 -3.631287 9.960861
v  0.358381 -5.100677 10.925552
v  0.539310 -5.058350 10.799103
v  0.285036 -5.459808 10.739380
v  0.441372 -5.397552 10.629578
v  0.221121 -5.674957 10.558914
v  0.368742 -5.619446 10.468842
v  0.518583 -5.502747 10.322693
v  0.664497 -5.252838 10.102463
v  0.287561 -5.789795 10.309570
v  0.434546 -5.663269 10.160919
v  0.159901 -5.860992 10.416855
v  0.061535 -6.004059 10.280228
v  -0.183107 -5.958466 10.227036
v  -0.266293 -5.832092 10.345413
v  -0.387941 -5.738403 10.197388
v  -0.327925 -5.698212 10.483505
v  -0.447268 -5.618530 10.335846
v  -0.578083 -5.406433 10.143936
v  -0.363266 -5.508636 10.624588
v  -0.445232 -5.157196 10.774887
v  -0.229836 -5.513489 10.746353
v  -0.284405 -5.143005 10.932404
v  -0.063658 -5.502197 10.804489
v  -0.064213 -5.120575 10.997009
v  0.110670 -5.480408 10.785965
v  0.163675 -5.113586 10.993927
v  -2.376295 0.706116 3.240402
v  -2.140015 0.730652 2.978836
v  -1.341204 0.245422 3.676346
v  -1.899933 0.889801 2.776718
v  -1.014528 0.426788 3.481583
v  -9.710210 8.923187 5.618774
v  -9.735198 9.110687 5.319504
v  -10.501822 8.449005 5.039444
v  -10.657632 8.052002 4.271820
v  -10.143306 8.132477 3.840179
v  -9.273133 8.254486 3.222397
v  -5.136097 5.377686 -8.148621
v  -4.793062 4.272461 -9.861572
v  -5.262463 4.508118 -8.156845
v  -4.911907 3.725861 -9.877762
v  -4.009602 3.567139 -11.550461
v  -4.017319 3.111298 -11.517471
v  -2.488523 3.029022 -12.773895
v  -2.393417 2.702209 -12.529846
v  -0.588537 2.648041 -13.108154
# 1455 vertices

vt 0.000000 0.000000 0.000000
# 1 texture coords

o VertebraeLower
g VertebraeLower
usemtl default
f 1/1 46/1 47/1 48/1 
f 1/1 48/1 49/1 50/1 
f 1/1 50/1 51/1 46/1 
f 2/1 52/1 53/1 54/1 
f 2/1 55/1 56/1 52/1 
f 2/1 54/1 57/1 55/1 
f 3/1 58/1 59/1 60/1 
f 3/1 61/1 62/1 58/1 
f 3/1 60/1 63/1 61/1 
f 4/1 64/1 65/1 66/1 
f 4/1 67/1 68/1 64/1 
f 4/1 66/1 69/1 67/1 
f 5/1 70/1 71/1 72/1 
f 5/1 72/1 73/1 74/1 
f 5/1 74/1 75/1 70/1 
f 6/1 76/1 77/1 78/1 
f 6/1 79/1 80/1 76/1 
f 6/1 78/1 81/1 79/1 
f 7/1 82/1 83/1 84/1 
f 7/1 85/1 86/1 87/1 
f 7/1 84/1 88/1 85/1 
f 8/1 89/1 90/1 91/1 
f 8/1 92/1 93/1 89/1 
f 8/1 91/1 94/1 92/1 
f 9/1 95/1 96/1 97/1 
f 9/1 97/1 98/1 99/1 
f 9/1 99/1 100/1 95/1 
f 10/1 101/1 102/1 103/1 
f 10/1 103/1 104/1 105/1 
f 10/1 105/1 106/1 107/1 
f 10/1 108/1 109/1 101/1 
f 10/1 107/1 110/1 108/1 
f 11/1 111/1 112/1 113/1 
f 11/1 94/1 91/1 111/1 
f 11/1 114/1 115/1 94/1 
f 11/1 113/1 116/1 117/1 
f 11/1 117/1 118/1 114/1 
f 12/1 119/1 120/1 121/1 
f 12/1 122/1 123/1 21/1 
f 12/1 121/1 36/1 122/1 
f 12/1 124/1 125/1 119/1 
f 12/1 21/1 126/1 124/1 
f 13/1 127/1 128/1 129/1 
f 13/1 130/1 131/1 127/1 
f 13/1 129/1 132/1 130/1 
f 14/1 133/1 134/1 135/1 
f 14/1 135/1 104/1 103/1 
f 14/1 103/1 102/1 133/1 
f 15/1 136/1 137/1 138/1 
f 15/1 138/1 139/1 140/1 
f 15/1 140/1 141/1 136/1 
f 16/1 142/1 30/1 143/1 
f 16/1 144/1 145/1 142/1 
f 16/1 143/1 146/1 147/1 
f 17/1 148/1 149/1 150/1 
f 17/1 151/1 152/1 148/1 
f 17/1 150/1 153/1 151/1 
f 18/1 154/1 155/1 156/1 
f 18/1 157/1 158/1 154/1 
f 18/1 156/1 159/1 157/1 
f 19/1 160/1 161/1 162/1 
f 19/1 163/1 164/1 160/1 
f 19/1 162/1 165/1 163/1 
f 20/1 166/1 167/1 168/1 
f 20/1 169/1 170/1 166/1 
f 20/1 168/1 171/1 169/1 
f 172/1 173/1 174/1 175/1 
f 21/1 176/1 177/1 126/1 
f 21/1 178/1 179/1 176/1 
f 21/1 123/1 180/1 178/1 
f 22/1 23/1 181/1 182/1 
f 22/1 182/1 183/1 45/1 
f 22/1 45/1 184/1 185/1 
f 22/1 186/1 187/1 23/1 
f 22/1 185/1 39/1 186/1 
f 23/1 187/1 188/1 181/1 
f 24/1 189/1 190/1 191/1 
f 24/1 192/1 33/1 189/1 
f 24/1 193/1 194/1 195/1 
f 24/1 195/1 196/1 192/1 
f 24/1 191/1 197/1 193/1 
f 25/1 198/1 199/1 200/1 
f 25/1 200/1 201/1 202/1 
f 25/1 203/1 204/1 198/1 
f 25/1 205/1 206/1 203/1 
f 25/1 202/1 207/1 205/1 
f 26/1 208/1 209/1 210/1 
f 26/1 211/1 212/1 208/1 
f 26/1 210/1 213/1 214/1 
f 26/1 214/1 156/1 155/1 
f 26/1 155/1 215/1 211/1 
f 27/1 216/1 217/1 218/1 
f 27/1 218/1 219/1 220/1 
f 27/1 221/1 222/1 216/1 
f 28/1 223/1 224/1 225/1 
f 28/1 226/1 227/1 228/1 
f 28/1 228/1 229/1 230/1 
f 28/1 230/1 231/1 223/1 
f 29/1 232/1 233/1 234/1 
f 29/1 234/1 235/1 236/1 
f 29/1 236/1 237/1 232/1 
f 30/1 142/1 238/1 239/1 
f 30/1 240/1 241/1 143/1 
f 30/1 242/1 243/1 240/1 
f 30/1 239/1 244/1 242/1 
f 31/1 245/1 246/1 247/1 
f 31/1 248/1 249/1 250/1 
f 31/1 247/1 251/1 248/1 
f 31/1 250/1 252/1 253/1 
f 31/1 253/1 254/1 245/1 
f 32/1 255/1 256/1 257/1 
f 32/1 258/1 259/1 255/1 
f 32/1 257/1 260/1 261/1 
f 32/1 261/1 262/1 263/1 
f 32/1 263/1 264/1 258/1 
f 33/1 265/1 266/1 267/1 
f 33/1 267/1 268/1 189/1 
f 34/1 269/1 270/1 171/1 
f 34/1 271/1 272/1 269/1 
f 34/1 171/1 168/1 273/1 
f 34/1 274/1 275/1 271/1 
f 34/1 273/1 276/1 274/1 
f 35/1 277/1 278/1 279/1 
f 35/1 279/1 280/1 281/1 
f 35/1 282/1 283/1 284/1 
f 35/1 281/1 285/1 282/1 
f 35/1 284/1 286/1 277/1 
f 36/1 287/1 288/1 289/1 
f 36/1 121/1 290/1 287/1 
f 36/1 289/1 291/1 292/1 
f 37/1 293/1 128/1 127/1 
f 37/1 127/1 131/1 294/1 
f 37/1 294/1 295/1 293/1 
f 38/1 296/1 297/1 298/1 
f 38/1 298/1 124/1 126/1 
f 38/1 126/1 177/1 299/1 
f 38/1 300/1 301/1 296/1 
f 39/1 302/1 303/1 186/1 
f 39/1 185/1 304/1 302/1 
f 40/1 305/1 306/1 307/1 
f 40/1 308/1 309/1 305/1 
f 40/1 310/1 311/1 312/1 
f 40/1 307/1 116/1 310/1 
f 41/1 313/1 314/1 315/1 
f 41/1 316/1 317/1 318/1 
f 41/1 318/1 319/1 320/1 
f 41/1 320/1 321/1 313/1 
f 42/1 322/1 323/1 324/1 
f 42/1 325/1 326/1 322/1 
f 42/1 324/1 327/1 325/1 
f 43/1 328/1 329/1 330/1 
f 43/1 331/1 332/1 328/1 
f 43/1 330/1 333/1 331/1 
f 44/1 334/1 88/1 335/1 
f 44/1 336/1 337/1 334/1 
f 44/1 338/1 339/1 336/1 
f 44/1 335/1 340/1 341/1 
f 44/1 341/1 342/1 338/1 
f 45/1 183/1 343/1 184/1 
f 343/1 344/1 345/1 184/1 
f 343/1 183/1 346/1 347/1 
f 343/1 347/1 348/1 344/1 
f 348/1 349/1 350/1 344/1 
f 348/1 347/1 351/1 352/1 
f 348/1 352/1 353/1 349/1 
f 353/1 354/1 355/1 349/1 
f 353/1 352/1 356/1 357/1 
f 353/1 357/1 358/1 354/1 
f 358/1 359/1 360/1 354/1 
f 358/1 357/1 361/1 362/1 
f 358/1 362/1 363/1 359/1 
f 363/1 364/1 365/1 359/1 
f 363/1 362/1 366/1 93/1 
f 363/1 93/1 92/1 364/1 
f 366/1 362/1 361/1 367/1 
f 366/1 367/1 368/1 369/1 
f 366/1 369/1 89/1 93/1 
f 369/1 368/1 222/1 370/1 
f 369/1 370/1 90/1 89/1 
f 370/1 222/1 221/1 371/1 
f 370/1 371/1 372/1 90/1 
f 372/1 371/1 373/1 374/1 
f 372/1 374/1 112/1 111/1 
f 372/1 111/1 91/1 90/1 
f 374/1 373/1 375/1 376/1 
f 374/1 376/1 377/1 112/1 
f 377/1 378/1 113/1 112/1 
f 377/1 376/1 268/1 267/1 
f 377/1 267/1 266/1 378/1 
f 378/1 310/1 116/1 113/1 
f 378/1 266/1 311/1 310/1 
f 376/1 375/1 379/1 268/1 
f 379/1 375/1 380/1 381/1 
f 379/1 381/1 382/1 190/1 
f 379/1 190/1 189/1 268/1 
f 382/1 381/1 383/1 384/1 
f 382/1 384/1 385/1 386/1 
f 382/1 386/1 191/1 190/1 
f 386/1 385/1 167/1 387/1 
f 386/1 387/1 197/1 191/1 
f 387/1 167/1 166/1 388/1 
f 387/1 388/1 389/1 197/1 
f 389/1 388/1 390/1 391/1 
f 389/1 391/1 392/1 393/1 
f 389/1 393/1 193/1 197/1 
f 393/1 392/1 394/1 395/1 
f 393/1 395/1 194/1 193/1 
f 395/1 394/1 396/1 397/1 
f 395/1 397/1 398/1 194/1 
f 398/1 399/1 195/1 194/1 
f 398/1 397/1 400/1 401/1 
f 398/1 401/1 402/1 399/1 
f 402/1 403/1 404/1 399/1 
f 402/1 401/1 405/1 406/1 
f 402/1 406/1 407/1 403/1 
f 407/1 408/1 409/1 403/1 
f 407/1 406/1 410/1 411/1 
f 407/1 411/1 412/1 408/1 
f 412/1 71/1 413/1 408/1 
f 412/1 411/1 414/1 415/1 
f 412/1 415/1 72/1 71/1 
f 415/1 414/1 416/1 417/1 
f 415/1 417/1 73/1 72/1 
f 417/1 416/1 418/1 419/1 
f 417/1 419/1 420/1 73/1 
f 420/1 421/1 74/1 73/1 
f 420/1 419/1 422/1 423/1 
f 420/1 423/1 424/1 421/1 
f 424/1 232/1 237/1 421/1 
f 424/1 423/1 425/1 426/1 
f 424/1 426/1 233/1 232/1 
f 426/1 425/1 427/1 428/1 
f 426/1 428/1 429/1 233/1 
f 429/1 430/1 234/1 233/1 
f 429/1 428/1 431/1 432/1 
f 429/1 432/1 433/1 430/1 
f 433/1 434/1 435/1 430/1 
f 433/1 432/1 436/1 437/1 
f 433/1 437/1 438/1 434/1 
f 438/1 437/1 439/1 164/1 
f 438/1 164/1 163/1 440/1 
f 438/1 440/1 441/1 434/1 
f 441/1 440/1 442/1 443/1 
f 441/1 443/1 444/1 445/1 
f 441/1 445/1 435/1 434/1 
f 445/1 444/1 446/1 447/1 
f 445/1 447/1 235/1 435/1 
f 447/1 446/1 448/1 449/1 
f 447/1 449/1 236/1 235/1 
f 449/1 448/1 70/1 75/1 
f 449/1 75/1 237/1 236/1 
f 448/1 446/1 450/1 413/1 
f 448/1 413/1 71/1 70/1 
f 450/1 446/1 444/1 451/1 
f 450/1 451/1 452/1 409/1 
f 450/1 409/1 408/1 413/1 
f 452/1 451/1 453/1 454/1 
f 452/1 454/1 196/1 404/1 
f 452/1 404/1 403/1 409/1 
f 454/1 453/1 455/1 456/1 
f 454/1 456/1 192/1 196/1 
f 456/1 455/1 457/1 458/1 
f 456/1 458/1 33/1 192/1 
f 458/1 457/1 459/1 460/1 
f 458/1 460/1 265/1 33/1 
f 460/1 459/1 461/1 462/1 
f 460/1 462/1 463/1 265/1 
f 463/1 462/1 464/1 465/1 
f 463/1 465/1 312/1 311/1 
f 463/1 311/1 266/1 265/1 
f 465/1 464/1 466/1 467/1 
f 465/1 467/1 468/1 312/1 
f 468/1 467/1 469/1 470/1 
f 468/1 470/1 471/1 308/1 
f 468/1 308/1 40/1 312/1 
f 471/1 470/1 472/1 473/1 
f 471/1 473/1 474/1 475/1 
f 471/1 475/1 309/1 308/1 
f 475/1 474/1 476/1 477/1 
f 475/1 477/1 478/1 309/1 
f 478/1 477/1 479/1 480/1 
f 478/1 480/1 481/1 482/1 
f 478/1 482/1 305/1 309/1 
f 482/1 481/1 483/1 484/1 
f 482/1 484/1 306/1 305/1 
f 484/1 483/1 485/1 486/1 
f 484/1 486/1 487/1 306/1 
f 487/1 486/1 488/1 489/1 
f 487/1 489/1 490/1 491/1 
f 487/1 491/1 307/1 306/1 
f 491/1 490/1 118/1 117/1 
f 491/1 117/1 116/1 307/1 
f 490/1 489/1 492/1 493/1 
f 490/1 493/1 494/1 118/1 
f 494/1 493/1 495/1 496/1 
f 494/1 496/1 497/1 498/1 
f 494/1 498/1 114/1 118/1 
f 498/1 497/1 499/1 500/1 
f 498/1 500/1 115/1 114/1 
f 500/1 499/1 501/1 365/1 
f 500/1 365/1 364/1 115/1 
f 501/1 499/1 502/1 503/1 
f 501/1 503/1 504/1 360/1 
f 501/1 360/1 359/1 365/1 
f 504/1 503/1 505/1 506/1 
f 504/1 506/1 507/1 355/1 
f 504/1 355/1 354/1 360/1 
f 507/1 506/1 508/1 509/1 
f 507/1 509/1 510/1 350/1 
f 507/1 350/1 349/1 355/1 
f 510/1 509/1 511/1 512/1 
f 510/1 512/1 304/1 345/1 
f 510/1 345/1 344/1 350/1 
f 512/1 511/1 513/1 514/1 
f 512/1 514/1 302/1 304/1 
f 514/1 513/1 515/1 516/1 
f 514/1 516/1 303/1 302/1 
f 516/1 515/1 517/1 518/1 
f 516/1 518/1 519/1 303/1 
f 519/1 518/1 520/1 521/1 
f 519/1 521/1 188/1 187/1 
f 519/1 187/1 186/1 303/1 
f 521/1 520/1 522/1 523/1 
f 521/1 523/1 524/1 188/1 
f 524/1 523/1 525/1 526/1 
f 524/1 526/1 527/1 528/1 
f 524/1 528/1 181/1 188/1 
f 528/1 527/1 529/1 530/1 
f 528/1 530/1 182/1 181/1 
f 530/1 529/1 531/1 346/1 
f 530/1 346/1 183/1 182/1 
f 531/1 529/1 532/1 533/1 
f 531/1 533/1 534/1 351/1 
f 531/1 351/1 347/1 346/1 
f 534/1 356/1 352/1 351/1 
f 534/1 533/1 535/1 536/1 
f 534/1 536/1 537/1 356/1 
f 537/1 361/1 357/1 356/1 
f 537/1 536/1 538/1 539/1 
f 537/1 539/1 367/1 361/1 
f 539/1 538/1 540/1 541/1 
f 539/1 541/1 368/1 367/1 
f 541/1 540/1 217/1 216/1 
f 541/1 216/1 222/1 368/1 
f 540/1 542/1 543/1 217/1 
f 540/1 538/1 544/1 542/1 
f 544/1 545/1 546/1 542/1 
f 544/1 538/1 536/1 535/1 
f 544/1 535/1 547/1 545/1 
f 547/1 548/1 549/1 545/1 
f 547/1 535/1 533/1 532/1 
f 547/1 532/1 550/1 548/1 
f 550/1 551/1 552/1 548/1 
f 550/1 532/1 529/1 527/1 
f 550/1 527/1 526/1 551/1 
f 552/1 553/1 554/1 555/1 
f 552/1 555/1 549/1 548/1 
f 552/1 551/1 556/1 553/1 
f 556/1 557/1 558/1 553/1 
f 556/1 551/1 526/1 525/1 
f 556/1 525/1 559/1 557/1 
f 559/1 560/1 561/1 557/1 
f 559/1 525/1 523/1 522/1 
f 559/1 522/1 562/1 560/1 
f 562/1 563/1 564/1 560/1 
f 562/1 522/1 520/1 565/1 
f 562/1 565/1 566/1 563/1 
f 566/1 567/1 568/1 563/1 
f 566/1 565/1 517/1 569/1 
f 566/1 569/1 570/1 567/1 
f 570/1 571/1 572/1 567/1 
f 570/1 569/1 573/1 574/1 
f 570/1 574/1 575/1 571/1 
f 575/1 576/1 577/1 571/1 
f 575/1 574/1 578/1 579/1 
f 575/1 579/1 580/1 576/1 
f 580/1 581/1 582/1 576/1 
f 580/1 579/1 583/1 584/1 
f 580/1 584/1 585/1 581/1 
f 585/1 586/1 587/1 581/1 
f 585/1 584/1 588/1 589/1 
f 585/1 589/1 590/1 586/1 
f 590/1 591/1 592/1 586/1 
f 590/1 589/1 593/1 594/1 
f 590/1 594/1 595/1 591/1 
f 595/1 596/1 597/1 591/1 
f 595/1 594/1 598/1 599/1 
f 595/1 599/1 600/1 596/1 
f 600/1 601/1 602/1 596/1 
f 600/1 599/1 603/1 604/1 
f 600/1 604/1 605/1 601/1 
f 605/1 606/1 607/1 601/1 
f 605/1 604/1 608/1 609/1 
f 605/1 609/1 610/1 606/1 
f 610/1 611/1 612/1 606/1 
f 610/1 609/1 613/1 614/1 
f 610/1 614/1 615/1 611/1 
f 615/1 616/1 617/1 611/1 
f 615/1 614/1 618/1 619/1 
f 615/1 619/1 620/1 616/1 
f 620/1 259/1 621/1 616/1 
f 620/1 619/1 622/1 623/1 
f 620/1 623/1 255/1 259/1 
f 623/1 622/1 624/1 625/1 
f 623/1 625/1 256/1 255/1 
f 625/1 624/1 626/1 65/1 
f 625/1 65/1 64/1 256/1 
f 626/1 627/1 628/1 629/1 
f 626/1 629/1 66/1 65/1 
f 626/1 624/1 630/1 627/1 
f 630/1 624/1 622/1 631/1 
f 630/1 631/1 483/1 481/1 
f 630/1 481/1 480/1 627/1 
f 631/1 622/1 619/1 618/1 
f 631/1 618/1 485/1 483/1 
f 629/1 628/1 632/1 633/1 
f 629/1 633/1 69/1 66/1 
f 633/1 632/1 634/1 635/1 
f 633/1 635/1 225/1 69/1 
f 635/1 634/1 636/1 226/1 
f 635/1 226/1 28/1 225/1 
f 636/1 637/1 638/1 639/1 
f 636/1 639/1 227/1 226/1 
f 636/1 634/1 640/1 637/1 
f 640/1 641/1 642/1 637/1 
f 640/1 634/1 632/1 643/1 
f 640/1 643/1 476/1 641/1 
f 643/1 632/1 628/1 479/1 
f 643/1 479/1 477/1 476/1 
f 642/1 644/1 290/1 645/1 
f 642/1 645/1 638/1 637/1 
f 642/1 641/1 646/1 644/1 
f 646/1 647/1 648/1 644/1 
f 646/1 641/1 476/1 474/1 
f 646/1 474/1 473/1 647/1 
f 648/1 649/1 288/1 287/1 
f 648/1 287/1 290/1 644/1 
f 648/1 647/1 650/1 649/1 
f 650/1 651/1 652/1 649/1 
f 650/1 647/1 473/1 472/1 
f 650/1 472/1 653/1 651/1 
f 653/1 654/1 655/1 651/1 
f 653/1 472/1 470/1 469/1 
f 653/1 469/1 656/1 654/1 
f 656/1 46/1 51/1 654/1 
f 656/1 469/1 467/1 466/1 
f 656/1 466/1 47/1 46/1 
f 655/1 657/1 658/1 659/1 
f 655/1 659/1 652/1 651/1 
f 655/1 654/1 51/1 657/1 
f 659/1 658/1 660/1 661/1 
f 659/1 661/1 662/1 652/1 
f 662/1 661/1 663/1 664/1 
f 662/1 664/1 289/1 288/1 
f 662/1 288/1 649/1 652/1 
f 664/1 663/1 665/1 666/1 
f 664/1 666/1 291/1 289/1 
f 666/1 665/1 422/1 667/1 
f 666/1 667/1 668/1 291/1 
f 668/1 667/1 418/1 669/1 
f 668/1 669/1 670/1 671/1 
f 668/1 671/1 292/1 291/1 
f 671/1 670/1 672/1 673/1 
f 671/1 673/1 674/1 292/1 
f 674/1 673/1 675/1 676/1 
f 674/1 676/1 123/1 122/1 
f 674/1 122/1 36/1 292/1 
f 676/1 675/1 677/1 678/1 
f 676/1 678/1 180/1 123/1 
f 678/1 677/1 679/1 680/1 
f 678/1 680/1 681/1 180/1 
f 681/1 680/1 682/1 683/1 
f 681/1 683/1 684/1 685/1 
f 681/1 685/1 178/1 180/1 
f 685/1 684/1 686/1 687/1 
f 685/1 687/1 179/1 178/1 
f 687/1 686/1 688/1 689/1 
f 687/1 689/1 690/1 179/1 
f 690/1 691/1 176/1 179/1 
f 690/1 689/1 692/1 693/1 
f 690/1 693/1 694/1 691/1 
f 694/1 695/1 696/1 691/1 
f 694/1 693/1 697/1 698/1 
f 694/1 698/1 699/1 695/1 
f 699/1 700/1 701/1 695/1 
f 699/1 698/1 702/1 703/1 
f 699/1 703/1 704/1 700/1 
f 704/1 705/1 706/1 700/1 
f 704/1 703/1 707/1 708/1 
f 704/1 708/1 709/1 705/1 
f 709/1 710/1 711/1 705/1 
f 709/1 708/1 712/1 713/1 
f 709/1 713/1 714/1 710/1 
f 714/1 715/1 716/1 710/1 
f 714/1 713/1 717/1 718/1 
f 714/1 718/1 719/1 715/1 
f 719/1 720/1 721/1 715/1 
f 719/1 718/1 722/1 723/1 
f 719/1 723/1 724/1 720/1 
f 724/1 725/1 726/1 720/1 
f 724/1 723/1 727/1 728/1 
f 724/1 728/1 729/1 725/1 
f 729/1 730/1 731/1 725/1 
f 729/1 728/1 100/1 99/1 
f 729/1 99/1 98/1 730/1 
f 731/1 730/1 732/1 733/1 
f 731/1 733/1 734/1 735/1 
f 731/1 735/1 726/1 725/1 
f 735/1 734/1 736/1 737/1 
f 735/1 737/1 738/1 726/1 
f 738/1 737/1 130/1 132/1 
f 738/1 132/1 739/1 721/1 
f 738/1 721/1 720/1 726/1 
f 739/1 132/1 129/1 740/1 
f 739/1 740/1 741/1 716/1 
f 739/1 716/1 715/1 721/1 
f 741/1 740/1 742/1 743/1 
f 741/1 743/1 744/1 711/1 
f 741/1 711/1 710/1 716/1 
f 744/1 743/1 745/1 746/1 
f 744/1 746/1 747/1 706/1 
f 744/1 706/1 705/1 711/1 
f 747/1 746/1 748/1 749/1 
f 747/1 749/1 750/1 701/1 
f 747/1 701/1 700/1 706/1 
f 750/1 749/1 751/1 299/1 
f 750/1 299/1 177/1 696/1 
f 750/1 696/1 695/1 701/1 
f 751/1 752/1 753/1 300/1 
f 751/1 300/1 38/1 299/1 
f 751/1 749/1 748/1 752/1 
f 753/1 754/1 755/1 756/1 
f 753/1 756/1 301/1 300/1 
f 753/1 752/1 757/1 754/1 
f 757/1 758/1 759/1 754/1 
f 757/1 752/1 748/1 760/1 
f 757/1 760/1 761/1 758/1 
f 761/1 295/1 762/1 758/1 
f 761/1 760/1 745/1 763/1 
f 761/1 763/1 293/1 295/1 
f 763/1 745/1 743/1 742/1 
f 763/1 742/1 128/1 293/1 
f 762/1 764/1 765/1 766/1 
f 762/1 766/1 759/1 758/1 
f 762/1 295/1 294/1 764/1 
f 766/1 765/1 767/1 768/1 
f 766/1 768/1 769/1 759/1 
f 769/1 768/1 770/1 771/1 
f 769/1 771/1 772/1 755/1 
f 769/1 755/1 754/1 759/1 
f 772/1 771/1 773/1 774/1 
f 772/1 774/1 775/1 776/1 
f 772/1 776/1 756/1 755/1 
f 776/1 775/1 777/1 778/1 
f 776/1 778/1 301/1 756/1 
f 778/1 777/1 779/1 780/1 
f 778/1 780/1 296/1 301/1 
f 780/1 779/1 781/1 782/1 
f 780/1 782/1 297/1 296/1 
f 782/1 781/1 783/1 784/1 
f 782/1 784/1 785/1 297/1 
f 785/1 784/1 786/1 787/1 
f 785/1 787/1 788/1 789/1 
f 785/1 789/1 298/1 297/1 
f 789/1 788/1 790/1 125/1 
f 789/1 125/1 124/1 298/1 
f 790/1 788/1 791/1 792/1 
f 790/1 792/1 793/1 794/1 
f 790/1 794/1 119/1 125/1 
f 794/1 795/1 120/1 119/1 
f 794/1 793/1 796/1 795/1 
f 796/1 793/1 797/1 798/1 
f 796/1 798/1 227/1 639/1 
f 796/1 639/1 638/1 795/1 
f 798/1 797/1 799/1 800/1 
f 798/1 800/1 228/1 227/1 
f 800/1 799/1 801/1 802/1 
f 800/1 802/1 229/1 228/1 
f 802/1 801/1 803/1 804/1 
f 802/1 804/1 805/1 229/1 
f 805/1 806/1 230/1 229/1 
f 805/1 804/1 272/1 271/1 
f 805/1 271/1 275/1 806/1 
f 806/1 807/1 231/1 230/1 
f 806/1 275/1 808/1 807/1 
f 808/1 809/1 810/1 807/1 
f 808/1 275/1 274/1 811/1 
f 808/1 811/1 812/1 809/1 
f 812/1 813/1 814/1 809/1 
f 812/1 811/1 815/1 816/1 
f 812/1 816/1 817/1 813/1 
f 817/1 220/1 818/1 813/1 
f 817/1 816/1 819/1 820/1 
f 817/1 820/1 27/1 220/1 
f 820/1 819/1 380/1 821/1 
f 820/1 821/1 221/1 27/1 
f 821/1 380/1 375/1 373/1 
f 821/1 373/1 371/1 221/1 
f 819/1 816/1 815/1 383/1 
f 819/1 383/1 381/1 380/1 
f 818/1 822/1 823/1 824/1 
f 818/1 824/1 814/1 813/1 
f 818/1 220/1 219/1 822/1 
f 824/1 823/1 825/1 826/1 
f 824/1 826/1 827/1 814/1 
f 827/1 826/1 828/1 829/1 
f 827/1 829/1 830/1 810/1 
f 827/1 810/1 809/1 814/1 
f 830/1 829/1 831/1 832/1 
f 830/1 832/1 223/1 231/1 
f 830/1 231/1 807/1 810/1 
f 832/1 831/1 260/1 833/1 
f 832/1 833/1 224/1 223/1 
f 833/1 260/1 257/1 68/1 
f 833/1 68/1 67/1 224/1 
f 831/1 834/1 261/1 260/1 
f 831/1 829/1 828/1 834/1 
f 834/1 835/1 262/1 261/1 
f 834/1 828/1 836/1 835/1 
f 836/1 837/1 838/1 835/1 
f 836/1 828/1 826/1 825/1 
f 836/1 825/1 839/1 837/1 
f 839/1 840/1 841/1 837/1 
f 839/1 825/1 823/1 842/1 
f 839/1 842/1 843/1 840/1 
f 843/1 844/1 845/1 840/1 
f 843/1 842/1 846/1 847/1 
f 843/1 847/1 848/1 844/1 
f 848/1 849/1 850/1 844/1 
f 848/1 847/1 851/1 852/1 
f 848/1 852/1 853/1 849/1 
f 853/1 854/1 855/1 849/1 
f 853/1 852/1 856/1 857/1 
f 853/1 857/1 286/1 854/1 
f 857/1 856/1 858/1 859/1 
f 857/1 859/1 277/1 286/1 
f 859/1 858/1 860/1 861/1 
f 859/1 861/1 278/1 277/1 
f 861/1 860/1 549/1 555/1 
f 861/1 555/1 554/1 278/1 
f 860/1 858/1 862/1 546/1 
f 860/1 546/1 545/1 549/1 
f 862/1 858/1 856/1 863/1 
f 862/1 863/1 864/1 543/1 
f 862/1 543/1 542/1 546/1 
f 864/1 863/1 851/1 865/1 
f 864/1 865/1 219/1 218/1 
f 864/1 218/1 217/1 543/1 
f 865/1 851/1 847/1 846/1 
f 865/1 846/1 822/1 219/1 
f 863/1 856/1 852/1 851/1 
f 855/1 866/1 867/1 868/1 
f 855/1 868/1 850/1 849/1 
f 855/1 854/1 869/1 866/1 
f 869/1 870/1 871/1 866/1 
f 869/1 854/1 286/1 284/1 
f 869/1 284/1 283/1 870/1 
f 871/1 872/1 873/1 874/1 
f 871/1 874/1 867/1 866/1 
f 871/1 870/1 875/1 872/1 
f 875/1 876/1 877/1 872/1 
f 875/1 870/1 283/1 878/1 
f 875/1 878/1 879/1 876/1 
f 879/1 213/1 210/1 876/1 
f 879/1 878/1 880/1 881/1 
f 879/1 881/1 882/1 213/1 
f 882/1 883/1 214/1 213/1 
f 882/1 881/1 884/1 885/1 
f 882/1 885/1 886/1 883/1 
f 886/1 887/1 159/1 883/1 
f 886/1 885/1 888/1 145/1 
f 886/1 145/1 144/1 887/1 
f 888/1 885/1 884/1 889/1 
f 888/1 889/1 890/1 238/1 
f 888/1 238/1 142/1 145/1 
f 890/1 889/1 891/1 892/1 
f 890/1 892/1 109/1 893/1 
f 890/1 893/1 239/1 238/1 
f 893/1 109/1 108/1 894/1 
f 893/1 894/1 244/1 239/1 
f 894/1 895/1 896/1 244/1 
f 894/1 108/1 110/1 895/1 
f 896/1 897/1 242/1 244/1 
f 896/1 895/1 318/1 317/1 
f 896/1 317/1 898/1 897/1 
f 898/1 899/1 900/1 897/1 
f 898/1 317/1 316/1 901/1 
f 898/1 901/1 902/1 899/1 
f 902/1 903/1 904/1 899/1 
f 902/1 901/1 905/1 906/1 
f 902/1 906/1 907/1 903/1 
f 907/1 175/1 908/1 903/1 
f 907/1 906/1 909/1 910/1 
f 907/1 910/1 172/1 175/1 
f 910/1 909/1 911/1 912/1 
f 910/1 912/1 173/1 172/1 
f 912/1 911/1 775/1 774/1 
f 912/1 774/1 773/1 173/1 
f 911/1 909/1 913/1 914/1 
f 911/1 914/1 777/1 775/1 
f 914/1 913/1 915/1 916/1 
f 914/1 916/1 779/1 777/1 
f 916/1 915/1 917/1 918/1 
f 916/1 918/1 781/1 779/1 
f 918/1 917/1 919/1 920/1 
f 918/1 920/1 783/1 781/1 
f 920/1 919/1 921/1 922/1 
f 920/1 922/1 923/1 783/1 
f 923/1 922/1 924/1 925/1 
f 923/1 925/1 926/1 786/1 
f 923/1 786/1 784/1 783/1 
f 926/1 925/1 927/1 252/1 
f 926/1 252/1 250/1 928/1 
f 926/1 928/1 787/1 786/1 
f 928/1 250/1 249/1 791/1 
f 928/1 791/1 788/1 787/1 
f 927/1 925/1 924/1 929/1 
f 927/1 929/1 77/1 930/1 
f 927/1 930/1 253/1 252/1 
f 930/1 77/1 76/1 931/1 
f 930/1 931/1 254/1 253/1 
f 931/1 76/1 80/1 932/1 
f 931/1 932/1 933/1 254/1 
f 933/1 932/1 206/1 934/1 
f 933/1 934/1 935/1 936/1 
f 933/1 936/1 245/1 254/1 
f 936/1 935/1 937/1 938/1 
f 936/1 938/1 246/1 245/1 
f 938/1 937/1 874/1 873/1 
f 938/1 873/1 939/1 246/1 
f 939/1 940/1 247/1 246/1 
f 939/1 873/1 872/1 877/1 
f 939/1 877/1 209/1 940/1 
f 940/1 941/1 251/1 247/1 
f 940/1 209/1 208/1 941/1 
f 941/1 942/1 943/1 251/1 
f 941/1 208/1 212/1 942/1 
f 943/1 801/1 799/1 944/1 
f 943/1 944/1 248/1 251/1 
f 943/1 942/1 803/1 801/1 
f 944/1 799/1 797/1 945/1 
f 944/1 945/1 249/1 248/1 
f 945/1 797/1 793/1 792/1 
f 945/1 792/1 791/1 249/1 
f 942/1 212/1 946/1 803/1 
f 946/1 272/1 804/1 803/1 
f 946/1 212/1 211/1 947/1 
f 946/1 947/1 269/1 272/1 
f 947/1 211/1 215/1 948/1 
f 947/1 948/1 270/1 269/1 
f 948/1 215/1 339/1 338/1 
f 948/1 338/1 342/1 270/1 
f 937/1 935/1 949/1 950/1 
f 937/1 950/1 867/1 874/1 
f 950/1 949/1 951/1 952/1 
f 950/1 952/1 868/1 867/1 
f 952/1 951/1 953/1 954/1 
f 952/1 954/1 850/1 868/1 
f 954/1 953/1 955/1 845/1 
f 954/1 845/1 844/1 850/1 
f 955/1 953/1 956/1 957/1 
f 955/1 957/1 958/1 841/1 
f 955/1 841/1 840/1 845/1 
f 958/1 957/1 959/1 960/1 
f 958/1 960/1 961/1 838/1 
f 958/1 838/1 837/1 841/1 
f 961/1 960/1 962/1 963/1 
f 961/1 963/1 263/1 262/1 
f 961/1 262/1 835/1 838/1 
f 963/1 962/1 964/1 965/1 
f 963/1 965/1 264/1 263/1 
f 965/1 964/1 966/1 967/1 
f 965/1 967/1 968/1 264/1 
f 968/1 967/1 969/1 970/1 
f 968/1 970/1 971/1 972/1 
f 968/1 972/1 258/1 264/1 
f 972/1 971/1 973/1 621/1 
f 972/1 621/1 259/1 258/1 
f 973/1 971/1 974/1 975/1 
f 973/1 975/1 976/1 617/1 
f 973/1 617/1 616/1 621/1 
f 976/1 975/1 977/1 978/1 
f 976/1 978/1 979/1 612/1 
f 976/1 612/1 611/1 617/1 
f 979/1 978/1 980/1 981/1 
f 979/1 981/1 982/1 607/1 
f 979/1 607/1 606/1 612/1 
f 982/1 981/1 983/1 984/1 
f 982/1 984/1 985/1 602/1 
f 982/1 602/1 601/1 607/1 
f 985/1 984/1 986/1 987/1 
f 985/1 987/1 988/1 597/1 
f 985/1 597/1 596/1 602/1 
f 988/1 987/1 989/1 990/1 
f 988/1 990/1 991/1 592/1 
f 988/1 592/1 591/1 597/1 
f 991/1 990/1 992/1 993/1 
f 991/1 993/1 994/1 587/1 
f 991/1 587/1 586/1 592/1 
f 994/1 993/1 995/1 996/1 
f 994/1 996/1 997/1 582/1 
f 994/1 582/1 581/1 587/1 
f 997/1 996/1 998/1 999/1 
f 997/1 999/1 1000/1 577/1 
f 997/1 577/1 576/1 582/1 
f 1000/1 999/1 1001/1 1002/1 
f 1000/1 1002/1 1003/1 572/1 
f 1000/1 572/1 571/1 577/1 
f 1003/1 1002/1 1004/1 1005/1 
f 1003/1 1005/1 1006/1 568/1 
f 1003/1 568/1 567/1 572/1 
f 1006/1 1005/1 1007/1 1008/1 
f 1006/1 1008/1 1009/1 564/1 
f 1006/1 564/1 563/1 568/1 
f 1009/1 1008/1 1010/1 1011/1 
f 1009/1 1011/1 1012/1 561/1 
f 1009/1 561/1 560/1 564/1 
f 1012/1 1011/1 1013/1 1014/1 
f 1012/1 1014/1 1015/1 558/1 
f 1012/1 558/1 557/1 561/1 
f 1015/1 1014/1 280/1 279/1 
f 1015/1 279/1 278/1 554/1 
f 1015/1 554/1 553/1 558/1 
f 1014/1 1013/1 1016/1 280/1 
f 1016/1 1017/1 1018/1 1019/1 
f 1016/1 1019/1 281/1 280/1 
f 1016/1 1013/1 1020/1 1017/1 
f 1020/1 134/1 133/1 1017/1 
f 1020/1 1013/1 1011/1 1010/1 
f 1020/1 1010/1 1021/1 134/1 
f 1021/1 1022/1 135/1 134/1 
f 1021/1 1010/1 1008/1 1007/1 
f 1021/1 1007/1 1023/1 1022/1 
f 1023/1 1024/1 1025/1 1022/1 
f 1023/1 1007/1 1005/1 1004/1 
f 1023/1 1004/1 1026/1 1024/1 
f 1026/1 1027/1 1028/1 1024/1 
f 1026/1 1004/1 1002/1 1001/1 
f 1026/1 1001/1 1029/1 1027/1 
f 1029/1 1030/1 1031/1 1027/1 
f 1029/1 1001/1 999/1 998/1 
f 1029/1 998/1 1032/1 1030/1 
f 1032/1 1033/1 1034/1 1030/1 
f 1032/1 998/1 996/1 995/1 
f 1032/1 995/1 1035/1 1033/1 
f 1035/1 1036/1 1037/1 1033/1 
f 1035/1 995/1 993/1 992/1 
f 1035/1 992/1 1038/1 1036/1 
f 1038/1 1039/1 1040/1 1036/1 
f 1038/1 992/1 990/1 989/1 
f 1038/1 989/1 1041/1 1039/1 
f 1041/1 1042/1 1043/1 1039/1 
f 1041/1 989/1 987/1 986/1 
f 1041/1 986/1 1044/1 1042/1 
f 1044/1 1045/1 1046/1 1042/1 
f 1044/1 986/1 984/1 983/1 
f 1044/1 983/1 1047/1 1045/1 
f 1047/1 1048/1 1049/1 1045/1 
f 1047/1 983/1 981/1 980/1 
f 1047/1 980/1 1050/1 1048/1 
f 1050/1 1051/1 1052/1 1048/1 
f 1050/1 980/1 978/1 977/1 
f 1050/1 977/1 1053/1 1051/1 
f 1053/1 1054/1 1055/1 1051/1 
f 1053/1 977/1 975/1 974/1 
f 1053/1 974/1 1056/1 1054/1 
f 1056/1 1057/1 1058/1 1054/1 
f 1056/1 974/1 971/1 970/1 
f 1056/1 970/1 969/1 1057/1 
f 1058/1 1059/1 1060/1 1061/1 
f 1058/1 1061/1 1055/1 1054/1 
f 1058/1 1057/1 1062/1 1059/1 
f 1062/1 1063/1 1064/1 1059/1 
f 1062/1 1057/1 969/1 1065/1 
f 1062/1 1065/1 1066/1 1063/1 
f 1066/1 1067/1 1068/1 1063/1 
f 1066/1 1065/1 966/1 1069/1 
f 1066/1 1069/1 1070/1 1067/1 
f 1070/1 1071/1 1072/1 1067/1 
f 1070/1 1069/1 1073/1 1074/1 
f 1070/1 1074/1 201/1 1071/1 
f 1074/1 1073/1 1075/1 1076/1 
f 1074/1 1076/1 202/1 201/1 
f 1076/1 1075/1 959/1 1077/1 
f 1076/1 1077/1 207/1 202/1 
f 1077/1 959/1 957/1 956/1 
f 1077/1 956/1 1078/1 207/1 
f 1078/1 1079/1 205/1 207/1 
f 1078/1 956/1 953/1 951/1 
f 1078/1 951/1 949/1 1079/1 
f 1079/1 934/1 206/1 205/1 
f 1079/1 949/1 935/1 934/1 
f 1075/1 1073/1 964/1 962/1 
f 1075/1 962/1 960/1 959/1 
f 1073/1 1069/1 966/1 964/1 
f 1072/1 1071/1 1080/1 1081/1 
f 1072/1 1081/1 1082/1 1083/1 
f 1072/1 1083/1 1068/1 1067/1 
f 1083/1 1082/1 1084/1 1085/1 
f 1083/1 1085/1 1086/1 1068/1 
f 1086/1 1085/1 1087/1 1088/1 
f 1086/1 1088/1 1089/1 1064/1 
f 1086/1 1064/1 1063/1 1068/1 
f 1089/1 1088/1 333/1 327/1 
f 1089/1 327/1 324/1 1060/1 
f 1089/1 1060/1 1059/1 1064/1 
f 1088/1 1087/1 331/1 333/1 
f 1087/1 1085/1 1084/1 1090/1 
f 1087/1 1090/1 332/1 331/1 
f 1090/1 1084/1 1091/1 1092/1 
f 1090/1 1092/1 1093/1 332/1 
f 1093/1 1092/1 1094/1 1095/1 
f 1093/1 1095/1 1096/1 1097/1 
f 1093/1 1097/1 328/1 332/1 
f 1097/1 1096/1 1098/1 1099/1 
f 1097/1 1099/1 329/1 328/1 
f 1099/1 1098/1 1100/1 1101/1 
f 1099/1 1101/1 326/1 329/1 
f 1101/1 1100/1 1102/1 1103/1 
f 1101/1 1103/1 322/1 326/1 
f 1103/1 1102/1 1052/1 1104/1 
f 1103/1 1104/1 323/1 322/1 
f 1104/1 1052/1 1051/1 1055/1 
f 1104/1 1055/1 1061/1 323/1 
f 1102/1 1100/1 1105/1 1049/1 
f 1102/1 1049/1 1048/1 1052/1 
f 1105/1 1100/1 1098/1 1106/1 
f 1105/1 1106/1 1107/1 1046/1 
f 1105/1 1046/1 1045/1 1049/1 
f 1107/1 1106/1 1108/1 1109/1 
f 1107/1 1109/1 1110/1 1043/1 
f 1107/1 1043/1 1042/1 1046/1 
f 1110/1 1109/1 1111/1 1112/1 
f 1110/1 1112/1 1113/1 1040/1 
f 1110/1 1040/1 1039/1 1043/1 
f 1113/1 1112/1 1114/1 1115/1 
f 1113/1 1115/1 1116/1 1037/1 
f 1113/1 1037/1 1036/1 1040/1 
f 1116/1 1115/1 1117/1 1118/1 
f 1116/1 1118/1 1119/1 1034/1 
f 1116/1 1034/1 1033/1 1037/1 
f 1119/1 1118/1 1120/1 1121/1 
f 1119/1 1121/1 1122/1 1031/1 
f 1119/1 1031/1 1030/1 1034/1 
f 1122/1 1121/1 1123/1 1124/1 
f 1122/1 1124/1 1125/1 1028/1 
f 1122/1 1028/1 1027/1 1031/1 
f 1125/1 1124/1 106/1 105/1 
f 1125/1 105/1 104/1 1025/1 
f 1125/1 1025/1 1024/1 1028/1 
f 1124/1 1123/1 1126/1 106/1 
f 1126/1 1127/1 1128/1 1129/1 
f 1126/1 1129/1 107/1 106/1 
f 1126/1 1123/1 1130/1 1127/1 
f 1130/1 1131/1 1132/1 1127/1 
f 1130/1 1123/1 1121/1 1120/1 
f 1130/1 1120/1 1133/1 1131/1 
f 1133/1 1134/1 1135/1 1131/1 
f 1133/1 1120/1 1118/1 1117/1 
f 1133/1 1117/1 1136/1 1134/1 
f 1136/1 1137/1 1138/1 1134/1 
f 1136/1 1117/1 1115/1 1114/1 
f 1136/1 1114/1 1139/1 1137/1 
f 1139/1 1140/1 1141/1 1137/1 
f 1139/1 1114/1 1112/1 1111/1 
f 1139/1 1111/1 1142/1 1140/1 
f 1142/1 1095/1 1094/1 1140/1 
f 1142/1 1111/1 1109/1 1108/1 
f 1142/1 1108/1 1096/1 1095/1 
f 1141/1 1143/1 1144/1 1145/1 
f 1141/1 1145/1 1138/1 1137/1 
f 1141/1 1140/1 1094/1 1143/1 
f 1145/1 1144/1 1146/1 1147/1 
f 1145/1 1147/1 1148/1 1138/1 
f 1148/1 1147/1 1149/1 1150/1 
f 1148/1 1150/1 1151/1 1135/1 
f 1148/1 1135/1 1134/1 1138/1 
f 1151/1 1150/1 1152/1 1153/1 
f 1151/1 1153/1 1154/1 1132/1 
f 1151/1 1132/1 1131/1 1135/1 
f 1154/1 1153/1 1155/1 321/1 
f 1154/1 321/1 320/1 1128/1 
f 1154/1 1128/1 1127/1 1132/1 
f 1155/1 1156/1 1157/1 1158/1 
f 1155/1 1158/1 313/1 321/1 
f 1155/1 1153/1 1152/1 1156/1 
f 1158/1 1157/1 1159/1 1160/1 
f 1158/1 1160/1 314/1 313/1 
f 1160/1 1159/1 1161/1 921/1 
f 1160/1 921/1 919/1 314/1 
f 1161/1 1159/1 1162/1 1163/1 
f 1161/1 1163/1 929/1 924/1 
f 1161/1 924/1 922/1 921/1 
f 1163/1 1162/1 81/1 78/1 
f 1163/1 78/1 77/1 929/1 
f 1162/1 1159/1 1157/1 1164/1 
f 1162/1 1164/1 1165/1 81/1 
f 1165/1 204/1 79/1 81/1 
f 1165/1 1164/1 1166/1 1167/1 
f 1165/1 1167/1 198/1 204/1 
f 1167/1 1166/1 1168/1 1169/1 
f 1167/1 1169/1 199/1 198/1 
f 1169/1 1168/1 1149/1 1170/1 
f 1169/1 1170/1 1171/1 199/1 
f 1171/1 1080/1 200/1 199/1 
f 1171/1 1170/1 1146/1 1172/1 
f 1171/1 1172/1 1081/1 1080/1 
f 1172/1 1146/1 1144/1 1173/1 
f 1172/1 1173/1 1082/1 1081/1 
f 1173/1 1144/1 1143/1 1091/1 
f 1173/1 1091/1 1084/1 1082/1 
f 1170/1 1149/1 1147/1 1146/1 
f 1168/1 1166/1 1156/1 1152/1 
f 1168/1 1152/1 1150/1 1149/1 
f 1166/1 1164/1 1157/1 1156/1 
f 1143/1 1094/1 1092/1 1091/1 
f 1129/1 1128/1 320/1 319/1 
f 1129/1 319/1 110/1 107/1 
f 1108/1 1106/1 1098/1 1096/1 
f 1080/1 1071/1 201/1 200/1 
f 1065/1 969/1 967/1 966/1 
f 1061/1 1060/1 324/1 323/1 
f 1025/1 104/1 135/1 1022/1 
f 1019/1 1174/1 285/1 281/1 
f 1019/1 1018/1 1175/1 1174/1 
f 1175/1 892/1 891/1 1174/1 
f 1175/1 1018/1 102/1 101/1 
f 1175/1 101/1 109/1 892/1 
f 1174/1 891/1 1176/1 285/1 
f 1176/1 884/1 881/1 880/1 
f 1176/1 880/1 282/1 285/1 
f 1176/1 891/1 889/1 884/1 
f 1018/1 1017/1 133/1 102/1 
f 932/1 80/1 203/1 206/1 
f 919/1 917/1 315/1 314/1 
f 917/1 915/1 1177/1 315/1 
f 1177/1 905/1 901/1 316/1 
f 1177/1 316/1 41/1 315/1 
f 1177/1 915/1 913/1 905/1 
f 913/1 909/1 906/1 905/1 
f 908/1 1178/1 1179/1 1180/1 
f 908/1 1180/1 904/1 903/1 
f 908/1 175/1 174/1 1178/1 
f 1180/1 1179/1 97/1 96/1 
f 1180/1 96/1 1181/1 904/1 
f 1181/1 96/1 95/1 1182/1 
f 1181/1 1182/1 243/1 900/1 
f 1181/1 900/1 899/1 904/1 
f 1182/1 95/1 100/1 1183/1 
f 1182/1 1183/1 240/1 243/1 
f 1183/1 100/1 728/1 727/1 
f 1183/1 727/1 241/1 240/1 
f 1179/1 1184/1 98/1 97/1 
f 1179/1 1178/1 1185/1 1184/1 
f 1185/1 1178/1 174/1 1186/1 
f 1185/1 1186/1 770/1 1187/1 
f 1185/1 1187/1 732/1 1184/1 
f 1187/1 770/1 768/1 767/1 
f 1187/1 767/1 733/1 732/1 
f 1186/1 174/1 173/1 773/1 
f 1186/1 773/1 771/1 770/1 
f 1184/1 732/1 730/1 98/1 
f 900/1 243/1 242/1 897/1 
f 895/1 110/1 319/1 318/1 
f 887/1 1188/1 157/1 159/1 
f 887/1 144/1 1189/1 1188/1 
f 1189/1 144/1 16/1 1190/1 
f 1189/1 1190/1 1191/1 1192/1 
f 1189/1 1192/1 1193/1 1188/1 
f 1193/1 1192/1 1194/1 337/1 
f 1193/1 337/1 336/1 158/1 
f 1193/1 158/1 157/1 1188/1 
f 1194/1 1192/1 1191/1 1195/1 
f 1194/1 1195/1 1196/1 1197/1 
f 1194/1 1197/1 334/1 337/1 
f 1197/1 1196/1 86/1 85/1 
f 1197/1 85/1 88/1 334/1 
f 1196/1 1195/1 1198/1 1199/1 
f 1196/1 1199/1 1200/1 86/1 
f 1200/1 1199/1 1201/1 1202/1 
f 1200/1 1202/1 1203/1 1204/1 
f 1200/1 1204/1 87/1 86/1 
f 1204/1 1203/1 1205/1 1206/1 
f 1204/1 1206/1 1207/1 87/1 
f 1207/1 1206/1 1208/1 1209/1 
f 1207/1 1209/1 1210/1 1211/1 
f 1207/1 1211/1 7/1 87/1 
f 1211/1 1210/1 1212/1 1213/1 
f 1211/1 1213/1 82/1 7/1 
f 1213/1 1212/1 1214/1 1215/1 
f 1213/1 1215/1 1216/1 82/1 
f 1216/1 1217/1 83/1 82/1 
f 1216/1 1215/1 1218/1 1219/1 
f 1216/1 1219/1 1220/1 1217/1 
f 1220/1 1221/1 1222/1 1217/1 
f 1220/1 1219/1 1223/1 1224/1 
f 1220/1 1224/1 1225/1 1221/1 
f 1225/1 1226/1 1227/1 1221/1 
f 1225/1 1224/1 1228/1 1229/1 
f 1225/1 1229/1 1230/1 1226/1 
f 1230/1 1231/1 1232/1 1226/1 
f 1230/1 1229/1 1233/1 1234/1 
f 1230/1 1234/1 1235/1 1231/1 
f 1235/1 1236/1 1237/1 1231/1 
f 1235/1 1234/1 1238/1 1239/1 
f 1235/1 1239/1 1240/1 1236/1 
f 1240/1 1241/1 1242/1 1236/1 
f 1240/1 1239/1 1243/1 1244/1 
f 1240/1 1244/1 1245/1 1241/1 
f 1245/1 1246/1 1247/1 1241/1 
f 1245/1 1244/1 672/1 670/1 
f 1245/1 670/1 669/1 1246/1 
f 1247/1 414/1 411/1 410/1 
f 1247/1 410/1 1242/1 1241/1 
f 1247/1 1246/1 416/1 414/1 
f 1246/1 669/1 418/1 416/1 
f 1244/1 1243/1 1248/1 672/1 
f 1248/1 1243/1 1249/1 1250/1 
f 1248/1 1250/1 677/1 675/1 
f 1248/1 675/1 673/1 672/1 
f 1250/1 1249/1 1251/1 1252/1 
f 1250/1 1252/1 679/1 677/1 
f 1252/1 1251/1 1253/1 1254/1 
f 1252/1 1254/1 1255/1 679/1 
f 1255/1 1254/1 1256/1 1257/1 
f 1255/1 1257/1 1258/1 682/1 
f 1255/1 682/1 680/1 679/1 
f 1258/1 1257/1 1259/1 1260/1 
f 1258/1 1260/1 1261/1 1262/1 
f 1258/1 1262/1 683/1 682/1 
f 1262/1 1261/1 1263/1 1264/1 
f 1262/1 1264/1 684/1 683/1 
f 1264/1 1263/1 1265/1 1266/1 
f 1264/1 1266/1 686/1 684/1 
f 1266/1 1265/1 1267/1 1268/1 
f 1266/1 1268/1 688/1 686/1 
f 1268/1 1267/1 1269/1 1270/1 
f 1268/1 1270/1 1271/1 688/1 
f 1271/1 692/1 689/1 688/1 
f 1271/1 1270/1 1272/1 1273/1 
f 1271/1 1273/1 1274/1 692/1 
f 1274/1 697/1 693/1 692/1 
f 1274/1 1273/1 1275/1 1276/1 
f 1274/1 1276/1 1277/1 697/1 
f 1277/1 702/1 698/1 697/1 
f 1277/1 1276/1 1278/1 1279/1 
f 1277/1 1279/1 1280/1 702/1 
f 1280/1 707/1 703/1 702/1 
f 1280/1 1279/1 1281/1 1282/1 
f 1280/1 1282/1 1283/1 707/1 
f 1283/1 712/1 708/1 707/1 
f 1283/1 1282/1 1284/1 1285/1 
f 1283/1 1285/1 1286/1 712/1 
f 1286/1 717/1 713/1 712/1 
f 1286/1 1285/1 1287/1 147/1 
f 1286/1 147/1 146/1 717/1 
f 1287/1 1285/1 1284/1 1288/1 
f 1287/1 1288/1 1191/1 1190/1 
f 1287/1 1190/1 16/1 147/1 
f 1288/1 1284/1 1289/1 1198/1 
f 1288/1 1198/1 1195/1 1191/1 
f 1289/1 1284/1 1282/1 1281/1 
f 1289/1 1281/1 1290/1 1201/1 
f 1289/1 1201/1 1199/1 1198/1 
f 1290/1 1281/1 1279/1 1278/1 
f 1290/1 1278/1 1291/1 1292/1 
f 1290/1 1292/1 1202/1 1201/1 
f 1292/1 1291/1 1293/1 1294/1 
f 1292/1 1294/1 1203/1 1202/1 
f 1294/1 1293/1 1295/1 1296/1 
f 1294/1 1296/1 1205/1 1203/1 
f 1296/1 1295/1 1297/1 1298/1 
f 1296/1 1298/1 1299/1 1205/1 
f 1299/1 1298/1 1300/1 1301/1 
f 1299/1 1301/1 1302/1 1208/1 
f 1299/1 1208/1 1206/1 1205/1 
f 1302/1 1301/1 1303/1 1304/1 
f 1302/1 1304/1 1305/1 1306/1 
f 1302/1 1306/1 1209/1 1208/1 
f 1306/1 1305/1 1307/1 1308/1 
f 1306/1 1308/1 1210/1 1209/1 
f 1308/1 1307/1 1309/1 1310/1 
f 1308/1 1310/1 1212/1 1210/1 
f 1310/1 1309/1 1311/1 1312/1 
f 1310/1 1312/1 1214/1 1212/1 
f 1312/1 1311/1 1313/1 1314/1 
f 1312/1 1314/1 1315/1 1214/1 
f 1315/1 1218/1 1215/1 1214/1 
f 1315/1 1314/1 1316/1 1317/1 
f 1315/1 1317/1 1318/1 1218/1 
f 1318/1 1223/1 1219/1 1218/1 
f 1318/1 1317/1 1319/1 1320/1 
f 1318/1 1320/1 1321/1 1223/1 
f 1321/1 1228/1 1224/1 1223/1 
f 1321/1 1320/1 1322/1 1323/1 
f 1321/1 1323/1 1324/1 1228/1 
f 1324/1 1233/1 1229/1 1228/1 
f 1324/1 1323/1 1325/1 1326/1 
f 1324/1 1326/1 1327/1 1233/1 
f 1327/1 1238/1 1234/1 1233/1 
f 1327/1 1326/1 1253/1 1251/1 
f 1327/1 1251/1 1249/1 1238/1 
f 1326/1 1325/1 1328/1 1253/1 
f 1328/1 1325/1 1329/1 1330/1 
f 1328/1 1330/1 1331/1 1256/1 
f 1328/1 1256/1 1254/1 1253/1 
f 1331/1 1330/1 1332/1 1333/1 
f 1331/1 1333/1 1334/1 1259/1 
f 1331/1 1259/1 1257/1 1256/1 
f 1334/1 1333/1 1335/1 1336/1 
f 1334/1 1336/1 1337/1 1338/1 
f 1334/1 1338/1 1260/1 1259/1 
f 1338/1 1337/1 1339/1 1340/1 
f 1338/1 1340/1 1261/1 1260/1 
f 1340/1 1339/1 1341/1 1342/1 
f 1340/1 1342/1 1263/1 1261/1 
f 1342/1 1341/1 1343/1 1344/1 
f 1342/1 1344/1 1265/1 1263/1 
f 1344/1 1343/1 1345/1 1346/1 
f 1344/1 1346/1 1267/1 1265/1 
f 1346/1 1345/1 1347/1 1348/1 
f 1346/1 1348/1 1269/1 1267/1 
f 1348/1 1347/1 1349/1 1350/1 
f 1348/1 1350/1 1351/1 1269/1 
f 1351/1 1272/1 1270/1 1269/1 
f 1351/1 1350/1 1352/1 1353/1 
f 1351/1 1353/1 1354/1 1272/1 
f 1354/1 1275/1 1273/1 1272/1 
f 1354/1 1353/1 1295/1 1293/1 
f 1354/1 1293/1 1291/1 1275/1 
f 1353/1 1352/1 1297/1 1295/1 
f 1352/1 1350/1 1349/1 1355/1 
f 1352/1 1355/1 1356/1 1297/1 
f 1356/1 1355/1 1357/1 1358/1 
f 1356/1 1358/1 1359/1 1300/1 
f 1356/1 1300/1 1298/1 1297/1 
f 1359/1 1358/1 1360/1 1361/1 
f 1359/1 1361/1 1362/1 1303/1 
f 1359/1 1303/1 1301/1 1300/1 
f 1362/1 1361/1 1363/1 1364/1 
f 1362/1 1364/1 1365/1 1366/1 
f 1362/1 1366/1 1304/1 1303/1 
f 1366/1 1365/1 52/1 56/1 
f 1366/1 56/1 1305/1 1304/1 
f 1365/1 1364/1 1367/1 1368/1 
f 1365/1 1368/1 53/1 52/1 
f 1368/1 1367/1 1369/1 1370/1 
f 1368/1 1370/1 1371/1 53/1 
f 1371/1 1372/1 54/1 53/1 
f 1371/1 1370/1 1373/1 1374/1 
f 1371/1 1374/1 1375/1 1372/1 
f 1375/1 1376/1 1377/1 1372/1 
f 1375/1 1374/1 1378/1 1379/1 
f 1375/1 1379/1 1380/1 1376/1 
f 1380/1 1381/1 1313/1 1376/1 
f 1380/1 1379/1 1382/1 1383/1 
f 1380/1 1383/1 1384/1 1381/1 
f 1384/1 1385/1 1316/1 1381/1 
f 1384/1 1383/1 1386/1 1387/1 
f 1384/1 1387/1 1388/1 1385/1 
f 1388/1 1389/1 1319/1 1385/1 
f 1388/1 1387/1 1390/1 1391/1 
f 1388/1 1391/1 1392/1 1389/1 
f 1392/1 1329/1 1322/1 1389/1 
f 1392/1 1391/1 1393/1 1332/1 
f 1392/1 1332/1 1330/1 1329/1 
f 1393/1 1391/1 1390/1 1394/1 
f 1393/1 1394/1 1395/1 1335/1 
f 1393/1 1335/1 1333/1 1332/1 
f 1395/1 1394/1 60/1 59/1 
f 1395/1 59/1 1396/1 1397/1 
f 1395/1 1397/1 1336/1 1335/1 
f 1397/1 1396/1 1398/1 1399/1 
f 1397/1 1399/1 1337/1 1336/1 
f 1399/1 1398/1 1400/1 1401/1 
f 1399/1 1401/1 1339/1 1337/1 
f 1401/1 1400/1 1402/1 1403/1 
f 1401/1 1403/1 1341/1 1339/1 
f 1403/1 1402/1 1404/1 1405/1 
f 1403/1 1405/1 1343/1 1341/1 
f 1405/1 1404/1 1406/1 1407/1 
f 1405/1 1407/1 1345/1 1343/1 
f 1407/1 1406/1 152/1 1408/1 
f 1407/1 1408/1 1347/1 1345/1 
f 1408/1 152/1 151/1 1409/1 
f 1408/1 1409/1 1349/1 1347/1 
f 1409/1 151/1 153/1 1357/1 
f 1409/1 1357/1 1355/1 1349/1 
f 1406/1 1404/1 1410/1 1411/1 
f 1406/1 1411/1 148/1 152/1 
f 1411/1 1410/1 1412/1 1413/1 
f 1411/1 1413/1 149/1 148/1 
f 1413/1 1412/1 1414/1 1415/1 
f 1413/1 1415/1 1416/1 149/1 
f 1416/1 1417/1 150/1 149/1 
f 1416/1 1415/1 1418/1 1419/1 
f 1416/1 1419/1 1363/1 1417/1 
f 1419/1 1418/1 1369/1 1367/1 
f 1419/1 1367/1 1364/1 1363/1 
f 1418/1 1415/1 1414/1 1420/1 
f 1418/1 1420/1 1421/1 1369/1 
f 1421/1 1420/1 138/1 137/1 
f 1421/1 137/1 1422/1 1373/1 
f 1421/1 1373/1 1370/1 1369/1 
f 1422/1 1378/1 1374/1 1373/1 
f 1422/1 137/1 136/1 1423/1 
f 1422/1 1423/1 1424/1 1378/1 
f 1424/1 1382/1 1379/1 1378/1 
f 1424/1 1423/1 1425/1 1426/1 
f 1424/1 1426/1 1427/1 1382/1 
f 1427/1 1386/1 1383/1 1382/1 
f 1427/1 1426/1 62/1 61/1 
f 1427/1 61/1 63/1 1386/1 
f 1426/1 1425/1 1428/1 62/1 
f 1428/1 1429/1 58/1 62/1 
f 1428/1 1425/1 141/1 1430/1 
f 1428/1 1430/1 1431/1 1429/1 
f 1431/1 1398/1 1396/1 1429/1 
f 1431/1 1430/1 1432/1 1433/1 
f 1431/1 1433/1 1400/1 1398/1 
f 1433/1 1432/1 1434/1 1435/1 
f 1433/1 1435/1 1402/1 1400/1 
f 1435/1 1434/1 1412/1 1410/1 
f 1435/1 1410/1 1404/1 1402/1 
f 1434/1 1432/1 140/1 139/1 
f 1434/1 139/1 1414/1 1412/1 
f 1432/1 1430/1 141/1 140/1 
f 1429/1 1396/1 59/1 58/1 
f 1425/1 1423/1 136/1 141/1 
f 1420/1 1414/1 139/1 138/1 
f 1417/1 1360/1 153/1 150/1 
f 1417/1 1363/1 1361/1 1360/1 
f 1394/1 1390/1 63/1 60/1 
f 1390/1 1387/1 1386/1 63/1 
f 1389/1 1322/1 1320/1 1319/1 
f 1385/1 1319/1 1317/1 1316/1 
f 1381/1 1316/1 1314/1 1313/1 
f 1377/1 1311/1 1309/1 57/1 
f 1377/1 57/1 54/1 1372/1 
f 1377/1 1376/1 1313/1 1311/1 
f 1360/1 1358/1 1357/1 153/1 
f 1329/1 1325/1 1323/1 1322/1 
f 1309/1 1307/1 55/1 57/1 
f 1307/1 1305/1 56/1 55/1 
f 1291/1 1278/1 1276/1 1275/1 
f 1249/1 1243/1 1239/1 1238/1 
f 1242/1 410/1 406/1 405/1 
f 1242/1 405/1 1237/1 1236/1 
f 1237/1 405/1 401/1 400/1 
f 1237/1 400/1 1232/1 1231/1 
f 1232/1 400/1 397/1 396/1 
f 1232/1 396/1 1227/1 1226/1 
f 1227/1 396/1 394/1 1436/1 
f 1227/1 1436/1 1222/1 1221/1 
f 1436/1 394/1 392/1 1437/1 
f 1436/1 1437/1 1438/1 1222/1 
f 1438/1 1437/1 1439/1 1440/1 
f 1438/1 1440/1 84/1 83/1 
f 1438/1 83/1 1217/1 1222/1 
f 1440/1 1439/1 340/1 335/1 
f 1440/1 335/1 88/1 84/1 
f 1439/1 391/1 390/1 340/1 
f 1439/1 1437/1 392/1 391/1 
f 883/1 159/1 156/1 214/1 
f 880/1 878/1 283/1 282/1 
f 877/1 876/1 210/1 209/1 
f 846/1 842/1 823/1 822/1 
f 815/1 811/1 274/1 276/1 
f 815/1 276/1 384/1 383/1 
f 795/1 638/1 645/1 120/1 
f 767/1 765/1 734/1 733/1 
f 765/1 764/1 736/1 734/1 
f 764/1 294/1 131/1 736/1 
f 760/1 748/1 746/1 745/1 
f 742/1 740/1 129/1 128/1 
f 737/1 736/1 131/1 130/1 
f 727/1 723/1 722/1 241/1 
f 722/1 718/1 717/1 146/1 
f 722/1 146/1 143/1 241/1 
f 696/1 177/1 176/1 691/1 
f 667/1 422/1 419/1 418/1 
f 665/1 425/1 423/1 422/1 
f 665/1 663/1 427/1 425/1 
f 663/1 661/1 660/1 427/1 
f 660/1 431/1 428/1 427/1 
f 660/1 658/1 1441/1 431/1 
f 1441/1 436/1 432/1 431/1 
f 1441/1 658/1 657/1 1442/1 
f 1441/1 1442/1 1443/1 436/1 
f 1443/1 439/1 437/1 436/1 
f 1443/1 1442/1 50/1 49/1 
f 1443/1 49/1 1444/1 439/1 
f 1444/1 49/1 48/1 1445/1 
f 1444/1 1445/1 161/1 160/1 
f 1444/1 160/1 164/1 439/1 
f 1445/1 48/1 47/1 1446/1 
f 1445/1 1446/1 461/1 161/1 
f 1446/1 47/1 466/1 464/1 
f 1446/1 464/1 462/1 461/1 
f 1442/1 657/1 51/1 50/1 
f 645/1 290/1 121/1 120/1 
f 628/1 627/1 480/1 479/1 
f 618/1 614/1 613/1 485/1 
f 613/1 609/1 608/1 488/1 
f 613/1 488/1 486/1 485/1 
f 608/1 604/1 603/1 492/1 
f 608/1 492/1 489/1 488/1 
f 603/1 599/1 598/1 495/1 
f 603/1 495/1 493/1 492/1 
f 598/1 594/1 593/1 1447/1 
f 598/1 1447/1 496/1 495/1 
f 1447/1 593/1 1448/1 1449/1 
f 1447/1 1449/1 497/1 496/1 
f 1449/1 1448/1 1450/1 502/1 
f 1449/1 502/1 499/1 497/1 
f 1450/1 1448/1 588/1 1451/1 
f 1450/1 1451/1 1452/1 505/1 
f 1450/1 505/1 503/1 502/1 
f 1452/1 1451/1 583/1 1453/1 
f 1452/1 1453/1 1454/1 508/1 
f 1452/1 508/1 506/1 505/1 
f 1454/1 1453/1 578/1 1455/1 
f 1454/1 1455/1 513/1 511/1 
f 1454/1 511/1 509/1 508/1 
f 1455/1 578/1 574/1 573/1 
f 1455/1 573/1 515/1 513/1 
f 1453/1 583/1 579/1 578/1 
f 1451/1 588/1 584/1 583/1 
f 1448/1 593/1 589/1 588/1 
f 573/1 569/1 517/1 515/1 
f 565/1 520/1 518/1 517/1 
f 461/1 459/1 162/1 161/1 
f 459/1 457/1 165/1 162/1 
f 457/1 455/1 442/1 165/1 
f 455/1 453/1 443/1 442/1 
f 453/1 451/1 444/1 443/1 
f 442/1 440/1 163/1 165/1 
f 435/1 235/1 234/1 430/1 
f 421/1 237/1 75/1 74/1 
f 404/1 196/1 195/1 399/1 
f 390/1 388/1 166/1 170/1 
f 390/1 170/1 341/1 340/1 
f 385/1 384/1 276/1 273/1 
f 385/1 273/1 168/1 167/1 
f 364/1 92/1 94/1 115/1 
f 345/1 304/1 185/1 184/1 
f 342/1 169/1 171/1 270/1 
f 342/1 341/1 170/1 169/1 
f 339/1 154/1 158/1 336/1 
f 339/1 215/1 155/1 154/1 
f 333/1 330/1 325/1 327/1 
f 330/1 329/1 326/1 325/1 
f 257/1 256/1 64/1 68/1 
f 225/1 224/1 67/1 69/1 
f 204/1 203/1 80/1 79/1 
# 1455 polygons

#
# object VertebraeUpper
#

v  -9.526336 17.213226 5.131134
v  0.086254 2.279663 10.799622
v  -0.664654 3.465698 11.586243
v  -3.608778 19.054596 0.343781
v  -9.262507 13.977509 6.470856
v  3.665245 19.101532 0.377655
v  0.032455 7.458099 5.681610
v  -6.445673 11.952911 -1.256836
v  10.873922 15.306061 4.033310
v  5.709293 14.031219 -1.445999
v  -5.776772 13.932922 -1.667145
v  -0.102655 15.917236 4.381470
v  10.326326 14.196259 6.622559
v  6.501156 12.124268 -1.446045
v  -0.084097 2.647552 11.792282
v  5.627100 11.967560 1.675323
v  0.746771 3.674927 11.589386
v  2.962938 10.703613 1.431778
v  -10.965053 15.404144 4.157455
v  -2.949509 10.639832 1.414352
v  0.659414 14.618713 5.383118
v  -0.406929 10.400208 -9.093048
v  0.671316 10.398163 -9.006744
v  -5.916134 12.516235 1.823471
v  2.947441 17.512390 -1.341797
v  2.189322 12.299438 2.138855
v  -3.558760 11.641388 -0.364838
v  -2.096695 17.051575 1.418396
v  -10.619509 14.982758 6.677704
v  6.330212 13.847351 1.632645
v  1.962254 16.798950 1.564728
v  -3.211042 17.634583 -1.283646
v  -6.581299 14.054779 1.718079
v  -2.258652 12.358185 2.074020
v  3.641415 11.380524 -0.506287
v  -2.568928 16.406891 4.367050
v  10.335405 14.856140 6.875473
v  2.832823 16.406219 4.416870
v  -0.383955 10.372650 -10.316437
v  -5.506859 16.815033 0.327393
v  5.409941 17.033844 0.289062
v  -0.698011 16.289185 -9.399139
v  1.292006 16.265778 -8.924301
v  -0.051460 9.594849 4.003525
v  -1.403870 10.397308 -8.564880
v  -8.736447 17.229553 4.748932
v  -8.993737 16.847107 4.235931
v  -9.850100 16.775421 4.828033
v  -10.324281 16.792725 5.212830
v  -9.722386 17.412445 5.481110
v  -8.589889 17.477234 5.191101
v  0.223789 2.649109 10.761551
v  0.093683 2.389496 11.016174
v  -0.131788 2.461060 10.710556
v  0.078062 3.101227 10.121185
v  0.248466 3.241302 10.246826
v  -0.138693 3.127106 10.128189
v  -0.549799 3.372131 11.753159
v  -0.714836 4.140137 11.723450
v  -0.779894 4.066284 11.449219
v  -0.601898 3.237854 11.474167
v  -0.484442 3.095123 11.642151
v  -0.766766 3.944733 11.177811
v  -3.705338 18.620239 -0.056870
v  -4.069981 18.713562 -0.027588
v  -3.802425 19.220062 0.497269
v  -3.227961 18.768066 0.467316
v  -3.258808 18.358490 0.055832
v  -3.316210 19.032990 0.785355
v  -9.662687 13.851807 6.233627
v  -8.568615 13.788513 5.664520
v  -8.278055 14.041290 6.087540
v  -8.062596 14.521912 6.460327
v  -9.375162 14.280518 6.823639
v  -10.129581 14.090515 6.670990
v  3.326334 18.874634 0.474350
v  3.462814 19.083069 0.808807
v  3.869396 19.215637 0.590057
v  3.721006 18.646820 -0.038147
v  3.306492 18.421326 0.054169
v  4.102863 18.747711 0.009109
v  -0.420614 7.269440 5.983902
v  -0.780027 7.945160 5.192108
v  -0.416330 8.105072 4.937912
v  0.451334 8.093445 4.946594
v  0.837786 7.943451 5.207642
v  0.508295 7.278442 6.012604
v  0.005322 8.437500 4.620285
v  -6.246468 11.476715 -1.079147
v  -5.950851 12.132019 -0.637589
v  -6.283537 12.547577 -1.103912
v  -6.574545 11.772308 -1.968872
v  -6.424002 11.074646 -1.877228
v  -6.396776 12.603119 -1.911057
v  10.176893 15.200409 3.457275
v  10.153128 15.714264 3.536743
v  10.948660 15.675171 4.260620
v  11.144960 15.465668 4.631958
v  11.015100 15.026672 4.250519
v  10.166639 14.721222 3.532257
v  5.509407 13.398163 -0.630447
v  5.992540 12.527222 -0.761047
v  6.259607 12.832123 -1.454132
v  6.206776 12.733032 -2.409973
v  5.730618 13.842346 -2.529633
v  5.730841 14.905914 -2.787949
v  5.871336 15.239197 -1.745544
v  5.697388 14.758270 -0.471100
v  5.419636 13.966675 -0.064957
v  5.952051 15.656830 -0.679672
v  -5.669340 13.425873 -0.907501
v  -5.473560 14.107422 -0.228592
v  -5.749649 14.897400 -0.570038
v  -5.786650 13.368896 -2.937378
v  -6.235146 12.311157 -3.014572
v  -5.985390 15.809448 -0.723572
v  -5.847744 15.157898 -1.885971
v  -5.685095 14.592499 -3.038803
v  -0.056843 16.119019 3.900406
v  -1.364389 16.734222 3.653687
v  -1.738514 16.643616 3.923981
v  -0.982056 15.554321 4.775146
v  -0.112749 14.417877 5.570786
v  1.197550 16.283630 4.179184
v  0.961979 16.427490 3.872894
v  1.629597 15.677765 4.706238
v  10.417219 14.539093 6.754333
v  9.625036 14.365967 6.902328
v  9.732798 13.966003 6.550995
v  10.644735 14.214539 6.351471
v  10.758562 14.689789 6.539795
v  10.012926 13.837463 6.014221
v  6.386265 11.711182 -1.185974
v  6.525387 11.321716 -2.266983
v  6.531704 11.936981 -2.371414
v  -0.174858 2.682098 11.664688
v  -0.078695 2.561371 11.568863
v  0.037153 2.671997 11.701004
v  0.084511 2.865540 11.820877
v  -0.067255 2.848450 11.851410
v  -0.209148 2.850464 11.786362
v  5.471127 12.921631 1.524261
v  6.501064 13.062561 2.081223
v  5.094465 11.756561 1.390366
v  5.034861 12.507965 1.411682
v  6.773701 12.582275 2.583038
v  5.978298 11.482147 2.216919
v  0.667469 3.564972 11.781326
v  0.594051 3.256958 11.659744
v  0.716658 3.459259 11.454605
v  0.779348 4.134399 11.415833
v  0.727400 4.208191 11.683533
v  0.762289 4.015991 11.153061
v  2.290937 10.500549 2.292542
v  2.206047 11.247070 2.275604
v  3.091831 11.447510 1.314011
v  3.483467 10.545746 1.343872
v  2.535913 9.972351 2.303802
v  3.859098 11.535156 1.130066
v  -10.936768 15.822388 4.406876
v  -10.430060 15.926147 3.885498
v  -10.542109 15.365906 3.702515
v  -11.086599 15.142181 4.369247
v  -11.131602 15.651062 4.762756
v  -10.582072 14.848175 3.755646
v  -3.443157 10.440552 1.386139
v  -3.859325 11.387787 1.134109
v  -3.068033 11.401764 1.325851
v  -2.303995 10.470428 2.303848
v  -2.529858 9.926605 2.325897
v  -2.234713 11.239044 2.232681
v  9.085648 17.263275 4.957886
v  9.233919 17.481628 5.417877
v  10.122267 16.991058 5.260345
v  9.492373 16.903900 4.740250
v  1.275417 13.963074 5.503891
v  2.085241 14.915894 4.970261
v  0.415480 12.951050 6.434814
v  0.833960 12.648132 6.313187
v  -0.034252 12.974823 6.527939
v  0.933449 10.361176 -8.030304
v  -0.314642 10.341034 -7.712189
v  -1.533913 10.353943 -7.631470
v  -2.261171 10.418365 -9.128098
v  -1.262873 10.400970 -9.927063
v  0.387331 10.374756 -10.219894
v  1.445024 10.408569 -9.679001
v  2.123085 10.407227 -8.539703
v  -5.660599 13.208984 1.510239
v  -5.129850 12.763397 1.425430
v  -5.222858 12.258453 1.483490
v  -6.861979 13.412415 2.208481
v  -5.503471 11.168182 1.636215
v  -5.743996 11.003510 2.075607
v  -6.342936 12.180695 2.296066
v  -7.139334 13.026825 2.664780
v  -5.077188 11.268463 1.369217
v  3.798599 17.688995 -1.448669
v  3.939571 17.331909 -2.284714
v  3.219290 17.293457 -2.234085
v  2.329973 17.225403 -2.286392
v  2.139233 17.283752 -1.727341
v  3.229544 17.937897 -0.492355
v  3.740761 18.134186 -0.641769
v  2.555433 17.268097 -0.852844
v  2.880230 17.600891 -0.247147
v  1.986334 17.092865 -1.278412
v  1.715616 13.521149 2.244797
v  2.168301 13.712219 1.844376
v  2.653101 12.843597 1.684875
v  1.058788 12.242767 3.024612
v  0.902330 13.453979 2.838516
v  3.343832 12.549255 1.322632
v  3.210209 12.098724 1.384476
v  1.111794 11.160065 3.237686
v  -3.803125 10.777771 -0.840088
v  -2.871323 10.479156 -1.008789
v  -2.671824 11.045868 -0.776413
v  -2.373182 11.882172 -0.627090
v  -2.974844 12.483459 -0.053741
v  -4.522190 12.012695 -0.229111
v  -4.737135 11.153046 -0.690582
v  -2.353106 16.973969 1.056152
v  -2.738617 18.056580 0.684402
v  -2.666430 18.246704 0.976547
v  -2.085934 17.715607 1.696625
v  -1.458506 17.055817 2.255478
v  -1.509653 16.572113 2.029266
v  -1.557604 15.983124 1.971207
v  -1.990486 16.094025 1.514618
v  -2.176607 16.108093 1.259323
v  -10.215256 15.163696 6.884644
v  -10.306749 15.684296 6.717468
v  -10.798592 15.239319 6.461639
v  -10.971106 14.707336 6.194992
v  -10.698874 14.569611 6.562729
v  -10.207441 14.607422 6.875473
v  5.331818 13.300629 1.217392
v  5.769667 14.060913 1.026855
v  7.633934 14.273987 2.341278
v  7.685934 13.736755 2.651596
v  6.599606 14.882843 1.441406
v  7.691427 14.972229 2.199753
v  6.031059 14.955231 0.849747
v  2.266479 16.632416 1.142746
v  2.142962 15.808563 1.272110
v  1.921684 15.852814 1.603943
v  1.269047 16.361298 2.249878
v  1.167023 16.770508 2.521545
v  1.792559 17.406067 1.957275
v  1.376116 15.756348 2.130478
v  2.412378 18.103180 1.508881
v  2.406067 17.775391 1.156601
v  2.482916 17.513092 0.915710
v  -4.044641 17.721558 -1.447906
v  -3.826220 18.161774 -0.641724
v  -3.283930 17.992218 -0.474457
v  -3.640686 17.314636 -2.267136
v  -4.282600 17.312744 -2.373581
v  -2.825413 17.569122 -0.114639
v  -2.658749 17.337524 -0.631226
v  -2.358053 17.164520 -1.027130
v  -2.681042 17.407928 -1.562836
v  -3.030092 17.290070 -2.225815
v  -6.936747 15.116150 1.671112
v  -6.179430 15.179993 0.972794
v  -5.879122 14.223236 1.052567
v  -5.466543 13.503235 1.159592
v  -1.174212 12.273071 2.941528
v  -1.174314 11.148163 3.201523
v  -1.754028 13.656982 2.187637
v  -1.040741 13.519470 2.741409
v  -3.182037 12.081787 1.389511
v  -2.644735 12.879486 1.673523
v  -2.106817 13.879272 1.851898
v  -3.283390 12.532471 1.357605
v  2.846365 10.803406 -0.839478
v  3.133318 10.168213 -1.238647
v  4.042198 10.422333 -1.118622
v  4.925552 10.652130 -1.103821
v  4.593075 11.504578 -0.500595
v  3.864725 12.387665 0.154236
v  3.377689 12.720306 0.315598
v  3.057779 12.129883 -0.208023
v  4.429230 12.443237 0.067841
v  2.538408 11.444733 -0.686295
v  -3.163084 17.105042 3.719421
v  -4.069279 16.908600 4.227219
v  -3.904470 16.493805 4.683334
v  -2.627506 17.267883 3.418579
v  -3.956881 15.912415 4.920288
v  -2.762791 15.623291 4.761642
v  9.658621 14.864807 7.031235
v  10.543924 15.108612 6.729630
v  9.780497 15.381775 6.997269
v  3.409760 17.089813 3.763245
v  2.897520 17.363403 3.313980
v  2.192926 16.804138 3.863174
v  3.129183 15.509308 4.821686
v  4.322016 16.426453 4.905975
v  4.529636 16.873871 4.494766
v  -0.417530 10.264313 -10.945206
v  0.761677 10.286072 -10.867432
v  -1.707920 10.327942 -10.547134
v  -5.355875 17.383636 0.089172
v  -5.834492 16.884247 -0.816177
v  -5.944460 16.490692 -0.759308
v  -5.205540 17.455536 1.200668
v  -5.022121 17.913666 0.860977
v  -5.874695 15.992218 0.212173
v  -6.200191 15.937439 1.065460
v  -5.960569 16.583344 1.389923
v  5.288332 17.592010 0.070053
v  4.950399 18.144196 0.808853
v  5.096611 17.671875 1.103271
v  5.667709 16.803711 1.248337
v  5.956503 16.271606 0.954102
v  5.763195 16.380676 0.186951
v  5.971392 16.343781 -0.686234
v  5.841806 16.826874 -0.753387
v  5.738070 17.175934 -0.847809
v  -0.990311 16.292236 -10.032349
v  -1.923286 16.259277 -9.265930
v  -1.133829 16.265991 -8.685410
v  -0.047060 16.302856 -9.337830
v  -0.027874 16.313202 -10.262955
v  -0.267670 16.279327 -8.222580
v  1.772579 16.264679 -9.513657
v  0.932119 16.293976 -10.078735
v  0.631220 16.288239 -9.123871
v  1.595654 16.246155 -8.267334
v  2.423603 16.243469 -8.711151
v  0.612696 16.266205 -8.046066
v  0.583696 8.934784 4.195862
v  -0.630463 8.965851 4.165421
v  1.414135 9.782654 3.428909
v  1.668531 9.367401 3.515198
v  -0.050165 10.312653 3.808578
v  1.220764 10.348114 3.361618
v  -1.657814 9.381042 3.491302
v  -1.435287 9.770264 3.403946
v  -1.258518 10.335205 3.334290
v  -2.840187 10.379517 -7.964783
v  -3.604839 10.296234 -8.315399
v  -2.856844 10.379761 -9.618286
v  -1.680147 10.296143 -6.454224
v  -3.089230 10.327454 -6.658249
v  -3.979898 10.263550 -6.856766
v  -4.542908 10.153198 -7.014420
v  -4.098528 10.175568 -8.570236
v  -3.135639 10.267914 -5.235397
v  -4.108343 10.259033 -5.352051
v  -4.764547 10.174927 -5.464035
v  -5.278328 10.254486 -5.566406
v  -5.047703 10.129913 -7.158463
v  -4.168276 10.179993 -3.867416
v  -4.912140 10.228241 -3.984268
v  -5.469046 10.388367 -4.099106
v  -5.866762 10.773193 -4.225327
v  -5.634996 10.603333 -5.675003
v  -5.122761 10.212799 -2.750839
v  -5.784964 10.432220 -2.842789
v  -6.269325 10.871338 -2.974014
v  -6.398396 11.549408 -3.042816
v  -5.984535 11.337921 -4.319626
v  -5.896685 10.582550 -1.803696
v  -5.129147 10.270233 -1.820511
v  -4.969385 10.577606 -1.172623
v  -5.742754 10.965210 -1.052017
v  -5.473381 11.597290 -0.563126
v  -5.059843 12.458649 -0.270599
v  -5.389585 12.912079 -0.470200
v  -4.828150 13.015594 0.283630
v  -5.163172 13.453430 0.105896
v  -4.881710 13.112762 0.773956
v  -5.250843 13.598358 0.695190
v  -5.595606 14.305511 0.457748
v  -5.845274 15.163727 0.253723
v  -4.998543 13.041748 1.178925
v  -4.452917 12.856934 0.790710
v  -4.498425 12.781036 1.100388
v  -4.566866 12.519257 1.247818
v  -3.964319 12.692993 1.087128
v  -3.966702 12.419342 1.169937
v  -3.949152 12.037872 1.188980
v  -4.630640 12.102844 1.258148
v  -4.534281 11.315460 1.172638
v  -3.887783 10.230011 1.582413
v  -4.256292 10.019989 1.747437
v  -2.768873 9.587311 2.445038
v  -3.021286 9.342865 2.632828
v  -3.259300 9.179565 2.873047
v  -4.563450 9.799744 1.979126
v  -3.447760 9.161194 3.187119
v  -4.777418 9.655243 2.352188
v  -3.545628 9.321564 3.514771
v  -4.841360 9.735474 2.812836
v  -5.761129 10.937073 2.582077
v  -6.489382 11.990875 2.834259
v  -4.754387 9.992615 3.263046
v  -5.647846 10.976166 3.102737
v  -6.420706 11.918549 3.382584
v  -7.221199 12.683228 3.735016
v  -7.281737 12.773468 3.196869
v  -5.381695 11.154205 3.600555
v  -6.170643 12.028870 3.861679
v  -6.991402 12.777161 4.218933
v  -7.909424 13.335297 4.684769
v  -8.170477 13.273804 4.170181
v  -5.832075 12.311768 4.218903
v  -6.671209 13.032806 4.618195
v  -7.598011 13.560974 5.137192
v  -8.857146 13.649170 5.182770
v  -6.319300 13.415375 4.961670
v  -7.274716 13.883240 5.541367
v  -5.915859 13.975647 5.265411
v  -6.934926 14.412384 5.891769
v  -5.530327 14.732758 5.473343
v  -6.703905 15.067261 6.153336
v  -8.012608 15.088013 6.697861
v  -9.320315 14.814606 6.967087
v  -6.590395 15.734833 6.287796
v  -8.052996 15.716309 6.836105
v  -9.344090 15.437592 7.014236
v  -8.129293 16.325531 6.797256
v  -9.449465 16.061646 6.909546
v  -8.206055 16.841217 6.594376
v  -9.558487 16.569092 6.633774
v  -10.430845 16.118835 6.440369
v  -10.933129 15.554413 6.133255
v  -9.650225 16.957397 6.358383
v  -10.532775 16.445129 6.128723
v  -11.021926 15.825043 5.787247
v  -11.217958 15.198700 5.428558
v  -11.147728 14.948364 5.794983
v  -10.559996 16.629791 5.807617
v  -11.023162 16.041229 5.452042
v  -11.213350 15.440430 5.076477
v  -10.897714 16.196960 5.107056
v  -11.144534 14.861938 4.625092
v  -11.112171 14.593781 4.968872
v  -10.585884 14.415833 3.980438
v  -10.487806 14.135193 4.344559
v  -10.317702 13.937561 4.798141
v  -11.028898 14.331055 5.370804
v  -10.113001 13.801727 5.272430
v  -10.838999 14.109070 5.840927
v  -9.875954 13.803192 5.773743
v  -10.551660 14.066284 6.318375
v  -9.125172 13.641235 4.666687
v  -9.347175 13.745605 4.172592
v  -8.303370 13.386505 3.635315
v  -9.482470 13.948151 3.691391
v  -8.303247 13.650482 3.179596
v  -9.490632 14.315125 3.362808
v  -8.225341 14.044830 2.835815
v  -9.490035 14.783569 3.148514
v  -8.126657 14.556763 2.545517
v  -9.487711 15.361816 3.106125
v  -8.264231 15.280090 2.474075
v  -9.457664 15.970856 3.288666
v  -8.270052 15.967529 2.645233
v  -7.036879 15.909851 1.883484
v  -8.146560 16.478851 3.004166
v  -6.922724 16.472321 2.246490
v  -7.875499 16.870117 3.519363
v  -6.691292 16.878876 2.712051
v  -5.748854 17.092804 1.925705
v  -6.381357 17.123352 3.212418
v  -5.484787 17.369080 2.390106
v  -5.040199 17.808807 1.778534
v  -5.146128 17.442078 2.814896
v  -4.679028 17.905518 2.179443
v  -4.380058 18.318634 1.745895
v  -4.832712 18.247498 1.414246
v  -4.146559 18.652802 1.480652
v  -4.690479 18.669830 1.187881
v  -4.899258 18.294464 0.645950
v  -4.464989 19.001282 1.000137
v  -4.757584 18.564514 0.441467
v  -5.151262 18.001587 -0.237350
v  -5.284739 17.731750 -0.050995
v  -5.574738 17.499603 -1.082657
v  -5.733299 17.223114 -0.927963
v  -5.774729 16.940125 -2.277603
v  -5.903934 16.668427 -2.198700
v  -5.939503 16.306519 -2.112946
v  -5.763046 16.134155 -3.419678
v  -5.747440 15.734619 -3.336365
v  -5.722363 15.268036 -3.211380
v  -5.926325 15.849762 -2.024155
v  -5.536024 15.353790 -4.578705
v  -5.522190 14.851715 -4.492004
v  -5.524506 14.040894 -4.384491
v  -5.353907 14.474152 -5.965927
v  -5.388536 13.523682 -5.890198
v  -5.521917 12.453918 -5.831589
v  -5.696136 12.843170 -4.333679
v  -5.638908 11.749329 -5.801346
v  -5.902033 11.994141 -4.339706
v  -5.722174 11.137482 -5.756226
v  -5.395683 11.512695 -7.437057
v  -5.494835 10.948425 -7.396011
v  -5.415302 10.434326 -7.298889
v  -4.974716 10.758972 -9.106812
v  -4.855862 10.313873 -8.981415
v  -4.522757 10.099548 -8.789169
v  -3.889545 10.193695 -10.574051
v  -3.579515 10.110809 -10.268250
v  -3.241785 10.231781 -9.954269
v  -2.199009 10.109924 -11.357681
v  -1.974327 10.219391 -10.979095
v  -0.555099 10.024048 -11.913193
v  -0.493647 10.127258 -11.465820
v  1.141901 10.040955 -11.788101
v  0.966650 10.148285 -11.371338
v  2.705847 10.126221 -10.958084
v  2.412977 10.258362 -10.625092
v  2.022402 10.382141 -10.216385
v  3.469475 10.266510 -9.323441
v  2.964533 10.374237 -9.011810
v  4.035864 10.223175 -7.747421
v  3.439587 10.324310 -7.517929
v  2.425648 10.345703 -7.176041
v  3.586987 10.290344 -5.930267
v  2.504225 10.276978 -5.677261
v  1.144012 10.240509 -5.376465
v  1.102722 10.305511 -6.767349
v  -0.293592 10.226715 -5.170349
v  -0.275234 10.287720 -6.504440
v  -1.768847 10.228546 -5.126099
v  -0.357952 10.095001 -3.774292
v  -1.805145 10.094727 -3.715256
v  -3.120182 10.132080 -3.763138
v  -1.810568 9.896118 -2.759460
v  -3.109365 9.929962 -2.698288
v  -4.204754 10.027283 -2.699478
v  -3.069204 9.878784 -1.962936
v  -4.191349 10.011993 -1.895935
v  -3.001715 10.060822 -1.392441
v  -4.051926 10.276123 -1.273956
v  -1.779747 9.913239 -1.551224
v  -1.724878 10.295502 -1.201462
v  -1.801941 9.818726 -2.101776
v  -0.462145 9.787231 -2.170242
v  -0.486252 9.871124 -1.658157
v  -0.422426 9.879303 -2.849030
v  0.963732 9.891174 -2.856888
v  0.877983 9.784576 -2.161316
v  1.076880 10.114594 -3.900803
v  2.410143 10.161102 -4.075851
v  2.272774 9.928894 -2.838318
v  3.415977 9.983765 -2.893234
v  3.300827 9.898376 -1.968597
v  2.151361 9.822296 -2.052017
v  3.550514 10.204346 -4.255478
v  4.302090 10.222595 -4.448380
v  4.343704 10.079163 -2.997482
v  4.261793 10.235413 -6.097260
v  4.790945 10.167969 -6.243027
v  4.895515 10.213470 -4.615387
v  4.498667 10.155579 -7.930161
v  4.887011 10.243988 -8.097534
v  5.248884 10.220337 -6.377502
v  3.863415 10.143280 -9.581390
v  4.223955 10.117432 -9.822113
v  4.467117 10.448120 -10.004562
v  5.162830 10.530640 -8.234085
v  2.975748 10.078766 -11.285004
v  3.158030 10.383392 -11.525360
v  3.209923 10.798492 -11.606674
v  4.508778 10.903809 -10.078568
v  1.287344 10.072205 -12.210800
v  1.371702 10.352722 -12.473984
v  1.407495 10.750824 -12.549988
v  1.402414 11.197327 -12.509216
v  3.168945 11.263519 -11.591278
v  -0.608965 10.335815 -12.636520
v  -0.588951 10.748810 -12.709930
v  -0.557524 11.206573 -12.672913
v  -0.511648 11.781616 -12.578445
v  1.395996 11.760071 -12.418747
v  -2.480381 10.860474 -12.074692
v  -2.431955 11.315948 -12.071609
v  -2.342739 11.927643 -12.011597
v  -2.234127 12.791687 -11.932465
v  -0.451096 12.635284 -12.474884
v  -3.903004 11.518127 -10.797852
v  -3.781494 12.165619 -10.767914
v  -3.647526 13.047791 -10.727173
v  -3.540667 13.985870 -10.684006
v  -2.134344 13.825989 -11.863998
v  -4.674538 12.543060 -9.164215
v  -4.560421 13.437378 -9.174316
v  -4.518789 14.223236 -9.189957
v  -4.518759 14.781372 -9.211288
v  -3.540611 14.691162 -10.696518
v  -5.073685 13.993988 -7.551529
v  -5.088308 14.587921 -7.593689
v  -5.099785 15.025818 -7.617966
v  -5.091789 15.408569 -7.635590
v  -4.517483 15.201813 -9.219223
v  -5.372824 14.994446 -6.022675
v  -5.388790 15.381775 -6.065216
v  -5.392984 15.729553 -6.090042
v  -5.349157 16.059692 -6.100510
v  -5.033432 15.761658 -7.631592
v  -5.540205 15.735016 -4.640213
v  -5.508244 16.061493 -4.678055
v  -5.385452 16.323975 -4.688095
v  -5.156794 16.502380 -4.658035
v  -5.121262 16.300964 -6.060959
v  -5.695814 16.473480 -3.468979
v  -5.506931 16.749268 -3.486771
v  -5.223251 16.877777 -3.457275
v  -4.838541 16.910706 -3.391495
v  -4.837019 16.570190 -4.588852
v  -5.528807 17.179138 -2.350174
v  -5.206163 17.284332 -2.396744
v  -4.797527 17.319916 -2.419556
v  -4.393145 16.895020 -3.299637
v  -4.980043 17.726227 -1.370148
v  -4.595879 17.734314 -1.455490
v  -4.637621 18.212250 -0.554993
v  -4.279884 18.218262 -0.643784
v  -4.353691 18.731720 0.081482
v  -4.576340 18.681793 0.230164
v  -4.234184 19.229675 0.769943
v  -4.011106 19.289307 0.622772
v  -4.923674 18.144867 -0.405563
v  -5.323433 17.650909 -1.239166
v  -3.657162 19.027496 1.177658
v  -3.457203 19.095215 1.011185
v  -3.004892 18.589996 1.474472
v  -2.780056 18.557068 1.241318
v  -2.293560 17.998016 2.008926
v  -2.606701 18.001251 2.256958
v  -1.893690 17.439331 2.902756
v  -1.603088 17.326385 2.586746
v  -3.277164 18.504333 1.627823
v  -3.563696 18.378448 1.750626
v  -2.926929 17.914734 2.437561
v  -3.899591 18.900421 1.305176
v  -3.269373 17.778564 2.637375
v  -2.240229 17.395233 3.161026
v  -3.856403 18.137756 2.006851
v  -4.214903 17.794922 2.487488
v  -3.683867 17.529877 3.009460
v  -4.409868 17.207947 3.685837
v  -4.787855 17.380188 3.224335
v  -5.797272 17.202789 4.143784
v  -5.525755 17.111969 4.591675
v  -6.075716 17.222839 3.690277
v  -7.316813 17.322662 4.574646
v  -7.058715 17.421295 5.032425
v  -7.587269 17.150208 4.079239
v  -8.454523 17.563538 5.598251
v  -8.365465 17.472229 5.977493
v  -6.860705 17.339691 5.464432
v  -8.288754 17.228516 6.336777
v  -6.725624 17.131775 5.804459
v  -5.310261 16.906738 4.994247
v  -6.610123 16.794952 6.110107
v  -5.200357 16.563019 5.327179
v  -6.557837 16.318298 6.285751
v  -5.203348 16.090088 5.498871
v  -5.307756 15.488922 5.535645
v  -4.157330 15.189758 5.011856
v  -4.511784 14.329742 4.952652
v  -3.538349 13.854706 4.758545
v  -3.067619 14.784790 4.864197
v  -2.675650 13.305298 4.966125
v  -2.054482 14.200348 5.129623
v  -1.479820 14.955475 5.063080
v  -1.370958 13.465942 5.608475
v  -0.751602 14.064911 5.667740
v  -0.981594 12.416107 6.255096
v  -0.506807 12.786072 6.473557
v  -0.701303 11.343109 6.933655
v  -0.394331 11.612732 7.186295
v  -0.052114 11.758484 7.321884
v  -0.326691 10.542358 7.916885
v  -0.059219 10.669861 8.067520
v  0.235687 10.614777 7.998383
v  0.286770 11.705933 7.260498
v  0.451273 10.415710 7.761414
v  0.582117 11.477142 7.026627
v  0.625677 10.154755 7.474686
v  0.870560 11.170959 6.731094
v  1.238218 12.238770 6.033981
v  1.809822 13.270081 5.398743
v  1.175976 10.739899 6.378784
v  1.698753 11.615723 5.671677
v  2.399012 12.370026 5.093109
v  3.178886 13.013763 4.738113
v  2.609999 14.007111 4.973572
v  2.143318 10.891113 5.318649
v  2.934191 11.468567 4.733047
v  3.751644 12.061218 4.416641
v  4.612522 12.712189 4.422775
v  4.078140 13.613434 4.675613
v  3.311878 10.752716 4.420059
v  4.214678 11.301605 4.114136
v  5.076851 12.039459 4.171417
v  5.953909 12.827057 4.515610
v  5.522142 13.356232 4.802246
v  4.602150 10.748169 3.806091
v  5.482214 11.595947 3.876053
v  6.333420 12.484528 4.182999
v  7.223425 13.161713 4.640076
v  6.863876 13.480621 5.034622
v  5.825951 11.346375 3.405197
v  6.664806 12.287903 3.744247
v  7.559000 12.994080 4.152969
v  8.488943 13.465363 4.584534
v  8.149055 13.578583 5.132538
v  6.833576 12.318054 3.189224
v  7.749487 13.055267 3.592438
v  8.765371 13.545502 4.015869
v  9.747770 13.829376 4.517197
v  9.436853 13.731506 5.041214
v  7.773560 13.302948 3.070099
v  8.874790 13.765289 3.526474
v  9.998491 14.009552 4.047623
v  10.877645 14.289673 4.691360
v  10.656595 14.021820 5.051620
v  8.893955 14.121307 3.163239
v  10.137556 14.293121 3.711792
v  11.032698 14.655914 4.414459
v  11.217962 15.212006 4.918976
v  11.206408 14.909363 5.225922
v  11.133707 15.760345 5.276215
v  11.148462 15.499329 5.617615
v  11.090204 15.220245 5.938675
v  11.132254 14.588806 5.556244
v  10.974874 14.934174 6.259979
v  10.966375 14.360138 5.955032
v  10.356417 13.824341 5.504898
v  9.081608 13.774719 5.597702
v  8.733738 13.960175 6.140991
v  7.792946 13.845734 5.626953
v  8.528378 14.380585 6.573059
v  7.459339 14.310150 6.043076
v  6.475918 13.943085 5.393311
v  7.284929 14.927124 6.360825
v  6.081837 14.628510 5.668091
v  5.049088 14.131897 5.051529
v  5.854759 15.363007 5.811096
v  4.656599 15.009766 5.173584
v  3.567461 14.582489 4.854401
v  4.429714 15.794037 5.118607
v  5.760355 16.024353 5.839386
v  5.755482 16.560181 5.741623
v  7.334604 16.725189 6.467606
v  7.435682 17.125244 6.192093
v  5.866907 16.941467 5.437897
v  7.259113 16.195374 6.590408
v  8.797779 16.105652 6.926331
v  8.944042 16.611938 6.725815
v  7.239511 15.589294 6.539902
v  8.651508 15.519897 6.939560
v  9.909903 15.854828 6.839050
v  8.537668 14.908966 6.813950
v  10.647467 15.453644 6.548553
v  10.743654 15.796082 6.289993
v  10.045279 16.267548 6.596298
v  10.809706 16.088165 5.984756
v  10.156103 16.599152 6.301743
v  9.064926 17.014496 6.467346
v  10.241587 16.835938 5.973694
v  9.150026 17.304901 6.146027
v  7.554638 17.371185 5.843323
v  9.217722 17.482666 5.779556
v  7.719032 17.492462 5.428253
v  6.329857 17.271973 4.634933
v  6.074327 17.166779 5.053345
v  5.169930 17.234009 3.631866
v  4.847080 17.109253 4.034378
v  4.420155 17.636017 2.743134
v  3.979868 17.450867 3.137650
v  4.051893 18.032562 2.131134
v  3.542265 17.803772 2.553238
v  3.767054 18.349762 1.774429
v  3.209299 18.014679 2.251831
v  2.556730 17.551941 3.019653
v  2.924097 18.147461 2.056335
v  2.208708 17.671326 2.724655
v  1.481354 17.078705 3.216705
v  1.815825 17.012146 3.526672
v  0.756527 16.456116 3.593048
v  1.228827 17.013580 2.872253
v  0.616396 16.390198 3.272430
v  -0.047100 16.104889 3.433899
v  -0.047598 16.125580 3.669708
v  -1.087103 16.732422 3.404907
v  -0.871897 16.617004 3.126495
v  -0.041691 15.964081 3.216019
v  -0.799938 16.386902 2.834778
v  -0.069561 15.762909 3.053146
v  -0.838903 16.091095 2.643860
v  -0.082731 15.432251 2.902267
v  -0.882576 15.648468 2.541031
v  -0.088182 14.632568 2.897964
v  -0.923401 14.773590 2.574951
v  -1.561125 14.988220 2.081558
v  -1.922415 15.086487 1.715088
v  -2.120380 15.134338 1.388885
v  -2.357250 14.106903 1.497421
v  -2.464800 14.222534 1.088669
v  -2.231003 15.153229 1.019562
v  -2.800177 13.263519 1.389725
v  -2.867491 13.470306 1.018051
v  -2.788548 13.468811 0.605148
v  -2.394566 14.229889 0.674637
v  -3.368080 12.865997 1.210571
v  -3.399466 13.034027 0.894257
v  -3.301735 12.918488 0.483368
v  -2.513474 13.298584 0.132889
v  -3.951508 12.797577 0.813660
v  -3.865253 12.605164 0.359665
v  -4.429659 12.737732 0.376129
v  -2.032837 13.027344 -0.450378
v  -1.819176 14.086975 -0.299240
v  -2.194963 14.183289 0.237595
v  -1.798986 15.063263 -0.250244
v  -2.067108 15.103333 0.230804
v  -2.217588 15.136017 0.640823
v  -2.166325 15.968384 0.087143
v  -2.313637 15.999542 0.503677
v  -2.302525 16.046600 0.891510
v  -2.501249 16.814758 0.283310
v  -2.486397 16.902618 0.714325
v  -2.817369 17.813751 0.332443
v  -2.341703 16.729645 -0.168823
v  -2.087831 16.641846 -0.595261
v  -1.909960 15.940552 -0.342697
v  -1.400513 15.938080 -0.802460
v  -1.560415 16.612427 -0.983093
v  -1.262804 15.048889 -0.756927
v  -0.566645 15.113953 -1.012436
v  -0.668617 16.012665 -1.030090
v  -1.216232 13.976349 -0.893082
v  -0.485668 13.951172 -1.151001
v  0.261904 14.027527 -1.160553
v  0.205351 15.201080 -1.054169
v  -1.359062 12.701019 -1.008102
v  -0.489597 12.581329 -1.271805
v  0.383030 12.678406 -1.265747
v  1.186796 12.998840 -1.049149
v  1.013664 14.182220 -0.974091
v  -0.502556 11.467468 -1.245148
v  0.554567 11.572479 -1.247635
v  1.486282 11.895966 -1.025589
v  2.159706 12.346741 -0.598190
v  1.835936 13.387848 -0.524490
v  0.654942 10.861542 -1.225235
v  1.717184 11.060303 -1.017197
v  0.728346 10.304504 -1.300629
v  1.867001 10.466797 -1.090073
v  0.803814 9.881744 -1.613007
v  2.023218 9.979218 -1.425827
v  -0.499910 10.245575 -1.339966
v  -0.503799 10.775238 -1.243378
v  -1.646072 10.847290 -1.062347
v  -1.546972 11.567810 -1.033569
v  2.260412 13.704315 0.096832
v  2.035244 14.596588 0.127335
v  1.647738 14.396973 -0.450623
v  2.650740 12.860107 -0.017075
v  2.910921 13.211884 0.458633
v  2.490751 13.892914 0.574310
v  2.582788 13.979828 1.028381
v  2.282518 14.813812 0.999435
v  2.221930 14.727783 0.580261
v  3.011055 13.359100 0.902359
v  2.907494 13.215820 1.336685
v  2.459341 13.910858 1.475937
v  3.488956 12.963562 0.750229
v  3.459063 12.883270 1.135071
v  3.964018 12.778534 0.631378
v  3.982300 12.748688 0.962555
v  3.957645 12.502869 1.141541
v  3.937035 12.124542 1.189911
v  4.416645 12.812866 0.916489
v  4.465786 12.614166 1.184677
v  4.530455 12.251831 1.243134
v  4.539581 11.621857 1.187347
v  4.907036 12.864044 1.236526
v  4.811890 13.039948 0.893768
v  5.176947 13.445740 0.801315
v  4.759260 13.007538 0.448990
v  5.080736 13.374268 0.267120
v  5.518154 14.121735 0.510925
v  5.777113 14.954193 0.238007
v  5.887812 15.700806 0.141098
v  6.082455 15.658997 0.824677
v  6.682234 15.622528 1.490494
v  6.600178 16.199707 1.696960
v  7.661644 16.193268 2.464737
v  7.723740 15.635803 2.233307
v  6.392586 16.663239 2.037643
v  7.501862 16.620331 2.815125
v  8.717709 16.615326 3.559677
v  8.909351 16.200043 3.153015
v  6.126722 17.038513 2.444946
v  7.217735 16.943848 3.283981
v  8.451460 16.952606 4.056030
v  9.761198 16.522217 4.298981
v  6.903648 17.139038 3.763733
v  8.178707 17.242706 4.525879
v  6.615314 17.248535 4.198059
v  7.946369 17.430420 4.992874
v  5.818258 17.235718 2.856995
v  5.493097 17.296082 3.252823
v  5.152004 17.601837 2.105453
v  4.790558 17.687408 2.452286
v  4.914576 18.040405 1.620407
v  4.510887 18.133484 1.925140
v  4.740435 18.482178 1.298706
v  4.303953 18.523163 1.555984
v  4.527966 18.883453 1.085052
v  4.046717 18.824554 1.346344
v  3.480837 18.553284 1.578522
v  3.813637 19.002228 1.203445
v  3.231215 18.677948 1.449005
v  2.629633 18.217773 1.834946
v  2.999458 18.735016 1.232285
v  1.899498 17.677216 2.383682
v  3.619173 19.101929 1.020462
v  2.862854 18.594330 0.909698
v  2.876116 18.318878 0.609528
v  2.911631 17.977875 0.245361
v  2.598068 17.258240 0.525024
v  2.581760 17.060883 0.044495
v  2.372736 16.369843 0.284470
v  2.403511 16.493835 0.747101
v  2.199354 15.601898 0.467911
v  2.244499 15.705688 0.890732
v  2.165092 14.841064 1.413284
v  1.918571 14.821991 1.774307
v  1.481796 14.754150 2.169479
v  0.761047 14.648651 2.674820
v  0.684309 15.510712 2.668182
v  0.614510 15.940491 2.811920
v  0.583710 16.213257 3.018539
v  -0.072836 13.485321 3.080673
v  -0.062082 12.296143 3.286545
v  -0.037693 11.195831 3.577255
v  2.144732 16.273926 -0.174789
v  2.018589 15.494446 0.035599
v  1.718210 16.174652 -0.650665
v  1.633331 15.375916 -0.482834
v  0.989439 16.115509 -0.992203
v  0.973072 15.279572 -0.894043
v  0.152498 16.073395 -1.082047
v  1.021257 16.703522 -1.176056
v  0.113457 16.699493 -1.231628
v  -0.774323 16.637848 -1.193436
v  0.077795 17.108887 -1.570923
v  -0.900816 17.083344 -1.518829
v  -1.753721 17.067139 -1.341782
v  -1.024109 17.251923 -2.008530
v  -1.973125 17.286407 -1.839645
v  -1.150316 17.165161 -2.522781
v  -2.198692 17.212280 -2.350693
v  -1.308121 16.920105 -3.075592
v  -2.436102 16.882538 -2.995956
v  -3.348852 16.882294 -3.049942
v  -2.687798 16.451202 -4.048279
v  -3.533955 16.484650 -4.246384
v  -4.024387 16.535828 -4.380447
v  -3.902967 16.883881 -3.178391
v  -4.453325 16.573792 -4.494476
v  -4.038960 16.375946 -5.750107
v  -4.445505 16.408783 -5.879837
v  -4.804754 16.395447 -5.982422
v  -4.282204 16.308716 -7.344864
v  -4.619568 16.241608 -7.486084
v  -4.888187 16.057739 -7.589905
v  -4.139832 16.153748 -9.018112
v  -4.383968 15.923553 -9.151337
v  -4.488647 15.580444 -9.208054
v  -3.496748 15.925751 -10.626526
v  -3.556210 15.568726 -10.690643
v  -3.559946 15.174622 -10.707413
v  -2.118847 15.621826 -11.881241
v  -2.116560 15.204315 -11.888336
v  -2.111181 14.656158 -11.870300
v  -0.326038 15.207153 -12.441299
v  -0.347389 14.615784 -12.407562
v  -0.392982 13.706909 -12.400543
v  1.436262 14.585693 -12.179092
v  1.396463 13.667633 -12.202225
v  1.394468 12.599548 -12.305008
v  2.951567 13.676971 -11.314651
v  3.022297 12.640106 -11.421478
v  3.102922 11.818176 -11.521194
v  4.190619 12.736603 -10.029236
v  4.311304 11.932129 -10.063583
v  4.426645 11.374359 -10.087982
v  5.024839 12.071686 -8.381332
v  5.153742 11.490936 -8.358597
v  5.233095 10.979370 -8.315842
v  5.538494 11.553741 -6.651352
v  5.616320 11.011536 -6.592178
v  5.559069 10.542023 -6.501556
v  5.809452 11.080963 -5.003159
v  5.689196 10.629364 -4.886383
v  5.363392 10.325317 -4.751953
v  6.017836 10.673218 -3.440552
v  5.585791 10.382172 -3.260132
v  5.045088 10.212738 -3.124756
v  5.759197 10.467804 -1.994659
v  5.095642 10.245361 -1.917618
v  4.294333 10.051788 -1.917038
v  5.604345 10.903168 -1.055649
v  6.145874 11.284821 -1.081482
v  5.690197 12.122528 -0.518250
v  5.244055 11.734100 -0.474121
v  6.302338 10.762238 -2.109833
v  6.188450 11.171936 -3.577087
v  6.167873 11.777985 -3.651932
v  5.772614 11.636810 -5.072998
v  5.662912 12.290436 -5.128525
v  5.956638 12.474426 -3.669800
v  5.422098 12.174011 -6.698624
v  5.292929 13.054108 -6.756775
v  5.491802 13.271790 -5.215790
v  4.897535 12.871674 -8.404709
v  4.822554 13.842102 -8.434692
v  5.225250 14.106659 -6.851166
v  4.092392 13.693481 -9.980957
v  4.085358 14.469391 -9.960327
v  4.831312 14.509583 -8.466141
v  2.962988 14.538422 -11.261154
v  3.009535 15.104645 -11.249664
v  4.108685 15.005463 -9.954651
v  1.481899 15.184937 -12.186325
v  1.508127 15.614471 -12.143967
v  3.042562 15.519470 -11.217133
v  -0.316832 15.656403 -12.429932
v  -0.289234 16.021210 -12.327301
v  1.516371 15.977020 -12.053421
v  -2.085632 16.001068 -11.797974
v  -1.966707 16.287933 -11.596207
v  -0.256363 16.294189 -12.118103
v  -3.311058 16.188293 -10.451279
v  -3.037390 16.270081 -10.206192
v  -1.767687 16.323151 -11.250229
v  -3.824287 16.235779 -8.838272
v  -3.455132 16.255646 -8.613831
v  -2.706722 16.271210 -9.917130
v  -3.877247 16.292236 -7.180725
v  -3.401857 16.261017 -6.985809
v  -3.029713 16.248901 -8.366516
v  -3.557980 16.326355 -5.600479
v  -2.803640 16.264221 -5.395645
v  -2.766245 16.228271 -6.737366
v  -1.672161 16.213837 -6.364777
v  -1.554457 16.231903 -7.596161
v  -2.521719 16.233307 -8.085083
v  -1.648863 16.228149 -5.119202
v  -0.230936 16.303955 -4.926208
v  -0.337162 16.223999 -6.044662
v  -1.491932 16.495453 -3.915955
v  -0.124313 16.663422 -3.912491
v  1.289183 16.559967 -3.821869
v  1.241302 16.246704 -4.901733
v  -0.046701 16.965027 -3.182693
v  1.254515 16.932129 -3.057541
v  2.466152 16.910522 -2.937927
v  2.526714 16.499573 -3.876358
v  0.007952 17.192932 -2.593475
v  1.192966 17.154297 -2.509903
v  0.043070 17.255554 -2.049622
v  1.138891 17.232391 -1.988174
v  1.085871 17.082886 -1.520996
v  1.826609 16.743896 -0.908691
v  2.306181 16.885773 -0.470169
v  3.401791 16.918213 -2.987183
v  3.473667 16.527893 -4.033081
v  3.436684 16.338501 -5.256424
v  2.483591 16.270447 -5.058578
v  3.264069 16.262848 -6.492065
v  2.321018 16.221375 -6.256409
v  1.091045 16.213287 -6.038361
v  2.017832 16.220825 -7.362366
v  0.846104 16.232178 -7.073029
v  -0.384039 16.241791 -7.143051
v  2.925461 16.243591 -7.683075
v  3.798771 16.305725 -6.649170
v  3.445839 16.261475 -7.903732
v  2.919743 16.251892 -9.036255
v  3.880285 16.267731 -8.091888
v  3.313234 16.258179 -9.304474
v  2.460493 16.286316 -10.356750
v  2.151743 16.271606 -9.976288
v  1.257061 16.320984 -11.099396
v  1.106344 16.306702 -10.635834
v  -0.148352 16.346741 -11.319138
v  -0.098511 16.327118 -10.833939
v  -1.555361 16.314911 -10.913925
v  -1.296637 16.297974 -10.501648
v  -2.363554 16.264587 -9.629120
v  -0.194769 16.360107 -11.719681
v  1.381395 16.329620 -11.504196
v  1.466959 16.283478 -11.842316
v  2.740456 16.296570 -10.703308
v  2.942606 16.203949 -10.989059
v  3.038162 15.894928 -11.152237
v  3.949341 16.108765 -9.753128
v  4.100077 15.801910 -9.890335
v  4.125547 15.422455 -9.939468
v  4.767338 15.809357 -8.464127
v  4.840694 15.425018 -8.497925
v  4.843494 15.002563 -8.487762
v  5.259712 15.548645 -6.999878
v  5.254795 15.142639 -6.966125
v  5.240698 14.694183 -6.919067
v  5.434237 15.366028 -5.540222
v  5.419975 14.940460 -5.465683
v  5.412735 14.368988 -5.353638
v  5.583866 15.172760 -4.127914
v  5.579224 14.617493 -3.975357
v  5.640467 13.547180 -3.775146
v  5.775829 15.474182 -2.989624
v  5.798773 15.927551 -3.132309
v  5.948698 16.377838 -2.000946
v  5.945364 15.922180 -1.892441
v  5.588377 15.609863 -4.243607
v  5.567440 15.994568 -4.328125
v  5.790899 16.327576 -3.230560
v  5.432161 15.744354 -5.586197
v  5.366289 16.085785 -5.611618
v  5.465849 16.322510 -4.379547
v  5.209597 15.933533 -7.012085
v  4.971664 16.209625 -6.971954
v  5.112295 16.326752 -5.602737
v  4.584440 16.117371 -8.387268
v  4.264353 16.229675 -8.253784
v  4.620291 16.315613 -6.887497
v  3.659016 16.242676 -9.545990
v  4.229239 16.336853 -6.780533
v  4.385002 16.439819 -5.478790
v  4.767477 16.442810 -5.560120
v  4.477509 16.630676 -4.251953
v  4.882095 16.635406 -4.331848
v  5.222958 16.538300 -4.381332
v  4.996126 16.979126 -3.276443
v  5.388195 16.900116 -3.304337
v  5.662331 16.663544 -3.284241
v  5.434040 17.267639 -2.263519
v  5.739944 17.046539 -2.172195
v  5.896673 16.750061 -2.089752
v  5.575968 17.509705 -1.027206
v  5.288980 17.683899 -1.213226
v  4.944948 18.148346 -0.359406
v  5.180408 17.944092 -0.151962
v  4.625454 18.679688 0.307297
v  4.806845 18.491547 0.546967
v  4.331120 19.125031 0.894287
v  4.391502 18.757263 0.132599
v  4.066423 19.229431 0.714020
v  4.612261 18.216309 -0.547806
v  4.221180 18.204376 -0.639709
v  4.884577 17.744415 -1.366562
v  4.404688 17.733856 -1.461166
v  5.018505 17.336639 -2.319412
v  4.520887 17.346558 -2.337585
v  4.525864 16.944733 -3.197281
v  4.009560 16.926880 -3.094482
v  4.027538 16.584259 -4.156845
v  3.954182 16.396454 -5.376785
v  4.857618 12.646332 -0.075684
v  5.191540 12.954437 -0.266724
v  4.392410 12.798126 0.554688
v  5.411718 17.329865 1.703857
v  10.422041 16.504974 4.858017
v  10.745348 16.113098 4.489334
v  10.015768 16.158325 3.858734
v  8.958803 15.680756 2.899841
v  8.942705 15.103699 2.834412
v  8.912962 14.560883 2.948822
v  11.017530 15.965759 4.916214
v  10.706915 16.450256 5.254303
v  10.269102 16.969299 5.631424
v  10.813704 16.311462 5.630310
v  3.985086 10.406525 1.481735
v  4.378557 10.209900 1.628479
v  4.718021 10.004486 1.826477
v  3.329536 9.145813 2.828781
v  3.066015 9.347626 2.573868
v  2.791250 9.624847 2.396179
v  1.926468 9.079529 3.655884
v  2.178406 8.911255 3.856781
v  1.350008 8.472778 4.620834
v  0.998728 8.622437 4.400742
v  2.427284 8.916077 4.125031
v  1.685764 8.480774 4.881271
v  1.212406 7.934723 5.514633
v  1.923944 8.655212 5.166229
v  1.456553 8.089630 5.846619
v  1.139482 7.416229 6.662018
v  0.876745 7.275848 6.344391
v  0.880241 6.704041 7.647049
v  0.680691 6.502228 7.416626
v  0.386185 6.400177 7.230942
v  0.606991 5.689606 8.340149
v  0.379734 5.546783 8.158691
v  0.087746 5.491821 8.081436
v  0.064274 6.423370 7.097885
v  -0.218552 5.508026 8.105530
v  -0.253761 6.386444 7.196732
v  -0.467749 5.604095 8.235184
v  -0.554180 6.436737 7.349701
v  -0.789616 7.248230 6.293518
v  -1.151550 7.894379 5.475739
v  -0.788610 6.597992 7.562637
v  -1.073870 7.353882 6.595016
v  -1.427238 8.007599 5.781815
v  -1.894541 8.561279 5.100906
v  -1.655376 8.419495 4.810074
v  -1.193413 7.591736 6.887726
v  -1.532097 8.256775 6.073822
v  -1.984047 8.832581 5.369247
v  -2.620739 9.303894 4.644302
v  -2.550755 9.037506 4.388840
v  -1.468233 8.581146 6.318817
v  -1.937574 9.172272 5.595428
v  -2.579893 9.651184 4.857941
v  -3.495346 9.981689 4.125427
v  -3.571060 9.602936 3.858353
v  -1.803175 9.542542 5.781647
v  -2.461370 10.045502 5.043320
v  -3.313757 10.447296 4.385193
v  -4.213276 10.910278 4.008881
v  -4.547079 10.409149 3.672836
v  -2.236336 10.540009 5.252869
v  -3.010708 11.020111 4.645416
v  -3.807192 11.524017 4.298599
v  -4.595648 12.129578 4.237823
v  -5.007484 11.536865 3.985275
v  -2.565153 11.779846 4.984146
v  -3.304193 12.331787 4.637360
v  -4.104366 12.908661 4.508423
v  -4.979969 13.465698 4.743439
v  -5.432240 12.786438 4.487930
v  -1.977060 12.678162 5.369278
v  -1.864737 11.191467 5.546524
v  -1.426868 11.882812 5.923828
v  -1.323580 10.462982 6.244827
v  -0.997318 10.949280 6.586884
v  -0.904730 9.650696 7.016068
v  -0.708698 10.001251 7.337372
v  -0.524260 10.306427 7.657150
v  -0.574625 9.042847 8.122269
v  -0.451065 9.272095 8.395981
v  -0.292633 9.460754 8.649994
v  -0.413713 8.236847 9.153992
v  -0.254627 8.400452 9.370789
v  -0.059231 8.529327 9.545715
v  -0.062056 9.577606 8.808685
v  0.185678 8.483978 9.482666
v  0.191591 9.523773 8.731400
v  0.364975 8.324066 9.268494
v  0.373901 9.359100 8.506088
v  0.484110 8.141754 9.037781
v  0.519783 9.154449 8.241837
v  0.596766 7.946594 8.810181
v  0.636631 8.903137 7.963867
v  0.808825 9.834900 7.156067
v  0.769876 8.628754 7.702576
v  1.021578 9.475708 6.854324
v  1.496162 10.230652 6.071121
v  1.235300 9.109955 6.609909
v  1.747660 9.743988 5.832779
v  2.438482 10.294830 5.059219
v  1.911242 9.335999 5.647690
v  2.605391 9.824615 4.867371
v  3.557049 10.207306 4.150894
v  2.670074 9.428680 4.665085
v  3.673176 9.744598 3.867401
v  4.871006 10.286865 3.400787
v  3.656340 9.390015 3.522568
v  5.047626 9.971100 2.881454
v  6.001556 11.334900 2.830475
v  5.029446 9.853577 2.291397
v  3.559284 9.164825 3.164215
v  2.617512 9.098022 4.415405
v  1.993599 8.961182 5.434113
v  1.414835 8.740387 6.399094
v  1.514914 8.383362 6.156067
v  1.097862 8.043701 7.215912
v  1.176477 7.723175 6.959717
v  0.895998 7.256134 8.136673
v  0.939562 6.967682 7.905014
v  0.764233 6.370544 9.047089
v  0.767836 6.137360 8.805435
v  0.722412 5.894806 8.564026
v  0.629009 5.267059 9.634460
v  0.595642 5.062012 9.392075
v  0.509245 4.855865 9.152145
v  0.501192 4.261414 10.059982
v  0.399324 4.077026 9.859848
v  0.280439 3.916138 9.678574
v  0.330366 4.702209 8.970718
v  0.076529 3.800323 9.542542
v  0.086714 4.619934 8.863632
v  -0.155544 3.816467 9.553650
v  -0.183249 4.633911 8.874863
v  -0.327192 3.965820 9.711563
v  -0.398460 4.761078 9.020386
v  -0.442142 4.144379 9.903564
v  -0.538599 4.947296 9.228821
v  -0.636045 5.786377 8.447845
v  -0.613073 5.153442 9.460815
v  -0.737604 6.011719 8.680511
v  -0.908154 6.829163 7.810135
v  -0.765121 6.258179 8.924271
v  -0.916248 7.112244 8.046890
v  -1.146484 7.885773 7.128036
v  -0.852591 7.387726 8.256622
v  -1.009853 8.206757 7.351807
v  -1.316912 8.935577 6.529221
v  -0.840694 8.502502 7.592422
v  -1.115454 9.300995 6.754730
v  -1.605791 9.967621 5.978531
v  -0.701630 8.771301 7.848907
v  -0.755941 7.623718 8.471024
v  -0.647074 7.844025 8.698090
v  -0.534952 8.054474 8.928619
v  -0.667542 6.885101 9.597244
v  -0.578314 7.075165 9.808304
v  -0.464586 7.260498 10.018326
v  -0.621574 6.106201 10.692383
v  -0.501501 6.265564 10.903030
v  -0.320650 6.404388 11.101669
v  -0.301451 7.429230 10.214813
v  -0.092825 6.483185 11.221329
v  -0.081001 7.536560 10.344315
v  0.182793 6.469604 11.199509
v  0.169678 7.486145 10.286133
v  0.395451 6.346527 11.031372
v  0.384529 7.351929 10.129181
v  0.566175 6.199463 10.836960
v  0.528658 7.172516 9.925507
v  0.648579 6.025085 10.618637
v  0.619335 6.987091 9.719131
v  0.699749 5.836182 10.367218
v  0.695667 6.786224 9.496994
v  0.701845 7.729553 8.583542
v  0.747135 6.577545 9.269745
v  0.812204 7.499146 8.352646
v  0.928751 8.360107 7.457977
v  0.687130 5.646027 10.116669
v  0.655890 5.461060 9.874771
v  0.691488 4.751312 10.769348
v  0.632490 4.591888 10.525925
v  0.567059 4.430481 10.287430
v  0.685600 3.865723 10.933548
v  0.601967 3.709412 10.730301
v  0.506657 3.558228 10.550217
v  0.582571 3.158051 11.089203
v  0.465204 3.012360 10.937653
v  0.340822 2.851837 10.819122
v  0.390839 3.399506 10.387878
v  0.332468 2.735168 11.211548
v  0.222109 2.550201 11.111343
v  0.200123 2.616425 11.366074
v  0.077782 2.485901 11.242203
v  -0.089638 2.415741 11.091217
v  -0.236155 2.639618 10.776199
v  -0.073404 2.498718 11.337952
v  -0.212297 2.560852 11.162079
v  -0.349754 2.810211 10.875061
v  -0.404324 3.403961 10.438492
v  -0.276005 3.260071 10.280945
v  -0.308172 2.699005 11.258667
v  -0.452024 2.939819 11.005508
v  -0.509981 3.548584 10.610855
v  -0.532602 4.328827 10.113464
v  -0.537617 3.061035 11.154602
v  -0.607180 3.677734 10.782242
v  -0.595806 4.488342 10.336731
v  -0.648298 5.360077 9.706238
v  -0.694130 3.814636 10.973953
v  -0.645365 4.642334 10.579849
v  -0.675674 5.551300 9.951080
v  -0.758104 6.480377 9.155945
v  -0.698269 4.798035 10.831451
v  -0.697124 5.735199 10.196686
v  -0.726414 6.680511 9.373215
v  -0.686874 5.919006 10.442535
v  -0.729164 4.959473 11.110184
v  -0.680117 5.088196 11.387756
v  -0.560169 4.195862 11.959885
v  -0.562857 5.196228 11.636658
v  -0.332895 4.234863 12.115952
v  -0.378971 5.284729 11.832062
v  -0.080505 4.261993 12.207672
v  -0.102108 5.333618 11.945480
v  0.189522 4.275574 12.200821
v  0.175898 5.323730 11.905334
v  0.422409 4.270325 12.101273
v  0.410109 5.261475 11.762161
v  0.606087 4.253326 11.919235
v  0.597340 5.168945 11.558411
v  0.699793 5.056152 11.316483
v  0.732517 4.919800 11.039841
v  0.358381 3.500549 12.076935
v  0.539310 3.536469 11.948517
v  0.285036 3.132568 11.908966
v  0.441372 3.189240 11.796188
v  0.221121 2.908661 11.739517
v  0.368742 2.959564 11.646759
v  0.518583 3.068787 11.494965
v  0.664497 3.307373 11.262482
v  0.287561 2.781433 11.496231
v  0.434546 2.900360 11.341415
v  0.159901 2.715729 11.606934
v  0.061535 2.566010 11.477646
v  -0.183107 2.608856 11.422241
v  -0.266293 2.740997 11.534149
v  -0.387941 2.827148 11.381607
v  -0.327925 2.881653 11.665359
v  -0.447268 2.953796 11.513885
v  -0.578083 3.156036 11.311615
v  -0.363266 3.078033 11.796783
v  -0.445232 3.436584 11.929276
v  -0.229836 3.079285 11.918640
v  -0.284405 3.458618 12.085876
v  -0.063658 3.093475 11.976120
v  -0.064213 3.484253 12.149277
v  0.110670 3.114319 11.956543
v  0.163675 3.491058 12.145859
v  -2.376297 8.915161 4.110596
v  -2.140017 8.926575 3.848129
v  -1.341204 8.476898 4.569061
v  -1.899935 9.075409 3.638290
v  -1.014528 8.648285 4.365463
v  -9.710211 17.241058 6.074448
v  -9.735199 17.413330 5.766159
v  -10.501823 16.738464 5.519592
v  -10.657633 16.303497 4.772827
v  -10.143307 16.362244 4.337692
v  -9.273134 16.453186 3.714554
v  -5.136097 13.010468 -7.498093
v  -4.793062 11.820862 -9.153549
v  -5.262463 12.141571 -7.462769
v  -4.911907 11.274139 -9.142349
v  -4.009602 11.031830 -10.805008
v  -4.017319 10.578217 -10.749222
v  -2.488523 10.433105 -11.999939
v  -2.393417 10.118927 -11.739822
v  -0.588537 10.035889 -12.314697
# 1455 vertices

vt 0.000000 0.000000 0.000000
# 1 texture coords

o VertebraeUpper
g VertebraeUpper
usemtl default
f 1456/2 1501/2 1502/2 1503/2 
f 1456/2 1503/2 1504/2 1505/2 
f 1456/2 1505/2 1506/2 1501/2 
f 1457/2 1507/2 1508/2 1509/2 
f 1457/2 1510/2 1511/2 1507/2 
f 1457/2 1509/2 1512/2 1510/2 
f 1458/2 1513/2 1514/2 1515/2 
f 1458/2 1516/2 1517/2 1513/2 
f 1458/2 1515/2 1518/2 1516/2 
f 1459/2 1519/2 1520/2 1521/2 
f 1459/2 1522/2 1523/2 1519/2 
f 1459/2 1521/2 1524/2 1522/2 
f 1460/2 1525/2 1526/2 1527/2 
f 1460/2 1527/2 1528/2 1529/2 
f 1460/2 1529/2 1530/2 1525/2 
f 1461/2 1531/2 1532/2 1533/2 
f 1461/2 1534/2 1535/2 1531/2 
f 1461/2 1533/2 1536/2 1534/2 
f 1462/2 1537/2 1538/2 1539/2 
f 1462/2 1540/2 1541/2 1542/2 
f 1462/2 1539/2 1543/2 1540/2 
f 1463/2 1544/2 1545/2 1546/2 
f 1463/2 1547/2 1548/2 1544/2 
f 1463/2 1546/2 1549/2 1547/2 
f 1464/2 1550/2 1551/2 1552/2 
f 1464/2 1552/2 1553/2 1554/2 
f 1464/2 1554/2 1555/2 1550/2 
f 1465/2 1556/2 1557/2 1558/2 
f 1465/2 1558/2 1559/2 1560/2 
f 1465/2 1560/2 1561/2 1562/2 
f 1465/2 1563/2 1564/2 1556/2 
f 1465/2 1562/2 1565/2 1563/2 
f 1466/2 1566/2 1567/2 1568/2 
f 1466/2 1549/2 1546/2 1566/2 
f 1466/2 1569/2 1570/2 1549/2 
f 1466/2 1568/2 1571/2 1572/2 
f 1466/2 1572/2 1573/2 1569/2 
f 1467/2 1574/2 1575/2 1576/2 
f 1467/2 1577/2 1578/2 1476/2 
f 1467/2 1576/2 1491/2 1577/2 
f 1467/2 1579/2 1580/2 1574/2 
f 1467/2 1476/2 1581/2 1579/2 
f 1468/2 1582/2 1583/2 1584/2 
f 1468/2 1585/2 1586/2 1582/2 
f 1468/2 1584/2 1587/2 1585/2 
f 1469/2 1588/2 1589/2 1590/2 
f 1469/2 1590/2 1559/2 1558/2 
f 1469/2 1558/2 1557/2 1588/2 
f 1470/2 1591/2 1592/2 1593/2 
f 1470/2 1593/2 1594/2 1595/2 
f 1470/2 1595/2 1596/2 1591/2 
f 1471/2 1597/2 1485/2 1598/2 
f 1471/2 1599/2 1600/2 1597/2 
f 1471/2 1598/2 1601/2 1602/2 
f 1472/2 1603/2 1604/2 1605/2 
f 1472/2 1606/2 1607/2 1603/2 
f 1472/2 1605/2 1608/2 1606/2 
f 1473/2 1609/2 1610/2 1611/2 
f 1473/2 1612/2 1613/2 1609/2 
f 1473/2 1611/2 1614/2 1612/2 
f 1474/2 1615/2 1616/2 1617/2 
f 1474/2 1618/2 1619/2 1615/2 
f 1474/2 1617/2 1620/2 1618/2 
f 1475/2 1621/2 1622/2 1623/2 
f 1475/2 1624/2 1625/2 1621/2 
f 1475/2 1623/2 1626/2 1624/2 
f 1627/2 1628/2 1629/2 1630/2 
f 1476/2 1631/2 1632/2 1581/2 
f 1476/2 1633/2 1634/2 1631/2 
f 1476/2 1578/2 1635/2 1633/2 
f 1477/2 1478/2 1636/2 1637/2 
f 1477/2 1637/2 1638/2 1500/2 
f 1477/2 1500/2 1639/2 1640/2 
f 1477/2 1641/2 1642/2 1478/2 
f 1477/2 1640/2 1494/2 1641/2 
f 1478/2 1642/2 1643/2 1636/2 
f 1479/2 1644/2 1645/2 1646/2 
f 1479/2 1647/2 1488/2 1644/2 
f 1479/2 1648/2 1649/2 1650/2 
f 1479/2 1650/2 1651/2 1647/2 
f 1479/2 1646/2 1652/2 1648/2 
f 1480/2 1653/2 1654/2 1655/2 
f 1480/2 1655/2 1656/2 1657/2 
f 1480/2 1658/2 1659/2 1653/2 
f 1480/2 1660/2 1661/2 1658/2 
f 1480/2 1657/2 1662/2 1660/2 
f 1481/2 1663/2 1664/2 1665/2 
f 1481/2 1666/2 1667/2 1663/2 
f 1481/2 1665/2 1668/2 1669/2 
f 1481/2 1669/2 1611/2 1610/2 
f 1481/2 1610/2 1670/2 1666/2 
f 1482/2 1671/2 1672/2 1673/2 
f 1482/2 1673/2 1674/2 1675/2 
f 1482/2 1676/2 1677/2 1671/2 
f 1483/2 1678/2 1679/2 1680/2 
f 1483/2 1681/2 1682/2 1683/2 
f 1483/2 1683/2 1684/2 1685/2 
f 1483/2 1685/2 1686/2 1678/2 
f 1484/2 1687/2 1688/2 1689/2 
f 1484/2 1689/2 1690/2 1691/2 
f 1484/2 1691/2 1692/2 1687/2 
f 1485/2 1597/2 1693/2 1694/2 
f 1485/2 1695/2 1696/2 1598/2 
f 1485/2 1697/2 1698/2 1695/2 
f 1485/2 1694/2 1699/2 1697/2 
f 1486/2 1700/2 1701/2 1702/2 
f 1486/2 1703/2 1704/2 1705/2 
f 1486/2 1702/2 1706/2 1703/2 
f 1486/2 1705/2 1707/2 1708/2 
f 1486/2 1708/2 1709/2 1700/2 
f 1487/2 1710/2 1711/2 1712/2 
f 1487/2 1713/2 1714/2 1710/2 
f 1487/2 1712/2 1715/2 1716/2 
f 1487/2 1716/2 1717/2 1718/2 
f 1487/2 1718/2 1719/2 1713/2 
f 1488/2 1720/2 1721/2 1722/2 
f 1488/2 1722/2 1723/2 1644/2 
f 1489/2 1724/2 1725/2 1626/2 
f 1489/2 1726/2 1727/2 1724/2 
f 1489/2 1626/2 1623/2 1728/2 
f 1489/2 1729/2 1730/2 1726/2 
f 1489/2 1728/2 1731/2 1729/2 
f 1490/2 1732/2 1733/2 1734/2 
f 1490/2 1734/2 1735/2 1736/2 
f 1490/2 1737/2 1738/2 1739/2 
f 1490/2 1736/2 1740/2 1737/2 
f 1490/2 1739/2 1741/2 1732/2 
f 1491/2 1742/2 1743/2 1744/2 
f 1491/2 1576/2 1745/2 1742/2 
f 1491/2 1744/2 1746/2 1747/2 
f 1492/2 1748/2 1583/2 1582/2 
f 1492/2 1582/2 1586/2 1749/2 
f 1492/2 1749/2 1750/2 1748/2 
f 1493/2 1751/2 1752/2 1753/2 
f 1493/2 1753/2 1579/2 1581/2 
f 1493/2 1581/2 1632/2 1754/2 
f 1493/2 1755/2 1756/2 1751/2 
f 1494/2 1757/2 1758/2 1641/2 
f 1494/2 1640/2 1759/2 1757/2 
f 1495/2 1760/2 1761/2 1762/2 
f 1495/2 1763/2 1764/2 1760/2 
f 1495/2 1765/2 1766/2 1767/2 
f 1495/2 1762/2 1571/2 1765/2 
f 1496/2 1768/2 1769/2 1770/2 
f 1496/2 1771/2 1772/2 1773/2 
f 1496/2 1773/2 1774/2 1775/2 
f 1496/2 1775/2 1776/2 1768/2 
f 1497/2 1777/2 1778/2 1779/2 
f 1497/2 1780/2 1781/2 1777/2 
f 1497/2 1779/2 1782/2 1780/2 
f 1498/2 1783/2 1784/2 1785/2 
f 1498/2 1786/2 1787/2 1783/2 
f 1498/2 1785/2 1788/2 1786/2 
f 1499/2 1789/2 1543/2 1790/2 
f 1499/2 1791/2 1792/2 1789/2 
f 1499/2 1793/2 1794/2 1791/2 
f 1499/2 1790/2 1795/2 1796/2 
f 1499/2 1796/2 1797/2 1793/2 
f 1500/2 1638/2 1798/2 1639/2 
f 1798/2 1799/2 1800/2 1639/2 
f 1798/2 1638/2 1801/2 1802/2 
f 1798/2 1802/2 1803/2 1799/2 
f 1803/2 1804/2 1805/2 1799/2 
f 1803/2 1802/2 1806/2 1807/2 
f 1803/2 1807/2 1808/2 1804/2 
f 1808/2 1809/2 1810/2 1804/2 
f 1808/2 1807/2 1811/2 1812/2 
f 1808/2 1812/2 1813/2 1809/2 
f 1813/2 1814/2 1815/2 1809/2 
f 1813/2 1812/2 1816/2 1817/2 
f 1813/2 1817/2 1818/2 1814/2 
f 1818/2 1819/2 1820/2 1814/2 
f 1818/2 1817/2 1821/2 1548/2 
f 1818/2 1548/2 1547/2 1819/2 
f 1821/2 1817/2 1816/2 1822/2 
f 1821/2 1822/2 1823/2 1824/2 
f 1821/2 1824/2 1544/2 1548/2 
f 1824/2 1823/2 1677/2 1825/2 
f 1824/2 1825/2 1545/2 1544/2 
f 1825/2 1677/2 1676/2 1826/2 
f 1825/2 1826/2 1827/2 1545/2 
f 1827/2 1826/2 1828/2 1829/2 
f 1827/2 1829/2 1567/2 1566/2 
f 1827/2 1566/2 1546/2 1545/2 
f 1829/2 1828/2 1830/2 1831/2 
f 1829/2 1831/2 1832/2 1567/2 
f 1832/2 1833/2 1568/2 1567/2 
f 1832/2 1831/2 1723/2 1722/2 
f 1832/2 1722/2 1721/2 1833/2 
f 1833/2 1765/2 1571/2 1568/2 
f 1833/2 1721/2 1766/2 1765/2 
f 1831/2 1830/2 1834/2 1723/2 
f 1834/2 1830/2 1835/2 1836/2 
f 1834/2 1836/2 1837/2 1645/2 
f 1834/2 1645/2 1644/2 1723/2 
f 1837/2 1836/2 1838/2 1839/2 
f 1837/2 1839/2 1840/2 1841/2 
f 1837/2 1841/2 1646/2 1645/2 
f 1841/2 1840/2 1622/2 1842/2 
f 1841/2 1842/2 1652/2 1646/2 
f 1842/2 1622/2 1621/2 1843/2 
f 1842/2 1843/2 1844/2 1652/2 
f 1844/2 1843/2 1845/2 1846/2 
f 1844/2 1846/2 1847/2 1848/2 
f 1844/2 1848/2 1648/2 1652/2 
f 1848/2 1847/2 1849/2 1850/2 
f 1848/2 1850/2 1649/2 1648/2 
f 1850/2 1849/2 1851/2 1852/2 
f 1850/2 1852/2 1853/2 1649/2 
f 1853/2 1854/2 1650/2 1649/2 
f 1853/2 1852/2 1855/2 1856/2 
f 1853/2 1856/2 1857/2 1854/2 
f 1857/2 1858/2 1859/2 1854/2 
f 1857/2 1856/2 1860/2 1861/2 
f 1857/2 1861/2 1862/2 1858/2 
f 1862/2 1863/2 1864/2 1858/2 
f 1862/2 1861/2 1865/2 1866/2 
f 1862/2 1866/2 1867/2 1863/2 
f 1867/2 1526/2 1868/2 1863/2 
f 1867/2 1866/2 1869/2 1870/2 
f 1867/2 1870/2 1527/2 1526/2 
f 1870/2 1869/2 1871/2 1872/2 
f 1870/2 1872/2 1528/2 1527/2 
f 1872/2 1871/2 1873/2 1874/2 
f 1872/2 1874/2 1875/2 1528/2 
f 1875/2 1876/2 1529/2 1528/2 
f 1875/2 1874/2 1877/2 1878/2 
f 1875/2 1878/2 1879/2 1876/2 
f 1879/2 1687/2 1692/2 1876/2 
f 1879/2 1878/2 1880/2 1881/2 
f 1879/2 1881/2 1688/2 1687/2 
f 1881/2 1880/2 1882/2 1883/2 
f 1881/2 1883/2 1884/2 1688/2 
f 1884/2 1885/2 1689/2 1688/2 
f 1884/2 1883/2 1886/2 1887/2 
f 1884/2 1887/2 1888/2 1885/2 
f 1888/2 1889/2 1890/2 1885/2 
f 1888/2 1887/2 1891/2 1892/2 
f 1888/2 1892/2 1893/2 1889/2 
f 1893/2 1892/2 1894/2 1619/2 
f 1893/2 1619/2 1618/2 1895/2 
f 1893/2 1895/2 1896/2 1889/2 
f 1896/2 1895/2 1897/2 1898/2 
f 1896/2 1898/2 1899/2 1900/2 
f 1896/2 1900/2 1890/2 1889/2 
f 1900/2 1899/2 1901/2 1902/2 
f 1900/2 1902/2 1690/2 1890/2 
f 1902/2 1901/2 1903/2 1904/2 
f 1902/2 1904/2 1691/2 1690/2 
f 1904/2 1903/2 1525/2 1530/2 
f 1904/2 1530/2 1692/2 1691/2 
f 1903/2 1901/2 1905/2 1868/2 
f 1903/2 1868/2 1526/2 1525/2 
f 1905/2 1901/2 1899/2 1906/2 
f 1905/2 1906/2 1907/2 1864/2 
f 1905/2 1864/2 1863/2 1868/2 
f 1907/2 1906/2 1908/2 1909/2 
f 1907/2 1909/2 1651/2 1859/2 
f 1907/2 1859/2 1858/2 1864/2 
f 1909/2 1908/2 1910/2 1911/2 
f 1909/2 1911/2 1647/2 1651/2 
f 1911/2 1910/2 1912/2 1913/2 
f 1911/2 1913/2 1488/2 1647/2 
f 1913/2 1912/2 1914/2 1915/2 
f 1913/2 1915/2 1720/2 1488/2 
f 1915/2 1914/2 1916/2 1917/2 
f 1915/2 1917/2 1918/2 1720/2 
f 1918/2 1917/2 1919/2 1920/2 
f 1918/2 1920/2 1767/2 1766/2 
f 1918/2 1766/2 1721/2 1720/2 
f 1920/2 1919/2 1921/2 1922/2 
f 1920/2 1922/2 1923/2 1767/2 
f 1923/2 1922/2 1924/2 1925/2 
f 1923/2 1925/2 1926/2 1763/2 
f 1923/2 1763/2 1495/2 1767/2 
f 1926/2 1925/2 1927/2 1928/2 
f 1926/2 1928/2 1929/2 1930/2 
f 1926/2 1930/2 1764/2 1763/2 
f 1930/2 1929/2 1931/2 1932/2 
f 1930/2 1932/2 1933/2 1764/2 
f 1933/2 1932/2 1934/2 1935/2 
f 1933/2 1935/2 1936/2 1937/2 
f 1933/2 1937/2 1760/2 1764/2 
f 1937/2 1936/2 1938/2 1939/2 
f 1937/2 1939/2 1761/2 1760/2 
f 1939/2 1938/2 1940/2 1941/2 
f 1939/2 1941/2 1942/2 1761/2 
f 1942/2 1941/2 1943/2 1944/2 
f 1942/2 1944/2 1945/2 1946/2 
f 1942/2 1946/2 1762/2 1761/2 
f 1946/2 1945/2 1573/2 1572/2 
f 1946/2 1572/2 1571/2 1762/2 
f 1945/2 1944/2 1947/2 1948/2 
f 1945/2 1948/2 1949/2 1573/2 
f 1949/2 1948/2 1950/2 1951/2 
f 1949/2 1951/2 1952/2 1953/2 
f 1949/2 1953/2 1569/2 1573/2 
f 1953/2 1952/2 1954/2 1955/2 
f 1953/2 1955/2 1570/2 1569/2 
f 1955/2 1954/2 1956/2 1820/2 
f 1955/2 1820/2 1819/2 1570/2 
f 1956/2 1954/2 1957/2 1958/2 
f 1956/2 1958/2 1959/2 1815/2 
f 1956/2 1815/2 1814/2 1820/2 
f 1959/2 1958/2 1960/2 1961/2 
f 1959/2 1961/2 1962/2 1810/2 
f 1959/2 1810/2 1809/2 1815/2 
f 1962/2 1961/2 1963/2 1964/2 
f 1962/2 1964/2 1965/2 1805/2 
f 1962/2 1805/2 1804/2 1810/2 
f 1965/2 1964/2 1966/2 1967/2 
f 1965/2 1967/2 1759/2 1800/2 
f 1965/2 1800/2 1799/2 1805/2 
f 1967/2 1966/2 1968/2 1969/2 
f 1967/2 1969/2 1757/2 1759/2 
f 1969/2 1968/2 1970/2 1971/2 
f 1969/2 1971/2 1758/2 1757/2 
f 1971/2 1970/2 1972/2 1973/2 
f 1971/2 1973/2 1974/2 1758/2 
f 1974/2 1973/2 1975/2 1976/2 
f 1974/2 1976/2 1643/2 1642/2 
f 1974/2 1642/2 1641/2 1758/2 
f 1976/2 1975/2 1977/2 1978/2 
f 1976/2 1978/2 1979/2 1643/2 
f 1979/2 1978/2 1980/2 1981/2 
f 1979/2 1981/2 1982/2 1983/2 
f 1979/2 1983/2 1636/2 1643/2 
f 1983/2 1982/2 1984/2 1985/2 
f 1983/2 1985/2 1637/2 1636/2 
f 1985/2 1984/2 1986/2 1801/2 
f 1985/2 1801/2 1638/2 1637/2 
f 1986/2 1984/2 1987/2 1988/2 
f 1986/2 1988/2 1989/2 1806/2 
f 1986/2 1806/2 1802/2 1801/2 
f 1989/2 1811/2 1807/2 1806/2 
f 1989/2 1988/2 1990/2 1991/2 
f 1989/2 1991/2 1992/2 1811/2 
f 1992/2 1816/2 1812/2 1811/2 
f 1992/2 1991/2 1993/2 1994/2 
f 1992/2 1994/2 1822/2 1816/2 
f 1994/2 1993/2 1995/2 1996/2 
f 1994/2 1996/2 1823/2 1822/2 
f 1996/2 1995/2 1672/2 1671/2 
f 1996/2 1671/2 1677/2 1823/2 
f 1995/2 1997/2 1998/2 1672/2 
f 1995/2 1993/2 1999/2 1997/2 
f 1999/2 2000/2 2001/2 1997/2 
f 1999/2 1993/2 1991/2 1990/2 
f 1999/2 1990/2 2002/2 2000/2 
f 2002/2 2003/2 2004/2 2000/2 
f 2002/2 1990/2 1988/2 1987/2 
f 2002/2 1987/2 2005/2 2003/2 
f 2005/2 2006/2 2007/2 2003/2 
f 2005/2 1987/2 1984/2 1982/2 
f 2005/2 1982/2 1981/2 2006/2 
f 2007/2 2008/2 2009/2 2010/2 
f 2007/2 2010/2 2004/2 2003/2 
f 2007/2 2006/2 2011/2 2008/2 
f 2011/2 2012/2 2013/2 2008/2 
f 2011/2 2006/2 1981/2 1980/2 
f 2011/2 1980/2 2014/2 2012/2 
f 2014/2 2015/2 2016/2 2012/2 
f 2014/2 1980/2 1978/2 1977/2 
f 2014/2 1977/2 2017/2 2015/2 
f 2017/2 2018/2 2019/2 2015/2 
f 2017/2 1977/2 1975/2 2020/2 
f 2017/2 2020/2 2021/2 2018/2 
f 2021/2 2022/2 2023/2 2018/2 
f 2021/2 2020/2 1972/2 2024/2 
f 2021/2 2024/2 2025/2 2022/2 
f 2025/2 2026/2 2027/2 2022/2 
f 2025/2 2024/2 2028/2 2029/2 
f 2025/2 2029/2 2030/2 2026/2 
f 2030/2 2031/2 2032/2 2026/2 
f 2030/2 2029/2 2033/2 2034/2 
f 2030/2 2034/2 2035/2 2031/2 
f 2035/2 2036/2 2037/2 2031/2 
f 2035/2 2034/2 2038/2 2039/2 
f 2035/2 2039/2 2040/2 2036/2 
f 2040/2 2041/2 2042/2 2036/2 
f 2040/2 2039/2 2043/2 2044/2 
f 2040/2 2044/2 2045/2 2041/2 
f 2045/2 2046/2 2047/2 2041/2 
f 2045/2 2044/2 2048/2 2049/2 
f 2045/2 2049/2 2050/2 2046/2 
f 2050/2 2051/2 2052/2 2046/2 
f 2050/2 2049/2 2053/2 2054/2 
f 2050/2 2054/2 2055/2 2051/2 
f 2055/2 2056/2 2057/2 2051/2 
f 2055/2 2054/2 2058/2 2059/2 
f 2055/2 2059/2 2060/2 2056/2 
f 2060/2 2061/2 2062/2 2056/2 
f 2060/2 2059/2 2063/2 2064/2 
f 2060/2 2064/2 2065/2 2061/2 
f 2065/2 2066/2 2067/2 2061/2 
f 2065/2 2064/2 2068/2 2069/2 
f 2065/2 2069/2 2070/2 2066/2 
f 2070/2 2071/2 2072/2 2066/2 
f 2070/2 2069/2 2073/2 2074/2 
f 2070/2 2074/2 2075/2 2071/2 
f 2075/2 1714/2 2076/2 2071/2 
f 2075/2 2074/2 2077/2 2078/2 
f 2075/2 2078/2 1710/2 1714/2 
f 2078/2 2077/2 2079/2 2080/2 
f 2078/2 2080/2 1711/2 1710/2 
f 2080/2 2079/2 2081/2 1520/2 
f 2080/2 1520/2 1519/2 1711/2 
f 2081/2 2082/2 2083/2 2084/2 
f 2081/2 2084/2 1521/2 1520/2 
f 2081/2 2079/2 2085/2 2082/2 
f 2085/2 2079/2 2077/2 2086/2 
f 2085/2 2086/2 1938/2 1936/2 
f 2085/2 1936/2 1935/2 2082/2 
f 2086/2 2077/2 2074/2 2073/2 
f 2086/2 2073/2 1940/2 1938/2 
f 2084/2 2083/2 2087/2 2088/2 
f 2084/2 2088/2 1524/2 1521/2 
f 2088/2 2087/2 2089/2 2090/2 
f 2088/2 2090/2 1680/2 1524/2 
f 2090/2 2089/2 2091/2 1681/2 
f 2090/2 1681/2 1483/2 1680/2 
f 2091/2 2092/2 2093/2 2094/2 
f 2091/2 2094/2 1682/2 1681/2 
f 2091/2 2089/2 2095/2 2092/2 
f 2095/2 2096/2 2097/2 2092/2 
f 2095/2 2089/2 2087/2 2098/2 
f 2095/2 2098/2 1931/2 2096/2 
f 2098/2 2087/2 2083/2 1934/2 
f 2098/2 1934/2 1932/2 1931/2 
f 2097/2 2099/2 1745/2 2100/2 
f 2097/2 2100/2 2093/2 2092/2 
f 2097/2 2096/2 2101/2 2099/2 
f 2101/2 2102/2 2103/2 2099/2 
f 2101/2 2096/2 1931/2 1929/2 
f 2101/2 1929/2 1928/2 2102/2 
f 2103/2 2104/2 1743/2 1742/2 
f 2103/2 1742/2 1745/2 2099/2 
f 2103/2 2102/2 2105/2 2104/2 
f 2105/2 2106/2 2107/2 2104/2 
f 2105/2 2102/2 1928/2 1927/2 
f 2105/2 1927/2 2108/2 2106/2 
f 2108/2 2109/2 2110/2 2106/2 
f 2108/2 1927/2 1925/2 1924/2 
f 2108/2 1924/2 2111/2 2109/2 
f 2111/2 1501/2 1506/2 2109/2 
f 2111/2 1924/2 1922/2 1921/2 
f 2111/2 1921/2 1502/2 1501/2 
f 2110/2 2112/2 2113/2 2114/2 
f 2110/2 2114/2 2107/2 2106/2 
f 2110/2 2109/2 1506/2 2112/2 
f 2114/2 2113/2 2115/2 2116/2 
f 2114/2 2116/2 2117/2 2107/2 
f 2117/2 2116/2 2118/2 2119/2 
f 2117/2 2119/2 1744/2 1743/2 
f 2117/2 1743/2 2104/2 2107/2 
f 2119/2 2118/2 2120/2 2121/2 
f 2119/2 2121/2 1746/2 1744/2 
f 2121/2 2120/2 1877/2 2122/2 
f 2121/2 2122/2 2123/2 1746/2 
f 2123/2 2122/2 1873/2 2124/2 
f 2123/2 2124/2 2125/2 2126/2 
f 2123/2 2126/2 1747/2 1746/2 
f 2126/2 2125/2 2127/2 2128/2 
f 2126/2 2128/2 2129/2 1747/2 
f 2129/2 2128/2 2130/2 2131/2 
f 2129/2 2131/2 1578/2 1577/2 
f 2129/2 1577/2 1491/2 1747/2 
f 2131/2 2130/2 2132/2 2133/2 
f 2131/2 2133/2 1635/2 1578/2 
f 2133/2 2132/2 2134/2 2135/2 
f 2133/2 2135/2 2136/2 1635/2 
f 2136/2 2135/2 2137/2 2138/2 
f 2136/2 2138/2 2139/2 2140/2 
f 2136/2 2140/2 1633/2 1635/2 
f 2140/2 2139/2 2141/2 2142/2 
f 2140/2 2142/2 1634/2 1633/2 
f 2142/2 2141/2 2143/2 2144/2 
f 2142/2 2144/2 2145/2 1634/2 
f 2145/2 2146/2 1631/2 1634/2 
f 2145/2 2144/2 2147/2 2148/2 
f 2145/2 2148/2 2149/2 2146/2 
f 2149/2 2150/2 2151/2 2146/2 
f 2149/2 2148/2 2152/2 2153/2 
f 2149/2 2153/2 2154/2 2150/2 
f 2154/2 2155/2 2156/2 2150/2 
f 2154/2 2153/2 2157/2 2158/2 
f 2154/2 2158/2 2159/2 2155/2 
f 2159/2 2160/2 2161/2 2155/2 
f 2159/2 2158/2 2162/2 2163/2 
f 2159/2 2163/2 2164/2 2160/2 
f 2164/2 2165/2 2166/2 2160/2 
f 2164/2 2163/2 2167/2 2168/2 
f 2164/2 2168/2 2169/2 2165/2 
f 2169/2 2170/2 2171/2 2165/2 
f 2169/2 2168/2 2172/2 2173/2 
f 2169/2 2173/2 2174/2 2170/2 
f 2174/2 2175/2 2176/2 2170/2 
f 2174/2 2173/2 2177/2 2178/2 
f 2174/2 2178/2 2179/2 2175/2 
f 2179/2 2180/2 2181/2 2175/2 
f 2179/2 2178/2 2182/2 2183/2 
f 2179/2 2183/2 2184/2 2180/2 
f 2184/2 2185/2 2186/2 2180/2 
f 2184/2 2183/2 1555/2 1554/2 
f 2184/2 1554/2 1553/2 2185/2 
f 2186/2 2185/2 2187/2 2188/2 
f 2186/2 2188/2 2189/2 2190/2 
f 2186/2 2190/2 2181/2 2180/2 
f 2190/2 2189/2 2191/2 2192/2 
f 2190/2 2192/2 2193/2 2181/2 
f 2193/2 2192/2 1585/2 1587/2 
f 2193/2 1587/2 2194/2 2176/2 
f 2193/2 2176/2 2175/2 2181/2 
f 2194/2 1587/2 1584/2 2195/2 
f 2194/2 2195/2 2196/2 2171/2 
f 2194/2 2171/2 2170/2 2176/2 
f 2196/2 2195/2 2197/2 2198/2 
f 2196/2 2198/2 2199/2 2166/2 
f 2196/2 2166/2 2165/2 2171/2 
f 2199/2 2198/2 2200/2 2201/2 
f 2199/2 2201/2 2202/2 2161/2 
f 2199/2 2161/2 2160/2 2166/2 
f 2202/2 2201/2 2203/2 2204/2 
f 2202/2 2204/2 2205/2 2156/2 
f 2202/2 2156/2 2155/2 2161/2 
f 2205/2 2204/2 2206/2 1754/2 
f 2205/2 1754/2 1632/2 2151/2 
f 2205/2 2151/2 2150/2 2156/2 
f 2206/2 2207/2 2208/2 1755/2 
f 2206/2 1755/2 1493/2 1754/2 
f 2206/2 2204/2 2203/2 2207/2 
f 2208/2 2209/2 2210/2 2211/2 
f 2208/2 2211/2 1756/2 1755/2 
f 2208/2 2207/2 2212/2 2209/2 
f 2212/2 2213/2 2214/2 2209/2 
f 2212/2 2207/2 2203/2 2215/2 
f 2212/2 2215/2 2216/2 2213/2 
f 2216/2 1750/2 2217/2 2213/2 
f 2216/2 2215/2 2200/2 2218/2 
f 2216/2 2218/2 1748/2 1750/2 
f 2218/2 2200/2 2198/2 2197/2 
f 2218/2 2197/2 1583/2 1748/2 
f 2217/2 2219/2 2220/2 2221/2 
f 2217/2 2221/2 2214/2 2213/2 
f 2217/2 1750/2 1749/2 2219/2 
f 2221/2 2220/2 2222/2 2223/2 
f 2221/2 2223/2 2224/2 2214/2 
f 2224/2 2223/2 2225/2 2226/2 
f 2224/2 2226/2 2227/2 2210/2 
f 2224/2 2210/2 2209/2 2214/2 
f 2227/2 2226/2 2228/2 2229/2 
f 2227/2 2229/2 2230/2 2231/2 
f 2227/2 2231/2 2211/2 2210/2 
f 2231/2 2230/2 2232/2 2233/2 
f 2231/2 2233/2 1756/2 2211/2 
f 2233/2 2232/2 2234/2 2235/2 
f 2233/2 2235/2 1751/2 1756/2 
f 2235/2 2234/2 2236/2 2237/2 
f 2235/2 2237/2 1752/2 1751/2 
f 2237/2 2236/2 2238/2 2239/2 
f 2237/2 2239/2 2240/2 1752/2 
f 2240/2 2239/2 2241/2 2242/2 
f 2240/2 2242/2 2243/2 2244/2 
f 2240/2 2244/2 1753/2 1752/2 
f 2244/2 2243/2 2245/2 1580/2 
f 2244/2 1580/2 1579/2 1753/2 
f 2245/2 2243/2 2246/2 2247/2 
f 2245/2 2247/2 2248/2 2249/2 
f 2245/2 2249/2 1574/2 1580/2 
f 2249/2 2250/2 1575/2 1574/2 
f 2249/2 2248/2 2251/2 2250/2 
f 2251/2 2248/2 2252/2 2253/2 
f 2251/2 2253/2 1682/2 2094/2 
f 2251/2 2094/2 2093/2 2250/2 
f 2253/2 2252/2 2254/2 2255/2 
f 2253/2 2255/2 1683/2 1682/2 
f 2255/2 2254/2 2256/2 2257/2 
f 2255/2 2257/2 1684/2 1683/2 
f 2257/2 2256/2 2258/2 2259/2 
f 2257/2 2259/2 2260/2 1684/2 
f 2260/2 2261/2 1685/2 1684/2 
f 2260/2 2259/2 1727/2 1726/2 
f 2260/2 1726/2 1730/2 2261/2 
f 2261/2 2262/2 1686/2 1685/2 
f 2261/2 1730/2 2263/2 2262/2 
f 2263/2 2264/2 2265/2 2262/2 
f 2263/2 1730/2 1729/2 2266/2 
f 2263/2 2266/2 2267/2 2264/2 
f 2267/2 2268/2 2269/2 2264/2 
f 2267/2 2266/2 2270/2 2271/2 
f 2267/2 2271/2 2272/2 2268/2 
f 2272/2 1675/2 2273/2 2268/2 
f 2272/2 2271/2 2274/2 2275/2 
f 2272/2 2275/2 1482/2 1675/2 
f 2275/2 2274/2 1835/2 2276/2 
f 2275/2 2276/2 1676/2 1482/2 
f 2276/2 1835/2 1830/2 1828/2 
f 2276/2 1828/2 1826/2 1676/2 
f 2274/2 2271/2 2270/2 1838/2 
f 2274/2 1838/2 1836/2 1835/2 
f 2273/2 2277/2 2278/2 2279/2 
f 2273/2 2279/2 2269/2 2268/2 
f 2273/2 1675/2 1674/2 2277/2 
f 2279/2 2278/2 2280/2 2281/2 
f 2279/2 2281/2 2282/2 2269/2 
f 2282/2 2281/2 2283/2 2284/2 
f 2282/2 2284/2 2285/2 2265/2 
f 2282/2 2265/2 2264/2 2269/2 
f 2285/2 2284/2 2286/2 2287/2 
f 2285/2 2287/2 1678/2 1686/2 
f 2285/2 1686/2 2262/2 2265/2 
f 2287/2 2286/2 1715/2 2288/2 
f 2287/2 2288/2 1679/2 1678/2 
f 2288/2 1715/2 1712/2 1523/2 
f 2288/2 1523/2 1522/2 1679/2 
f 2286/2 2289/2 1716/2 1715/2 
f 2286/2 2284/2 2283/2 2289/2 
f 2289/2 2290/2 1717/2 1716/2 
f 2289/2 2283/2 2291/2 2290/2 
f 2291/2 2292/2 2293/2 2290/2 
f 2291/2 2283/2 2281/2 2280/2 
f 2291/2 2280/2 2294/2 2292/2 
f 2294/2 2295/2 2296/2 2292/2 
f 2294/2 2280/2 2278/2 2297/2 
f 2294/2 2297/2 2298/2 2295/2 
f 2298/2 2299/2 2300/2 2295/2 
f 2298/2 2297/2 2301/2 2302/2 
f 2298/2 2302/2 2303/2 2299/2 
f 2303/2 2304/2 2305/2 2299/2 
f 2303/2 2302/2 2306/2 2307/2 
f 2303/2 2307/2 2308/2 2304/2 
f 2308/2 2309/2 2310/2 2304/2 
f 2308/2 2307/2 2311/2 2312/2 
f 2308/2 2312/2 1741/2 2309/2 
f 2312/2 2311/2 2313/2 2314/2 
f 2312/2 2314/2 1732/2 1741/2 
f 2314/2 2313/2 2315/2 2316/2 
f 2314/2 2316/2 1733/2 1732/2 
f 2316/2 2315/2 2004/2 2010/2 
f 2316/2 2010/2 2009/2 1733/2 
f 2315/2 2313/2 2317/2 2001/2 
f 2315/2 2001/2 2000/2 2004/2 
f 2317/2 2313/2 2311/2 2318/2 
f 2317/2 2318/2 2319/2 1998/2 
f 2317/2 1998/2 1997/2 2001/2 
f 2319/2 2318/2 2306/2 2320/2 
f 2319/2 2320/2 1674/2 1673/2 
f 2319/2 1673/2 1672/2 1998/2 
f 2320/2 2306/2 2302/2 2301/2 
f 2320/2 2301/2 2277/2 1674/2 
f 2318/2 2311/2 2307/2 2306/2 
f 2310/2 2321/2 2322/2 2323/2 
f 2310/2 2323/2 2305/2 2304/2 
f 2310/2 2309/2 2324/2 2321/2 
f 2324/2 2325/2 2326/2 2321/2 
f 2324/2 2309/2 1741/2 1739/2 
f 2324/2 1739/2 1738/2 2325/2 
f 2326/2 2327/2 2328/2 2329/2 
f 2326/2 2329/2 2322/2 2321/2 
f 2326/2 2325/2 2330/2 2327/2 
f 2330/2 2331/2 2332/2 2327/2 
f 2330/2 2325/2 1738/2 2333/2 
f 2330/2 2333/2 2334/2 2331/2 
f 2334/2 1668/2 1665/2 2331/2 
f 2334/2 2333/2 2335/2 2336/2 
f 2334/2 2336/2 2337/2 1668/2 
f 2337/2 2338/2 1669/2 1668/2 
f 2337/2 2336/2 2339/2 2340/2 
f 2337/2 2340/2 2341/2 2338/2 
f 2341/2 2342/2 1614/2 2338/2 
f 2341/2 2340/2 2343/2 1600/2 
f 2341/2 1600/2 1599/2 2342/2 
f 2343/2 2340/2 2339/2 2344/2 
f 2343/2 2344/2 2345/2 1693/2 
f 2343/2 1693/2 1597/2 1600/2 
f 2345/2 2344/2 2346/2 2347/2 
f 2345/2 2347/2 1564/2 2348/2 
f 2345/2 2348/2 1694/2 1693/2 
f 2348/2 1564/2 1563/2 2349/2 
f 2348/2 2349/2 1699/2 1694/2 
f 2349/2 2350/2 2351/2 1699/2 
f 2349/2 1563/2 1565/2 2350/2 
f 2351/2 2352/2 1697/2 1699/2 
f 2351/2 2350/2 1773/2 1772/2 
f 2351/2 1772/2 2353/2 2352/2 
f 2353/2 2354/2 2355/2 2352/2 
f 2353/2 1772/2 1771/2 2356/2 
f 2353/2 2356/2 2357/2 2354/2 
f 2357/2 2358/2 2359/2 2354/2 
f 2357/2 2356/2 2360/2 2361/2 
f 2357/2 2361/2 2362/2 2358/2 
f 2362/2 1630/2 2363/2 2358/2 
f 2362/2 2361/2 2364/2 2365/2 
f 2362/2 2365/2 1627/2 1630/2 
f 2365/2 2364/2 2366/2 2367/2 
f 2365/2 2367/2 1628/2 1627/2 
f 2367/2 2366/2 2230/2 2229/2 
f 2367/2 2229/2 2228/2 1628/2 
f 2366/2 2364/2 2368/2 2369/2 
f 2366/2 2369/2 2232/2 2230/2 
f 2369/2 2368/2 2370/2 2371/2 
f 2369/2 2371/2 2234/2 2232/2 
f 2371/2 2370/2 2372/2 2373/2 
f 2371/2 2373/2 2236/2 2234/2 
f 2373/2 2372/2 2374/2 2375/2 
f 2373/2 2375/2 2238/2 2236/2 
f 2375/2 2374/2 2376/2 2377/2 
f 2375/2 2377/2 2378/2 2238/2 
f 2378/2 2377/2 2379/2 2380/2 
f 2378/2 2380/2 2381/2 2241/2 
f 2378/2 2241/2 2239/2 2238/2 
f 2381/2 2380/2 2382/2 1707/2 
f 2381/2 1707/2 1705/2 2383/2 
f 2381/2 2383/2 2242/2 2241/2 
f 2383/2 1705/2 1704/2 2246/2 
f 2383/2 2246/2 2243/2 2242/2 
f 2382/2 2380/2 2379/2 2384/2 
f 2382/2 2384/2 1532/2 2385/2 
f 2382/2 2385/2 1708/2 1707/2 
f 2385/2 1532/2 1531/2 2386/2 
f 2385/2 2386/2 1709/2 1708/2 
f 2386/2 1531/2 1535/2 2387/2 
f 2386/2 2387/2 2388/2 1709/2 
f 2388/2 2387/2 1661/2 2389/2 
f 2388/2 2389/2 2390/2 2391/2 
f 2388/2 2391/2 1700/2 1709/2 
f 2391/2 2390/2 2392/2 2393/2 
f 2391/2 2393/2 1701/2 1700/2 
f 2393/2 2392/2 2329/2 2328/2 
f 2393/2 2328/2 2394/2 1701/2 
f 2394/2 2395/2 1702/2 1701/2 
f 2394/2 2328/2 2327/2 2332/2 
f 2394/2 2332/2 1664/2 2395/2 
f 2395/2 2396/2 1706/2 1702/2 
f 2395/2 1664/2 1663/2 2396/2 
f 2396/2 2397/2 2398/2 1706/2 
f 2396/2 1663/2 1667/2 2397/2 
f 2398/2 2256/2 2254/2 2399/2 
f 2398/2 2399/2 1703/2 1706/2 
f 2398/2 2397/2 2258/2 2256/2 
f 2399/2 2254/2 2252/2 2400/2 
f 2399/2 2400/2 1704/2 1703/2 
f 2400/2 2252/2 2248/2 2247/2 
f 2400/2 2247/2 2246/2 1704/2 
f 2397/2 1667/2 2401/2 2258/2 
f 2401/2 1727/2 2259/2 2258/2 
f 2401/2 1667/2 1666/2 2402/2 
f 2401/2 2402/2 1724/2 1727/2 
f 2402/2 1666/2 1670/2 2403/2 
f 2402/2 2403/2 1725/2 1724/2 
f 2403/2 1670/2 1794/2 1793/2 
f 2403/2 1793/2 1797/2 1725/2 
f 2392/2 2390/2 2404/2 2405/2 
f 2392/2 2405/2 2322/2 2329/2 
f 2405/2 2404/2 2406/2 2407/2 
f 2405/2 2407/2 2323/2 2322/2 
f 2407/2 2406/2 2408/2 2409/2 
f 2407/2 2409/2 2305/2 2323/2 
f 2409/2 2408/2 2410/2 2300/2 
f 2409/2 2300/2 2299/2 2305/2 
f 2410/2 2408/2 2411/2 2412/2 
f 2410/2 2412/2 2413/2 2296/2 
f 2410/2 2296/2 2295/2 2300/2 
f 2413/2 2412/2 2414/2 2415/2 
f 2413/2 2415/2 2416/2 2293/2 
f 2413/2 2293/2 2292/2 2296/2 
f 2416/2 2415/2 2417/2 2418/2 
f 2416/2 2418/2 1718/2 1717/2 
f 2416/2 1717/2 2290/2 2293/2 
f 2418/2 2417/2 2419/2 2420/2 
f 2418/2 2420/2 1719/2 1718/2 
f 2420/2 2419/2 2421/2 2422/2 
f 2420/2 2422/2 2423/2 1719/2 
f 2423/2 2422/2 2424/2 2425/2 
f 2423/2 2425/2 2426/2 2427/2 
f 2423/2 2427/2 1713/2 1719/2 
f 2427/2 2426/2 2428/2 2076/2 
f 2427/2 2076/2 1714/2 1713/2 
f 2428/2 2426/2 2429/2 2430/2 
f 2428/2 2430/2 2431/2 2072/2 
f 2428/2 2072/2 2071/2 2076/2 
f 2431/2 2430/2 2432/2 2433/2 
f 2431/2 2433/2 2434/2 2067/2 
f 2431/2 2067/2 2066/2 2072/2 
f 2434/2 2433/2 2435/2 2436/2 
f 2434/2 2436/2 2437/2 2062/2 
f 2434/2 2062/2 2061/2 2067/2 
f 2437/2 2436/2 2438/2 2439/2 
f 2437/2 2439/2 2440/2 2057/2 
f 2437/2 2057/2 2056/2 2062/2 
f 2440/2 2439/2 2441/2 2442/2 
f 2440/2 2442/2 2443/2 2052/2 
f 2440/2 2052/2 2051/2 2057/2 
f 2443/2 2442/2 2444/2 2445/2 
f 2443/2 2445/2 2446/2 2047/2 
f 2443/2 2047/2 2046/2 2052/2 
f 2446/2 2445/2 2447/2 2448/2 
f 2446/2 2448/2 2449/2 2042/2 
f 2446/2 2042/2 2041/2 2047/2 
f 2449/2 2448/2 2450/2 2451/2 
f 2449/2 2451/2 2452/2 2037/2 
f 2449/2 2037/2 2036/2 2042/2 
f 2452/2 2451/2 2453/2 2454/2 
f 2452/2 2454/2 2455/2 2032/2 
f 2452/2 2032/2 2031/2 2037/2 
f 2455/2 2454/2 2456/2 2457/2 
f 2455/2 2457/2 2458/2 2027/2 
f 2455/2 2027/2 2026/2 2032/2 
f 2458/2 2457/2 2459/2 2460/2 
f 2458/2 2460/2 2461/2 2023/2 
f 2458/2 2023/2 2022/2 2027/2 
f 2461/2 2460/2 2462/2 2463/2 
f 2461/2 2463/2 2464/2 2019/2 
f 2461/2 2019/2 2018/2 2023/2 
f 2464/2 2463/2 2465/2 2466/2 
f 2464/2 2466/2 2467/2 2016/2 
f 2464/2 2016/2 2015/2 2019/2 
f 2467/2 2466/2 2468/2 2469/2 
f 2467/2 2469/2 2470/2 2013/2 
f 2467/2 2013/2 2012/2 2016/2 
f 2470/2 2469/2 1735/2 1734/2 
f 2470/2 1734/2 1733/2 2009/2 
f 2470/2 2009/2 2008/2 2013/2 
f 2469/2 2468/2 2471/2 1735/2 
f 2471/2 2472/2 2473/2 2474/2 
f 2471/2 2474/2 1736/2 1735/2 
f 2471/2 2468/2 2475/2 2472/2 
f 2475/2 1589/2 1588/2 2472/2 
f 2475/2 2468/2 2466/2 2465/2 
f 2475/2 2465/2 2476/2 1589/2 
f 2476/2 2477/2 1590/2 1589/2 
f 2476/2 2465/2 2463/2 2462/2 
f 2476/2 2462/2 2478/2 2477/2 
f 2478/2 2479/2 2480/2 2477/2 
f 2478/2 2462/2 2460/2 2459/2 
f 2478/2 2459/2 2481/2 2479/2 
f 2481/2 2482/2 2483/2 2479/2 
f 2481/2 2459/2 2457/2 2456/2 
f 2481/2 2456/2 2484/2 2482/2 
f 2484/2 2485/2 2486/2 2482/2 
f 2484/2 2456/2 2454/2 2453/2 
f 2484/2 2453/2 2487/2 2485/2 
f 2487/2 2488/2 2489/2 2485/2 
f 2487/2 2453/2 2451/2 2450/2 
f 2487/2 2450/2 2490/2 2488/2 
f 2490/2 2491/2 2492/2 2488/2 
f 2490/2 2450/2 2448/2 2447/2 
f 2490/2 2447/2 2493/2 2491/2 
f 2493/2 2494/2 2495/2 2491/2 
f 2493/2 2447/2 2445/2 2444/2 
f 2493/2 2444/2 2496/2 2494/2 
f 2496/2 2497/2 2498/2 2494/2 
f 2496/2 2444/2 2442/2 2441/2 
f 2496/2 2441/2 2499/2 2497/2 
f 2499/2 2500/2 2501/2 2497/2 
f 2499/2 2441/2 2439/2 2438/2 
f 2499/2 2438/2 2502/2 2500/2 
f 2502/2 2503/2 2504/2 2500/2 
f 2502/2 2438/2 2436/2 2435/2 
f 2502/2 2435/2 2505/2 2503/2 
f 2505/2 2506/2 2507/2 2503/2 
f 2505/2 2435/2 2433/2 2432/2 
f 2505/2 2432/2 2508/2 2506/2 
f 2508/2 2509/2 2510/2 2506/2 
f 2508/2 2432/2 2430/2 2429/2 
f 2508/2 2429/2 2511/2 2509/2 
f 2511/2 2512/2 2513/2 2509/2 
f 2511/2 2429/2 2426/2 2425/2 
f 2511/2 2425/2 2424/2 2512/2 
f 2513/2 2514/2 2515/2 2516/2 
f 2513/2 2516/2 2510/2 2509/2 
f 2513/2 2512/2 2517/2 2514/2 
f 2517/2 2518/2 2519/2 2514/2 
f 2517/2 2512/2 2424/2 2520/2 
f 2517/2 2520/2 2521/2 2518/2 
f 2521/2 2522/2 2523/2 2518/2 
f 2521/2 2520/2 2421/2 2524/2 
f 2521/2 2524/2 2525/2 2522/2 
f 2525/2 2526/2 2527/2 2522/2 
f 2525/2 2524/2 2528/2 2529/2 
f 2525/2 2529/2 1656/2 2526/2 
f 2529/2 2528/2 2530/2 2531/2 
f 2529/2 2531/2 1657/2 1656/2 
f 2531/2 2530/2 2414/2 2532/2 
f 2531/2 2532/2 1662/2 1657/2 
f 2532/2 2414/2 2412/2 2411/2 
f 2532/2 2411/2 2533/2 1662/2 
f 2533/2 2534/2 1660/2 1662/2 
f 2533/2 2411/2 2408/2 2406/2 
f 2533/2 2406/2 2404/2 2534/2 
f 2534/2 2389/2 1661/2 1660/2 
f 2534/2 2404/2 2390/2 2389/2 
f 2530/2 2528/2 2419/2 2417/2 
f 2530/2 2417/2 2415/2 2414/2 
f 2528/2 2524/2 2421/2 2419/2 
f 2527/2 2526/2 2535/2 2536/2 
f 2527/2 2536/2 2537/2 2538/2 
f 2527/2 2538/2 2523/2 2522/2 
f 2538/2 2537/2 2539/2 2540/2 
f 2538/2 2540/2 2541/2 2523/2 
f 2541/2 2540/2 2542/2 2543/2 
f 2541/2 2543/2 2544/2 2519/2 
f 2541/2 2519/2 2518/2 2523/2 
f 2544/2 2543/2 1788/2 1782/2 
f 2544/2 1782/2 1779/2 2515/2 
f 2544/2 2515/2 2514/2 2519/2 
f 2543/2 2542/2 1786/2 1788/2 
f 2542/2 2540/2 2539/2 2545/2 
f 2542/2 2545/2 1787/2 1786/2 
f 2545/2 2539/2 2546/2 2547/2 
f 2545/2 2547/2 2548/2 1787/2 
f 2548/2 2547/2 2549/2 2550/2 
f 2548/2 2550/2 2551/2 2552/2 
f 2548/2 2552/2 1783/2 1787/2 
f 2552/2 2551/2 2553/2 2554/2 
f 2552/2 2554/2 1784/2 1783/2 
f 2554/2 2553/2 2555/2 2556/2 
f 2554/2 2556/2 1781/2 1784/2 
f 2556/2 2555/2 2557/2 2558/2 
f 2556/2 2558/2 1777/2 1781/2 
f 2558/2 2557/2 2507/2 2559/2 
f 2558/2 2559/2 1778/2 1777/2 
f 2559/2 2507/2 2506/2 2510/2 
f 2559/2 2510/2 2516/2 1778/2 
f 2557/2 2555/2 2560/2 2504/2 
f 2557/2 2504/2 2503/2 2507/2 
f 2560/2 2555/2 2553/2 2561/2 
f 2560/2 2561/2 2562/2 2501/2 
f 2560/2 2501/2 2500/2 2504/2 
f 2562/2 2561/2 2563/2 2564/2 
f 2562/2 2564/2 2565/2 2498/2 
f 2562/2 2498/2 2497/2 2501/2 
f 2565/2 2564/2 2566/2 2567/2 
f 2565/2 2567/2 2568/2 2495/2 
f 2565/2 2495/2 2494/2 2498/2 
f 2568/2 2567/2 2569/2 2570/2 
f 2568/2 2570/2 2571/2 2492/2 
f 2568/2 2492/2 2491/2 2495/2 
f 2571/2 2570/2 2572/2 2573/2 
f 2571/2 2573/2 2574/2 2489/2 
f 2571/2 2489/2 2488/2 2492/2 
f 2574/2 2573/2 2575/2 2576/2 
f 2574/2 2576/2 2577/2 2486/2 
f 2574/2 2486/2 2485/2 2489/2 
f 2577/2 2576/2 2578/2 2579/2 
f 2577/2 2579/2 2580/2 2483/2 
f 2577/2 2483/2 2482/2 2486/2 
f 2580/2 2579/2 1561/2 1560/2 
f 2580/2 1560/2 1559/2 2480/2 
f 2580/2 2480/2 2479/2 2483/2 
f 2579/2 2578/2 2581/2 1561/2 
f 2581/2 2582/2 2583/2 2584/2 
f 2581/2 2584/2 1562/2 1561/2 
f 2581/2 2578/2 2585/2 2582/2 
f 2585/2 2586/2 2587/2 2582/2 
f 2585/2 2578/2 2576/2 2575/2 
f 2585/2 2575/2 2588/2 2586/2 
f 2588/2 2589/2 2590/2 2586/2 
f 2588/2 2575/2 2573/2 2572/2 
f 2588/2 2572/2 2591/2 2589/2 
f 2591/2 2592/2 2593/2 2589/2 
f 2591/2 2572/2 2570/2 2569/2 
f 2591/2 2569/2 2594/2 2592/2 
f 2594/2 2595/2 2596/2 2592/2 
f 2594/2 2569/2 2567/2 2566/2 
f 2594/2 2566/2 2597/2 2595/2 
f 2597/2 2550/2 2549/2 2595/2 
f 2597/2 2566/2 2564/2 2563/2 
f 2597/2 2563/2 2551/2 2550/2 
f 2596/2 2598/2 2599/2 2600/2 
f 2596/2 2600/2 2593/2 2592/2 
f 2596/2 2595/2 2549/2 2598/2 
f 2600/2 2599/2 2601/2 2602/2 
f 2600/2 2602/2 2603/2 2593/2 
f 2603/2 2602/2 2604/2 2605/2 
f 2603/2 2605/2 2606/2 2590/2 
f 2603/2 2590/2 2589/2 2593/2 
f 2606/2 2605/2 2607/2 2608/2 
f 2606/2 2608/2 2609/2 2587/2 
f 2606/2 2587/2 2586/2 2590/2 
f 2609/2 2608/2 2610/2 1776/2 
f 2609/2 1776/2 1775/2 2583/2 
f 2609/2 2583/2 2582/2 2587/2 
f 2610/2 2611/2 2612/2 2613/2 
f 2610/2 2613/2 1768/2 1776/2 
f 2610/2 2608/2 2607/2 2611/2 
f 2613/2 2612/2 2614/2 2615/2 
f 2613/2 2615/2 1769/2 1768/2 
f 2615/2 2614/2 2616/2 2376/2 
f 2615/2 2376/2 2374/2 1769/2 
f 2616/2 2614/2 2617/2 2618/2 
f 2616/2 2618/2 2384/2 2379/2 
f 2616/2 2379/2 2377/2 2376/2 
f 2618/2 2617/2 1536/2 1533/2 
f 2618/2 1533/2 1532/2 2384/2 
f 2617/2 2614/2 2612/2 2619/2 
f 2617/2 2619/2 2620/2 1536/2 
f 2620/2 1659/2 1534/2 1536/2 
f 2620/2 2619/2 2621/2 2622/2 
f 2620/2 2622/2 1653/2 1659/2 
f 2622/2 2621/2 2623/2 2624/2 
f 2622/2 2624/2 1654/2 1653/2 
f 2624/2 2623/2 2604/2 2625/2 
f 2624/2 2625/2 2626/2 1654/2 
f 2626/2 2535/2 1655/2 1654/2 
f 2626/2 2625/2 2601/2 2627/2 
f 2626/2 2627/2 2536/2 2535/2 
f 2627/2 2601/2 2599/2 2628/2 
f 2627/2 2628/2 2537/2 2536/2 
f 2628/2 2599/2 2598/2 2546/2 
f 2628/2 2546/2 2539/2 2537/2 
f 2625/2 2604/2 2602/2 2601/2 
f 2623/2 2621/2 2611/2 2607/2 
f 2623/2 2607/2 2605/2 2604/2 
f 2621/2 2619/2 2612/2 2611/2 
f 2598/2 2549/2 2547/2 2546/2 
f 2584/2 2583/2 1775/2 1774/2 
f 2584/2 1774/2 1565/2 1562/2 
f 2563/2 2561/2 2553/2 2551/2 
f 2535/2 2526/2 1656/2 1655/2 
f 2520/2 2424/2 2422/2 2421/2 
f 2516/2 2515/2 1779/2 1778/2 
f 2480/2 1559/2 1590/2 2477/2 
f 2474/2 2629/2 1740/2 1736/2 
f 2474/2 2473/2 2630/2 2629/2 
f 2630/2 2347/2 2346/2 2629/2 
f 2630/2 2473/2 1557/2 1556/2 
f 2630/2 1556/2 1564/2 2347/2 
f 2629/2 2346/2 2631/2 1740/2 
f 2631/2 2339/2 2336/2 2335/2 
f 2631/2 2335/2 1737/2 1740/2 
f 2631/2 2346/2 2344/2 2339/2 
f 2473/2 2472/2 1588/2 1557/2 
f 2387/2 1535/2 1658/2 1661/2 
f 2374/2 2372/2 1770/2 1769/2 
f 2372/2 2370/2 2632/2 1770/2 
f 2632/2 2360/2 2356/2 1771/2 
f 2632/2 1771/2 1496/2 1770/2 
f 2632/2 2370/2 2368/2 2360/2 
f 2368/2 2364/2 2361/2 2360/2 
f 2363/2 2633/2 2634/2 2635/2 
f 2363/2 2635/2 2359/2 2358/2 
f 2363/2 1630/2 1629/2 2633/2 
f 2635/2 2634/2 1552/2 1551/2 
f 2635/2 1551/2 2636/2 2359/2 
f 2636/2 1551/2 1550/2 2637/2 
f 2636/2 2637/2 1698/2 2355/2 
f 2636/2 2355/2 2354/2 2359/2 
f 2637/2 1550/2 1555/2 2638/2 
f 2637/2 2638/2 1695/2 1698/2 
f 2638/2 1555/2 2183/2 2182/2 
f 2638/2 2182/2 1696/2 1695/2 
f 2634/2 2639/2 1553/2 1552/2 
f 2634/2 2633/2 2640/2 2639/2 
f 2640/2 2633/2 1629/2 2641/2 
f 2640/2 2641/2 2225/2 2642/2 
f 2640/2 2642/2 2187/2 2639/2 
f 2642/2 2225/2 2223/2 2222/2 
f 2642/2 2222/2 2188/2 2187/2 
f 2641/2 1629/2 1628/2 2228/2 
f 2641/2 2228/2 2226/2 2225/2 
f 2639/2 2187/2 2185/2 1553/2 
f 2355/2 1698/2 1697/2 2352/2 
f 2350/2 1565/2 1774/2 1773/2 
f 2342/2 2643/2 1612/2 1614/2 
f 2342/2 1599/2 2644/2 2643/2 
f 2644/2 1599/2 1471/2 2645/2 
f 2644/2 2645/2 2646/2 2647/2 
f 2644/2 2647/2 2648/2 2643/2 
f 2648/2 2647/2 2649/2 1792/2 
f 2648/2 1792/2 1791/2 1613/2 
f 2648/2 1613/2 1612/2 2643/2 
f 2649/2 2647/2 2646/2 2650/2 
f 2649/2 2650/2 2651/2 2652/2 
f 2649/2 2652/2 1789/2 1792/2 
f 2652/2 2651/2 1541/2 1540/2 
f 2652/2 1540/2 1543/2 1789/2 
f 2651/2 2650/2 2653/2 2654/2 
f 2651/2 2654/2 2655/2 1541/2 
f 2655/2 2654/2 2656/2 2657/2 
f 2655/2 2657/2 2658/2 2659/2 
f 2655/2 2659/2 1542/2 1541/2 
f 2659/2 2658/2 2660/2 2661/2 
f 2659/2 2661/2 2662/2 1542/2 
f 2662/2 2661/2 2663/2 2664/2 
f 2662/2 2664/2 2665/2 2666/2 
f 2662/2 2666/2 1462/2 1542/2 
f 2666/2 2665/2 2667/2 2668/2 
f 2666/2 2668/2 1537/2 1462/2 
f 2668/2 2667/2 2669/2 2670/2 
f 2668/2 2670/2 2671/2 1537/2 
f 2671/2 2672/2 1538/2 1537/2 
f 2671/2 2670/2 2673/2 2674/2 
f 2671/2 2674/2 2675/2 2672/2 
f 2675/2 2676/2 2677/2 2672/2 
f 2675/2 2674/2 2678/2 2679/2 
f 2675/2 2679/2 2680/2 2676/2 
f 2680/2 2681/2 2682/2 2676/2 
f 2680/2 2679/2 2683/2 2684/2 
f 2680/2 2684/2 2685/2 2681/2 
f 2685/2 2686/2 2687/2 2681/2 
f 2685/2 2684/2 2688/2 2689/2 
f 2685/2 2689/2 2690/2 2686/2 
f 2690/2 2691/2 2692/2 2686/2 
f 2690/2 2689/2 2693/2 2694/2 
f 2690/2 2694/2 2695/2 2691/2 
f 2695/2 2696/2 2697/2 2691/2 
f 2695/2 2694/2 2698/2 2699/2 
f 2695/2 2699/2 2700/2 2696/2 
f 2700/2 2701/2 2702/2 2696/2 
f 2700/2 2699/2 2127/2 2125/2 
f 2700/2 2125/2 2124/2 2701/2 
f 2702/2 1869/2 1866/2 1865/2 
f 2702/2 1865/2 2697/2 2696/2 
f 2702/2 2701/2 1871/2 1869/2 
f 2701/2 2124/2 1873/2 1871/2 
f 2699/2 2698/2 2703/2 2127/2 
f 2703/2 2698/2 2704/2 2705/2 
f 2703/2 2705/2 2132/2 2130/2 
f 2703/2 2130/2 2128/2 2127/2 
f 2705/2 2704/2 2706/2 2707/2 
f 2705/2 2707/2 2134/2 2132/2 
f 2707/2 2706/2 2708/2 2709/2 
f 2707/2 2709/2 2710/2 2134/2 
f 2710/2 2709/2 2711/2 2712/2 
f 2710/2 2712/2 2713/2 2137/2 
f 2710/2 2137/2 2135/2 2134/2 
f 2713/2 2712/2 2714/2 2715/2 
f 2713/2 2715/2 2716/2 2717/2 
f 2713/2 2717/2 2138/2 2137/2 
f 2717/2 2716/2 2718/2 2719/2 
f 2717/2 2719/2 2139/2 2138/2 
f 2719/2 2718/2 2720/2 2721/2 
f 2719/2 2721/2 2141/2 2139/2 
f 2721/2 2720/2 2722/2 2723/2 
f 2721/2 2723/2 2143/2 2141/2 
f 2723/2 2722/2 2724/2 2725/2 
f 2723/2 2725/2 2726/2 2143/2 
f 2726/2 2147/2 2144/2 2143/2 
f 2726/2 2725/2 2727/2 2728/2 
f 2726/2 2728/2 2729/2 2147/2 
f 2729/2 2152/2 2148/2 2147/2 
f 2729/2 2728/2 2730/2 2731/2 
f 2729/2 2731/2 2732/2 2152/2 
f 2732/2 2157/2 2153/2 2152/2 
f 2732/2 2731/2 2733/2 2734/2 
f 2732/2 2734/2 2735/2 2157/2 
f 2735/2 2162/2 2158/2 2157/2 
f 2735/2 2734/2 2736/2 2737/2 
f 2735/2 2737/2 2738/2 2162/2 
f 2738/2 2167/2 2163/2 2162/2 
f 2738/2 2737/2 2739/2 2740/2 
f 2738/2 2740/2 2741/2 2167/2 
f 2741/2 2172/2 2168/2 2167/2 
f 2741/2 2740/2 2742/2 1602/2 
f 2741/2 1602/2 1601/2 2172/2 
f 2742/2 2740/2 2739/2 2743/2 
f 2742/2 2743/2 2646/2 2645/2 
f 2742/2 2645/2 1471/2 1602/2 
f 2743/2 2739/2 2744/2 2653/2 
f 2743/2 2653/2 2650/2 2646/2 
f 2744/2 2739/2 2737/2 2736/2 
f 2744/2 2736/2 2745/2 2656/2 
f 2744/2 2656/2 2654/2 2653/2 
f 2745/2 2736/2 2734/2 2733/2 
f 2745/2 2733/2 2746/2 2747/2 
f 2745/2 2747/2 2657/2 2656/2 
f 2747/2 2746/2 2748/2 2749/2 
f 2747/2 2749/2 2658/2 2657/2 
f 2749/2 2748/2 2750/2 2751/2 
f 2749/2 2751/2 2660/2 2658/2 
f 2751/2 2750/2 2752/2 2753/2 
f 2751/2 2753/2 2754/2 2660/2 
f 2754/2 2753/2 2755/2 2756/2 
f 2754/2 2756/2 2757/2 2663/2 
f 2754/2 2663/2 2661/2 2660/2 
f 2757/2 2756/2 2758/2 2759/2 
f 2757/2 2759/2 2760/2 2761/2 
f 2757/2 2761/2 2664/2 2663/2 
f 2761/2 2760/2 2762/2 2763/2 
f 2761/2 2763/2 2665/2 2664/2 
f 2763/2 2762/2 2764/2 2765/2 
f 2763/2 2765/2 2667/2 2665/2 
f 2765/2 2764/2 2766/2 2767/2 
f 2765/2 2767/2 2669/2 2667/2 
f 2767/2 2766/2 2768/2 2769/2 
f 2767/2 2769/2 2770/2 2669/2 
f 2770/2 2673/2 2670/2 2669/2 
f 2770/2 2769/2 2771/2 2772/2 
f 2770/2 2772/2 2773/2 2673/2 
f 2773/2 2678/2 2674/2 2673/2 
f 2773/2 2772/2 2774/2 2775/2 
f 2773/2 2775/2 2776/2 2678/2 
f 2776/2 2683/2 2679/2 2678/2 
f 2776/2 2775/2 2777/2 2778/2 
f 2776/2 2778/2 2779/2 2683/2 
f 2779/2 2688/2 2684/2 2683/2 
f 2779/2 2778/2 2780/2 2781/2 
f 2779/2 2781/2 2782/2 2688/2 
f 2782/2 2693/2 2689/2 2688/2 
f 2782/2 2781/2 2708/2 2706/2 
f 2782/2 2706/2 2704/2 2693/2 
f 2781/2 2780/2 2783/2 2708/2 
f 2783/2 2780/2 2784/2 2785/2 
f 2783/2 2785/2 2786/2 2711/2 
f 2783/2 2711/2 2709/2 2708/2 
f 2786/2 2785/2 2787/2 2788/2 
f 2786/2 2788/2 2789/2 2714/2 
f 2786/2 2714/2 2712/2 2711/2 
f 2789/2 2788/2 2790/2 2791/2 
f 2789/2 2791/2 2792/2 2793/2 
f 2789/2 2793/2 2715/2 2714/2 
f 2793/2 2792/2 2794/2 2795/2 
f 2793/2 2795/2 2716/2 2715/2 
f 2795/2 2794/2 2796/2 2797/2 
f 2795/2 2797/2 2718/2 2716/2 
f 2797/2 2796/2 2798/2 2799/2 
f 2797/2 2799/2 2720/2 2718/2 
f 2799/2 2798/2 2800/2 2801/2 
f 2799/2 2801/2 2722/2 2720/2 
f 2801/2 2800/2 2802/2 2803/2 
f 2801/2 2803/2 2724/2 2722/2 
f 2803/2 2802/2 2804/2 2805/2 
f 2803/2 2805/2 2806/2 2724/2 
f 2806/2 2727/2 2725/2 2724/2 
f 2806/2 2805/2 2807/2 2808/2 
f 2806/2 2808/2 2809/2 2727/2 
f 2809/2 2730/2 2728/2 2727/2 
f 2809/2 2808/2 2750/2 2748/2 
f 2809/2 2748/2 2746/2 2730/2 
f 2808/2 2807/2 2752/2 2750/2 
f 2807/2 2805/2 2804/2 2810/2 
f 2807/2 2810/2 2811/2 2752/2 
f 2811/2 2810/2 2812/2 2813/2 
f 2811/2 2813/2 2814/2 2755/2 
f 2811/2 2755/2 2753/2 2752/2 
f 2814/2 2813/2 2815/2 2816/2 
f 2814/2 2816/2 2817/2 2758/2 
f 2814/2 2758/2 2756/2 2755/2 
f 2817/2 2816/2 2818/2 2819/2 
f 2817/2 2819/2 2820/2 2821/2 
f 2817/2 2821/2 2759/2 2758/2 
f 2821/2 2820/2 1507/2 1511/2 
f 2821/2 1511/2 2760/2 2759/2 
f 2820/2 2819/2 2822/2 2823/2 
f 2820/2 2823/2 1508/2 1507/2 
f 2823/2 2822/2 2824/2 2825/2 
f 2823/2 2825/2 2826/2 1508/2 
f 2826/2 2827/2 1509/2 1508/2 
f 2826/2 2825/2 2828/2 2829/2 
f 2826/2 2829/2 2830/2 2827/2 
f 2830/2 2831/2 2832/2 2827/2 
f 2830/2 2829/2 2833/2 2834/2 
f 2830/2 2834/2 2835/2 2831/2 
f 2835/2 2836/2 2768/2 2831/2 
f 2835/2 2834/2 2837/2 2838/2 
f 2835/2 2838/2 2839/2 2836/2 
f 2839/2 2840/2 2771/2 2836/2 
f 2839/2 2838/2 2841/2 2842/2 
f 2839/2 2842/2 2843/2 2840/2 
f 2843/2 2844/2 2774/2 2840/2 
f 2843/2 2842/2 2845/2 2846/2 
f 2843/2 2846/2 2847/2 2844/2 
f 2847/2 2784/2 2777/2 2844/2 
f 2847/2 2846/2 2848/2 2787/2 
f 2847/2 2787/2 2785/2 2784/2 
f 2848/2 2846/2 2845/2 2849/2 
f 2848/2 2849/2 2850/2 2790/2 
f 2848/2 2790/2 2788/2 2787/2 
f 2850/2 2849/2 1515/2 1514/2 
f 2850/2 1514/2 2851/2 2852/2 
f 2850/2 2852/2 2791/2 2790/2 
f 2852/2 2851/2 2853/2 2854/2 
f 2852/2 2854/2 2792/2 2791/2 
f 2854/2 2853/2 2855/2 2856/2 
f 2854/2 2856/2 2794/2 2792/2 
f 2856/2 2855/2 2857/2 2858/2 
f 2856/2 2858/2 2796/2 2794/2 
f 2858/2 2857/2 2859/2 2860/2 
f 2858/2 2860/2 2798/2 2796/2 
f 2860/2 2859/2 2861/2 2862/2 
f 2860/2 2862/2 2800/2 2798/2 
f 2862/2 2861/2 1607/2 2863/2 
f 2862/2 2863/2 2802/2 2800/2 
f 2863/2 1607/2 1606/2 2864/2 
f 2863/2 2864/2 2804/2 2802/2 
f 2864/2 1606/2 1608/2 2812/2 
f 2864/2 2812/2 2810/2 2804/2 
f 2861/2 2859/2 2865/2 2866/2 
f 2861/2 2866/2 1603/2 1607/2 
f 2866/2 2865/2 2867/2 2868/2 
f 2866/2 2868/2 1604/2 1603/2 
f 2868/2 2867/2 2869/2 2870/2 
f 2868/2 2870/2 2871/2 1604/2 
f 2871/2 2872/2 1605/2 1604/2 
f 2871/2 2870/2 2873/2 2874/2 
f 2871/2 2874/2 2818/2 2872/2 
f 2874/2 2873/2 2824/2 2822/2 
f 2874/2 2822/2 2819/2 2818/2 
f 2873/2 2870/2 2869/2 2875/2 
f 2873/2 2875/2 2876/2 2824/2 
f 2876/2 2875/2 1593/2 1592/2 
f 2876/2 1592/2 2877/2 2828/2 
f 2876/2 2828/2 2825/2 2824/2 
f 2877/2 2833/2 2829/2 2828/2 
f 2877/2 1592/2 1591/2 2878/2 
f 2877/2 2878/2 2879/2 2833/2 
f 2879/2 2837/2 2834/2 2833/2 
f 2879/2 2878/2 2880/2 2881/2 
f 2879/2 2881/2 2882/2 2837/2 
f 2882/2 2841/2 2838/2 2837/2 
f 2882/2 2881/2 1517/2 1516/2 
f 2882/2 1516/2 1518/2 2841/2 
f 2881/2 2880/2 2883/2 1517/2 
f 2883/2 2884/2 1513/2 1517/2 
f 2883/2 2880/2 1596/2 2885/2 
f 2883/2 2885/2 2886/2 2884/2 
f 2886/2 2853/2 2851/2 2884/2 
f 2886/2 2885/2 2887/2 2888/2 
f 2886/2 2888/2 2855/2 2853/2 
f 2888/2 2887/2 2889/2 2890/2 
f 2888/2 2890/2 2857/2 2855/2 
f 2890/2 2889/2 2867/2 2865/2 
f 2890/2 2865/2 2859/2 2857/2 
f 2889/2 2887/2 1595/2 1594/2 
f 2889/2 1594/2 2869/2 2867/2 
f 2887/2 2885/2 1596/2 1595/2 
f 2884/2 2851/2 1514/2 1513/2 
f 2880/2 2878/2 1591/2 1596/2 
f 2875/2 2869/2 1594/2 1593/2 
f 2872/2 2815/2 1608/2 1605/2 
f 2872/2 2818/2 2816/2 2815/2 
f 2849/2 2845/2 1518/2 1515/2 
f 2845/2 2842/2 2841/2 1518/2 
f 2844/2 2777/2 2775/2 2774/2 
f 2840/2 2774/2 2772/2 2771/2 
f 2836/2 2771/2 2769/2 2768/2 
f 2832/2 2766/2 2764/2 1512/2 
f 2832/2 1512/2 1509/2 2827/2 
f 2832/2 2831/2 2768/2 2766/2 
f 2815/2 2813/2 2812/2 1608/2 
f 2784/2 2780/2 2778/2 2777/2 
f 2764/2 2762/2 1510/2 1512/2 
f 2762/2 2760/2 1511/2 1510/2 
f 2746/2 2733/2 2731/2 2730/2 
f 2704/2 2698/2 2694/2 2693/2 
f 2697/2 1865/2 1861/2 1860/2 
f 2697/2 1860/2 2692/2 2691/2 
f 2692/2 1860/2 1856/2 1855/2 
f 2692/2 1855/2 2687/2 2686/2 
f 2687/2 1855/2 1852/2 1851/2 
f 2687/2 1851/2 2682/2 2681/2 
f 2682/2 1851/2 1849/2 2891/2 
f 2682/2 2891/2 2677/2 2676/2 
f 2891/2 1849/2 1847/2 2892/2 
f 2891/2 2892/2 2893/2 2677/2 
f 2893/2 2892/2 2894/2 2895/2 
f 2893/2 2895/2 1539/2 1538/2 
f 2893/2 1538/2 2672/2 2677/2 
f 2895/2 2894/2 1795/2 1790/2 
f 2895/2 1790/2 1543/2 1539/2 
f 2894/2 1846/2 1845/2 1795/2 
f 2894/2 2892/2 1847/2 1846/2 
f 2338/2 1614/2 1611/2 1669/2 
f 2335/2 2333/2 1738/2 1737/2 
f 2332/2 2331/2 1665/2 1664/2 
f 2301/2 2297/2 2278/2 2277/2 
f 2270/2 2266/2 1729/2 1731/2 
f 2270/2 1731/2 1839/2 1838/2 
f 2250/2 2093/2 2100/2 1575/2 
f 2222/2 2220/2 2189/2 2188/2 
f 2220/2 2219/2 2191/2 2189/2 
f 2219/2 1749/2 1586/2 2191/2 
f 2215/2 2203/2 2201/2 2200/2 
f 2197/2 2195/2 1584/2 1583/2 
f 2192/2 2191/2 1586/2 1585/2 
f 2182/2 2178/2 2177/2 1696/2 
f 2177/2 2173/2 2172/2 1601/2 
f 2177/2 1601/2 1598/2 1696/2 
f 2151/2 1632/2 1631/2 2146/2 
f 2122/2 1877/2 1874/2 1873/2 
f 2120/2 1880/2 1878/2 1877/2 
f 2120/2 2118/2 1882/2 1880/2 
f 2118/2 2116/2 2115/2 1882/2 
f 2115/2 1886/2 1883/2 1882/2 
f 2115/2 2113/2 2896/2 1886/2 
f 2896/2 1891/2 1887/2 1886/2 
f 2896/2 2113/2 2112/2 2897/2 
f 2896/2 2897/2 2898/2 1891/2 
f 2898/2 1894/2 1892/2 1891/2 
f 2898/2 2897/2 1505/2 1504/2 
f 2898/2 1504/2 2899/2 1894/2 
f 2899/2 1504/2 1503/2 2900/2 
f 2899/2 2900/2 1616/2 1615/2 
f 2899/2 1615/2 1619/2 1894/2 
f 2900/2 1503/2 1502/2 2901/2 
f 2900/2 2901/2 1916/2 1616/2 
f 2901/2 1502/2 1921/2 1919/2 
f 2901/2 1919/2 1917/2 1916/2 
f 2897/2 2112/2 1506/2 1505/2 
f 2100/2 1745/2 1576/2 1575/2 
f 2083/2 2082/2 1935/2 1934/2 
f 2073/2 2069/2 2068/2 1940/2 
f 2068/2 2064/2 2063/2 1943/2 
f 2068/2 1943/2 1941/2 1940/2 
f 2063/2 2059/2 2058/2 1947/2 
f 2063/2 1947/2 1944/2 1943/2 
f 2058/2 2054/2 2053/2 1950/2 
f 2058/2 1950/2 1948/2 1947/2 
f 2053/2 2049/2 2048/2 2902/2 
f 2053/2 2902/2 1951/2 1950/2 
f 2902/2 2048/2 2903/2 2904/2 
f 2902/2 2904/2 1952/2 1951/2 
f 2904/2 2903/2 2905/2 1957/2 
f 2904/2 1957/2 1954/2 1952/2 
f 2905/2 2903/2 2043/2 2906/2 
f 2905/2 2906/2 2907/2 1960/2 
f 2905/2 1960/2 1958/2 1957/2 
f 2907/2 2906/2 2038/2 2908/2 
f 2907/2 2908/2 2909/2 1963/2 
f 2907/2 1963/2 1961/2 1960/2 
f 2909/2 2908/2 2033/2 2910/2 
f 2909/2 2910/2 1968/2 1966/2 
f 2909/2 1966/2 1964/2 1963/2 
f 2910/2 2033/2 2029/2 2028/2 
f 2910/2 2028/2 1970/2 1968/2 
f 2908/2 2038/2 2034/2 2033/2 
f 2906/2 2043/2 2039/2 2038/2 
f 2903/2 2048/2 2044/2 2043/2 
f 2028/2 2024/2 1972/2 1970/2 
f 2020/2 1975/2 1973/2 1972/2 
f 1916/2 1914/2 1617/2 1616/2 
f 1914/2 1912/2 1620/2 1617/2 
f 1912/2 1910/2 1897/2 1620/2 
f 1910/2 1908/2 1898/2 1897/2 
f 1908/2 1906/2 1899/2 1898/2 
f 1897/2 1895/2 1618/2 1620/2 
f 1890/2 1690/2 1689/2 1885/2 
f 1876/2 1692/2 1530/2 1529/2 
f 1859/2 1651/2 1650/2 1854/2 
f 1845/2 1843/2 1621/2 1625/2 
f 1845/2 1625/2 1796/2 1795/2 
f 1840/2 1839/2 1731/2 1728/2 
f 1840/2 1728/2 1623/2 1622/2 
f 1819/2 1547/2 1549/2 1570/2 
f 1800/2 1759/2 1640/2 1639/2 
f 1797/2 1624/2 1626/2 1725/2 
f 1797/2 1796/2 1625/2 1624/2 
f 1794/2 1609/2 1613/2 1791/2 
f 1794/2 1670/2 1610/2 1609/2 
f 1788/2 1785/2 1780/2 1782/2 
f 1785/2 1784/2 1781/2 1780/2 
f 1712/2 1711/2 1519/2 1523/2 
f 1680/2 1679/2 1522/2 1524/2 
f 1659/2 1658/2 1535/2 1534/2 
# 1455 polygons

#
# object SpinalCord
#

v  -1.334925 2.180897 1.138102
v  -0.922268 2.069532 1.307229
v  -0.464156 2.069531 1.548360
v  -0.000998 2.069531 1.646683
v  0.482345 2.069532 1.526620
v  0.915225 2.069530 1.340085
v  1.322836 2.180896 1.123304
v  -1.763120 2.126934 0.700308
v  -1.228358 1.991814 0.756621
v  -0.617201 1.991814 0.812910
v  -0.005324 1.991814 0.829658
v  0.609438 1.991814 0.810444
v  1.216990 1.991814 0.763960
v  1.751031 2.126934 0.708229
v  -1.973147 2.192514 0.274480
v  -1.374463 2.057235 0.233320
v  -0.690254 2.057235 0.219445
v  -0.006045 2.057235 0.193384
v  0.678165 2.057235 0.231407
v  1.362374 2.057235 0.247276
v  1.961058 2.195493 0.346252
v  -1.973147 2.258093 -0.134445
v  -1.374463 2.122654 -0.277387
v  -0.690254 2.122654 -0.358436
v  -0.006045 2.122654 -0.514582
v  0.678165 2.122654 -0.286664
v  1.362374 2.122654 -0.263431
v  1.961058 2.275970 -0.122483
v  -1.763120 2.323673 -0.549806
v  -1.228358 2.188074 -0.789013
v  -0.617201 2.188074 -0.881872
v  -0.006045 2.188074 -0.915814
v  0.605112 2.188074 -0.869909
v  1.216269 2.188074 -0.787657
v  1.751031 2.326652 -0.554272
v  -1.334925 2.480270 -0.920117
v  -0.922268 2.381076 -1.217569
v  -0.464156 2.381076 -1.333037
v  -0.006045 2.381076 -1.345063
v  0.452067 2.381076 -1.333037
v  0.910179 2.381076 -1.222036
v  1.322836 2.480270 -0.943935
v  -1.334925 18.579317 1.537314
v  -0.922268 18.685186 1.793461
v  -0.464156 18.685186 2.023436
v  -0.000998 18.685186 2.138838
v  0.482345 18.685186 2.018495
v  0.915225 18.685186 1.802976
v  1.322836 18.579317 1.514549
v  -1.763120 18.686033 1.090253
v  -1.228358 18.821550 1.235564
v  -0.617201 18.821550 1.315394
v  -0.005324 18.821550 1.336699
v  0.609438 18.821550 1.314866
v  1.216990 18.821550 1.236944
v  1.751031 18.686033 1.085477
v  -1.973147 18.686882 0.660744
v  -1.374463 18.821550 0.705028
v  -0.690254 18.821550 0.725783
v  -0.006045 18.821550 0.727830
v  0.678165 18.821550 0.725783
v  1.362374 18.821550 0.705028
v  1.961058 18.686882 0.660743
v  -1.973147 18.687731 0.248801
v  -1.374463 18.821550 0.190557
v  -0.690225 18.821550 0.171065
v  -0.005842 18.821550 0.169142
v  0.678367 18.821550 0.171065
v  1.362403 18.821550 0.190556
v  1.961058 18.687731 0.248801
v  -1.763120 18.688576 -0.169578
v  -1.228358 18.821550 -0.324836
v  -0.617028 18.821550 -0.383654
v  -0.004831 18.821550 -0.389547
v  0.606326 18.821550 -0.383653
v  1.216443 18.821550 -0.325474
v  1.751031 18.688580 -0.174044
v  -1.334925 18.586473 -0.542262
v  -0.922268 18.689426 -0.769305
v  -0.464127 18.689426 -0.856944
v  -0.005842 18.689426 -0.866225
v  0.452269 18.689426 -0.856944
v  0.910208 18.689426 -0.773770
v  1.322836 18.586475 -0.566082
v  -1.326134 5.543340 1.515682
v  -0.873970 5.535000 1.842450
v  -0.440007 5.534999 2.112690
v  -0.000277 5.534999 2.232399
v  0.462522 5.535000 2.094270
v  0.867648 5.535000 1.853205
v  1.310419 5.541435 1.482324
v  1.805670 5.590296 1.009514
v  2.042958 5.666553 0.599219
v  2.046584 5.735188 0.191844
v  1.827426 5.799958 -0.180813
v  1.314045 5.848552 -0.612876
v  0.861881 5.866687 -0.852411
v  0.427918 5.868646 -0.933709
v  -0.006045 5.868646 -0.942517
v  -0.440007 5.868646 -0.933276
v  -0.873970 5.868646 -0.845280
v  -1.326134 5.860305 -0.586001
v  -1.839515 5.801917 -0.175995
v  -2.058673 5.735188 0.222125
v  -2.058673 5.668458 0.614567
v  -1.839515 5.601727 1.025300
v  -1.326134 8.373583 1.725513
v  -0.873969 8.367064 2.093492
v  -0.440007 8.367062 2.407731
v  -0.000277 8.367063 2.497289
v  0.462522 8.367063 2.351550
v  0.867648 8.367063 2.096971
v  1.314045 8.373583 1.684361
v  1.827426 8.419215 1.159648
v  2.046584 8.471369 0.747858
v  2.046584 8.523521 0.383970
v  1.827426 8.575672 0.044322
v  1.314045 8.621306 -0.416066
v  0.861881 8.627351 -0.613175
v  0.428185 8.624383 -0.681122
v  -0.004398 8.623457 -0.689054
v  -0.439463 8.625217 -0.681122
v  -0.873923 8.627490 -0.596879
v  -1.326134 8.621306 -0.323705
v  -1.839515 8.575673 0.034126
v  -2.058673 8.523521 0.423664
v  -2.058673 8.471369 0.817039
v  -1.839515 8.419215 1.228705
v  -1.396851 12.235769 1.847004
v  -0.873969 12.327356 2.265009
v  -0.440007 12.327355 2.566966
v  -0.000277 12.327355 2.680711
v  0.462522 12.327355 2.538160
v  0.867648 12.327354 2.269996
v  1.371034 12.230506 1.838907
v  1.908246 12.265537 1.341871
v  2.046584 12.400625 0.952465
v  2.046584 12.437260 0.557871
v  1.825546 12.473895 0.159079
v  1.401454 12.406605 -0.203048
v  0.970897 12.409991 -0.429129
v  0.429351 12.511964 -0.501388
v  -0.005840 12.510756 -0.508123
v  -0.440007 12.510529 -0.501388
v  -0.970633 12.411382 -0.431126
v  -1.424839 12.408451 -0.231479
v  -1.839126 12.473894 0.153470
v  -2.058609 12.437260 0.557376
v  -2.058673 12.400623 0.952465
v  -1.934063 12.271265 1.312456
v  -1.326134 15.143574 1.776475
v  -0.873969 15.140779 2.145410
v  -0.440007 15.140779 2.414218
v  -0.000277 15.140779 2.551207
v  0.462522 15.140779 2.414516
v  0.867648 15.140779 2.156056
v  1.314045 15.143574 1.743961
v  1.827426 15.163144 1.270523
v  2.046584 15.185513 0.862965
v  2.046584 15.207884 0.467809
v  1.827157 15.230254 0.061373
v  1.312433 15.249825 -0.372437
v  0.861612 15.252623 -0.562997
v  0.427918 15.252623 -0.629276
v  -0.006045 15.252623 -0.636927
v  -0.440007 15.252623 -0.629276
v  -0.873970 15.252623 -0.559074
v  -1.325746 15.249827 -0.351863
v  -1.837184 15.230254 0.047472
v  -2.058285 15.207886 0.464838
v  -2.058673 15.185513 0.862966
v  -1.839515 15.163144 1.276413
v  -2.058673 11.092310 0.536846
v  -1.839515 11.135769 0.139519
v  -1.425313 11.164288 -0.234204
v  -0.972040 11.167550 -0.466171
v  -0.439463 11.176620 -0.529805
v  -0.003169 11.176230 -0.536745
v  0.436786 11.184395 -0.529806
v  0.980821 11.166754 -0.471881
v  1.403111 11.159934 -0.236668
v  1.825546 11.135769 0.143078
v  2.046584 11.092310 0.537620
v  2.046584 11.048852 0.931059
v  1.898802 11.001360 1.317473
v  1.361591 10.960767 1.808445
v  0.867648 10.961931 2.242553
v  0.462522 10.961931 2.507624
v  -0.000277 10.961931 2.655871
v  -0.440007 10.961934 2.572667
v  -0.873969 10.961934 2.241618
v  -1.396851 10.953550 1.816315
v  -1.934063 10.994650 1.282757
v  -2.058673 11.048850 0.931059
v  -2.058673 9.911880 0.491846
v  -1.839515 9.960653 0.099631
v  -1.326134 10.003331 -0.267410
v  -0.873692 10.007413 -0.515394
v  -0.436743 9.993778 -0.591858
v  0.004040 9.983447 -0.599242
v  0.430952 9.990206 -0.591859
v  0.863045 10.007198 -0.528295
v  1.312638 10.003396 -0.339397
v  1.827157 9.960653 0.118348
v  2.046583 9.911881 0.490418
v  2.046583 9.863107 0.874264
v  1.827426 9.814331 1.281392
v  1.314045 9.771656 1.763683
v  0.867648 9.765557 2.183167
v  0.462522 9.765558 2.443447
v  -0.000277 9.765557 2.591043
v  -0.440007 9.765557 2.507433
v  -0.873969 9.765559 2.181403
v  -1.326134 9.771655 1.797386
v  -1.839515 9.814332 1.297809
v  -2.058673 9.863107 0.885682
v  -1.446213 3.244468 -0.784860
v  -1.010687 3.252393 -1.114472
v  -0.440007 3.333362 -1.232385
v  -0.006045 3.333362 -1.243950
v  0.427918 3.333362 -1.232817
v  0.995855 3.260022 -1.107234
v  1.420330 3.245094 -0.800249
v  1.827426 3.282590 -0.386324
v  2.046584 3.307242 0.018403
v  2.042958 3.149265 0.420996
v  1.906820 3.003461 0.751073
v  1.414554 2.948613 1.217008
v  0.867648 2.999916 1.580206
v  0.462522 2.999916 1.798131
v  -0.000277 2.999916 1.934611
v  -0.440007 2.999915 1.819559
v  -0.873969 2.999916 1.564551
v  -1.446851 2.942237 1.250219
v  -1.946831 3.000467 0.744600
v  -2.058673 3.133294 0.408928
v  -2.058673 3.199984 0.016409
v  -1.839515 3.266672 -0.383465
v  -1.456298 4.329374 -0.675522
v  -1.012704 4.335327 -0.976467
v  -0.440007 4.400945 -1.082566
v  -0.006045 4.400945 -1.093056
v  0.427918 4.400945 -1.085162
v  0.996385 4.333851 -0.979192
v  1.423554 4.253315 -0.611357
v  1.827426 4.324228 -0.269233
v  2.046584 4.282935 0.118798
v  2.024828 4.188662 0.515197
v  1.773889 4.010251 0.859085
v  1.402972 4.018916 1.329103
v  0.867648 4.061228 1.717427
v  0.462522 4.061228 1.946025
v  -0.000277 4.061227 2.059253
v  -0.440007 4.061227 1.822333
v  -0.873969 4.061228 1.682081
v  -1.452096 4.023831 1.355254
v  -1.954947 4.082409 0.843551
v  -2.058673 4.197114 0.515238
v  -2.058673 4.265059 0.122833
v  -1.839515 4.333002 -0.276926
v  -1.839515 16.571049 1.199843
v  -2.058673 16.585125 0.786223
v  -2.058608 16.599203 0.390398
v  -1.839126 16.613281 -0.014762
v  -1.326069 16.625599 -0.429835
v  -0.873970 16.627357 -0.659568
v  -0.440007 16.627357 -0.737632
v  -0.006045 16.627357 -0.746059
v  0.427918 16.627357 -0.737632
v  0.861881 16.627357 -0.664672
v  1.314045 16.625599 -0.459965
v  1.827426 16.613281 -0.016896
v  2.046584 16.599203 0.390893
v  2.046584 16.585125 0.786223
v  1.827426 16.571051 1.193953
v  1.314045 16.558735 1.664538
v  0.867648 16.556976 2.057842
v  0.462522 16.556974 2.308566
v  -0.000277 16.556974 2.439928
v  -0.440007 16.556974 2.280906
v  -0.873969 16.556976 2.041901
v  -1.326134 16.558735 1.696926
v  -1.839515 17.726311 1.126779
v  -2.058673 17.733160 0.713056
v  -2.058673 17.740011 0.317623
v  -1.839515 17.746864 -0.085164
v  -1.326134 17.752859 -0.505854
v  -0.873970 17.753716 -0.755138
v  -0.440007 17.753716 -0.840679
v  -0.006045 17.753716 -0.849843
v  0.427918 17.753716 -0.840679
v  0.861881 17.753716 -0.760243
v  1.314045 17.752859 -0.536479
v  1.827426 17.746862 -0.090269
v  2.046584 17.740011 0.317623
v  2.046584 17.733160 0.713056
v  1.827426 17.726311 1.120889
v  1.314045 17.720318 1.588666
v  0.867648 17.719460 1.963870
v  0.462522 17.719460 2.207380
v  -0.000277 17.719460 2.343841
v  -0.440007 17.719461 2.213596
v  -0.873969 17.719461 1.952849
v  -1.326134 17.720318 1.620929
v  6.131336 2.496546 -0.458022
v  6.172241 2.830268 -0.463820
v  6.224514 2.823096 -0.281049
v  6.183626 2.494207 -0.282942
v  -6.180362 3.128865 -0.181984
v  -6.122298 2.666373 -0.197810
v  -6.122552 2.649596 -0.010742
v  -6.176696 3.105603 0.011953
v  -2.937024 3.511564 0.587938
v  -2.864645 2.435648 0.542771
v  -2.915692 2.457176 0.104475
v  -3.013084 3.525238 0.112876
v  -3.899061 3.239909 0.358817
v  -3.740349 2.379229 0.304768
v  -3.862448 2.426317 -0.062035
v  -4.021440 3.288081 -0.072293
v  -4.779491 3.115031 0.244996
v  -4.677524 2.462620 0.211146
v  -4.744673 2.492007 -0.140314
v  -4.887347 3.206429 -0.143255
v  -5.609843 3.183831 0.171058
v  -5.524090 2.551289 0.147557
v  -5.544504 2.586096 -0.198199
v  -5.637724 3.233159 -0.194056
v  2.724730 3.531496 0.630279
v  2.792660 3.576252 0.235983
v  2.765530 2.558338 0.164811
v  2.698500 2.506770 0.526448
v  4.008068 3.244531 0.216253
v  3.887081 3.268928 -0.142544
v  3.823128 2.490463 -0.158327
v  3.942796 2.463190 0.205758
v  5.046684 3.109798 0.082517
v  4.922147 3.134064 -0.296388
v  4.844746 2.543377 -0.297364
v  4.945786 2.498638 0.081494
v  5.869055 2.948539 -0.054902
v  5.796799 2.975120 -0.406425
v  5.733044 2.500034 -0.398587
v  5.801418 2.472968 -0.065720
v  6.045305 2.460816 -0.826154
v  6.087145 2.822317 -0.829825
v  6.145242 2.842343 -0.649322
v  6.089485 2.479518 -0.651266
v  -6.078200 2.635709 -0.384105
v  -6.168132 3.138935 -0.378535
v  -6.166481 3.146827 -0.562643
v  -6.085846 2.639105 -0.569748
v  5.783545 3.009250 -0.594038
v  5.732717 2.990990 -0.952331
v  5.678690 2.428974 -0.914010
v  5.694522 2.452096 -0.581596
v  4.907854 3.136632 -0.497473
v  4.950052 3.127482 -0.917820
v  4.893909 2.541903 -0.906747
v  4.823983 2.524968 -0.495488
v  3.844476 3.279000 -0.360663
v  3.886286 3.274822 -0.766941
v  3.846013 2.527738 -0.777898
v  3.786268 2.498933 -0.374693
v  2.656493 3.624951 -0.381461
v  2.552377 3.644564 -0.723669
v  2.542065 2.642217 -0.790483
v  2.619227 2.617058 -0.434555
v  -2.601516 3.590222 -0.808013
v  -2.880870 3.585174 -0.427271
v  -2.771117 2.537621 -0.501910
v  -2.566239 2.562860 -0.893764
v  -3.873070 3.281930 -0.724912
v  -4.000021 3.279324 -0.348534
v  -3.868901 2.455528 -0.361905
v  -3.752622 2.465907 -0.733833
v  -4.842793 3.253145 -0.672171
v  -4.909700 3.245209 -0.325838
v  -4.730163 2.524910 -0.324813
v  -4.696174 2.530435 -0.709929
v  -5.632586 3.288611 -0.668392
v  -5.653516 3.265026 -0.353042
v  -5.499466 2.523164 -0.356069
v  -5.507342 2.528998 -0.689149
v  -6.175334 11.548041 0.123830
v  -5.921196 11.548041 0.018310
v  -5.921196 10.979312 -0.005428
v  -6.175334 10.979313 0.112234
v  -5.912612 11.003765 0.434155
v  -5.912612 11.585936 0.444099
v  -6.234600 11.607977 0.248419
v  -6.234600 11.026971 0.227114
v  -2.113081 12.096350 -0.330743
v  -2.536435 12.096350 0.016901
v  -2.540493 11.089157 -0.003142
v  -2.126546 11.089157 -0.397233
v  -3.180354 11.861358 -0.139130
v  -3.638191 11.861358 0.176296
v  -3.638868 10.924182 0.152318
v  -3.182598 10.924182 -0.218676
v  -4.304107 11.778916 -0.005967
v  -4.757759 11.778915 0.229617
v  -4.757760 10.987231 0.210734
v  -4.304108 10.987231 -0.068608
v  -2.346162 12.012576 1.365985
v  -2.345055 10.900658 1.324169
v  -2.762605 10.945690 0.751688
v  -2.763706 12.053906 0.793277
v  -3.331696 11.922951 0.803777
v  -3.325052 10.889179 0.778220
v  -3.656932 10.931046 0.362053
v  -3.663538 11.961373 0.387471
v  -4.411524 11.769210 0.587393
v  -4.410417 10.949656 0.570501
v  -4.827966 10.982848 0.290500
v  -4.829068 11.799671 0.313704
v  -5.316720 11.710072 0.523881
v  -5.316720 10.923617 0.519311
v  -5.751404 10.955468 0.209673
v  -5.751404 11.739302 0.252639
v  -5.522294 11.700208 0.280284
v  -5.522293 10.931625 0.266479
v  -5.135468 10.931626 0.062239
v  -5.135468 11.700208 0.108038
v  5.980453 11.483765 0.121736
v  6.114023 11.486971 0.315780
v  6.130211 11.016078 0.274302
v  5.997194 11.012416 0.084967
v  6.115730 11.528497 0.524765
v  5.845360 11.510001 0.728293
v  5.845360 11.021205 0.706412
v  6.115730 11.040700 0.500006
v  2.518665 12.098923 0.126634
v  2.229810 12.099639 -0.303668
v  2.248796 11.052706 -0.412899
v  2.529367 11.049124 0.030645
v  3.519923 11.986654 0.399995
v  3.248309 11.987536 0.009849
v  3.279165 10.927255 -0.053768
v  3.550216 10.922846 0.319858
v  4.241337 11.853198 0.041127
v  4.285224 10.923479 -0.041576
v  4.595960 10.916473 0.296185
v  4.505249 11.851798 0.374736
v  5.387369 11.697328 0.347556
v  5.160086 11.696163 0.008984
v  5.160035 10.934254 -0.054665
v  5.400028 10.936828 0.264033
v  2.181348 11.962479 1.673644
v  2.616032 11.999366 1.142299
v  2.527494 11.010242 1.147380
v  2.092811 10.970048 1.628866
v  3.106696 11.913424 1.280875
v  3.541379 11.950966 0.729587
v  3.526623 10.944344 0.692818
v  3.091940 10.903440 1.235589
v  4.040374 11.783255 0.984926
v  4.475058 11.815995 0.588221
v  4.475058 10.938017 0.555971
v  4.040374 10.902341 0.952500
v  4.956605 11.672879 0.889000
v  5.378844 11.701677 0.536248
v  5.378845 10.929683 0.505085
v  4.956605 10.898321 0.859332
v  -1.332442 1.959104 0.982208
v  -0.801883 1.959104 1.128684
v  -0.271324 1.959103 1.246000
v  0.270770 1.959104 1.236457
v  0.801328 1.959104 1.136951
v  1.320353 1.959103 0.988238
v  -1.655439 2.024524 0.473400
v  -0.995681 2.024524 0.496802
v  -0.335923 2.024524 0.501357
v  0.323834 2.024524 0.501357
v  0.983592 2.024524 0.496802
v  1.643350 2.024524 0.505299
v  -1.736945 2.089944 0.015548
v  -1.044585 2.089944 -0.042033
v  -0.352224 2.089944 -0.140354
v  0.340135 2.089944 -0.108456
v  1.032495 2.089944 -0.010134
v  1.724856 2.089944 0.047447
v  -1.655439 2.155364 -0.442305
v  -0.995681 2.155364 -0.580868
v  -0.335923 2.155364 -0.694954
v  0.323834 2.155364 -0.663055
v  0.983592 2.155364 -0.548969
v  1.643350 2.155364 -0.442305
v  -1.332442 2.220785 -0.914868
v  -0.801883 2.220785 -1.119703
v  -0.271324 2.220785 -1.162441
v  0.259235 2.220785 -1.162441
v  0.789794 2.220785 -1.119703
v  1.320353 2.220785 -0.925076
v  -1.332442 18.821550 1.430997
v  -0.801883 18.821550 1.629277
v  -0.271324 18.821550 1.747031
v  0.270770 18.821550 1.744615
v  0.801328 18.821550 1.632907
v  1.320353 18.821550 1.425263
v  -1.655439 18.821550 0.908185
v  -0.995681 18.821550 0.991044
v  -0.335923 18.821550 1.007174
v  0.323834 18.821550 1.007174
v  0.983592 18.821550 0.991044
v  1.643350 18.821550 0.908185
v  -1.736945 18.821550 0.446957
v  -1.044584 18.821550 0.448237
v  -0.352224 18.821550 0.448486
v  0.340135 18.821550 0.448486
v  1.032495 18.821550 0.448237
v  1.724856 18.821550 0.446957
v  -1.655439 18.821550 -0.014272
v  -0.995681 18.821550 -0.094571
v  -0.335461 18.821550 -0.110202
v  0.324759 18.821550 -0.110202
v  0.984054 18.821550 -0.094571
v  1.643350 18.821550 -0.014272
v  -1.332442 18.821550 -0.490211
v  -0.801883 18.821550 -0.637379
v  -0.270862 18.821550 -0.668891
v  0.260160 18.821550 -0.668891
v  0.790256 18.821550 -0.637378
v  1.320353 18.821550 -0.500419
v  -1.090951 2.466236 1.359923
v  -0.656988 2.466235 1.610093
v  -0.223026 2.466235 1.823974
v  0.234006 2.466235 1.794683
v  0.667968 2.466235 1.605947
v  1.078862 2.466234 1.361508
v  -1.090951 6.959467 1.810916
v  -0.656988 6.959466 2.139866
v  -0.223026 6.959466 2.356006
v  0.234006 6.959467 2.319783
v  0.667968 6.959467 2.116800
v  1.078862 6.959466 1.800514
v  -1.090951 9.200755 1.974998
v  -0.656988 9.200754 2.329634
v  -0.223026 9.200753 2.549173
v  0.234006 9.200753 2.506860
v  0.667968 9.200753 2.299992
v  1.078862 9.200754 1.964108
v  -1.090951 13.729237 2.037420
v  -0.656988 13.729237 2.371251
v  -0.223026 13.729237 2.591731
v  0.234006 13.729237 2.580589
v  0.667968 13.729237 2.370990
v  1.078862 13.729236 2.024741
v  -1.090951 15.986887 1.930543
v  -0.656988 15.986887 2.224011
v  -0.223026 15.986886 2.441038
v  0.234006 15.986885 2.451680
v  0.667968 15.986886 2.246231
v  1.078862 15.986887 1.918561
v  1.585632 2.499264 0.975440
v  1.973228 2.565322 0.565158
v  2.071036 2.679052 0.172581
v  1.973228 2.745110 -0.251894
v  1.585632 2.763498 -0.694308
v  1.585632 6.989238 1.332631
v  1.973228 7.048783 0.866086
v  2.071036 7.108327 0.472265
v  1.973228 7.167871 0.115833
v  1.585632 7.227415 -0.301877
v  1.585632 9.225566 1.480127
v  1.973228 9.275187 1.012803
v  2.071035 9.324809 0.628963
v  1.973228 9.374430 0.284137
v  1.585632 9.424050 -0.145111
v  1.585632 13.744040 1.556571
v  1.973229 13.773652 1.112077
v  2.071036 13.803266 0.717187
v  1.973229 13.832877 0.322298
v  1.581335 13.862489 -0.103549
v  1.585632 15.995695 1.464626
v  1.973229 16.013313 1.019743
v  2.071036 16.030933 0.624464
v  1.973228 16.048555 0.229186
v  1.585632 16.066175 -0.215931
v  1.078862 2.796528 -1.090951
v  0.644899 2.796528 -1.289898
v  0.210937 2.796528 -1.338328
v  -0.223026 2.796528 -1.338328
v  -0.656988 2.796528 -1.289898
v  -1.090951 2.796528 -1.070534
v  1.078862 7.257187 -0.651921
v  0.644899 7.257187 -0.777442
v  0.210937 7.257187 -0.811579
v  -0.223026 7.257187 -0.811579
v  -0.656988 7.257187 -0.777442
v  -1.090951 7.257187 -0.604672
v  1.078862 9.448862 -0.492377
v  0.644899 9.441262 -0.598588
v  0.215204 9.431776 -0.628966
v  -0.218019 9.434002 -0.628966
v  -0.656249 9.443487 -0.598588
v  -1.090951 9.448862 -0.427045
v  1.074564 13.877296 -0.418886
v  0.644899 13.877296 -0.534318
v  0.210937 13.877296 -0.562816
v  -0.223026 13.877296 -0.562816
v  -0.656988 13.877296 -0.534318
v  -1.090951 13.877296 -0.417350
v  1.078862 16.074986 -0.547026
v  0.644899 16.074986 -0.662903
v  0.210937 16.074986 -0.695162
v  -0.223026 16.074986 -0.695162
v  -0.656988 16.074986 -0.662903
v  -1.090951 16.074986 -0.526609
v  -1.597721 2.763498 -0.673892
v  -1.985317 2.697439 -0.251894
v  -2.083125 2.631381 0.140682
v  -1.985317 2.565322 0.533259
v  -1.597721 2.499264 0.999000
v  -1.597721 7.227415 -0.267012
v  -1.985317 7.167872 0.128455
v  -2.083125 7.108327 0.521334
v  -1.985318 7.048783 0.914212
v  -1.597721 6.989238 1.380254
v  -1.597721 9.424051 -0.104546
v  -1.985317 9.374429 0.273615
v  -2.083125 9.324808 0.667272
v  -1.985317 9.275187 1.060929
v  -1.597721 9.225565 1.527750
v  -1.596686 13.862490 -0.109935
v  -1.984282 13.832877 0.314376
v  -2.083125 13.803266 0.717187
v  -1.985318 13.773652 1.112077
v  -1.597721 13.744040 1.580130
v  -1.596685 16.066175 -0.203436
v  -1.984282 16.048555 0.221263
v  -2.083125 16.030933 0.624464
v  -1.985317 16.013311 1.019743
v  -1.597721 15.995695 1.488186
v  -1.090951 11.510238 2.079304
v  -0.656988 11.510239 2.444064
v  -0.223026 11.510238 2.666401
v  0.234006 11.510238 2.631888
v  0.667968 11.510238 2.420905
v  1.078862 11.510236 2.067100
v  6.219934 11.269073 0.588683
v  1.973229 11.571320 1.149019
v  1.577037 11.693485 -0.046213
v  6.285958 11.230142 0.220586
v  0.651452 11.718546 -0.481198
v  0.214213 11.717499 -0.508142
v  -0.223026 11.713846 -0.508142
v  -0.656988 11.713846 -0.481198
v  -6.263305 11.249566 0.016509
v  -1.597721 11.693485 -0.055261
v  -1.985318 11.571320 1.149019
v  -6.218542 11.299190 0.328197
v  -1.090951 10.366497 2.027639
v  -0.656988 10.366497 2.396318
v  -0.223026 10.366495 2.617431
v  0.234006 10.366494 2.570148
v  0.667968 10.366494 2.361480
v  1.078862 10.366495 2.016525
v  1.585632 10.389711 1.549149
v  1.973228 10.436142 1.105519
v  2.071035 10.482574 0.711493
v  1.973228 10.529005 0.329851
v  1.581335 10.575436 -0.095131
v  1.077841 10.599699 -0.423006
v  0.651452 10.595752 -0.539167
v  0.218481 10.585218 -0.567806
v  -0.218019 10.583792 -0.567806
v  -0.656249 10.593278 -0.539167
v  -1.090951 10.598653 -0.395090
v  -1.597721 10.575436 -0.079599
v  -1.985317 10.529005 0.317468
v  -2.083125 10.482574 0.711493
v  -1.985317 10.436142 1.105519
v  -1.597721 10.389711 1.572708
v  -1.090951 3.521274 1.517879
v  -0.656988 3.521274 1.720412
v  -0.223026 3.521273 1.927785
v  0.234006 3.521274 1.967443
v  0.667968 3.521275 1.774480
v  1.078862 3.521274 1.508729
v  6.267830 2.644403 -0.414240
v  1.915214 3.591747 0.665250
v  1.585632 3.792806 -0.527739
v  6.180884 2.633320 -0.729567
v  0.644899 3.857801 -1.126413
v  0.210937 3.857801 -1.163642
v  -0.223026 3.857801 -1.163642
v  -0.656988 3.857801 -1.119493
v  -6.279632 2.885713 -0.457928
v  -1.597721 3.824148 -0.543242
v  -1.985317 3.622231 0.663566
v  -6.310789 2.883031 -0.118525
v  -1.090951 4.650694 1.624841
v  -0.656988 4.650694 1.846704
v  -0.223026 4.650694 2.058034
v  0.234006 4.650695 2.101177
v  0.667968 4.650696 1.903691
v  1.078862 4.650694 1.615126
v  1.527617 4.654530 1.195484
v  1.915214 4.723169 0.753540
v  2.071036 4.822296 0.348755
v  1.973228 4.890936 -0.043585
v  1.585632 4.928234 -0.439083
v  1.078862 4.962554 -0.805861
v  0.644899 4.993896 -0.995199
v  0.210937 4.993896 -1.027845
v  -0.223026 4.993896 -1.027845
v  -0.656988 4.993896 -0.988278
v  -1.090951 4.993896 -0.814445
v  -1.597721 4.959576 -0.454587
v  -1.985317 4.890936 -0.032825
v  -2.083125 4.822296 0.359515
v  -1.985317 4.753654 0.751855
v  -1.597721 4.685013 1.217360
v  -1.090951 17.140459 1.846230
v  -0.656988 17.140459 2.129643
v  -0.223026 17.140459 2.344327
v  0.234006 17.140459 2.350768
v  0.667968 17.140459 2.148187
v  1.078862 17.140459 1.834773
v  1.585632 17.145683 1.392173
v  1.973228 17.156134 0.947189
v  2.071036 17.166582 0.551807
v  1.973228 17.177032 0.156426
v  1.585632 17.187483 -0.288792
v  1.078862 17.192709 -0.632049
v  0.644899 17.192709 -0.762964
v  0.210937 17.192709 -0.798151
v  -0.223026 17.192709 -0.798151
v  -0.656988 17.192709 -0.762964
v  -1.090951 17.192709 -0.611632
v  -1.597721 17.187485 -0.268375
v  -1.985317 17.177032 0.156426
v  -2.083125 17.166582 0.551808
v  -1.985317 17.156134 0.947189
v  -1.597721 17.145683 1.415733
v  -1.090951 18.276096 1.763115
v  -0.656988 18.276096 2.046613
v  -0.223026 18.276096 2.259103
v  0.234006 18.276096 2.250926
v  0.667968 18.276096 2.050697
v  1.078862 18.276096 1.751817
v  1.585632 18.277792 1.320848
v  1.973229 18.281181 0.875762
v  2.071036 18.284573 0.480281
v  1.973228 18.287962 0.084799
v  1.585632 18.291353 -0.360520
v  1.078862 18.293051 -0.715749
v  0.644899 18.293051 -0.861469
v  0.210937 18.293051 -0.899538
v  -0.223026 18.293051 -0.899538
v  -0.656988 18.293051 -0.861469
v  -1.090951 18.293051 -0.695333
v  -1.597721 18.291353 -0.340103
v  -1.985318 18.287962 0.084799
v  -2.083125 18.284573 0.480281
v  -1.985317 18.281181 0.875762
v  -1.597721 18.277792 1.344407
v  2.071036 11.612042 0.754634
v  1.973229 11.652764 0.360248
v  1.973228 3.804514 -0.121360
v  2.071036 3.737208 0.271103
v  -2.083125 3.689537 0.271103
v  -1.985317 3.756843 -0.121359
v  -1.985318 11.652764 0.360248
v  -2.083125 11.612041 0.754633
v  2.273642 3.281472 0.470691
v  2.122871 3.873856 0.781825
v  2.003757 3.238027 0.970837
v  2.154528 2.645643 0.659703
v  -2.438323 3.253052 0.390870
v  -2.269851 2.589753 0.652248
v  -2.157045 3.215097 0.977772
v  -2.325517 3.878395 0.716394
v  -3.483327 2.888458 -0.104507
v  -3.350271 2.201071 0.170690
v  -3.391606 2.849752 0.474189
v  -3.524662 3.537139 0.198993
v  -4.410903 2.853309 -0.168207
v  -4.232301 2.311751 0.071120
v  -4.251616 2.775603 0.336104
v  -4.430218 3.317161 0.096777
v  -5.222897 2.889369 -0.234587
v  -5.118462 2.419007 0.004820
v  -5.151720 2.818189 0.261181
v  -5.256155 3.288550 0.021774
v  -5.954647 2.914166 -0.259447
v  -5.897305 2.476083 -0.079179
v  -5.945526 2.872497 0.129853
v  -6.002868 3.310580 -0.050416
v  3.311940 2.949146 -0.077511
v  3.377419 3.546015 0.202832
v  3.374376 2.896838 0.414184
v  3.308898 2.299970 0.133840
v  4.356280 2.860942 -0.298716
v  4.498556 3.293286 -0.051782
v  4.533408 2.823587 0.194474
v  4.391132 2.391243 -0.052460
v  5.349173 2.799090 -0.412989
v  5.461713 3.129463 -0.163037
v  5.467255 2.753731 0.084565
v  5.354715 2.423358 -0.165387
v  6.020086 2.690593 -0.501595
v  6.103768 2.982482 -0.318729
v  6.111019 2.673030 -0.134367
v  6.027337 2.381141 -0.317232
v  1.721490 3.465165 -0.928605
v  1.863833 4.051355 -0.659565
v  1.990541 3.420467 -0.517470
v  1.848197 2.834277 -0.786510
v  -2.124592 3.409428 -0.563120
v  -1.958039 4.049077 -0.717138
v  -1.741058 3.422382 -0.993307
v  -1.907611 2.782733 -0.839291
v  5.939406 2.656579 -0.933501
v  6.025653 3.015842 -0.758408
v  6.021457 2.690737 -0.568717
v  5.935211 2.331475 -0.743811
v  5.358284 2.773974 -1.007001
v  5.397644 3.164144 -0.758742
v  5.339889 2.785338 -0.484124
v  5.300528 2.395168 -0.732384
v  4.436781 2.867076 -0.913747
v  4.431172 3.300134 -0.633739
v  4.343866 2.854321 -0.356290
v  4.349475 2.421264 -0.636298
v  3.244773 2.978262 -0.796362
v  3.272158 3.579052 -0.520645
v  3.250849 2.956993 -0.287741
v  3.223464 2.356203 -0.563458
v  -3.458287 2.903958 -0.323017
v  -3.404819 3.549129 -0.554764
v  -3.216749 2.919950 -0.845236
v  -3.270217 2.274779 -0.613488
v  -4.409989 2.867693 -0.271050
v  -4.456200 3.367696 -0.510844
v  -4.302855 2.874180 -0.763291
v  -4.256645 2.374178 -0.523499
v  -5.214054 2.891009 -0.279605
v  -5.301729 3.391518 -0.503404
v  -5.180733 2.906618 -0.749956
v  -5.093059 2.406108 -0.526157
v  -5.929363 2.888580 -0.310878
v  -6.012435 3.368669 -0.487438
v  -5.932549 2.902785 -0.676212
v  -5.849477 2.422695 -0.499652
v  -1.721109 12.271340 -0.249026
v  -1.474132 11.663013 -0.454411
v  -1.728897 11.054688 -0.293314
v  -1.975874 11.663013 -0.087930
v  -1.790865 11.478972 1.679804
v  -2.080654 12.157532 1.361003
v  -2.370443 11.529785 0.990931
v  -2.080654 10.851226 1.309732
v  -2.869547 12.151138 -0.052938
v  -2.577435 11.483639 -0.339652
v  -2.877336 10.816139 -0.119459
v  -3.169448 11.483639 0.167254
v  -3.990915 11.948908 0.076654
v  -3.682614 11.377250 -0.155297
v  -3.990915 10.805593 0.013247
v  -4.299215 11.377250 0.245198
v  -4.944812 11.869075 0.176329
v  -4.662076 11.356233 0.006221
v  -4.944812 10.843391 0.129828
v  -5.227549 11.356233 0.299935
v  -2.765610 11.423295 1.136869
v  -3.012645 12.193398 0.814688
v  -3.253790 11.480965 0.445966
v  -3.006756 10.710860 0.768147
v  -3.811800 11.376436 0.702507
v  -4.058835 12.011769 0.496681
v  -4.299981 11.424014 0.263028
v  -4.052946 10.788681 0.468853
v  -4.821361 11.332096 0.589926
v  -5.111150 11.875886 0.420271
v  -5.400939 11.372818 0.221265
v  -5.111150 10.829028 0.390920
v  -5.602647 11.294516 0.538298
v  -5.892437 11.838305 0.366137
v  -6.182225 11.335237 0.164223
v  -5.892437 10.791447 0.336384
v  -5.779464 11.793312 0.136361
v  -5.542911 11.281314 0.012236
v  -5.779464 10.769315 0.102430
v  -6.016016 11.281314 0.226556
v  1.746116 12.262720 -0.208249
v  1.950077 11.642664 -0.044910
v  1.759417 11.025145 -0.311444
v  1.555456 11.645200 -0.474783
v  1.992608 12.110205 1.531390
v  1.663469 11.485577 1.812414
v  1.913908 10.907724 1.502247
v  2.243047 11.532351 1.221222
v  2.897006 12.233410 0.091047
v  3.092792 11.509037 0.319427
v  2.922774 10.787630 -0.030629
v  2.726988 11.512002 -0.259009
v  3.874983 12.089266 0.243911
v  4.100213 11.415012 0.428481
v  3.949304 10.746003 0.146561
v  3.724075 11.420256 -0.038010
v  4.817481 11.919085 0.198572
v  5.021065 11.351870 0.369616
v  4.867780 10.786751 0.090990
v  4.664196 11.353964 -0.080055
v  5.759141 11.722357 0.212271
v  5.897913 11.277074 0.361726
v  5.775579 10.826420 0.132648
v  5.636808 11.271702 -0.016807
v  2.862010 12.141240 1.214430
v  2.532871 11.431952 1.560169
v  2.783310 10.775777 1.173797
v  3.112449 11.485067 0.828058
v  3.795103 12.027538 0.875426
v  3.505314 11.369656 1.166815
v  3.795103 10.761038 0.823691
v  4.084892 11.418922 0.532302
v  4.704226 11.879300 0.749143
v  4.414436 11.306079 0.975817
v  4.704226 10.775783 0.708898
v  4.994014 11.349003 0.482224
v  5.681308 11.746089 0.668343
v  5.424703 11.264604 0.849880
v  5.681309 10.819177 0.626862
v  5.937913 11.300662 0.445324
v  -1.531401 2.094144 0.955479
v  -1.533937 1.991814 0.715065
v  -1.067162 1.959104 1.049754
v  -1.151324 2.069532 1.216577
v  -0.922780 1.991814 0.789481
v  -0.536603 1.959103 1.200324
v  -0.693212 2.069531 1.430269
v  -0.311623 1.991814 0.826168
v  -0.003161 1.959104 1.259961
v  -0.235100 2.069531 1.624165
v  0.302418 1.991814 0.823782
v  0.541816 1.959104 1.190463
v  0.243197 2.069532 1.604914
v  0.913574 1.991814 0.791548
v  1.057957 1.959103 1.071138
v  0.701308 2.069531 1.439566
v  1.521848 1.991814 0.724548
v  1.519312 2.094144 0.939317
v  1.139235 2.069530 1.224511
v  -1.902848 2.159724 0.478942
v  -1.716568 2.057235 0.244474
v  -1.325560 2.024524 0.488674
v  -1.032359 2.057235 0.227384
v  -0.665802 2.024524 0.500218
v  -0.348149 2.057235 0.202279
v  -0.006045 2.024524 0.501357
v  0.336060 2.057235 0.210254
v  0.653713 2.024524 0.500218
v  1.020270 2.057235 0.235359
v  1.313471 2.024524 0.496648
v  1.704479 2.057235 0.292322
v  1.890759 2.159724 0.526790
v  -1.996580 2.225304 0.070017
v  -1.716568 2.122654 -0.213378
v  -1.390764 2.089944 -0.022033
v  -1.032359 2.122654 -0.311450
v  -0.698404 2.089944 -0.072218
v  -0.348149 2.122654 -0.461210
v  -0.006045 2.089944 -0.175936
v  0.336060 2.122654 -0.413362
v  0.686315 2.089944 -0.024370
v  1.020270 2.122654 -0.263602
v  1.378675 2.089944 -0.006083
v  1.704479 2.122654 -0.205403
v  1.984491 2.237221 0.117866
v  -1.902848 2.290883 -0.338907
v  -1.533937 2.188074 -0.674909
v  -1.325560 2.155364 -0.532740
v  -0.922780 2.188074 -0.850286
v  -0.665802 2.155364 -0.622876
v  -0.311623 2.188074 -0.906919
v  -0.006045 2.155364 -0.730536
v  0.299534 2.188074 -0.898945
v  0.653713 2.155364 -0.575027
v  0.910691 2.188074 -0.842311
v  1.313471 2.155364 -0.524765
v  1.521848 2.188074 -0.677461
v  1.890759 2.302800 -0.338907
v  -1.531401 2.356463 -0.773576
v  -1.151324 2.381076 -1.075603
v  -1.067162 2.220785 -1.047125
v  -0.693212 2.381076 -1.296960
v  -0.536603 2.220785 -1.151756
v  -0.235100 2.381076 -1.345062
v  -0.006045 2.220785 -1.162441
v  0.223011 2.381076 -1.345062
v  0.524514 2.220785 -1.151756
v  0.681123 2.381076 -1.296960
v  1.055073 2.220785 -1.049677
v  1.139235 2.381076 -1.093467
v  1.519312 2.356463 -0.791440
v  -1.151324 18.685188 1.660125
v  -1.067162 18.821550 1.540991
v  -1.533937 18.821550 1.154195
v  -1.531402 18.685610 1.348926
v  -0.693212 18.685188 1.917027
v  -0.536603 18.821550 1.697433
v  -0.922780 18.821550 1.286304
v  -0.235100 18.685188 2.105305
v  -0.003161 18.821550 1.766587
v  -0.311623 18.821550 1.331810
v  0.243197 18.685188 2.100240
v  0.541816 18.821550 1.695320
v  0.302418 18.821550 1.331206
v  0.701308 18.685188 1.922585
v  1.057957 18.821550 1.546511
v  0.913574 18.821550 1.287211
v  1.139235 18.685188 1.650134
v  1.519312 18.685610 1.329823
v  1.521848 18.821550 1.152761
v  -1.325560 18.821550 0.962264
v  -1.716568 18.821550 0.677571
v  -1.902848 18.686459 0.866715
v  -0.665802 18.821550 1.003141
v  -1.032359 18.821550 0.719640
v  -0.006045 18.821550 1.007174
v  -0.348149 18.821550 0.727830
v  0.653713 18.821550 1.003141
v  0.336060 18.821550 0.727830
v  1.313471 18.821550 0.962264
v  1.020270 18.821550 0.719640
v  1.890759 18.686459 0.866715
v  1.704479 18.821550 0.677571
v  -1.390764 18.821550 0.447792
v  -1.716568 18.821550 0.216343
v  -1.996580 18.687305 0.454772
v  -0.698404 18.821550 0.448424
v  -1.032359 18.821550 0.176833
v  -0.006045 18.821550 0.448486
v  -0.348034 18.821550 0.169142
v  0.686315 18.821550 0.448424
v  0.336291 18.821550 0.169142
v  1.378675 18.821550 0.447792
v  1.020385 18.821550 0.176833
v  1.984491 18.687305 0.454772
v  1.704479 18.821550 0.216343
v  -1.325560 18.821550 -0.066680
v  -1.533937 18.821550 -0.248564
v  -1.902848 18.688154 0.042830
v  -0.665686 18.821550 -0.106295
v  -0.922780 18.821550 -0.365975
v  -0.005235 18.821550 -0.110202
v  -0.310929 18.821550 -0.389546
v  0.654522 18.821550 -0.106295
v  0.300921 18.821550 -0.389546
v  1.313586 18.821550 -0.066680
v  0.911384 18.821550 -0.365974
v  1.890759 18.688154 0.042830
v  1.521848 18.821550 -0.251116
v  -1.067162 18.821550 -0.584830
v  -1.151324 18.689425 -0.664153
v  -1.531401 18.689001 -0.394855
v  -0.536488 18.821550 -0.661013
v  -0.693212 18.689425 -0.829103
v  -0.005235 18.821550 -0.668891
v  -0.234985 18.689425 -0.866225
v  0.525323 18.821550 -0.661013
v  0.223242 18.689425 -0.866225
v  1.055189 18.821550 -0.587382
v  0.681239 18.689425 -0.829103
v  1.519313 18.689001 -0.412721
v  1.139235 18.689425 -0.682018
v  -0.873970 2.466235 1.468202
v  -1.090951 5.534999 1.694781
v  -1.326134 4.659274 1.453897
v  -0.440007 2.466235 1.742913
v  -0.656988 5.534999 1.987453
v  -0.000277 2.466235 1.844242
v  -0.223026 5.534999 2.201062
v  0.462522 2.466235 1.705263
v  0.234006 5.535000 2.186529
v  0.867648 2.466234 1.492705
v  0.667968 5.535000 1.986439
v  1.314045 2.474492 1.194903
v  1.078862 5.534999 1.684740
v  -0.873970 6.959467 1.973684
v  -1.090951 8.367064 1.921554
v  -1.326134 6.966910 1.622721
v  -0.440007 6.959466 2.277847
v  -0.656988 8.367063 2.266431
v  -0.000277 6.959466 2.371075
v  -0.223026 8.367062 2.484749
v  0.462522 6.959467 2.226801
v  0.234006 8.367063 2.445155
v  0.867648 6.959467 1.978473
v  0.667968 8.367063 2.239682
v  1.314045 6.966910 1.584655
v  1.078862 8.367063 1.910839
v  -0.873970 9.200755 2.152285
v  -1.090951 12.327355 2.080769
v  -1.374420 11.502421 1.883239
v  -0.440007 9.200753 2.473209
v  -0.656988 12.327356 2.432152
v  -0.000277 9.200753 2.559675
v  -0.223026 12.327355 2.654222
v  0.462522 9.200753 2.412907
v  0.234006 12.327355 2.633226
v  0.867648 9.200753 2.154822
v  0.667968 12.327355 2.421907
v  1.314045 9.206957 1.736370
v  1.078862 12.327355 2.067960
v  -0.873969 13.729237 2.214218
v  -1.090951 15.140779 1.977822
v  -1.326134 13.732938 1.829757
v  -0.440007 13.729237 2.499946
v  -0.656988 15.140779 2.291743
v  -0.000277 13.729237 2.625610
v  -0.223026 15.140779 2.510234
v  0.462522 13.729237 2.485953
v  0.234006 15.140779 2.508549
v  0.867648 13.729237 2.221864
v  0.667968 15.140779 2.301362
v  1.314045 13.732938 1.797137
v  1.078862 15.140779 1.965567
v  -0.873969 15.986887 2.089688
v  -1.326134 18.276520 1.584536
v  -0.440007 15.986887 2.339225
v  -0.000277 15.986885 2.491256
v  0.462522 15.986885 2.358081
v  0.867648 15.986887 2.103825
v  1.314045 15.989089 1.701731
v  1.827426 2.532293 0.749923
v  1.571128 5.560742 1.247239
v  2.046584 2.610270 0.384819
v  1.958725 5.627471 0.799177
v  2.046584 2.735916 -0.047631
v  2.071036 5.701823 0.392629
v  1.827426 2.742386 -0.460642
v  1.973228 5.768552 0.009299
v  1.314045 2.788270 -0.916532
v  1.585632 5.827446 -0.404299
v  1.827426 7.019011 1.080942
v  1.585632 8.393140 1.420610
v  2.046584 7.078555 0.669411
v  1.973228 8.445292 0.941536
v  2.046584 7.138100 0.284466
v  2.071035 8.497445 0.560197
v  1.827426 7.197643 -0.068119
v  1.973228 8.549597 0.224588
v  1.314045 7.249744 -0.518718
v  1.585632 8.601748 -0.194565
v  1.827426 9.250377 1.228048
v  1.687376 12.490574 1.578555
v  2.046584 9.299998 0.818429
v  1.973229 12.382306 1.149762
v  2.046584 9.349620 0.449251
v  2.071036 12.418942 0.755168
v  1.827426 9.399240 0.097918
v  1.973229 12.455577 0.360574
v  1.314045 9.442658 -0.367643
v  1.578112 12.492211 -0.050816
v  1.827426 13.758845 1.321923
v  1.585632 15.151962 1.505304
v  2.046584 13.788459 0.914632
v  1.973229 15.174329 1.060544
v  2.046584 13.818071 0.519742
v  2.071036 15.196699 0.665387
v  1.826352 13.847683 0.117114
v  1.973228 15.219069 0.270231
v  1.307599 13.873594 -0.296584
v  1.584558 15.241438 -0.170043
v  1.827426 16.004503 1.229784
v  2.046584 16.022123 0.822104
v  2.046584 16.039745 0.426825
v  1.827426 16.057365 0.019086
v  1.314045 16.072783 -0.422443
v  0.861881 2.796528 -1.215946
v  1.078862 5.860810 -0.758261
v  0.427918 2.796528 -1.326221
v  0.644899 5.868646 -0.907284
v  -0.006045 2.796528 -1.338328
v  0.210937 5.868646 -0.942517
v  -0.440007 2.796528 -1.326221
v  -0.223026 5.868646 -0.942517
v  -0.873970 2.796528 -1.210842
v  -0.656988 5.868646 -0.905554
v  -1.326134 2.788270 -0.885907
v  -1.090951 5.868646 -0.738387
v  0.861881 7.257188 -0.728993
v  1.078862 8.627825 -0.544179
v  0.427918 7.257188 -0.803044
v  0.644899 8.625925 -0.657326
v  -0.006045 7.257188 -0.811579
v  0.212004 8.623553 -0.689054
v  -0.440007 7.257188 -0.803044
v  -0.221774 8.624109 -0.689054
v  -0.873970 7.257188 -0.717181
v  -0.656803 8.626481 -0.657326
v  -1.326134 7.249744 -0.450940
v  -1.090951 8.627825 -0.478993
v  0.861881 9.446962 -0.556847
v  1.240303 12.647748 -0.322918
v  0.428985 9.435091 -0.621372
v  0.646538 12.511705 -0.481180
v  0.000542 9.431390 -0.628966
v  0.211756 12.511442 -0.508123
v  -0.437831 9.438430 -0.621372
v  -0.223026 12.510529 -0.508123
v  -0.873785 9.447518 -0.540514
v  -0.656988 12.510529 -0.481180
v  -1.326134 9.442658 -0.275837
v  -1.248490 12.649902 -0.341401
v  0.860806 13.877295 -0.491212
v  1.077787 15.252623 -0.494229
v  0.427918 13.877295 -0.555691
v  0.644899 15.252623 -0.606323
v  -0.006045 13.877295 -0.562816
v  0.210937 15.252623 -0.636927
v  -0.440007 13.877295 -0.555691
v  -0.223026 15.252623 -0.636927
v  -0.873970 13.877295 -0.490828
v  -0.656988 15.252623 -0.606323
v  -1.325875 13.873594 -0.296260
v  -1.090951 15.252623 -0.478533
v  0.861881 16.074986 -0.617804
v  0.427918 16.074986 -0.687098
v  -0.006045 16.074986 -0.695162
v  -0.440007 16.074986 -0.687098
v  -0.873970 16.074986 -0.612700
v  -1.325875 16.072783 -0.393799
v  -1.839515 2.730469 -0.455538
v  -1.597721 5.835281 -0.389250
v  -2.058673 2.664410 -0.055606
v  -1.985317 5.768552 0.025905
v  -2.058673 2.598352 0.336970
v  -2.083125 5.701823 0.418346
v  -1.839515 2.532293 0.747839
v  -1.985317 5.635093 0.810788
v  -1.597721 5.568363 1.276393
v  -1.839515 7.197643 -0.068631
v  -1.597721 8.601748 -0.151050
v  -2.058673 7.138100 0.324894
v  -1.985317 8.549596 0.226976
v  -2.058673 7.078555 0.717773
v  -2.083125 8.497444 0.620351
v  -1.839515 7.019011 1.128942
v  -1.985317 8.445292 1.013726
v  -1.597721 8.393140 1.480265
v  -1.839515 9.399240 0.080661
v  -1.597462 12.492211 -0.063346
v  -2.058673 9.349618 0.470444
v  -1.985059 12.455577 0.358594
v  -2.058673 9.299998 0.864101
v  -2.083125 12.418942 0.755168
v  -1.839515 9.250377 1.276049
v  -1.985318 12.382306 1.149762
v  -1.718454 12.502406 1.553628
v  -1.837961 13.847684 0.105615
v  -1.596168 15.241438 -0.166230
v  -2.058414 13.818071 0.517762
v  -1.983764 15.219069 0.258348
v  -2.058673 13.788459 0.914632
v  -2.083125 15.196699 0.665387
v  -1.839515 13.758845 1.327813
v  -1.985317 15.174329 1.060544
v  -1.597721 15.151962 1.528864
v  -1.837961 16.057367 0.012307
v  -2.058414 16.039745 0.424844
v  -2.058673 16.022123 0.822104
v  -1.839515 16.004503 1.235673
v  -1.839515 11.673124 0.157774
v  -1.547365 11.696048 -0.172586
v  -0.969765 11.701138 -0.461029
v  -0.440007 11.713846 -0.501406
v  -0.005225 11.714759 -0.508142
v  0.433652 11.719587 -0.501406
v  0.985944 11.698907 -0.466122
v  1.521105 11.690960 -0.150522
v  1.825277 11.673124 0.160037
v  2.046584 11.632403 0.557441
v  2.046584 11.591681 0.951826
v  1.991780 11.551395 1.265666
v  1.333504 11.504071 1.889781
v  0.867648 11.510238 2.269198
v  0.462522 11.510238 2.536906
v  -0.000277 11.510238 2.682752
v  -0.440007 11.510239 2.585838
v  -0.873969 11.510238 2.266684
v  -1.326134 10.372300 1.821529
v  -2.032696 11.550755 1.208093
v  -2.058673 11.591680 0.951826
v  -1.090951 10.961933 2.054452
v  -0.656988 10.961934 2.425836
v  -0.223026 10.961934 2.647671
v  0.234006 10.961931 2.602290
v  0.667968 10.961931 2.392569
v  1.078862 10.961931 2.043006
v  1.667701 10.827944 1.549292
v  1.973229 11.027121 1.128165
v  2.071036 11.070581 0.733953
v  1.973228 11.114039 0.342835
v  1.578111 11.157498 -0.068173
v  1.247724 11.008360 -0.372346
v  0.654729 11.184377 -0.508988
v  0.216918 11.180435 -0.536745
v  -0.221774 11.175512 -0.536745
v  -0.656804 11.177883 -0.508988
v  -1.250437 11.014438 -0.361210
v  -1.597721 11.157498 -0.066929
v  -1.985318 11.114039 0.339739
v  -2.083125 11.070581 0.733953
v  -1.985317 11.027121 1.128165
v  -1.718454 10.813818 1.518833
v  -2.058673 10.505790 0.514481
v  -1.839515 10.552219 0.119695
v  -1.326134 10.592849 -0.258499
v  -0.873785 10.597309 -0.488828
v  -0.437831 10.588220 -0.560647
v  0.001361 10.582092 -0.567806
v  0.434719 10.590622 -0.560647
v  0.866540 10.599236 -0.495807
v  1.308418 10.593109 -0.297276
v  1.826352 10.552219 0.131291
v  2.046584 10.505790 0.517576
v  2.046584 10.459358 0.908506
v  1.827426 10.412925 1.314933
v  1.314045 10.372300 1.789301
v  0.867648 10.366494 2.213143
v  0.462522 10.366494 2.475745
v  -0.000277 10.366494 2.624205
v  -0.440007 10.366497 2.543559
v  -0.873969 10.366497 2.212186
v  -1.326134 9.206957 1.774558
v  -1.839515 10.412925 1.320823
v  -2.058673 10.459358 0.908506
v  -1.090951 9.765560 2.000582
v  -0.656988 9.765559 2.362066
v  -0.223026 9.765557 2.582370
v  0.234006 9.765558 2.537619
v  0.667968 9.765558 2.329875
v  1.078862 9.765558 1.989583
v  1.585632 9.789947 1.520024
v  1.973228 9.838719 1.070569
v  2.071035 9.887493 0.679187
v  1.973228 9.936266 0.313038
v  1.584558 9.985041 -0.122354
v  1.078606 10.009689 -0.463118
v  0.646538 9.999203 -0.569709
v  0.218157 9.984713 -0.599242
v  -0.215515 9.987137 -0.599242
v  -0.655879 10.001367 -0.569709
v  -1.090951 10.009428 -0.411514
v  -1.597721 9.985041 -0.092422
v  -1.985317 9.936266 0.294928
v  -2.083125 9.887493 0.688764
v  -1.985317 9.838719 1.082600
v  -1.597721 9.789946 1.549600
v  -1.584544 3.737294 -0.661037
v  -1.036496 3.748946 -1.065871
v  -0.440007 3.857801 -1.152605
v  -0.006045 3.857801 -1.163642
v  0.427918 3.857801 -1.154335
v  1.022538 3.759642 -1.058346
v  1.541965 3.700877 -0.630245
v  1.827426 3.794578 -0.321070
v  2.046584 3.794696 0.074872
v  2.032080 3.660181 0.467756
v  1.926909 3.482109 0.715568
v  1.418576 3.450462 1.295625
v  0.867648 3.521274 1.653798
v  0.462522 3.521275 1.876966
v  -0.000277 3.521274 1.999764
v  -0.440007 3.521273 1.813877
v  -0.873970 3.521274 1.628157
v  -1.326134 2.474493 1.223957
v  -2.049665 3.513109 0.693508
v  -2.058673 3.655884 0.467335
v  -1.839515 3.790495 -0.324946
v  -1.090951 2.999916 1.448329
v  -0.656988 2.999915 1.697145
v  -0.223026 2.999915 1.905242
v  0.234006 2.999916 1.888086
v  0.667968 2.999916 1.697212
v  1.078862 2.999915 1.441993
v  1.727856 2.805939 0.935829
v  1.958725 3.092327 0.613584
v  2.071036 3.238145 0.220644
v  1.973228 3.304834 -0.179851
v  1.585632 3.292182 -0.613226
v  1.271196 3.077481 -0.970856
v  0.644899 3.333362 -1.199416
v  0.210937 3.333362 -1.243951
v  -0.223026 3.333362 -1.243951
v  -0.656988 3.333362 -1.197685
v  -1.295116 3.064595 -0.968738
v  -1.597721 3.300017 -0.601790
v  -1.985317 3.233328 -0.179851
v  -2.083125 3.166639 0.212669
v  -1.985317 3.099949 0.605188
v  -1.765753 2.791967 0.951635
v  -1.326134 4.985316 -0.657347
v  -0.873970 4.993896 -0.925036
v  -0.440007 4.993896 -1.017953
v  -0.006045 4.993896 -1.027845
v  0.427918 4.993896 -1.019684
v  0.861881 4.986060 -0.931541
v  1.314045 4.938303 -0.635820
v  1.827426 4.917420 -0.235165
v  2.046584 4.856616 0.147205
v  2.032080 4.780354 0.553416
v  1.740403 4.673608 0.962953
v  1.299541 4.651653 1.422440
v  0.867648 4.650694 1.775043
v  0.462522 4.650696 2.009569
v  -0.000277 4.650694 2.132627
v  -0.440007 4.650694 1.941395
v  -0.873970 4.650694 1.749380
v  -1.465965 3.444730 1.323206
v  -1.839515 4.719333 0.966317
v  -2.058673 4.787974 0.555685
v  -2.058673 4.856616 0.163344
v  -1.839515 4.925256 -0.236351
v  -1.090951 4.061227 1.574679
v  -0.656988 4.061227 1.747673
v  -0.223026 4.061227 1.956938
v  0.234006 4.061228 2.037043
v  0.667968 4.061228 1.841918
v  1.078862 4.061227 1.565259
v  1.647423 4.136826 1.074601
v  1.886206 4.117415 0.713966
v  2.071036 4.243004 0.316346
v  1.973228 4.310948 -0.076059
v  1.585632 4.319961 -0.461729
v  1.275105 4.410156 -0.778401
v  0.644899 4.400945 -1.061479
v  0.210937 4.400945 -1.093057
v  -0.223026 4.400945 -1.093057
v  -0.656988 4.400945 -1.051097
v  -1.307723 4.448764 -0.813732
v  -1.597721 4.366973 -0.495194
v  -1.985317 4.299030 -0.073369
v  -2.083125 4.231087 0.319036
v  -1.985317 4.163142 0.711440
v  -1.779670 4.176065 1.073808
v  -1.839515 17.150908 1.163170
v  -2.058673 17.161358 0.749498
v  -2.058673 17.171806 0.354117
v  -1.839515 17.182257 -0.048619
v  -1.326134 17.191402 -0.467745
v  -0.873970 17.192709 -0.707538
v  -0.440007 17.192709 -0.789354
v  -0.006045 17.192709 -0.798151
v  0.427918 17.192709 -0.789354
v  0.861881 17.192709 -0.712642
v  1.314045 17.191402 -0.498370
v  1.827426 17.182257 -0.053723
v  2.046584 17.171806 0.354117
v  2.046584 17.161358 0.749498
v  1.827426 17.150908 1.157280
v  1.314045 17.141766 1.626471
v  0.867648 17.140459 2.010780
v  0.462522 17.140459 2.257887
v  -0.000277 17.140459 2.391394
v  -0.440007 17.140459 2.245200
v  -0.873970 17.140459 1.996904
v  -1.326134 15.989089 1.734177
v  -1.090951 16.556976 1.888905
v  -0.656988 16.556976 2.169498
v  -0.223026 16.556974 2.385338
v  0.234006 16.556973 2.401810
v  0.667968 16.556974 2.197778
v  1.078862 16.556976 1.877154
v  1.585632 16.564011 1.428820
v  1.973228 16.578087 0.983887
v  2.071036 16.592165 0.588558
v  1.973228 16.606241 0.193229
v  1.585632 16.620319 -0.251938
v  1.078862 16.627356 -0.589044
v  0.644899 16.627356 -0.712353
v  0.210937 16.627356 -0.746058
v  -0.223026 16.627356 -0.746058
v  -0.656988 16.627356 -0.712353
v  -1.090951 16.627356 -0.568627
v  -1.597462 16.620319 -0.233502
v  -1.985059 16.606241 0.191248
v  -2.083125 16.592165 0.588558
v  -1.985317 16.578087 0.983887
v  -1.597721 16.564013 1.452380
v  -1.839515 18.279486 1.091794
v  -2.058673 18.282877 0.678021
v  -2.058673 18.286268 0.282540
v  -1.839515 18.289660 -0.120297
v  -1.326134 18.292627 -0.542491
v  -0.873970 18.293051 -0.800900
v  -0.440007 18.293051 -0.890021
v  -0.006045 18.293051 -0.899538
v  0.427918 18.293051 -0.890021
v  0.861881 18.293051 -0.806005
v  1.314045 18.292627 -0.573116
v  1.827426 18.289660 -0.125401
v  2.046584 18.286268 0.282540
v  2.046584 18.282877 0.678021
v  1.827426 18.279486 1.085904
v  1.314045 18.276520 1.552262
v  0.867648 18.276096 1.918349
v  0.462522 18.276096 2.158382
v  -0.000277 18.276096 2.295456
v  -0.440007 18.276096 2.167583
v  -0.873970 18.276096 1.907891
v  -1.326134 17.141766 1.658784
v  -1.090951 17.719460 1.803854
v  -0.656988 17.719460 2.092623
v  -0.223026 17.719460 2.306189
v  0.234006 17.719460 2.299994
v  0.667968 17.719460 2.098735
v  1.078862 17.719460 1.792601
v  1.585632 17.722885 1.355808
v  1.973228 17.729734 0.910772
v  2.071036 17.736586 0.515340
v  1.973228 17.743437 0.119907
v  1.585632 17.750288 -0.325362
v  1.078862 17.753716 -0.674723
v  0.644899 17.753716 -0.813187
v  0.210937 17.753716 -0.849843
v  -0.223026 17.753716 -0.849843
v  -0.656988 17.753716 -0.813187
v  -1.090951 17.753716 -0.654306
v  -1.597721 17.750288 -0.304945
v  -1.985317 17.743437 0.119907
v  -2.083125 17.736586 0.515340
v  -1.985317 17.729734 0.910772
v  -1.597721 17.722885 1.379368
v  -2.058673 3.723190 0.074872
v  -2.058673 11.632403 0.557441
v  6.181178 2.654715 -0.499660
v  6.244162 2.876139 -0.391998
v  6.253345 2.652797 -0.280691
v  6.190359 2.431372 -0.388353
v  2.263715 2.822896 0.492804
v  2.216097 3.729186 0.573615
v  2.037558 3.711472 0.959505
v  2.037427 2.775442 0.857132
v  -6.220253 2.897710 -0.222083
v  -6.183887 2.577575 -0.119570
v  -6.220974 2.873502 0.011897
v  -6.257339 3.193637 -0.090616
v  -2.428523 3.730536 0.483707
v  -2.377804 2.766079 0.444758
v  -2.175815 2.735588 0.875774
v  -2.208595 3.704094 0.933044
v  -3.465878 3.358101 0.426304
v  -3.340264 2.351078 0.377400
v  -3.403876 2.385081 -0.028945
v  -3.539849 3.382160 -0.035394
v  -2.974980 2.994141 0.032562
v  -2.876021 2.267747 0.319159
v  -2.890242 2.970672 0.641468
v  -2.989201 3.697066 0.354871
v  -4.340477 3.153185 0.296152
v  -4.202577 2.417448 0.249979
v  -4.311505 2.457407 -0.101325
v  -4.470480 3.229785 -0.109012
v  -3.962317 2.865138 -0.133657
v  -3.774924 2.259236 0.117717
v  -3.799332 2.801630 0.398285
v  -3.986726 3.407532 0.146912
v  -5.205469 3.142544 0.212038
v  -5.115766 2.511628 0.186382
v  -5.155581 2.543772 -0.172503
v  -5.272418 3.217170 -0.172728
v  -4.830594 2.859283 -0.203427
v  -4.690711 2.363411 0.032841
v  -4.713923 2.778760 0.289714
v  -4.853806 3.274632 0.053446
v  -5.984047 3.186994 0.095840
v  -5.909285 2.568417 0.066540
v  -5.911716 2.592373 -0.217707
v  -5.995298 3.225542 -0.203862
v  -5.595139 2.916639 -0.255366
v  -5.519382 2.462059 -0.027625
v  -5.562942 2.860548 0.218547
v  -5.638698 3.315128 -0.009195
v  3.389695 3.370460 0.382590
v  3.348012 3.410059 0.005827
v  3.291478 2.475157 -0.037926
v  3.343448 2.436294 0.322854
v  2.790341 3.075322 0.137403
v  2.763142 3.724094 0.447715
v  2.700369 3.011106 0.641358
v  2.727568 2.362334 0.331045
v  4.555464 3.169881 0.131085
v  4.414793 3.191181 -0.234818
v  4.342050 2.521364 -0.239316
v  4.467071 2.486632 0.134565
v  3.835050 2.884001 -0.210676
v  3.958343 3.386714 0.039044
v  3.995486 2.849555 0.271245
v  3.872193 2.346843 0.021526
v  5.496531 3.027577 0.025980
v  5.400145 3.054823 -0.352642
v  5.327722 2.532017 -0.348948
v  5.408459 2.491225 0.018761
v  4.864649 2.844471 -0.360023
v  4.999274 3.222085 -0.106769
v  5.015034 2.798468 0.145152
v  4.880408 2.420853 -0.108102
v  6.128304 2.898010 -0.176506
v  6.060124 2.916619 -0.460578
v  6.002780 2.460176 -0.450804
v  6.071000 2.452441 -0.184034
v  5.753203 2.742048 -0.459538
v  5.843876 3.041051 -0.230415
v  5.846956 2.706283 -0.003278
v  5.756282 2.407279 -0.232401
v  6.093753 2.630159 -0.843664
v  6.163059 2.879746 -0.732274
v  6.167789 2.656650 -0.626240
v  6.098483 2.407064 -0.737631
v  1.753467 2.996801 -0.920157
v  1.756775 3.922354 -0.834269
v  1.966982 3.876086 -0.516598
v  1.946836 2.976022 -0.621127
v  -6.189887 2.885407 -0.350181
v  -6.247667 3.220370 -0.462756
v  -6.195038 2.891004 -0.583483
v  -6.137258 2.556041 -0.470908
v  -2.045133 2.932930 -0.658692
v  -2.108168 3.889165 -0.575095
v  -1.795303 3.892403 -0.889719
v  -1.782696 2.949122 -0.989350
v  6.052945 2.943851 -0.616631
v  5.975749 2.916742 -0.896536
v  5.923576 2.404957 -0.879271
v  5.969456 2.429085 -0.612000
v  5.700149 2.706533 -0.990729
v  5.770052 3.093384 -0.777415
v  5.744589 2.734121 -0.530258
v  5.674686 2.347271 -0.743573
v  5.386881 3.074280 -0.554344
v  5.384129 3.061764 -0.956551
v  5.327840 2.489024 -0.926733
v  5.297495 2.493556 -0.544624
v  4.931324 2.835341 -0.981585
v  4.940620 3.231827 -0.708735
v  4.856575 2.830151 -0.427180
v  4.847278 2.433666 -0.700030
v  4.391364 3.193993 -0.423351
v  4.450556 3.186557 -0.844766
v  4.399778 2.544406 -0.843364
v  4.319598 2.517839 -0.428593
v  3.874612 2.903332 -0.839876
v  3.873588 3.404173 -0.561720
v  3.806909 2.886914 -0.300221
v  3.807934 2.386073 -0.578378
v  3.274255 3.424288 -0.338092
v  3.257887 3.428105 -0.713901
v  3.233178 2.523102 -0.751667
v  3.225924 2.495017 -0.364545
v  2.532115 3.147121 -0.815254
v  2.608400 3.802278 -0.542573
v  2.652966 3.117273 -0.349830
v  2.576681 2.462117 -0.622512
v  -3.285977 3.391834 -0.758218
v  -3.490011 3.387836 -0.365991
v  -3.366179 2.424078 -0.410597
v  -3.207906 2.444067 -0.801699
v  -2.866346 3.058874 -0.400208
v  -2.753279 3.760607 -0.604277
v  -2.543525 3.079065 -0.915272
v  -2.656592 2.377331 -0.711203
v  -4.387182 3.245201 -0.692672
v  -4.475327 3.241812 -0.332179
v  -4.317867 2.495197 -0.332982
v  -4.245310 2.501538 -0.710851
v  -3.954730 2.866344 -0.292860
v  -3.957510 3.417278 -0.534865
v  -3.792577 2.875000 -0.791731
v  -3.789797 2.324066 -0.549726
v  -5.254384 3.277257 -0.674079
v  -5.296906 3.259427 -0.338418
v  -5.122871 2.526492 -0.338381
v  -5.115413 2.532076 -0.708246
v  -4.828340 2.883938 -0.264371
v  -4.903426 3.369427 -0.495942
v  -4.761075 2.892912 -0.752004
v  -4.685989 2.407423 -0.520432
v  -5.988030 3.258278 -0.625102
v  -5.996100 3.242567 -0.352828
v  -5.863422 2.538144 -0.360261
v  -5.876271 2.543740 -0.635989
v  -5.577579 2.891643 -0.300519
v  -5.666326 3.401941 -0.508735
v  -5.568876 2.911256 -0.732806
v  -5.480130 2.400958 -0.524591
v  -6.142344 11.641323 0.053623
v  -5.974716 11.257504 -0.029728
v  -6.142344 10.873682 0.030838
v  -6.309973 11.257504 0.114190
v  -1.911804 12.119259 -0.126046
v  -1.532361 12.119259 -0.383078
v  -1.541338 11.206770 -0.434123
v  -1.914510 11.206770 -0.141434
v  -5.919673 11.287840 0.466974
v  -6.137015 11.695682 0.344101
v  -6.354357 11.318382 0.200951
v  -6.137015 10.910541 0.323824
v  -1.863312 10.994642 1.574415
v  -1.863312 11.976006 1.612974
v  -2.297996 12.012483 1.096215
v  -2.297996 11.034387 1.057866
v  -2.646949 11.984263 -0.237953
v  -3.094093 11.984263 0.115447
v  -3.096799 10.983014 0.092336
v  -2.655925 10.983014 -0.314623
v  -2.323298 12.264215 -0.149710
v  -2.050039 11.592753 -0.425799
v  -2.334980 10.921292 -0.207398
v  -2.608239 11.592753 0.068690
v  -3.759690 11.805994 -0.068695
v  -4.222140 11.805994 0.206151
v  -4.222140 10.948506 0.184122
v  -3.759690 10.948506 -0.141775
v  -3.409029 12.017554 0.027210
v  -3.105301 11.392770 -0.236105
v  -3.410977 10.767987 -0.041806
v  -3.714705 11.392770 0.221508
v  -4.732760 11.740865 0.069733
v  -5.156865 11.740865 0.271298
v  -5.156865 10.971601 0.255143
v  -4.732760 10.971601 0.016138
v  -4.530933 11.910863 0.118619
v  -4.228498 11.383074 -0.080197
v  -4.530933 10.855284 0.064270
v  -4.833367 11.383074 0.263086
v  -2.828847 11.987382 1.068007
v  -2.824418 10.873626 1.033006
v  -3.190566 10.918731 0.514924
v  -3.194970 12.028780 0.549734
v  -2.276017 11.449420 1.440510
v  -2.555118 12.218252 1.086581
v  -2.832747 11.506995 0.677050
v  -2.553646 10.738164 1.030979
v  -3.875037 11.841807 0.658036
v  -3.870609 10.922960 0.637108
v  -4.236756 10.960173 0.307556
v  -4.241160 11.875959 0.328370
v  -3.273064 11.399374 0.860371
v  -3.498721 12.114171 0.599872
v  -3.715545 11.452901 0.305389
v  -3.489888 10.738105 0.565889
v  -4.893808 11.730412 0.548459
v  -4.893808 10.943960 0.539228
v  -5.328492 10.975810 0.249950
v  -5.328492 11.759644 0.284745
v  -4.341379 11.354128 0.625087
v  -4.620480 11.920803 0.453890
v  -4.898108 11.396564 0.255961
v  -4.619008 10.829888 0.427159
v  -5.675095 11.692831 0.496305
v  -5.675095 10.906380 0.486771
v  -6.109778 10.938229 0.193434
v  -6.109778 11.722063 0.228530
v  -5.244273 11.311753 0.570003
v  -5.534063 11.855543 0.392221
v  -5.823852 11.352474 0.182749
v  -5.534063 10.808684 0.360531
v  -5.956878 11.665313 0.205660
v  -5.956878 10.897315 0.193871
v  -5.602049 10.897315 0.019472
v  -5.602049 11.665313 0.058579
v  -5.328880 11.828305 0.199128
v  -5.070996 11.315916 0.053764
v  -5.328880 10.803530 0.159391
v  -5.586764 11.315916 0.304755
v  6.141895 11.547229 0.232662
v  6.240987 11.243723 0.329572
v  6.170722 10.935177 0.184446
v  6.071630 11.238683 0.087536
v  1.597937 12.108339 -0.378887
v  1.897621 12.107707 -0.063410
v  1.903879 11.178256 -0.133879
v  1.611630 11.181427 -0.463211
v  6.085278 11.590068 0.619277
v  5.909414 11.260107 0.732862
v  6.085278 10.954858 0.587548
v  6.261140 11.284819 0.473964
v  2.200112 11.976682 1.297729
v  1.765429 11.943106 1.757765
v  1.706403 11.039742 1.719265
v  2.141087 11.076326 1.292514
v  3.039669 12.052317 0.293609
v  2.760784 12.053058 -0.141933
v  2.784643 10.970205 -0.231476
v  3.054463 10.966499 0.200637
v  2.371763 12.274009 -0.071415
v  2.571468 11.573665 0.151460
v  2.391556 10.876187 -0.208229
v  2.191850 11.576530 -0.431104
v  4.018716 11.920703 0.408276
v  3.749831 11.922012 0.055208
v  3.792353 10.917189 -0.014605
v  4.087675 10.910634 0.332063
v  3.379020 12.164104 0.216901
v  3.580291 11.454310 0.423573
v  3.419786 10.748043 0.121065
v  3.218515 11.457836 -0.085607
v  4.698815 11.777803 0.014586
v  4.718793 10.929602 -0.062278
v  5.004191 10.926983 0.271152
v  4.948722 11.777281 0.355662
v  4.362077 12.007919 0.221370
v  4.598491 11.383436 0.391408
v  4.451808 10.764557 0.113866
v  4.215394 11.389039 -0.056173
v  5.859421 11.612123 0.346917
v  5.662971 11.608606 0.057719
v  5.675921 10.936140 0.003301
v  5.871129 10.940681 0.281902
v  5.272676 11.823612 0.190534
v  5.432638 11.317390 0.360567
v  5.281082 10.808674 0.092421
v  5.121120 11.314896 -0.077613
v  2.634831 11.951494 1.492226
v  3.069515 11.989623 0.926476
v  3.010489 10.967234 0.912668
v  2.575806 10.925688 1.445085
v  2.413446 12.146052 1.411280
v  2.064632 11.459841 1.735658
v  2.295396 10.825014 1.384815
v  2.644210 11.511228 1.060437
v  3.577761 11.851543 1.106955
v  4.012444 11.886909 0.630964
v  4.012444 10.938618 0.592269
v  3.577761 10.900084 1.068048
v  3.326497 12.100245 1.012069
v  3.026871 11.401895 1.349403
v  3.306822 10.755841 0.957365
v  3.606448 11.454192 0.620031
v  4.486884 11.725955 0.929251
v  4.921567 11.756766 0.558974
v  4.921568 10.930510 0.528872
v  4.486884 10.896934 0.898984
v  4.257716 11.946199 0.791963
v  3.967927 11.337096 1.034816
v  4.257716 10.773604 0.748846
v  4.547505 11.382708 0.505993
v  5.488854 11.617266 0.813247
v  5.873763 11.643184 0.513068
v  5.873763 10.949125 0.478720
v  5.488854 10.920957 0.785374
v  5.167725 11.816157 0.717693
v  4.886232 11.280587 0.933083
v  5.167725 10.785122 0.677139
v  5.449218 11.320693 0.461750
# 1850 vertices

vt 1.000000 0.000000 0.000000
vt 0.833333 0.000000 0.000000
vt 0.666667 0.000000 0.000000
vt 0.500000 0.000000 0.000000
vt 0.333333 0.000000 0.000000
vt 0.166667 0.000000 0.000000
vt -0.000000 0.000000 0.000000
vt 1.000000 0.200000 0.000000
vt 0.833333 0.200000 0.000000
vt 0.666667 0.200000 0.000000
vt 0.500000 0.200000 0.000000
vt 0.333333 0.200000 0.000000
vt 0.166667 0.200000 0.000000
vt -0.000000 0.200000 0.000000
vt 1.000000 0.400000 0.000000
vt 0.833333 0.400000 0.000000
vt 0.666667 0.400000 0.000000
vt 0.500000 0.400000 0.000000
vt 0.333333 0.400000 0.000000
vt 0.166667 0.400000 0.000000
vt -0.000000 0.400000 0.000000
vt 1.000000 0.600000 0.000000
vt 0.833333 0.600000 0.000000
vt 0.666667 0.600000 0.000000
vt 0.500000 0.600000 0.000000
vt 0.333333 0.600000 0.000000
vt 0.166667 0.600000 0.000000
vt -0.000000 0.600000 0.000000
vt 1.000000 0.800000 0.000000
vt 0.833333 0.800000 0.000000
vt 0.666667 0.800000 0.000000
vt 0.500000 0.800000 0.000000
vt 0.333333 0.800000 0.000000
vt 0.166667 0.800000 0.000000
vt -0.000000 0.800000 0.000000
vt 1.000000 1.000000 0.000000
vt 0.833333 1.000000 0.000000
vt 0.666667 1.000000 0.000000
vt 0.500000 1.000000 0.000000
vt 0.333333 1.000000 0.000000
vt 0.166667 1.000000 0.000000
vt -0.000000 1.000000 0.000000
vt 0.000000 0.000000 0.000000
vt 0.166667 0.000000 0.000000
vt 0.333333 0.000000 0.000000
vt 0.500000 0.000000 0.000000
vt 0.666667 0.000000 0.000000
vt 0.833333 0.000000 0.000000
vt 1.000000 0.000000 0.000000
vt 0.000000 0.200000 0.000000
vt 0.166667 0.200000 0.000000
vt 0.333333 0.200000 0.000000
vt 0.500000 0.200000 0.000000
vt 0.666667 0.200000 0.000000
vt 0.833333 0.200000 0.000000
vt 1.000000 0.200000 0.000000
vt 0.000000 0.400000 0.000000
vt 0.166667 0.400000 0.000000
vt 0.333333 0.400000 0.000000
vt 0.500000 0.400000 0.000000
vt 0.666667 0.400000 0.000000
vt 0.833333 0.400000 0.000000
vt 1.000000 0.400000 0.000000
vt 0.000000 0.600000 0.000000
vt 0.166667 0.600000 0.000000
vt 0.333333 0.600000 0.000000
vt 0.500000 0.600000 0.000000
vt 0.666667 0.600000 0.000000
vt 0.833333 0.600000 0.000000
vt 1.000000 0.600000 0.000000
vt 0.000000 0.800000 0.000000
vt 0.166667 0.800000 0.000000
vt 0.333333 0.800000 0.000000
vt 0.500000 0.800000 0.000000
vt 0.666667 0.800000 0.000000
vt 0.833333 0.800000 0.000000
vt 1.000000 0.800000 0.000000
vt 0.000000 1.000000 0.000000
vt 0.166667 1.000000 0.000000
vt 0.333333 1.000000 0.000000
vt 0.500000 1.000000 0.000000
vt 0.666667 1.000000 0.000000
vt 0.833333 1.000000 0.000000
vt 1.000000 1.000000 0.000000
vt 0.000000 0.000000 0.000000
vt 0.166667 0.000000 0.000000
vt 0.333333 0.000000 0.000000
vt 0.500000 0.000000 0.000000
vt 0.666667 0.000000 0.000000
vt 0.833333 0.000000 0.000000
vt 1.000000 0.000000 0.000000
vt 0.000000 0.200000 0.000000
vt 0.166667 0.215801 0.000000
vt 0.333333 0.215801 0.000000
vt 0.500000 0.215801 0.000000
vt 0.666667 0.215801 0.000000
vt 0.833333 0.215801 0.000000
vt 1.000000 0.200000 0.000000
vt 0.000000 0.400000 0.000000
vt 0.166667 0.383152 0.000000
vt 0.333333 0.383152 0.000000
vt 0.500000 0.383152 0.000000
vt 0.666667 0.383152 0.000000
vt 0.833333 0.383152 0.000000
vt 1.000000 0.400000 0.000000
vt 0.000000 0.600000 0.000000
vt 0.166667 0.617270 0.000000
vt 0.333333 0.617270 0.000000
vt 0.500000 0.617270 0.000000
vt 0.666667 0.617270 0.000000
vt 0.833333 0.617270 0.000000
vt 1.000000 0.600000 0.000000
vt 0.000000 0.800000 0.000000
vt 0.166667 0.783290 0.000000
vt 0.333333 0.783290 0.000000
vt 0.500000 0.783290 0.000000
vt 0.666667 0.783290 0.000000
vt 0.833333 0.783290 0.000000
vt 1.000000 0.800000 0.000000
vt 0.000000 1.000000 0.000000
vt 0.166667 1.000000 0.000000
vt 0.333333 1.000000 0.000000
vt 0.500000 1.000000 0.000000
vt 0.666667 1.000000 0.000000
vt 0.833333 1.000000 0.000000
vt 1.000000 1.000000 0.000000
vt 0.000000 0.000000 0.000000
vt 0.200000 0.000000 0.000000
vt 0.400000 0.000000 0.000000
vt 0.600000 0.000000 0.000000
vt 0.800000 0.000000 0.000000
vt 1.000000 0.000000 0.000000
vt 0.000000 0.200000 0.000000
vt 0.200000 0.215801 0.000000
vt 0.400000 0.215801 0.000000
vt 0.600000 0.215801 0.000000
vt 0.800000 0.215801 0.000000
vt 1.000000 0.200000 0.000000
vt 0.000000 0.400000 0.000000
vt 0.200000 0.383152 0.000000
vt 0.400000 0.383152 0.000000
vt 0.600000 0.383152 0.000000
vt 0.800000 0.383152 0.000000
vt 1.000000 0.400000 0.000000
vt 0.000000 0.600000 0.000000
vt 0.200000 0.611053 0.000000
vt 0.400000 0.617270 0.000000
vt 0.600000 0.617270 0.000000
vt 0.800000 0.617270 0.000000
vt 1.000000 0.600000 0.000000
vt 0.000000 0.800000 0.000000
vt 0.200000 0.783290 0.000000
vt 0.400000 0.783290 0.000000
vt 0.600000 0.783290 0.000000
vt 0.800000 0.783290 0.000000
vt 1.000000 0.800000 0.000000
vt 0.000000 1.000000 0.000000
vt 0.200000 1.000000 0.000000
vt 0.400000 1.000000 0.000000
vt 0.600000 1.000000 0.000000
vt 0.800000 1.000000 0.000000
vt 1.000000 1.000000 0.000000
vt 0.000000 0.000000 0.000000
vt 0.166667 0.000000 0.000000
vt 0.333333 0.000000 0.000000
vt 0.500000 0.000000 0.000000
vt 0.666667 0.000000 0.000000
vt 0.833333 0.000000 0.000000
vt 1.000000 0.000000 0.000000
vt 0.000000 0.200000 0.000000
vt 0.166667 0.215801 0.000000
vt 0.333333 0.215801 0.000000
vt 0.500000 0.215801 0.000000
vt 0.666667 0.215801 0.000000
vt 0.833333 0.215801 0.000000
vt 1.000000 0.200000 0.000000
vt 0.000000 0.400000 0.000000
vt 0.166667 0.383152 0.000000
vt 0.333333 0.383152 0.000000
vt 0.500000 0.383152 0.000000
vt 0.666667 0.383152 0.000000
vt 0.833333 0.383152 0.000000
vt 1.000000 0.400000 0.000000
vt 0.000000 0.600000 0.000000
vt 0.166667 0.611053 0.000000
vt 0.333333 0.617270 0.000000
vt 0.500000 0.617270 0.000000
vt 0.666667 0.617270 0.000000
vt 0.833333 0.611053 0.000000
vt 1.000000 0.600000 0.000000
vt 0.000000 0.800000 0.000000
vt 0.166667 0.783290 0.000000
vt 0.333333 0.783290 0.000000
vt 0.500000 0.783290 0.000000
vt 0.666667 0.783290 0.000000
vt 0.833333 0.783290 0.000000
vt 1.000000 0.800000 0.000000
vt 0.000000 1.000000 0.000000
vt 0.166667 1.000000 0.000000
vt 0.333333 1.000000 0.000000
vt 0.500000 1.000000 0.000000
vt 0.666667 1.000000 0.000000
vt 0.833333 1.000000 0.000000
vt 1.000000 1.000000 0.000000
vt 0.000000 0.000000 0.000000
vt 0.200000 0.000000 0.000000
vt 0.400000 0.000000 0.000000
vt 0.600000 0.000000 0.000000
vt 0.800000 0.000000 0.000000
vt 1.000000 0.000000 0.000000
vt 0.000000 0.200000 0.000000
vt 0.200000 0.215801 0.000000
vt 0.400000 0.215801 0.000000
vt 0.600000 0.215801 0.000000
vt 0.800000 0.215801 0.000000
vt 1.000000 0.200000 0.000000
vt 0.000000 0.400000 0.000000
vt 0.200000 0.383152 0.000000
vt 0.400000 0.383152 0.000000
vt 0.600000 0.383152 0.000000
vt 0.800000 0.383152 0.000000
vt 1.000000 0.400000 0.000000
vt 0.000000 0.600000 0.000000
vt 0.200000 0.617270 0.000000
vt 0.400000 0.617270 0.000000
vt 0.600000 0.617270 0.000000
vt 0.800000 0.611053 0.000000
vt 1.000000 0.600000 0.000000
vt 0.000000 0.800000 0.000000
vt 0.200000 0.783290 0.000000
vt 0.400000 0.783290 0.000000
vt 0.600000 0.783290 0.000000
vt 0.800000 0.783290 0.000000
vt 1.000000 0.800000 0.000000
vt 0.000000 1.000000 0.000000
vt 0.200000 1.000000 0.000000
vt 0.400000 1.000000 0.000000
vt 0.600000 1.000000 0.000000
vt 0.800000 1.000000 0.000000
vt 1.000000 1.000000 0.000000
vt 0.400000 0.536773 0.000000
vt 0.200000 0.536773 0.000000
vt 1.000000 0.538162 0.000000
vt 0.000000 0.538162 0.000000
vt 0.833333 0.537273 0.000000
vt 0.666667 0.536773 0.000000
vt 0.500000 0.536773 0.000000
vt 0.333333 0.536773 0.000000
vt 0.166667 0.537273 0.000000
vt 1.000000 0.538162 0.000000
vt 0.000000 0.538162 0.000000
vt 0.800000 0.536773 0.000000
vt 0.600000 0.536773 0.000000
vt 0.400000 0.536773 0.000000
vt 0.200000 0.537273 0.000000
vt 1.000000 0.538162 0.000000
vt 0.000000 0.538162 0.000000
vt 0.833333 0.536773 0.000000
vt 0.666667 0.536773 0.000000
vt 0.500000 0.536773 0.000000
vt 0.333333 0.536773 0.000000
vt 0.166667 0.536773 0.000000
vt 0.000000 0.538162 0.000000
vt 1.000000 0.538162 0.000000
vt 0.800000 0.537273 0.000000
vt 0.600000 0.536773 0.000000
vt 0.400000 0.466182 0.000000
vt 0.200000 0.466182 0.000000
vt 1.000000 0.465215 0.000000
vt 0.000000 0.465215 0.000000
vt 0.833333 0.466182 0.000000
vt 0.666667 0.466182 0.000000
vt 0.500000 0.466182 0.000000
vt 0.333333 0.466182 0.000000
vt 0.166667 0.466182 0.000000
vt 1.000000 0.465215 0.000000
vt 0.000000 0.465215 0.000000
vt 0.800000 0.466182 0.000000
vt 0.600000 0.466182 0.000000
vt 0.400000 0.466182 0.000000
vt 0.200000 0.466182 0.000000
vt 1.000000 0.465215 0.000000
vt 0.000000 0.465215 0.000000
vt 0.833333 0.466182 0.000000
vt 0.666667 0.466182 0.000000
vt 0.500000 0.466182 0.000000
vt 0.333333 0.466182 0.000000
vt 0.166667 0.466182 0.000000
vt 0.000000 0.465215 0.000000
vt 1.000000 0.465215 0.000000
vt 0.800000 0.466182 0.000000
vt 0.600000 0.466182 0.000000
vt 1.000000 0.064680 0.000000
vt 0.000000 0.064680 0.000000
vt 0.833333 0.064444 0.000000
vt 0.666667 0.064311 0.000000
vt 0.500000 0.064311 0.000000
vt 0.333333 0.064311 0.000000
vt 0.166667 0.064444 0.000000
vt 1.000000 0.064680 0.000000
vt 0.000000 0.064680 0.000000
vt 0.800000 0.064311 0.000000
vt 0.600000 0.064311 0.000000
vt 0.400000 0.064311 0.000000
vt 0.200000 0.064444 0.000000
vt 1.000000 0.064680 0.000000
vt 0.000000 0.064680 0.000000
vt 0.833333 0.064311 0.000000
vt 0.666667 0.064311 0.000000
vt 0.500000 0.064311 0.000000
vt 0.333333 0.064311 0.000000
vt 0.166667 0.064311 0.000000
vt 0.000000 0.064680 0.000000
vt 1.000000 0.064680 0.000000
vt 0.800000 0.064444 0.000000
vt 0.600000 0.064311 0.000000
vt 0.400000 0.064311 0.000000
vt 0.200000 0.064311 0.000000
vt 1.000000 0.126408 0.000000
vt 0.000000 0.126408 0.000000
vt 0.833333 0.127357 0.000000
vt 0.666667 0.127891 0.000000
vt 0.500000 0.127891 0.000000
vt 0.333333 0.127891 0.000000
vt 0.166667 0.127357 0.000000
vt 1.000000 0.126408 0.000000
vt 0.000000 0.126408 0.000000
vt 0.800000 0.127891 0.000000
vt 0.600000 0.127891 0.000000
vt 0.400000 0.127891 0.000000
vt 0.200000 0.127357 0.000000
vt 1.000000 0.126408 0.000000
vt 0.000000 0.126408 0.000000
vt 0.833333 0.127891 0.000000
vt 0.666667 0.127891 0.000000
vt 0.500000 0.127891 0.000000
vt 0.333333 0.127891 0.000000
vt 0.166667 0.127891 0.000000
vt 0.000000 0.126408 0.000000
vt 1.000000 0.126408 0.000000
vt 0.800000 0.127357 0.000000
vt 0.600000 0.127891 0.000000
vt 0.400000 0.127891 0.000000
vt 0.200000 0.127891 0.000000
vt 0.800000 0.866713 0.000000
vt 0.600000 0.866713 0.000000
vt 0.400000 0.866713 0.000000
vt 0.200000 0.866713 0.000000
vt 1.000000 0.866319 0.000000
vt 0.000000 0.866319 0.000000
vt 0.833333 0.866713 0.000000
vt 0.666667 0.866713 0.000000
vt 0.500000 0.866713 0.000000
vt 0.333333 0.866713 0.000000
vt 0.166667 0.866713 0.000000
vt 1.000000 0.866319 0.000000
vt 0.000000 0.866319 0.000000
vt 0.800000 0.866713 0.000000
vt 0.600000 0.866713 0.000000
vt 0.400000 0.866713 0.000000
vt 0.200000 0.866713 0.000000
vt 1.000000 0.866319 0.000000
vt 0.000000 0.866319 0.000000
vt 0.833333 0.866713 0.000000
vt 0.666667 0.866713 0.000000
vt 0.500000 0.866713 0.000000
vt 0.333333 0.866713 0.000000
vt 0.166667 0.866713 0.000000
vt 0.000000 0.866319 0.000000
vt 1.000000 0.866319 0.000000
vt 0.800000 0.935134 0.000000
vt 0.600000 0.935134 0.000000
vt 0.400000 0.935134 0.000000
vt 0.200000 0.935134 0.000000
vt 1.000000 0.935792 0.000000
vt 0.000000 0.935792 0.000000
vt 0.833333 0.935134 0.000000
vt 0.666667 0.935134 0.000000
vt 0.500000 0.935134 0.000000
vt 0.333333 0.935134 0.000000
vt 0.166667 0.935134 0.000000
vt 1.000000 0.935792 0.000000
vt 0.000000 0.935792 0.000000
vt 0.800000 0.935134 0.000000
vt 0.600000 0.935134 0.000000
vt 0.400000 0.935134 0.000000
vt 0.200000 0.935134 0.000000
vt 1.000000 0.935792 0.000000
vt 0.000000 0.935792 0.000000
vt 0.833333 0.935134 0.000000
vt 0.666667 0.935134 0.000000
vt 0.500000 0.935134 0.000000
vt 0.333333 0.935134 0.000000
vt 0.166667 0.935134 0.000000
vt 0.000000 0.935792 0.000000
vt 1.000000 0.935792 0.000000
vt 0.155556 0.078398 0.000000
vt 0.155556 0.112691 0.000000
vt 0.044444 0.112691 0.000000
vt 0.044444 0.078398 0.000000
vt 0.844445 0.112691 0.000000
vt 0.844445 0.078398 0.000000
vt 0.955556 0.078398 0.000000
vt 0.955556 0.112691 0.000000
vt 0.975000 0.118692 0.000000
vt 0.975000 0.072396 0.000000
vt 0.825000 0.072396 0.000000
vt 0.825000 0.118692 0.000000
vt 0.975000 0.118692 0.000000
vt 0.975000 0.072396 0.000000
vt 0.825000 0.072396 0.000000
vt 0.825000 0.118692 0.000000
vt 0.975000 0.118692 0.000000
vt 0.975000 0.072396 0.000000
vt 0.825000 0.072396 0.000000
vt 0.825000 0.118692 0.000000
vt 0.975000 0.118692 0.000000
vt 0.975000 0.072396 0.000000
vt 0.825000 0.072396 0.000000
vt 0.825000 0.118692 0.000000
vt 0.025000 0.118692 0.000000
vt 0.175000 0.118692 0.000000
vt 0.175000 0.072396 0.000000
vt 0.025000 0.072396 0.000000
vt 0.025000 0.118692 0.000000
vt 0.175000 0.118692 0.000000
vt 0.175000 0.072396 0.000000
vt 0.025000 0.072396 0.000000
vt 0.025000 0.118692 0.000000
vt 0.175000 0.118692 0.000000
vt 0.175000 0.072396 0.000000
vt 0.025000 0.072396 0.000000
vt 0.025000 0.118692 0.000000
vt 0.175000 0.118692 0.000000
vt 0.175000 0.072396 0.000000
vt 0.025000 0.072396 0.000000
vt 0.129630 0.078398 0.000000
vt 0.129630 0.112691 0.000000
vt 0.037037 0.112691 0.000000
vt 0.037037 0.078398 0.000000
vt 0.962963 0.078398 0.000000
vt 0.962963 0.112691 0.000000
vt 0.870371 0.112691 0.000000
vt 0.870371 0.078398 0.000000
vt 0.020833 0.118692 0.000000
vt 0.145833 0.118692 0.000000
vt 0.145833 0.072396 0.000000
vt 0.020833 0.072396 0.000000
vt 0.020833 0.118692 0.000000
vt 0.145833 0.118692 0.000000
vt 0.145833 0.072396 0.000000
vt 0.020833 0.072396 0.000000
vt 0.020833 0.118692 0.000000
vt 0.145833 0.118692 0.000000
vt 0.145833 0.072396 0.000000
vt 0.020833 0.072396 0.000000
vt 0.020833 0.118692 0.000000
vt 0.145833 0.118692 0.000000
vt 0.145833 0.072396 0.000000
vt 0.020833 0.072396 0.000000
vt 0.854167 0.118692 0.000000
vt 0.979167 0.118692 0.000000
vt 0.979167 0.072396 0.000000
vt 0.854167 0.072396 0.000000
vt 0.854167 0.118692 0.000000
vt 0.979167 0.118692 0.000000
vt 0.979167 0.072396 0.000000
vt 0.854167 0.072396 0.000000
vt 0.854167 0.118692 0.000000
vt 0.979167 0.118692 0.000000
vt 0.979167 0.072396 0.000000
vt 0.854167 0.072396 0.000000
vt 0.854167 0.118692 0.000000
vt 0.979167 0.118692 0.000000
vt 0.979167 0.072396 0.000000
vt 0.854167 0.072396 0.000000
vt 0.962963 0.586258 0.000000
vt 0.870371 0.586258 0.000000
vt 0.870371 0.551904 0.000000
vt 0.962963 0.551904 0.000000
vt 0.955556 0.551904 0.000000
vt 0.955556 0.586258 0.000000
vt 0.844445 0.586258 0.000000
vt 0.844445 0.551904 0.000000
vt 0.854167 0.592270 0.000000
vt 0.979167 0.592270 0.000000
vt 0.979167 0.545892 0.000000
vt 0.854167 0.545892 0.000000
vt 0.854167 0.592270 0.000000
vt 0.979167 0.592270 0.000000
vt 0.979167 0.545892 0.000000
vt 0.854167 0.545892 0.000000
vt 0.854167 0.592270 0.000000
vt 0.979167 0.592270 0.000000
vt 0.979167 0.545892 0.000000
vt 0.854167 0.545892 0.000000
vt 0.975000 0.592270 0.000000
vt 0.975000 0.545892 0.000000
vt 0.825000 0.545892 0.000000
vt 0.825000 0.592270 0.000000
vt 0.975000 0.592270 0.000000
vt 0.975000 0.545892 0.000000
vt 0.825000 0.545892 0.000000
vt 0.825000 0.592270 0.000000
vt 0.975000 0.592270 0.000000
vt 0.975000 0.545892 0.000000
vt 0.825000 0.545892 0.000000
vt 0.825000 0.592270 0.000000
vt 0.975000 0.592270 0.000000
vt 0.975000 0.545892 0.000000
vt 0.825000 0.545892 0.000000
vt 0.825000 0.592270 0.000000
vt 0.979167 0.592270 0.000000
vt 0.979167 0.545892 0.000000
vt 0.854167 0.545892 0.000000
vt 0.854167 0.592270 0.000000
vt 0.129630 0.586258 0.000000
vt 0.037037 0.586258 0.000000
vt 0.037037 0.551904 0.000000
vt 0.129630 0.551904 0.000000
vt 0.155556 0.586258 0.000000
vt 0.044444 0.586258 0.000000
vt 0.044444 0.551904 0.000000
vt 0.155556 0.551904 0.000000
vt 0.020833 0.592270 0.000000
vt 0.145833 0.592270 0.000000
vt 0.145833 0.545892 0.000000
vt 0.020833 0.545892 0.000000
vt 0.020833 0.592270 0.000000
vt 0.145833 0.592270 0.000000
vt 0.145833 0.545892 0.000000
vt 0.020833 0.545892 0.000000
vt 0.145833 0.592270 0.000000
vt 0.145833 0.545892 0.000000
vt 0.020833 0.545892 0.000000
vt 0.020833 0.592270 0.000000
vt 0.020833 0.592270 0.000000
vt 0.145833 0.592270 0.000000
vt 0.145833 0.545892 0.000000
vt 0.020833 0.545892 0.000000
vt 0.025000 0.592270 0.000000
vt 0.175000 0.592270 0.000000
vt 0.175000 0.545892 0.000000
vt 0.025000 0.545892 0.000000
vt 0.025000 0.592270 0.000000
vt 0.175000 0.592270 0.000000
vt 0.175000 0.545892 0.000000
vt 0.025000 0.545892 0.000000
vt 0.025000 0.592270 0.000000
vt 0.175000 0.592270 0.000000
vt 0.175000 0.545892 0.000000
vt 0.025000 0.545892 0.000000
vt 0.025000 0.592270 0.000000
vt 0.175000 0.592270 0.000000
vt 0.175000 0.545892 0.000000
vt 0.025000 0.545892 0.000000
vt 0.916667 0.100000 0.000000
vt 0.750000 0.100000 0.000000
vt 0.583333 0.100000 0.000000
vt 0.416667 0.100000 0.000000
vt 0.250000 0.100000 0.000000
vt 0.083333 0.100000 0.000000
vt 0.916667 0.300000 0.000000
vt 0.750000 0.300000 0.000000
vt 0.583333 0.300000 0.000000
vt 0.416667 0.300000 0.000000
vt 0.250000 0.300000 0.000000
vt 0.083333 0.300000 0.000000
vt 0.916667 0.500000 0.000000
vt 0.750000 0.500000 0.000000
vt 0.583333 0.500000 0.000000
vt 0.416667 0.500000 0.000000
vt 0.250000 0.500000 0.000000
vt 0.083333 0.500000 0.000000
vt 0.916667 0.700000 0.000000
vt 0.750000 0.700000 0.000000
vt 0.583333 0.700000 0.000000
vt 0.416667 0.700000 0.000000
vt 0.250000 0.700000 0.000000
vt 0.083333 0.700000 0.000000
vt 0.916667 0.900000 0.000000
vt 0.750000 0.900000 0.000000
vt 0.583333 0.900000 0.000000
vt 0.416667 0.900000 0.000000
vt 0.250000 0.900000 0.000000
vt 0.083333 0.900000 0.000000
vt 0.083333 0.100000 0.000000
vt 0.250000 0.100000 0.000000
vt 0.416667 0.100000 0.000000
vt 0.583333 0.100000 0.000000
vt 0.750000 0.100000 0.000000
vt 0.916667 0.100000 0.000000
vt 0.083333 0.300000 0.000000
vt 0.250000 0.300000 0.000000
vt 0.416667 0.300000 0.000000
vt 0.583333 0.300000 0.000000
vt 0.750000 0.300000 0.000000
vt 0.916667 0.300000 0.000000
vt 0.083333 0.500000 0.000000
vt 0.250000 0.500000 0.000000
vt 0.416667 0.500000 0.000000
vt 0.583333 0.500000 0.000000
vt 0.750000 0.500000 0.000000
vt 0.916667 0.500000 0.000000
vt 0.083333 0.700000 0.000000
vt 0.250000 0.700000 0.000000
vt 0.416667 0.700000 0.000000
vt 0.583333 0.700000 0.000000
vt 0.750000 0.700000 0.000000
vt 0.916667 0.700000 0.000000
vt 0.083333 0.900000 0.000000
vt 0.250000 0.900000 0.000000
vt 0.416667 0.900000 0.000000
vt 0.583333 0.900000 0.000000
vt 0.750000 0.900000 0.000000
vt 0.916667 0.900000 0.000000
vt 0.083333 0.032340 0.000000
vt 0.250000 0.032340 0.000000
vt 0.416667 0.032340 0.000000
vt 0.583333 0.032340 0.000000
vt 0.750000 0.032340 0.000000
vt 0.916667 0.032340 0.000000
vt 0.083333 0.300000 0.000000
vt 0.250000 0.300000 0.000000
vt 0.416667 0.300000 0.000000
vt 0.583333 0.300000 0.000000
vt 0.750000 0.300000 0.000000
vt 0.916667 0.300000 0.000000
vt 0.083333 0.432608 0.000000
vt 0.250000 0.432608 0.000000
vt 0.416667 0.432608 0.000000
vt 0.583333 0.432608 0.000000
vt 0.750000 0.432608 0.000000
vt 0.916667 0.432608 0.000000
vt 0.083333 0.700000 0.000000
vt 0.250000 0.700000 0.000000
vt 0.416667 0.700000 0.000000
vt 0.583333 0.700000 0.000000
vt 0.750000 0.700000 0.000000
vt 0.916667 0.700000 0.000000
vt 0.083333 0.833160 0.000000
vt 0.250000 0.833160 0.000000
vt 0.416667 0.833160 0.000000
vt 0.583333 0.833160 0.000000
vt 0.750000 0.833160 0.000000
vt 0.916667 0.833160 0.000000
vt 0.100000 0.032340 0.000000
vt 0.300000 0.032340 0.000000
vt 0.500000 0.032340 0.000000
vt 0.700000 0.032340 0.000000
vt 0.900000 0.032340 0.000000
vt 0.100000 0.300000 0.000000
vt 0.300000 0.300000 0.000000
vt 0.500000 0.300000 0.000000
vt 0.700000 0.300000 0.000000
vt 0.900000 0.300000 0.000000
vt 0.100000 0.432608 0.000000
vt 0.300000 0.432608 0.000000
vt 0.500000 0.432608 0.000000
vt 0.700000 0.432608 0.000000
vt 0.900000 0.432608 0.000000
vt 0.100000 0.700000 0.000000
vt 0.300000 0.700000 0.000000
vt 0.500000 0.700000 0.000000
vt 0.700000 0.700000 0.000000
vt 0.900000 0.700000 0.000000
vt 0.100000 0.833160 0.000000
vt 0.300000 0.833160 0.000000
vt 0.500000 0.833160 0.000000
vt 0.700000 0.833160 0.000000
vt 0.900000 0.833160 0.000000
vt 0.083333 0.032340 0.000000
vt 0.250000 0.032340 0.000000
vt 0.416667 0.032340 0.000000
vt 0.583333 0.032340 0.000000
vt 0.750000 0.032340 0.000000
vt 0.916667 0.032340 0.000000
vt 0.083333 0.300000 0.000000
vt 0.250000 0.300000 0.000000
vt 0.416667 0.300000 0.000000
vt 0.583333 0.300000 0.000000
vt 0.750000 0.300000 0.000000
vt 0.916667 0.300000 0.000000
vt 0.083333 0.432608 0.000000
vt 0.250000 0.432608 0.000000
vt 0.416667 0.432608 0.000000
vt 0.583333 0.432608 0.000000
vt 0.750000 0.432608 0.000000
vt 0.916667 0.432608 0.000000
vt 0.083333 0.700000 0.000000
vt 0.250000 0.700000 0.000000
vt 0.416667 0.700000 0.000000
vt 0.583333 0.700000 0.000000
vt 0.750000 0.700000 0.000000
vt 0.916667 0.700000 0.000000
vt 0.083333 0.833160 0.000000
vt 0.250000 0.833160 0.000000
vt 0.416667 0.833160 0.000000
vt 0.583333 0.833160 0.000000
vt 0.750000 0.833160 0.000000
vt 0.916667 0.833160 0.000000
vt 0.100000 0.032340 0.000000
vt 0.300000 0.032340 0.000000
vt 0.500000 0.032340 0.000000
vt 0.700000 0.032340 0.000000
vt 0.900000 0.032340 0.000000
vt 0.100000 0.300000 0.000000
vt 0.300000 0.300000 0.000000
vt 0.500000 0.300000 0.000000
vt 0.700000 0.300000 0.000000
vt 0.900000 0.300000 0.000000
vt 0.100000 0.432608 0.000000
vt 0.300000 0.432608 0.000000
vt 0.500000 0.432608 0.000000
vt 0.700000 0.432608 0.000000
vt 0.900000 0.432608 0.000000
vt 0.100000 0.700000 0.000000
vt 0.300000 0.700000 0.000000
vt 0.500000 0.700000 0.000000
vt 0.700000 0.700000 0.000000
vt 0.900000 0.700000 0.000000
vt 0.100000 0.833160 0.000000
vt 0.300000 0.833160 0.000000
vt 0.500000 0.833160 0.000000
vt 0.700000 0.833160 0.000000
vt 0.900000 0.833160 0.000000
vt 0.083333 0.569081 0.000000
vt 0.250000 0.569081 0.000000
vt 0.416667 0.569081 0.000000
vt 0.583333 0.569081 0.000000
vt 0.750000 0.569081 0.000000
vt 0.916667 0.569081 0.000000
vt 0.100000 0.569081 0.000000
vt 0.300000 0.569081 0.000000
vt 0.900000 0.569081 0.000000
vt 0.083333 0.569081 0.000000
vt 0.250000 0.569081 0.000000
vt 0.416667 0.569081 0.000000
vt 0.583333 0.569081 0.000000
vt 0.750000 0.569081 0.000000
vt 0.916667 0.569081 0.000000
vt 0.100000 0.569081 0.000000
vt 0.700000 0.569081 0.000000
vt 0.900000 0.569081 0.000000
vt 0.083333 0.501688 0.000000
vt 0.250000 0.501688 0.000000
vt 0.416667 0.501688 0.000000
vt 0.583333 0.501688 0.000000
vt 0.750000 0.501688 0.000000
vt 0.916667 0.501688 0.000000
vt 0.100000 0.501688 0.000000
vt 0.300000 0.501688 0.000000
vt 0.500000 0.501688 0.000000
vt 0.700000 0.501688 0.000000
vt 0.900000 0.501688 0.000000
vt 0.083333 0.501688 0.000000
vt 0.250000 0.501688 0.000000
vt 0.416667 0.501688 0.000000
vt 0.583333 0.501688 0.000000
vt 0.750000 0.501688 0.000000
vt 0.916667 0.501688 0.000000
vt 0.100000 0.501688 0.000000
vt 0.300000 0.501688 0.000000
vt 0.500000 0.501688 0.000000
vt 0.700000 0.501688 0.000000
vt 0.900000 0.501688 0.000000
vt 0.083333 0.095544 0.000000
vt 0.250000 0.095544 0.000000
vt 0.416667 0.095544 0.000000
vt 0.583333 0.095544 0.000000
vt 0.750000 0.095544 0.000000
vt 0.916667 0.095544 0.000000
vt 0.100000 0.095544 0.000000
vt 0.300000 0.095544 0.000000
vt 0.900000 0.095544 0.000000
vt 0.083333 0.095544 0.000000
vt 0.250000 0.095544 0.000000
vt 0.416667 0.095544 0.000000
vt 0.583333 0.095544 0.000000
vt 0.750000 0.095544 0.000000
vt 0.916667 0.095544 0.000000
vt 0.100000 0.095544 0.000000
vt 0.700000 0.095544 0.000000
vt 0.900000 0.095544 0.000000
vt 0.083333 0.163204 0.000000
vt 0.250000 0.163204 0.000000
vt 0.416667 0.163204 0.000000
vt 0.583333 0.163204 0.000000
vt 0.750000 0.163204 0.000000
vt 0.916667 0.163204 0.000000
vt 0.100000 0.163204 0.000000
vt 0.300000 0.163204 0.000000
vt 0.500000 0.163204 0.000000
vt 0.700000 0.163204 0.000000
vt 0.900000 0.163204 0.000000
vt 0.083333 0.163204 0.000000
vt 0.250000 0.163204 0.000000
vt 0.416667 0.163204 0.000000
vt 0.583333 0.163204 0.000000
vt 0.750000 0.163204 0.000000
vt 0.916667 0.163204 0.000000
vt 0.100000 0.163204 0.000000
vt 0.300000 0.163204 0.000000
vt 0.500000 0.163204 0.000000
vt 0.700000 0.163204 0.000000
vt 0.900000 0.163204 0.000000
vt 0.083333 0.901056 0.000000
vt 0.250000 0.901056 0.000000
vt 0.416667 0.901056 0.000000
vt 0.583333 0.901056 0.000000
vt 0.750000 0.901056 0.000000
vt 0.916667 0.901056 0.000000
vt 0.100000 0.901056 0.000000
vt 0.300000 0.901056 0.000000
vt 0.500000 0.901056 0.000000
vt 0.700000 0.901056 0.000000
vt 0.900000 0.901056 0.000000
vt 0.083333 0.901056 0.000000
vt 0.250000 0.901056 0.000000
vt 0.416667 0.901056 0.000000
vt 0.583333 0.901056 0.000000
vt 0.750000 0.901056 0.000000
vt 0.916667 0.901056 0.000000
vt 0.100000 0.901056 0.000000
vt 0.300000 0.901056 0.000000
vt 0.500000 0.901056 0.000000
vt 0.700000 0.901056 0.000000
vt 0.900000 0.901056 0.000000
vt 0.083333 0.967896 0.000000
vt 0.250000 0.967896 0.000000
vt 0.416667 0.967896 0.000000
vt 0.583333 0.967896 0.000000
vt 0.750000 0.967896 0.000000
vt 0.916667 0.967896 0.000000
vt 0.100000 0.967896 0.000000
vt 0.300000 0.967896 0.000000
vt 0.500000 0.967896 0.000000
vt 0.700000 0.967896 0.000000
vt 0.900000 0.967896 0.000000
vt 0.083333 0.967896 0.000000
vt 0.250000 0.967896 0.000000
vt 0.416667 0.967896 0.000000
vt 0.583333 0.967896 0.000000
vt 0.750000 0.967896 0.000000
vt 0.916667 0.967896 0.000000
vt 0.100000 0.967896 0.000000
vt 0.300000 0.967896 0.000000
vt 0.500000 0.967896 0.000000
vt 0.700000 0.967896 0.000000
vt 0.900000 0.967896 0.000000
vt 0.500000 0.569081 0.000000
vt 0.700000 0.569081 0.000000
vt 0.700000 0.095544 0.000000
vt 0.500000 0.095544 0.000000
vt 0.500000 0.095544 0.000000
vt 0.300000 0.095544 0.000000
vt 0.300000 0.569081 0.000000
vt 0.500000 0.569081 0.000000
vt 0.200000 0.095544 0.000000
vt 0.100000 0.126408 0.000000
vt 0.000000 0.095544 0.000000
vt 0.100000 0.064680 0.000000
vt 0.800000 0.095544 0.000000
vt 0.900000 0.064680 0.000000
vt 1.000000 0.095544 0.000000
vt 0.900000 0.126408 0.000000
vt 0.800000 0.095544 0.000000
vt 0.900000 0.064680 0.000000
vt 1.000000 0.095544 0.000000
vt 0.900000 0.126408 0.000000
vt 0.800000 0.095544 0.000000
vt 0.900000 0.064680 0.000000
vt 1.000000 0.095544 0.000000
vt 0.900000 0.126408 0.000000
vt 0.800000 0.095544 0.000000
vt 0.900000 0.064680 0.000000
vt 1.000000 0.095544 0.000000
vt 0.900000 0.126408 0.000000
vt 0.800000 0.095544 0.000000
vt 0.900000 0.064680 0.000000
vt 1.000000 0.095544 0.000000
vt 0.900000 0.126408 0.000000
vt 0.200000 0.095544 0.000000
vt 0.100000 0.126408 0.000000
vt 0.000000 0.095544 0.000000
vt 0.100000 0.064680 0.000000
vt 0.200000 0.095544 0.000000
vt 0.100000 0.126408 0.000000
vt 0.000000 0.095544 0.000000
vt 0.100000 0.064680 0.000000
vt 0.200000 0.095544 0.000000
vt 0.100000 0.126408 0.000000
vt 0.000000 0.095544 0.000000
vt 0.100000 0.064680 0.000000
vt 0.200000 0.095544 0.000000
vt 0.100000 0.126408 0.000000
vt 0.000000 0.095544 0.000000
vt 0.100000 0.064680 0.000000
vt 0.166667 0.095544 0.000000
vt 0.083333 0.126408 0.000000
vt 0.000000 0.095544 0.000000
vt 0.083333 0.064680 0.000000
vt 1.000000 0.095544 0.000000
vt 0.916667 0.126408 0.000000
vt 0.833333 0.095544 0.000000
vt 0.916667 0.064680 0.000000
vt 0.166667 0.095544 0.000000
vt 0.083333 0.126408 0.000000
vt 0.000000 0.095544 0.000000
vt 0.083333 0.064680 0.000000
vt 0.166667 0.095544 0.000000
vt 0.083333 0.126408 0.000000
vt 0.000000 0.095544 0.000000
vt 0.083333 0.064680 0.000000
vt 0.166667 0.095544 0.000000
vt 0.083333 0.126408 0.000000
vt 0.000000 0.095544 0.000000
vt 0.083333 0.064680 0.000000
vt 0.166667 0.095544 0.000000
vt 0.083333 0.126408 0.000000
vt 0.000000 0.095544 0.000000
vt 0.083333 0.064680 0.000000
vt 1.000000 0.095544 0.000000
vt 0.916667 0.126408 0.000000
vt 0.833333 0.095544 0.000000
vt 0.916667 0.064680 0.000000
vt 1.000000 0.095544 0.000000
vt 0.916667 0.126408 0.000000
vt 0.833333 0.095544 0.000000
vt 0.916667 0.064680 0.000000
vt 1.000000 0.095544 0.000000
vt 0.916667 0.126408 0.000000
vt 0.833333 0.095544 0.000000
vt 0.916667 0.064680 0.000000
vt 1.000000 0.095544 0.000000
vt 0.916667 0.126408 0.000000
vt 0.833333 0.095544 0.000000
vt 0.916667 0.064680 0.000000
vt 0.916667 0.600000 0.000000
vt 0.833333 0.569081 0.000000
vt 0.916667 0.538162 0.000000
vt 1.000000 0.569081 0.000000
vt 1.000000 0.569081 0.000000
vt 0.900000 0.600000 0.000000
vt 0.800000 0.569081 0.000000
vt 0.900000 0.538162 0.000000
vt 0.916667 0.600000 0.000000
vt 0.833333 0.569081 0.000000
vt 0.916667 0.538162 0.000000
vt 1.000000 0.569081 0.000000
vt 0.916667 0.600000 0.000000
vt 0.833333 0.569081 0.000000
vt 0.916667 0.538162 0.000000
vt 1.000000 0.569081 0.000000
vt 0.916667 0.600000 0.000000
vt 0.833333 0.569081 0.000000
vt 0.916667 0.538162 0.000000
vt 1.000000 0.569081 0.000000
vt 1.000000 0.569081 0.000000
vt 0.900000 0.600000 0.000000
vt 0.800000 0.569081 0.000000
vt 0.900000 0.538162 0.000000
vt 1.000000 0.569081 0.000000
vt 0.900000 0.600000 0.000000
vt 0.800000 0.569081 0.000000
vt 0.900000 0.538162 0.000000
vt 1.000000 0.569081 0.000000
vt 0.900000 0.600000 0.000000
vt 0.800000 0.569081 0.000000
vt 0.900000 0.538162 0.000000
vt 1.000000 0.569081 0.000000
vt 0.900000 0.600000 0.000000
vt 0.800000 0.569081 0.000000
vt 0.900000 0.538162 0.000000
vt 0.916667 0.600000 0.000000
vt 0.833333 0.569081 0.000000
vt 0.916667 0.538162 0.000000
vt 1.000000 0.569081 0.000000
vt 0.083333 0.600000 0.000000
vt 0.000000 0.569081 0.000000
vt 0.083333 0.538162 0.000000
vt 0.166667 0.569081 0.000000
vt 0.100000 0.600000 0.000000
vt 0.000000 0.569081 0.000000
vt 0.100000 0.538162 0.000000
vt 0.200000 0.569081 0.000000
vt 0.083333 0.600000 0.000000
vt 0.000000 0.569081 0.000000
vt 0.083333 0.538162 0.000000
vt 0.166667 0.569081 0.000000
vt 0.083333 0.600000 0.000000
vt 0.000000 0.569081 0.000000
vt 0.083333 0.538162 0.000000
vt 0.166667 0.569081 0.000000
vt 0.083333 0.600000 0.000000
vt 0.000000 0.569081 0.000000
vt 0.083333 0.538162 0.000000
vt 0.166667 0.569081 0.000000
vt 0.083333 0.600000 0.000000
vt 0.000000 0.569081 0.000000
vt 0.083333 0.538162 0.000000
vt 0.166667 0.569081 0.000000
vt 0.100000 0.600000 0.000000
vt 0.000000 0.569081 0.000000
vt 0.100000 0.538162 0.000000
vt 0.200000 0.569081 0.000000
vt 0.100000 0.600000 0.000000
vt 0.000000 0.569081 0.000000
vt 0.100000 0.538162 0.000000
vt 0.200000 0.569081 0.000000
vt 0.100000 0.600000 0.000000
vt 0.000000 0.569081 0.000000
vt 0.100000 0.538162 0.000000
vt 0.200000 0.569081 0.000000
vt 0.100000 0.600000 0.000000
vt 0.000000 0.569081 0.000000
vt 0.100000 0.538162 0.000000
vt 0.200000 0.569081 0.000000
vt 1.000000 0.100000 0.000000
vt 0.900000 0.000000 0.000000
vt 0.916667 0.200000 0.000000
vt 0.833333 0.100000 0.000000
vt 0.916667 0.000000 0.000000
vt 0.083333 0.000000 0.000000
vt 0.750000 0.200000 0.000000
vt 0.666667 0.100000 0.000000
vt 0.750000 0.000000 0.000000
vt 0.250000 0.000000 0.000000
vt 0.583333 0.200000 0.000000
vt 0.500000 0.100000 0.000000
vt 0.583333 0.000000 0.000000
vt 0.416667 0.000000 0.000000
vt 0.416667 0.200000 0.000000
vt 0.333333 0.100000 0.000000
vt 0.416667 0.000000 0.000000
vt 0.583333 0.000000 0.000000
vt 0.250000 0.200000 0.000000
vt 0.166667 0.100000 0.000000
vt 0.250000 0.000000 0.000000
vt 0.750000 0.000000 0.000000
vt 0.083333 0.200000 0.000000
vt -0.000000 0.100000 0.000000
vt 0.100000 0.000000 0.000000
vt 0.083333 0.000000 0.000000
vt 0.916667 0.000000 0.000000
vt 1.000000 0.300000 0.000000
vt 0.700000 0.000000 0.000000
vt 0.916667 0.400000 0.000000
vt 0.833333 0.300000 0.000000
vt 0.750000 0.400000 0.000000
vt 0.666667 0.300000 0.000000
vt 0.583333 0.400000 0.000000
vt 0.500000 0.300000 0.000000
vt 0.416667 0.400000 0.000000
vt 0.333333 0.300000 0.000000
vt 0.250000 0.400000 0.000000
vt 0.166667 0.300000 0.000000
vt 0.083333 0.400000 0.000000
vt -0.000000 0.300000 0.000000
vt 0.300000 0.000000 0.000000
vt 1.000000 0.500000 0.000000
vt 0.500000 0.000000 0.000000
vt 0.916667 0.600000 0.000000
vt 0.833333 0.500000 0.000000
vt 0.750000 0.600000 0.000000
vt 0.666667 0.500000 0.000000
vt 0.583333 0.600000 0.000000
vt 0.500000 0.500000 0.000000
vt 0.416667 0.600000 0.000000
vt 0.333333 0.500000 0.000000
vt 0.250000 0.600000 0.000000
vt 0.166667 0.500000 0.000000
vt 0.083333 0.600000 0.000000
vt -0.000000 0.500000 0.000000
vt 0.500000 0.000000 0.000000
vt 1.000000 0.700000 0.000000
vt 0.300000 0.000000 0.000000
vt 0.916667 0.800000 0.000000
vt 0.833333 0.700000 0.000000
vt 0.750000 0.800000 0.000000
vt 0.666667 0.700000 0.000000
vt 0.583333 0.800000 0.000000
vt 0.500000 0.700000 0.000000
vt 0.416667 0.800000 0.000000
vt 0.333333 0.700000 0.000000
vt 0.250000 0.800000 0.000000
vt 0.166667 0.700000 0.000000
vt 0.083333 0.800000 0.000000
vt -0.000000 0.700000 0.000000
vt 0.700000 0.000000 0.000000
vt 1.000000 0.900000 0.000000
vt 0.100000 0.000000 0.000000
vt 0.916667 1.000000 0.000000
vt 0.916667 0.000000 0.000000
vt 0.833333 0.900000 0.000000
vt 0.750000 1.000000 0.000000
vt 0.750000 0.000000 0.000000
vt 0.666667 0.900000 0.000000
vt 0.583333 1.000000 0.000000
vt 0.583333 0.000000 0.000000
vt 0.500000 0.900000 0.000000
vt 0.416667 1.000000 0.000000
vt 0.416667 0.000000 0.000000
vt 0.333333 0.900000 0.000000
vt 0.250000 1.000000 0.000000
vt 0.250000 0.000000 0.000000
vt 0.166667 0.900000 0.000000
vt 0.083333 1.000000 0.000000
vt 0.083333 0.000000 0.000000
vt -0.000000 0.900000 0.000000
vt 0.900000 0.000000 0.000000
vt 0.083333 0.000000 0.000000
vt 0.083333 1.000000 0.000000
vt 0.166667 0.100000 0.000000
vt 0.083333 0.200000 0.000000
vt 0.000000 0.100000 0.000000
vt 0.900000 1.000000 0.000000
vt 0.250000 0.000000 0.000000
vt 0.250000 1.000000 0.000000
vt 0.333333 0.100000 0.000000
vt 0.250000 0.200000 0.000000
vt 0.416667 0.000000 0.000000
vt 0.416667 1.000000 0.000000
vt 0.500000 0.100000 0.000000
vt 0.416667 0.200000 0.000000
vt 0.583333 0.000000 0.000000
vt 0.583333 1.000000 0.000000
vt 0.666667 0.100000 0.000000
vt 0.583333 0.200000 0.000000
vt 0.750000 0.000000 0.000000
vt 0.750000 1.000000 0.000000
vt 0.833333 0.100000 0.000000
vt 0.750000 0.200000 0.000000
vt 0.916667 0.000000 0.000000
vt 0.916667 1.000000 0.000000
vt 1.000000 0.100000 0.000000
vt 0.100000 1.000000 0.000000
vt 0.916667 0.200000 0.000000
vt 0.166667 0.300000 0.000000
vt 0.083333 0.400000 0.000000
vt 0.000000 0.300000 0.000000
vt 0.700000 1.000000 0.000000
vt 0.333333 0.300000 0.000000
vt 0.250000 0.400000 0.000000
vt 0.500000 0.300000 0.000000
vt 0.416667 0.400000 0.000000
vt 0.666667 0.300000 0.000000
vt 0.583333 0.400000 0.000000
vt 0.833333 0.300000 0.000000
vt 0.750000 0.400000 0.000000
vt 1.000000 0.300000 0.000000
vt 0.300000 1.000000 0.000000
vt 0.916667 0.400000 0.000000
vt 0.166667 0.500000 0.000000
vt 0.083333 0.600000 0.000000
vt 0.000000 0.500000 0.000000
vt 0.500000 1.000000 0.000000
vt 0.333333 0.500000 0.000000
vt 0.250000 0.600000 0.000000
vt 0.500000 0.500000 0.000000
vt 0.416667 0.600000 0.000000
vt 0.666667 0.500000 0.000000
vt 0.583333 0.600000 0.000000
vt 0.833333 0.500000 0.000000
vt 0.750000 0.600000 0.000000
vt 1.000000 0.500000 0.000000
vt 0.500000 1.000000 0.000000
vt 0.916667 0.600000 0.000000
vt 0.166667 0.700000 0.000000
vt 0.083333 0.800000 0.000000
vt 0.000000 0.700000 0.000000
vt 0.300000 1.000000 0.000000
vt 0.333333 0.700000 0.000000
vt 0.250000 0.800000 0.000000
vt 0.500000 0.700000 0.000000
vt 0.416667 0.800000 0.000000
vt 0.666667 0.700000 0.000000
vt 0.583333 0.800000 0.000000
vt 0.833333 0.700000 0.000000
vt 0.750000 0.800000 0.000000
vt 1.000000 0.700000 0.000000
vt 0.700000 1.000000 0.000000
vt 0.916667 0.800000 0.000000
vt 0.166667 0.900000 0.000000
vt 0.083333 1.000000 0.000000
vt 0.916667 1.000000 0.000000
vt 0.000000 0.900000 0.000000
vt 0.100000 1.000000 0.000000
vt 0.333333 0.900000 0.000000
vt 0.250000 1.000000 0.000000
vt 0.750000 1.000000 0.000000
vt 0.500000 0.900000 0.000000
vt 0.416667 1.000000 0.000000
vt 0.583333 1.000000 0.000000
vt 0.666667 0.900000 0.000000
vt 0.583333 1.000000 0.000000
vt 0.416667 1.000000 0.000000
vt 0.833333 0.900000 0.000000
vt 0.750000 1.000000 0.000000
vt 0.250000 1.000000 0.000000
vt 1.000000 0.900000 0.000000
vt 0.900000 1.000000 0.000000
vt 0.916667 1.000000 0.000000
vt 0.083333 1.000000 0.000000
vt 0.166667 0.032340 0.000000
vt 0.083333 0.215801 0.000000
vt 0.000000 0.163204 0.000000
vt 1.000000 0.163204 0.000000
vt 0.333333 0.032340 0.000000
vt 0.250000 0.215801 0.000000
vt 0.500000 0.032340 0.000000
vt 0.416667 0.215801 0.000000
vt 0.666667 0.032340 0.000000
vt 0.583333 0.215801 0.000000
vt 0.833333 0.032340 0.000000
vt 0.750000 0.215801 0.000000
vt 1.000000 0.032340 0.000000
vt 0.000000 0.032340 0.000000
vt 0.916667 0.215801 0.000000
vt 0.166667 0.300000 0.000000
vt 0.083333 0.383152 0.000000
vt 0.000000 0.300000 0.000000
vt 1.000000 0.300000 0.000000
vt 0.333333 0.300000 0.000000
vt 0.250000 0.383152 0.000000
vt 0.500000 0.300000 0.000000
vt 0.416667 0.383152 0.000000
vt 0.666667 0.300000 0.000000
vt 0.583333 0.383152 0.000000
vt 0.833333 0.300000 0.000000
vt 0.750000 0.383152 0.000000
vt 1.000000 0.300000 0.000000
vt 0.000000 0.300000 0.000000
vt 0.916667 0.383152 0.000000
vt 0.166667 0.432608 0.000000
vt 0.083333 0.617270 0.000000
vt 1.000000 0.569081 0.000000
vt 0.000000 0.569081 0.000000
vt 0.333333 0.432608 0.000000
vt 0.250000 0.617270 0.000000
vt 0.500000 0.432608 0.000000
vt 0.416667 0.617270 0.000000
vt 0.666667 0.432608 0.000000
vt 0.583333 0.617270 0.000000
vt 0.833333 0.432608 0.000000
vt 0.750000 0.617270 0.000000
vt 1.000000 0.432608 0.000000
vt 0.000000 0.432608 0.000000
vt 0.916667 0.617270 0.000000
vt 0.166667 0.700000 0.000000
vt 0.083333 0.783290 0.000000
vt 0.000000 0.700000 0.000000
vt 1.000000 0.700000 0.000000
vt 0.333333 0.700000 0.000000
vt 0.250000 0.783290 0.000000
vt 0.500000 0.700000 0.000000
vt 0.416667 0.783290 0.000000
vt 0.666667 0.700000 0.000000
vt 0.583333 0.783290 0.000000
vt 0.833333 0.700000 0.000000
vt 0.750000 0.783290 0.000000
vt 1.000000 0.700000 0.000000
vt 0.000000 0.700000 0.000000
vt 0.916667 0.783290 0.000000
vt 0.166667 0.833160 0.000000
vt 0.000000 0.967896 0.000000
vt 1.000000 0.967896 0.000000
vt 0.333333 0.833160 0.000000
vt 0.500000 0.833160 0.000000
vt 0.666667 0.833160 0.000000
vt 0.833333 0.833160 0.000000
vt 1.000000 0.833160 0.000000
vt 0.000000 0.833160 0.000000
vt 0.200000 0.032340 0.000000
vt 0.100000 0.215801 0.000000
vt 0.400000 0.032340 0.000000
vt 0.300000 0.215801 0.000000
vt 0.600000 0.032340 0.000000
vt 0.500000 0.215801 0.000000
vt 0.800000 0.032340 0.000000
vt 0.700000 0.215801 0.000000
vt 1.000000 0.032340 0.000000
vt 0.000000 0.032340 0.000000
vt 0.900000 0.215801 0.000000
vt 0.200000 0.300000 0.000000
vt 0.100000 0.383152 0.000000
vt 0.400000 0.300000 0.000000
vt 0.300000 0.383152 0.000000
vt 0.600000 0.300000 0.000000
vt 0.500000 0.383152 0.000000
vt 0.800000 0.300000 0.000000
vt 0.700000 0.383152 0.000000
vt 1.000000 0.300000 0.000000
vt 0.000000 0.300000 0.000000
vt 0.900000 0.383152 0.000000
vt 0.200000 0.432608 0.000000
vt 0.100000 0.625000 0.000000
vt 0.400000 0.432608 0.000000
vt 0.300000 0.617270 0.000000
vt 0.600000 0.432608 0.000000
vt 0.500000 0.617270 0.000000
vt 0.800000 0.432608 0.000000
vt 0.700000 0.617270 0.000000
vt 1.000000 0.432608 0.000000
vt 0.000000 0.432608 0.000000
vt 0.900000 0.617270 0.000000
vt 0.200000 0.700000 0.000000
vt 0.100000 0.783290 0.000000
vt 0.400000 0.700000 0.000000
vt 0.300000 0.783290 0.000000
vt 0.600000 0.700000 0.000000
vt 0.500000 0.783290 0.000000
vt 0.800000 0.700000 0.000000
vt 0.700000 0.783290 0.000000
vt 1.000000 0.700000 0.000000
vt 0.000000 0.700000 0.000000
vt 0.900000 0.783290 0.000000
vt 0.200000 0.833160 0.000000
vt 0.400000 0.833160 0.000000
vt 0.600000 0.833160 0.000000
vt 0.800000 0.833160 0.000000
vt 1.000000 0.833160 0.000000
vt 0.000000 0.833160 0.000000
vt 0.166667 0.032340 0.000000
vt 0.083333 0.215801 0.000000
vt 0.333333 0.032340 0.000000
vt 0.250000 0.215801 0.000000
vt 0.500000 0.032340 0.000000
vt 0.416667 0.215801 0.000000
vt 0.666667 0.032340 0.000000
vt 0.583333 0.215801 0.000000
vt 0.833333 0.032340 0.000000
vt 0.750000 0.215801 0.000000
vt 1.000000 0.032340 0.000000
vt 0.000000 0.032340 0.000000
vt 0.916667 0.215801 0.000000
vt 0.166667 0.300000 0.000000
vt 0.083333 0.383152 0.000000
vt 0.333333 0.300000 0.000000
vt 0.250000 0.383152 0.000000
vt 0.500000 0.300000 0.000000
vt 0.416667 0.383152 0.000000
vt 0.666667 0.300000 0.000000
vt 0.583333 0.383152 0.000000
vt 0.833333 0.300000 0.000000
vt 0.750000 0.383152 0.000000
vt 1.000000 0.300000 0.000000
vt 0.000000 0.300000 0.000000
vt 0.916667 0.383152 0.000000
vt 0.166667 0.432608 0.000000
vt 0.083333 0.625000 0.000000
vt 0.333333 0.432608 0.000000
vt 0.250000 0.617270 0.000000
vt 0.500000 0.432608 0.000000
vt 0.416667 0.617270 0.000000
vt 0.666667 0.432608 0.000000
vt 0.583333 0.617270 0.000000
vt 0.833333 0.432608 0.000000
vt 0.750000 0.617270 0.000000
vt 1.000000 0.432608 0.000000
vt 0.000000 0.432608 0.000000
vt 0.916667 0.625000 0.000000
vt 0.166667 0.700000 0.000000
vt 0.083333 0.783290 0.000000
vt 0.333333 0.700000 0.000000
vt 0.250000 0.783290 0.000000
vt 0.500000 0.700000 0.000000
vt 0.416667 0.783290 0.000000
vt 0.666667 0.700000 0.000000
vt 0.583333 0.783290 0.000000
vt 0.833333 0.700000 0.000000
vt 0.750000 0.783290 0.000000
vt 1.000000 0.700000 0.000000
vt 0.000000 0.700000 0.000000
vt 0.916667 0.783290 0.000000
vt 0.166667 0.833160 0.000000
vt 0.333333 0.833160 0.000000
vt 0.500000 0.833160 0.000000
vt 0.666667 0.833160 0.000000
vt 0.833333 0.833160 0.000000
vt 1.000000 0.833160 0.000000
vt 0.000000 0.833160 0.000000
vt 0.200000 0.032340 0.000000
vt 0.100000 0.215801 0.000000
vt 0.400000 0.032340 0.000000
vt 0.300000 0.215801 0.000000
vt 0.600000 0.032340 0.000000
vt 0.500000 0.215801 0.000000
vt 0.800000 0.032340 0.000000
vt 0.700000 0.215801 0.000000
vt 0.900000 0.215801 0.000000
vt 0.200000 0.300000 0.000000
vt 0.100000 0.383152 0.000000
vt 0.400000 0.300000 0.000000
vt 0.300000 0.383152 0.000000
vt 0.600000 0.300000 0.000000
vt 0.500000 0.383152 0.000000
vt 0.800000 0.300000 0.000000
vt 0.700000 0.383152 0.000000
vt 0.900000 0.383152 0.000000
vt 0.200000 0.432608 0.000000
vt 0.100000 0.617270 0.000000
vt 0.400000 0.432608 0.000000
vt 0.300000 0.617270 0.000000
vt 0.600000 0.432608 0.000000
vt 0.500000 0.617270 0.000000
vt 0.800000 0.432608 0.000000
vt 0.700000 0.617270 0.000000
vt 0.900000 0.625000 0.000000
vt 0.200000 0.700000 0.000000
vt 0.100000 0.783290 0.000000
vt 0.400000 0.700000 0.000000
vt 0.300000 0.783290 0.000000
vt 0.600000 0.700000 0.000000
vt 0.500000 0.783290 0.000000
vt 0.800000 0.700000 0.000000
vt 0.700000 0.783290 0.000000
vt 0.900000 0.783290 0.000000
vt 0.200000 0.833160 0.000000
vt 0.400000 0.833160 0.000000
vt 0.600000 0.833160 0.000000
vt 0.800000 0.833160 0.000000
vt 0.200000 0.569081 0.000000
vt 1.000000 0.569081 0.000000
vt 0.000000 0.569081 0.000000
vt 0.812500 0.569081 0.000000
vt 0.666667 0.569081 0.000000
vt 0.500000 0.569081 0.000000
vt 0.333333 0.569081 0.000000
vt 0.187500 0.569081 0.000000
vt 0.000000 0.569081 0.000000
vt 1.000000 0.569081 0.000000
vt 0.800000 0.569081 0.000000
vt 0.600000 0.569081 0.000000
vt 0.400000 0.569081 0.000000
vt 0.225000 0.569081 0.000000
vt 0.000000 0.569081 0.000000
vt 1.000000 0.569081 0.000000
vt 0.833333 0.569081 0.000000
vt 0.666667 0.569081 0.000000
vt 0.500000 0.569081 0.000000
vt 0.333333 0.569081 0.000000
vt 0.166667 0.569081 0.000000
vt 0.000000 0.501688 0.000000
vt 1.000000 0.501688 0.000000
vt 0.775000 0.569081 0.000000
vt 0.600000 0.569081 0.000000
vt 0.083333 0.536773 0.000000
vt 0.250000 0.536773 0.000000
vt 0.416667 0.536773 0.000000
vt 0.583333 0.536773 0.000000
vt 0.750000 0.536773 0.000000
vt 0.916667 0.536773 0.000000
vt 0.100000 0.529044 0.000000
vt 0.300000 0.536773 0.000000
vt 0.500000 0.536773 0.000000
vt 0.700000 0.536773 0.000000
vt 0.900000 0.536773 0.000000
vt 0.083333 0.529044 0.000000
vt 0.250000 0.536773 0.000000
vt 0.416667 0.536773 0.000000
vt 0.583333 0.536773 0.000000
vt 0.750000 0.536773 0.000000
vt 0.916667 0.529044 0.000000
vt 0.100000 0.536773 0.000000
vt 0.300000 0.536773 0.000000
vt 0.500000 0.536773 0.000000
vt 0.700000 0.536773 0.000000
vt 0.900000 0.529044 0.000000
vt 0.400000 0.501688 0.000000
vt 0.200000 0.501688 0.000000
vt 1.000000 0.501688 0.000000
vt 0.000000 0.501688 0.000000
vt 0.833333 0.501688 0.000000
vt 0.666667 0.501688 0.000000
vt 0.500000 0.501688 0.000000
vt 0.333333 0.501688 0.000000
vt 0.166667 0.501688 0.000000
vt 1.000000 0.501688 0.000000
vt 0.000000 0.501688 0.000000
vt 0.800000 0.501688 0.000000
vt 0.600000 0.501688 0.000000
vt 0.400000 0.501688 0.000000
vt 0.200000 0.501688 0.000000
vt 1.000000 0.501688 0.000000
vt 0.000000 0.501688 0.000000
vt 0.833333 0.501688 0.000000
vt 0.666667 0.501688 0.000000
vt 0.500000 0.501688 0.000000
vt 0.333333 0.501688 0.000000
vt 0.166667 0.501688 0.000000
vt 0.000000 0.432608 0.000000
vt 1.000000 0.432608 0.000000
vt 0.800000 0.501688 0.000000
vt 0.600000 0.501688 0.000000
vt 0.083333 0.466182 0.000000
vt 0.250000 0.466182 0.000000
vt 0.416667 0.466182 0.000000
vt 0.583333 0.466182 0.000000
vt 0.750000 0.466182 0.000000
vt 0.916667 0.466182 0.000000
vt 0.100000 0.466182 0.000000
vt 0.300000 0.466182 0.000000
vt 0.500000 0.466182 0.000000
vt 0.700000 0.466182 0.000000
vt 0.900000 0.466182 0.000000
vt 0.083333 0.466182 0.000000
vt 0.250000 0.466182 0.000000
vt 0.416667 0.466182 0.000000
vt 0.583333 0.466182 0.000000
vt 0.750000 0.466182 0.000000
vt 0.916667 0.466182 0.000000
vt 0.100000 0.466182 0.000000
vt 0.300000 0.466182 0.000000
vt 0.500000 0.466182 0.000000
vt 0.700000 0.466182 0.000000
vt 0.900000 0.466182 0.000000
vt 1.000000 0.095544 0.000000
vt 0.000000 0.095544 0.000000
vt 0.812500 0.095544 0.000000
vt 0.666667 0.095544 0.000000
vt 0.500000 0.095544 0.000000
vt 0.333333 0.095544 0.000000
vt 0.187500 0.095544 0.000000
vt 0.000000 0.095544 0.000000
vt 1.000000 0.095544 0.000000
vt 0.800000 0.095544 0.000000
vt 0.600000 0.095544 0.000000
vt 0.400000 0.095544 0.000000
vt 0.225000 0.095544 0.000000
vt 0.000000 0.095544 0.000000
vt 1.000000 0.095544 0.000000
vt 0.833333 0.095544 0.000000
vt 0.666667 0.095544 0.000000
vt 0.500000 0.095544 0.000000
vt 0.333333 0.095544 0.000000
vt 0.166667 0.095544 0.000000
vt 0.000000 0.032340 0.000000
vt 1.000000 0.032340 0.000000
vt 0.775000 0.095544 0.000000
vt 0.600000 0.095544 0.000000
vt 0.200000 0.095544 0.000000
vt 0.083333 0.064311 0.000000
vt 0.250000 0.064311 0.000000
vt 0.416667 0.064311 0.000000
vt 0.583333 0.064311 0.000000
vt 0.750000 0.064311 0.000000
vt 0.916667 0.064311 0.000000
vt 0.100000 0.056595 0.000000
vt 0.300000 0.064311 0.000000
vt 0.500000 0.064311 0.000000
vt 0.700000 0.064311 0.000000
vt 0.900000 0.064311 0.000000
vt 0.083333 0.056595 0.000000
vt 0.250000 0.064311 0.000000
vt 0.416667 0.064311 0.000000
vt 0.583333 0.064311 0.000000
vt 0.750000 0.064311 0.000000
vt 0.916667 0.056595 0.000000
vt 0.100000 0.064311 0.000000
vt 0.300000 0.064311 0.000000
vt 0.500000 0.064311 0.000000
vt 0.700000 0.064311 0.000000
vt 0.900000 0.056595 0.000000
vt 1.000000 0.163204 0.000000
vt 0.000000 0.163204 0.000000
vt 0.833333 0.163204 0.000000
vt 0.666667 0.163204 0.000000
vt 0.500000 0.163204 0.000000
vt 0.333333 0.163204 0.000000
vt 0.166667 0.163204 0.000000
vt 1.000000 0.163204 0.000000
vt 0.000000 0.163204 0.000000
vt 0.800000 0.163204 0.000000
vt 0.600000 0.163204 0.000000
vt 0.400000 0.163204 0.000000
vt 0.200000 0.163204 0.000000
vt 1.000000 0.163204 0.000000
vt 0.000000 0.163204 0.000000
vt 0.833333 0.163204 0.000000
vt 0.666667 0.163204 0.000000
vt 0.500000 0.163204 0.000000
vt 0.333333 0.163204 0.000000
vt 0.166667 0.163204 0.000000
vt 1.000000 0.095544 0.000000
vt 0.000000 0.095544 0.000000
vt 0.800000 0.163204 0.000000
vt 0.600000 0.163204 0.000000
vt 0.400000 0.163204 0.000000
vt 0.200000 0.163204 0.000000
vt 0.083333 0.127891 0.000000
vt 0.250000 0.127891 0.000000
vt 0.416667 0.127891 0.000000
vt 0.583333 0.127891 0.000000
vt 0.750000 0.127891 0.000000
vt 0.916667 0.127891 0.000000
vt 0.100000 0.135607 0.000000
vt 0.300000 0.127891 0.000000
vt 0.500000 0.127891 0.000000
vt 0.700000 0.127891 0.000000
vt 0.900000 0.127891 0.000000
vt 0.083333 0.135607 0.000000
vt 0.250000 0.127891 0.000000
vt 0.416667 0.127891 0.000000
vt 0.583333 0.127891 0.000000
vt 0.750000 0.127891 0.000000
vt 0.916667 0.135607 0.000000
vt 0.100000 0.127891 0.000000
vt 0.300000 0.127891 0.000000
vt 0.500000 0.127891 0.000000
vt 0.700000 0.127891 0.000000
vt 0.900000 0.135607 0.000000
vt 0.800000 0.901056 0.000000
vt 0.600000 0.901056 0.000000
vt 0.400000 0.901056 0.000000
vt 0.200000 0.901056 0.000000
vt 1.000000 0.901056 0.000000
vt 0.000000 0.901056 0.000000
vt 0.833333 0.901056 0.000000
vt 0.666667 0.901056 0.000000
vt 0.500000 0.901056 0.000000
vt 0.333333 0.901056 0.000000
vt 0.166667 0.901056 0.000000
vt 1.000000 0.901056 0.000000
vt 0.000000 0.901056 0.000000
vt 0.800000 0.901056 0.000000
vt 0.600000 0.901056 0.000000
vt 0.400000 0.901056 0.000000
vt 0.200000 0.901056 0.000000
vt 1.000000 0.901056 0.000000
vt 0.000000 0.901056 0.000000
vt 0.833333 0.901056 0.000000
vt 0.666667 0.901056 0.000000
vt 0.500000 0.901056 0.000000
vt 0.333333 0.901056 0.000000
vt 0.166667 0.901056 0.000000
vt 0.000000 0.833160 0.000000
vt 1.000000 0.833160 0.000000
vt 0.083333 0.866714 0.000000
vt 0.250000 0.866714 0.000000
vt 0.416667 0.866714 0.000000
vt 0.583333 0.866714 0.000000
vt 0.750000 0.866714 0.000000
vt 0.916667 0.866714 0.000000
vt 0.100000 0.866714 0.000000
vt 0.300000 0.866714 0.000000
vt 0.500000 0.866714 0.000000
vt 0.700000 0.866714 0.000000
vt 0.900000 0.866714 0.000000
vt 0.083333 0.866714 0.000000
vt 0.250000 0.866714 0.000000
vt 0.416667 0.866714 0.000000
vt 0.583333 0.866714 0.000000
vt 0.750000 0.866714 0.000000
vt 0.916667 0.866714 0.000000
vt 0.100000 0.866714 0.000000
vt 0.300000 0.866714 0.000000
vt 0.500000 0.866714 0.000000
vt 0.700000 0.866714 0.000000
vt 0.900000 0.866714 0.000000
vt 0.800000 0.967896 0.000000
vt 0.600000 0.967896 0.000000
vt 0.400000 0.967896 0.000000
vt 0.200000 0.967896 0.000000
vt 1.000000 0.967896 0.000000
vt 0.000000 0.967896 0.000000
vt 0.833333 0.967896 0.000000
vt 0.666667 0.967896 0.000000
vt 0.500000 0.967896 0.000000
vt 0.333333 0.967896 0.000000
vt 0.166667 0.967896 0.000000
vt 1.000000 0.967896 0.000000
vt 0.000000 0.967896 0.000000
vt 0.800000 0.967896 0.000000
vt 0.600000 0.967896 0.000000
vt 0.400000 0.967896 0.000000
vt 0.200000 0.967896 0.000000
vt 1.000000 0.967896 0.000000
vt 0.000000 0.967896 0.000000
vt 0.833333 0.967896 0.000000
vt 0.666667 0.967896 0.000000
vt 0.500000 0.967896 0.000000
vt 0.333333 0.967896 0.000000
vt 0.166667 0.967896 0.000000
vt 0.000000 0.901056 0.000000
vt 1.000000 0.901056 0.000000
vt 0.083333 0.935134 0.000000
vt 0.250000 0.935134 0.000000
vt 0.416667 0.935134 0.000000
vt 0.583333 0.935134 0.000000
vt 0.750000 0.935134 0.000000
vt 0.916667 0.935134 0.000000
vt 0.100000 0.935134 0.000000
vt 0.300000 0.935134 0.000000
vt 0.500000 0.935134 0.000000
vt 0.700000 0.935134 0.000000
vt 0.900000 0.935134 0.000000
vt 0.083333 0.935134 0.000000
vt 0.250000 0.935134 0.000000
vt 0.416667 0.935134 0.000000
vt 0.583333 0.935134 0.000000
vt 0.750000 0.935134 0.000000
vt 0.916667 0.935134 0.000000
vt 0.100000 0.935134 0.000000
vt 0.300000 0.935134 0.000000
vt 0.500000 0.935134 0.000000
vt 0.700000 0.935134 0.000000
vt 0.900000 0.935134 0.000000
vt 0.400000 0.095544 0.000000
vt 0.400000 0.569081 0.000000
vt 0.175000 0.095544 0.000000
vt 0.100000 0.118692 0.000000
vt 0.025000 0.095544 0.000000
vt 0.100000 0.072396 0.000000
vt 0.175000 0.072396 0.000000
vt 0.175000 0.118692 0.000000
vt 0.025000 0.118692 0.000000
vt 0.025000 0.072396 0.000000
vt 0.825000 0.095544 0.000000
vt 0.900000 0.072396 0.000000
vt 0.975000 0.095544 0.000000
vt 0.900000 0.118692 0.000000
vt 0.825000 0.118692 0.000000
vt 0.825000 0.072396 0.000000
vt 0.975000 0.072396 0.000000
vt 0.975000 0.118692 0.000000
vt 0.975000 0.118692 0.000000
vt 0.975000 0.072396 0.000000
vt 0.825000 0.072396 0.000000
vt 0.825000 0.118692 0.000000
vt 0.800000 0.095544 0.000000
vt 0.900000 0.064680 0.000000
vt 1.000000 0.095544 0.000000
vt 0.900000 0.126408 0.000000
vt 0.975000 0.118692 0.000000
vt 0.975000 0.072396 0.000000
vt 0.825000 0.072396 0.000000
vt 0.825000 0.118692 0.000000
vt 0.800000 0.095544 0.000000
vt 0.900000 0.064680 0.000000
vt 1.000000 0.095544 0.000000
vt 0.900000 0.126408 0.000000
vt 0.975000 0.118692 0.000000
vt 0.975000 0.072396 0.000000
vt 0.825000 0.072396 0.000000
vt 0.825000 0.118692 0.000000
vt 0.800000 0.095544 0.000000
vt 0.900000 0.064680 0.000000
vt 1.000000 0.095544 0.000000
vt 0.900000 0.126408 0.000000
vt 0.975000 0.118692 0.000000
vt 0.975000 0.072396 0.000000
vt 0.825000 0.072396 0.000000
vt 0.825000 0.118692 0.000000
vt 0.800000 0.095544 0.000000
vt 0.900000 0.064680 0.000000
vt 1.000000 0.095544 0.000000
vt 0.900000 0.126408 0.000000
vt 0.025000 0.118692 0.000000
vt 0.175000 0.118692 0.000000
vt 0.175000 0.072396 0.000000
vt 0.025000 0.072396 0.000000
vt 0.200000 0.095544 0.000000
vt 0.100000 0.126408 0.000000
vt 0.000000 0.095544 0.000000
vt 0.100000 0.064680 0.000000
vt 0.025000 0.118692 0.000000
vt 0.175000 0.118692 0.000000
vt 0.175000 0.072396 0.000000
vt 0.025000 0.072396 0.000000
vt 0.200000 0.095544 0.000000
vt 0.100000 0.126408 0.000000
vt 0.000000 0.095544 0.000000
vt 0.100000 0.064680 0.000000
vt 0.025000 0.118692 0.000000
vt 0.175000 0.118692 0.000000
vt 0.175000 0.072396 0.000000
vt 0.025000 0.072396 0.000000
vt 0.200000 0.095544 0.000000
vt 0.100000 0.126408 0.000000
vt 0.000000 0.095544 0.000000
vt 0.100000 0.064680 0.000000
vt 0.025000 0.118692 0.000000
vt 0.175000 0.118692 0.000000
vt 0.175000 0.072396 0.000000
vt 0.025000 0.072396 0.000000
vt 0.200000 0.095544 0.000000
vt 0.100000 0.126408 0.000000
vt 0.000000 0.095544 0.000000
vt 0.100000 0.064680 0.000000
vt 0.145833 0.095544 0.000000
vt 0.083333 0.118692 0.000000
vt 0.020833 0.095544 0.000000
vt 0.083333 0.072396 0.000000
vt 0.145833 0.072396 0.000000
vt 0.145833 0.118692 0.000000
vt 0.020833 0.118692 0.000000
vt 0.020833 0.072396 0.000000
vt 0.979167 0.095544 0.000000
vt 0.916667 0.118692 0.000000
vt 0.854167 0.095544 0.000000
vt 0.916667 0.072396 0.000000
vt 0.979167 0.072396 0.000000
vt 0.979167 0.118692 0.000000
vt 0.854167 0.118692 0.000000
vt 0.854167 0.072396 0.000000
vt 0.020833 0.118692 0.000000
vt 0.145833 0.118692 0.000000
vt 0.145833 0.072396 0.000000
vt 0.020833 0.072396 0.000000
vt 0.166667 0.095544 0.000000
vt 0.083333 0.126408 0.000000
vt 0.000000 0.095544 0.000000
vt 0.083333 0.064680 0.000000
vt 0.020833 0.118692 0.000000
vt 0.145833 0.118692 0.000000
vt 0.145833 0.072396 0.000000
vt 0.020833 0.072396 0.000000
vt 0.166667 0.095544 0.000000
vt 0.083333 0.126408 0.000000
vt 0.000000 0.095544 0.000000
vt 0.083333 0.064680 0.000000
vt 0.020833 0.118692 0.000000
vt 0.145833 0.118692 0.000000
vt 0.145833 0.072396 0.000000
vt 0.020833 0.072396 0.000000
vt 0.166667 0.095544 0.000000
vt 0.083333 0.126408 0.000000
vt 0.000000 0.095544 0.000000
vt 0.083333 0.064680 0.000000
vt 0.020833 0.118692 0.000000
vt 0.145833 0.118692 0.000000
vt 0.145833 0.072396 0.000000
vt 0.020833 0.072396 0.000000
vt 0.166667 0.095544 0.000000
vt 0.083333 0.126408 0.000000
vt 0.000000 0.095544 0.000000
vt 0.083333 0.064680 0.000000
vt 0.854167 0.118692 0.000000
vt 0.979167 0.118692 0.000000
vt 0.979167 0.072396 0.000000
vt 0.854167 0.072396 0.000000
vt 1.000000 0.095544 0.000000
vt 0.916667 0.126408 0.000000
vt 0.833333 0.095544 0.000000
vt 0.916667 0.064680 0.000000
vt 0.854167 0.118692 0.000000
vt 0.979167 0.118692 0.000000
vt 0.979167 0.072396 0.000000
vt 0.854167 0.072396 0.000000
vt 1.000000 0.095544 0.000000
vt 0.916667 0.126408 0.000000
vt 0.833333 0.095544 0.000000
vt 0.916667 0.064680 0.000000
vt 0.854167 0.118692 0.000000
vt 0.979167 0.118692 0.000000
vt 0.979167 0.072396 0.000000
vt 0.854167 0.072396 0.000000
vt 1.000000 0.095544 0.000000
vt 0.916667 0.126408 0.000000
vt 0.833333 0.095544 0.000000
vt 0.916667 0.064680 0.000000
vt 0.854167 0.118692 0.000000
vt 0.979167 0.118692 0.000000
vt 0.979167 0.072396 0.000000
vt 0.854167 0.072396 0.000000
vt 1.000000 0.095544 0.000000
vt 0.916667 0.126408 0.000000
vt 0.833333 0.095544 0.000000
vt 0.916667 0.064680 0.000000
vt 0.916667 0.592270 0.000000
vt 0.854167 0.569081 0.000000
vt 0.916667 0.545892 0.000000
vt 0.979167 0.569081 0.000000
vt 0.979167 0.592270 0.000000
vt 0.854167 0.592270 0.000000
vt 0.854167 0.545892 0.000000
vt 0.979167 0.545892 0.000000
vt 0.975000 0.569081 0.000000
vt 0.900000 0.592270 0.000000
vt 0.825000 0.569081 0.000000
vt 0.900000 0.545892 0.000000
vt 0.975000 0.545892 0.000000
vt 0.975000 0.592270 0.000000
vt 0.825000 0.592270 0.000000
vt 0.825000 0.545892 0.000000
vt 0.854167 0.592270 0.000000
vt 0.979167 0.592270 0.000000
vt 0.979167 0.545892 0.000000
vt 0.854167 0.545892 0.000000
vt 0.916667 0.600000 0.000000
vt 0.833333 0.569081 0.000000
vt 0.916667 0.538162 0.000000
vt 1.000000 0.569081 0.000000
vt 0.854167 0.592270 0.000000
vt 0.979167 0.592270 0.000000
vt 0.979167 0.545892 0.000000
vt 0.854167 0.545892 0.000000
vt 0.916667 0.600000 0.000000
vt 0.833333 0.569081 0.000000
vt 0.916667 0.538162 0.000000
vt 1.000000 0.569081 0.000000
vt 0.854167 0.592270 0.000000
vt 0.979167 0.592270 0.000000
vt 0.979167 0.545892 0.000000
vt 0.854167 0.545892 0.000000
vt 0.916667 0.600000 0.000000
vt 0.833333 0.569081 0.000000
vt 0.916667 0.538162 0.000000
vt 1.000000 0.569081 0.000000
vt 0.975000 0.592270 0.000000
vt 0.975000 0.545892 0.000000
vt 0.825000 0.545892 0.000000
vt 0.825000 0.592270 0.000000
vt 1.000000 0.569081 0.000000
vt 0.900000 0.600000 0.000000
vt 0.800000 0.569081 0.000000
vt 0.900000 0.538162 0.000000
vt 0.975000 0.592270 0.000000
vt 0.975000 0.545892 0.000000
vt 0.825000 0.545892 0.000000
vt 0.825000 0.592270 0.000000
vt 1.000000 0.569081 0.000000
vt 0.900000 0.600000 0.000000
vt 0.800000 0.569081 0.000000
vt 0.900000 0.538162 0.000000
vt 0.975000 0.592270 0.000000
vt 0.975000 0.545892 0.000000
vt 0.825000 0.545892 0.000000
vt 0.825000 0.592270 0.000000
vt 1.000000 0.569081 0.000000
vt 0.900000 0.600000 0.000000
vt 0.800000 0.569081 0.000000
vt 0.900000 0.538162 0.000000
vt 0.975000 0.592270 0.000000
vt 0.975000 0.545892 0.000000
vt 0.825000 0.545892 0.000000
vt 0.825000 0.592270 0.000000
vt 1.000000 0.569081 0.000000
vt 0.900000 0.600000 0.000000
vt 0.800000 0.569081 0.000000
vt 0.900000 0.538162 0.000000
vt 0.979167 0.592270 0.000000
vt 0.979167 0.545892 0.000000
vt 0.854167 0.545892 0.000000
vt 0.854167 0.592270 0.000000
vt 0.916667 0.600000 0.000000
vt 0.833333 0.569081 0.000000
vt 0.916667 0.538162 0.000000
vt 1.000000 0.569081 0.000000
vt 0.083333 0.592270 0.000000
vt 0.020833 0.569081 0.000000
vt 0.083333 0.545892 0.000000
vt 0.145833 0.569081 0.000000
vt 0.145833 0.592270 0.000000
vt 0.020833 0.592270 0.000000
vt 0.020833 0.545892 0.000000
vt 0.145833 0.545892 0.000000
vt 0.100000 0.592270 0.000000
vt 0.025000 0.569081 0.000000
vt 0.100000 0.545892 0.000000
vt 0.175000 0.569081 0.000000
vt 0.175000 0.592270 0.000000
vt 0.025000 0.592270 0.000000
vt 0.025000 0.545892 0.000000
vt 0.175000 0.545892 0.000000
vt 0.020833 0.592270 0.000000
vt 0.145833 0.592270 0.000000
vt 0.145833 0.545892 0.000000
vt 0.020833 0.545892 0.000000
vt 0.083333 0.600000 0.000000
vt 0.000000 0.569081 0.000000
vt 0.083333 0.538162 0.000000
vt 0.166667 0.569081 0.000000
vt 0.020833 0.592270 0.000000
vt 0.145833 0.592270 0.000000
vt 0.145833 0.545892 0.000000
vt 0.020833 0.545892 0.000000
vt 0.083333 0.600000 0.000000
vt 0.000000 0.569081 0.000000
vt 0.083333 0.538162 0.000000
vt 0.166667 0.569081 0.000000
vt 0.145833 0.592270 0.000000
vt 0.145833 0.545892 0.000000
vt 0.020833 0.545892 0.000000
vt 0.020833 0.592270 0.000000
vt 0.083333 0.600000 0.000000
vt 0.000000 0.569081 0.000000
vt 0.083333 0.538162 0.000000
vt 0.166667 0.569081 0.000000
vt 0.020833 0.592270 0.000000
vt 0.145833 0.592270 0.000000
vt 0.145833 0.545892 0.000000
vt 0.020833 0.545892 0.000000
vt 0.083333 0.600000 0.000000
vt 0.000000 0.569081 0.000000
vt 0.083333 0.538162 0.000000
vt 0.166667 0.569081 0.000000
vt 0.025000 0.592270 0.000000
vt 0.175000 0.592270 0.000000
vt 0.175000 0.545892 0.000000
vt 0.025000 0.545892 0.000000
vt 0.100000 0.600000 0.000000
vt 0.000000 0.569081 0.000000
vt 0.100000 0.538162 0.000000
vt 0.200000 0.569081 0.000000
vt 0.025000 0.592270 0.000000
vt 0.175000 0.592270 0.000000
vt 0.175000 0.545892 0.000000
vt 0.025000 0.545892 0.000000
vt 0.100000 0.600000 0.000000
vt 0.000000 0.569081 0.000000
vt 0.100000 0.538162 0.000000
vt 0.200000 0.569081 0.000000
vt 0.025000 0.592270 0.000000
vt 0.175000 0.592270 0.000000
vt 0.175000 0.545892 0.000000
vt 0.025000 0.545892 0.000000
vt 0.100000 0.600000 0.000000
vt 0.000000 0.569081 0.000000
vt 0.100000 0.538162 0.000000
vt 0.200000 0.569081 0.000000
vt 0.025000 0.592270 0.000000
vt 0.175000 0.592270 0.000000
vt 0.175000 0.545892 0.000000
vt 0.025000 0.545892 0.000000
vt 0.100000 0.600000 0.000000
vt 0.000000 0.569081 0.000000
vt 0.100000 0.538162 0.000000
vt 0.200000 0.569081 0.000000
# 2030 texture coords

o SpinalCord
g SpinalCord
usemtl wire_050124020
f 2911/3 3837/1021 3375/559 3840/1025 
f 2918/10 3838/1023 3375/559 3837/1021 
f 2919/11 3839/1024 3375/559 3838/1023 
f 2912/4 3840/1025 3375/559 3839/1024 
f 2912/4 3839/1024 3376/560 3843/1029 
f 2919/11 3841/1027 3376/560 3839/1024 
f 2920/12 3842/1028 3376/560 3841/1027 
f 2913/5 3843/1029 3376/560 3842/1028 
f 2913/5 3842/1028 3377/561 3846/1033 
f 2920/12 3844/1031 3377/561 3842/1028 
f 2921/13 3845/1032 3377/561 3844/1031 
f 2914/6 3846/1033 3377/561 3845/1032 
f 2914/6 3845/1032 3378/562 3849/1037 
f 2921/13 3847/1035 3378/562 3845/1032 
f 2922/14 3848/1036 3378/562 3847/1035 
f 2915/7 3849/1037 3378/562 3848/1036 
f 2915/7 3848/1036 3379/563 3852/1041 
f 2922/14 3850/1039 3379/563 3848/1036 
f 2923/15 3851/1040 3379/563 3850/1039 
f 2916/8 3852/1041 3379/563 3851/1040 
f 2916/8 3851/1040 3380/564 3855/1046 
f 2923/15 3853/1043 3380/564 3851/1040 
f 2924/16 3854/1044 3380/564 3853/1043 
f 2917/9 3855/1046 3380/564 3854/1044 
f 2918/10 3856/1048 3381/565 3838/1023 
f 2925/17 3857/1050 3381/565 3856/1048 
f 2926/18 3858/1051 3381/565 3857/1050 
f 2919/11 3838/1023 3381/565 3858/1051 
f 2919/11 3858/1051 3382/566 3841/1027 
f 2926/18 3859/1052 3382/566 3858/1051 
f 2927/19 3860/1053 3382/566 3859/1052 
f 2920/12 3841/1027 3382/566 3860/1053 
f 2920/12 3860/1053 3383/567 3844/1031 
f 2927/19 3861/1054 3383/567 3860/1053 
f 2928/20 3862/1055 3383/567 3861/1054 
f 2921/13 3844/1031 3383/567 3862/1055 
f 2921/13 3862/1055 3384/568 3847/1035 
f 2928/20 3863/1056 3384/568 3862/1055 
f 2929/21 3864/1057 3384/568 3863/1056 
f 2922/14 3847/1035 3384/568 3864/1057 
f 2922/14 3864/1057 3385/569 3850/1039 
f 2929/21 3865/1058 3385/569 3864/1057 
f 2930/22 3866/1059 3385/569 3865/1058 
f 2923/15 3850/1039 3385/569 3866/1059 
f 2923/15 3866/1059 3386/570 3853/1043 
f 2930/22 3867/1060 3386/570 3866/1059 
f 2931/23 3868/1061 3386/570 3867/1060 
f 2924/16 3853/1043 3386/570 3868/1061 
f 2925/17 3869/1063 3387/571 3857/1050 
f 2932/24 3870/1065 3387/571 3869/1063 
f 2933/25 3871/1066 3387/571 3870/1065 
f 2926/18 3857/1050 3387/571 3871/1066 
f 2926/18 3871/1066 3388/572 3859/1052 
f 2933/25 3872/1067 3388/572 3871/1066 
f 2934/26 3873/1068 3388/572 3872/1067 
f 2927/19 3859/1052 3388/572 3873/1068 
f 2927/19 3873/1068 3389/573 3861/1054 
f 2934/26 3874/1069 3389/573 3873/1068 
f 2935/27 3875/1070 3389/573 3874/1069 
f 2928/20 3861/1054 3389/573 3875/1070 
f 2928/20 3875/1070 3390/574 3863/1056 
f 2935/27 3876/1071 3390/574 3875/1070 
f 2936/28 3877/1072 3390/574 3876/1071 
f 2929/21 3863/1056 3390/574 3877/1072 
f 2929/21 3877/1072 3391/575 3865/1058 
f 2936/28 3878/1073 3391/575 3877/1072 
f 2937/29 3879/1074 3391/575 3878/1073 
f 2930/22 3865/1058 3391/575 3879/1074 
f 2930/22 3879/1074 3392/576 3867/1060 
f 2937/29 3880/1075 3392/576 3879/1074 
f 2938/30 3881/1076 3392/576 3880/1075 
f 2931/23 3867/1060 3392/576 3881/1076 
f 2932/24 3882/1078 3393/577 3870/1065 
f 2939/31 3883/1080 3393/577 3882/1078 
f 2940/32 3884/1081 3393/577 3883/1080 
f 2933/25 3870/1065 3393/577 3884/1081 
f 2933/25 3884/1081 3394/578 3872/1067 
f 2940/32 3885/1082 3394/578 3884/1081 
f 2941/33 3886/1083 3394/578 3885/1082 
f 2934/26 3872/1067 3394/578 3886/1083 
f 2934/26 3886/1083 3395/579 3874/1069 
f 2941/33 3887/1084 3395/579 3886/1083 
f 2942/34 3888/1085 3395/579 3887/1084 
f 2935/27 3874/1069 3395/579 3888/1085 
f 2935/27 3888/1085 3396/580 3876/1071 
f 2942/34 3889/1086 3396/580 3888/1085 
f 2943/35 3890/1087 3396/580 3889/1086 
f 2936/28 3876/1071 3396/580 3890/1087 
f 2936/28 3890/1087 3397/581 3878/1073 
f 2943/35 3891/1088 3397/581 3890/1087 
f 2944/36 3892/1089 3397/581 3891/1088 
f 2937/29 3878/1073 3397/581 3892/1089 
f 2937/29 3892/1089 3398/582 3880/1075 
f 2944/36 3893/1090 3398/582 3892/1089 
f 2945/37 3894/1091 3398/582 3893/1090 
f 2938/30 3880/1075 3398/582 3894/1091 
f 2939/31 3895/1093 3399/583 3883/1080 
f 2946/38 3896/1095 3399/583 3895/1093 
f 2947/39 3897/1097 3399/583 3896/1095 
f 2940/32 3883/1080 3399/583 3897/1097 
f 2940/32 3897/1097 3400/584 3885/1082 
f 2947/39 3898/1098 3400/584 3897/1097 
f 2948/40 3899/1100 3400/584 3898/1098 
f 2941/33 3885/1082 3400/584 3899/1100 
f 2941/33 3899/1100 3401/585 3887/1084 
f 2948/40 3900/1101 3401/585 3899/1100 
f 2949/41 3901/1103 3401/585 3900/1101 
f 2942/34 3887/1084 3401/585 3901/1103 
f 2942/34 3901/1103 3402/586 3889/1086 
f 2949/41 3902/1104 3402/586 3901/1103 
f 2950/42 3903/1106 3402/586 3902/1104 
f 2943/35 3889/1086 3402/586 3903/1106 
f 2943/35 3903/1106 3403/587 3891/1088 
f 2950/42 3904/1107 3403/587 3903/1106 
f 2951/43 3905/1109 3403/587 3904/1107 
f 2944/36 3891/1088 3403/587 3905/1109 
f 2944/36 3905/1109 3404/588 3893/1090 
f 2951/43 3906/1110 3404/588 3905/1109 
f 2952/44 3907/1112 3404/588 3906/1110 
f 2945/37 3893/1090 3404/588 3907/1112 
f 2953/45 3908/1114 3405/589 3911/1118 
f 2954/46 3909/1116 3405/589 3908/1114 
f 2961/53 3910/1117 3405/589 3909/1116 
f 2960/52 3911/1118 3405/589 3910/1117 
f 2954/46 3912/1120 3406/590 3909/1116 
f 2955/47 3913/1122 3406/590 3912/1120 
f 2962/54 3914/1123 3406/590 3913/1122 
f 2961/53 3909/1116 3406/590 3914/1123 
f 2955/47 3915/1124 3407/591 3913/1122 
f 2956/48 3916/1126 3407/591 3915/1124 
f 2963/55 3917/1127 3407/591 3916/1126 
f 2962/54 3913/1122 3407/591 3917/1127 
f 2956/48 3918/1128 3408/592 3916/1126 
f 2957/49 3919/1130 3408/592 3918/1128 
f 2964/56 3920/1131 3408/592 3919/1130 
f 2963/55 3916/1126 3408/592 3920/1131 
f 2957/49 3921/1132 3409/593 3919/1130 
f 2958/50 3922/1134 3409/593 3921/1132 
f 2965/57 3923/1135 3409/593 3922/1134 
f 2964/56 3919/1130 3409/593 3923/1135 
f 2958/50 3924/1136 3410/594 3922/1134 
f 2959/51 3925/1138 3410/594 3924/1136 
f 2966/58 3926/1140 3410/594 3925/1138 
f 2965/57 3922/1134 3410/594 3926/1140 
f 2960/52 3910/1117 3411/595 3929/1143 
f 2961/53 3927/1141 3411/595 3910/1117 
f 2968/60 3928/1142 3411/595 3927/1141 
f 2967/59 3929/1143 3411/595 3928/1142 
f 2961/53 3914/1123 3412/596 3927/1141 
f 2962/54 3930/1145 3412/596 3914/1123 
f 2969/61 3931/1146 3412/596 3930/1145 
f 2968/60 3927/1141 3412/596 3931/1146 
f 2962/54 3917/1127 3413/597 3930/1145 
f 2963/55 3932/1147 3413/597 3917/1127 
f 2970/62 3933/1148 3413/597 3932/1147 
f 2969/61 3930/1145 3413/597 3933/1148 
f 2963/55 3920/1131 3414/598 3932/1147 
f 2964/56 3934/1149 3414/598 3920/1131 
f 2971/63 3935/1150 3414/598 3934/1149 
f 2970/62 3932/1147 3414/598 3935/1150 
f 2964/56 3923/1135 3415/599 3934/1149 
f 2965/57 3936/1151 3415/599 3923/1135 
f 2972/64 3937/1152 3415/599 3936/1151 
f 2971/63 3934/1149 3415/599 3937/1152 
f 2965/57 3926/1140 3416/600 3936/1151 
f 2966/58 3938/1153 3416/600 3926/1140 
f 2973/65 3939/1155 3416/600 3938/1153 
f 2972/64 3936/1151 3416/600 3939/1155 
f 2967/59 3928/1142 3417/601 3942/1158 
f 2968/60 3940/1156 3417/601 3928/1142 
f 2975/67 3941/1157 3417/601 3940/1156 
f 2974/66 3942/1158 3417/601 3941/1157 
f 2968/60 3931/1146 3418/602 3940/1156 
f 2969/61 3943/1160 3418/602 3931/1146 
f 2976/68 3944/1161 3418/602 3943/1160 
f 2975/67 3940/1156 3418/602 3944/1161 
f 2969/61 3933/1148 3419/603 3943/1160 
f 2970/62 3945/1162 3419/603 3933/1148 
f 2977/69 3946/1163 3419/603 3945/1162 
f 2976/68 3943/1160 3419/603 3946/1163 
f 2970/62 3935/1150 3420/604 3945/1162 
f 2971/63 3947/1164 3420/604 3935/1150 
f 2978/70 3948/1165 3420/604 3947/1164 
f 2977/69 3945/1162 3420/604 3948/1165 
f 2971/63 3937/1152 3421/605 3947/1164 
f 2972/64 3949/1166 3421/605 3937/1152 
f 2979/71 3950/1167 3421/605 3949/1166 
f 2978/70 3947/1164 3421/605 3950/1167 
f 2972/64 3939/1155 3422/606 3949/1166 
f 2973/65 3951/1168 3422/606 3939/1155 
f 2980/72 3952/1170 3422/606 3951/1168 
f 2979/71 3949/1166 3422/606 3952/1170 
f 2974/66 3941/1157 3423/607 3955/1173 
f 2975/67 3953/1171 3423/607 3941/1157 
f 2982/74 3954/1172 3423/607 3953/1171 
f 2981/73 3955/1173 3423/607 3954/1172 
f 2975/67 3944/1161 3424/608 3953/1171 
f 2976/68 3956/1175 3424/608 3944/1161 
f 2983/75 3957/1176 3424/608 3956/1175 
f 2982/74 3953/1171 3424/608 3957/1176 
f 2976/68 3946/1163 3425/609 3956/1175 
f 2977/69 3958/1177 3425/609 3946/1163 
f 2984/76 3959/1178 3425/609 3958/1177 
f 2983/75 3956/1175 3425/609 3959/1178 
f 2977/69 3948/1165 3426/610 3958/1177 
f 2978/70 3960/1179 3426/610 3948/1165 
f 2985/77 3961/1180 3426/610 3960/1179 
f 2984/76 3958/1177 3426/610 3961/1180 
f 2978/70 3950/1167 3427/611 3960/1179 
f 2979/71 3962/1181 3427/611 3950/1167 
f 2986/78 3963/1182 3427/611 3962/1181 
f 2985/77 3960/1179 3427/611 3963/1182 
f 2979/71 3952/1170 3428/612 3962/1181 
f 2980/72 3964/1183 3428/612 3952/1170 
f 2987/79 3965/1185 3428/612 3964/1183 
f 2986/78 3962/1181 3428/612 3965/1185 
f 2981/73 3954/1172 3429/613 3968/1189 
f 2982/74 3966/1186 3429/613 3954/1172 
f 2989/81 3967/1187 3429/613 3966/1186 
f 2988/80 3968/1189 3429/613 3967/1187 
f 2982/74 3957/1176 3430/614 3966/1186 
f 2983/75 3969/1191 3430/614 3957/1176 
f 2990/82 3970/1192 3430/614 3969/1191 
f 2989/81 3966/1186 3430/614 3970/1192 
f 2983/75 3959/1178 3431/615 3969/1191 
f 2984/76 3971/1194 3431/615 3959/1178 
f 2991/83 3972/1195 3431/615 3971/1194 
f 2990/82 3969/1191 3431/615 3972/1195 
f 2984/76 3961/1180 3432/616 3971/1194 
f 2985/77 3973/1197 3432/616 3961/1180 
f 2992/84 3974/1198 3432/616 3973/1197 
f 2991/83 3971/1194 3432/616 3974/1198 
f 2985/77 3963/1182 3433/617 3973/1197 
f 2986/78 3975/1200 3433/617 3963/1182 
f 2993/85 3976/1201 3433/617 3975/1200 
f 2992/84 3973/1197 3433/617 3976/1201 
f 2986/78 3965/1185 3434/618 3975/1200 
f 2987/79 3977/1203 3434/618 3965/1185 
f 2994/86 3978/1205 3434/618 3977/1203 
f 2993/85 3975/1200 3434/618 3978/1205 
f 2911/87 3840/1026 3435/619 4281/1540 
f 2912/88 3979/1207 3435/619 3840/1026 
f 3143/314 4285/1545 3435/619 3979/1207 
f 3144/315 4281/1540 3435/619 4285/1545 
f 2912/88 3843/1030 3436/620 3979/1207 
f 2913/89 3982/1211 3436/620 3843/1030 
f 3142/313 4286/1546 3436/620 3982/1211 
f 3143/314 3979/1207 3436/620 4286/1546 
f 2913/89 3846/1034 3437/621 3982/1211 
f 2914/90 3984/1213 3437/621 3846/1034 
f 3141/312 4287/1547 3437/621 3984/1213 
f 3142/313 3982/1211 3437/621 4287/1547 
f 2914/90 3849/1038 3438/622 3984/1213 
f 2915/91 3986/1215 3438/622 3849/1038 
f 3140/311 4288/1548 3438/622 3986/1215 
f 3141/312 3984/1213 3438/622 4288/1548 
f 2915/91 3852/1042 3439/623 3986/1215 
f 2916/92 3988/1217 3439/623 3852/1042 
f 3139/310 4289/1549 3439/623 3988/1217 
f 3140/311 3986/1215 3439/623 4289/1549 
f 2916/92 3855/1047 3440/624 3988/1217 
f 2917/93 3990/1219 3440/624 3855/1047 
f 3138/308 4290/1550 3440/624 3990/1219 
f 3139/310 3988/1217 3440/624 4290/1550 
f 2995/94 3980/1208 3441/625 3994/1224 
f 2996/95 3992/1222 3441/625 3980/1208 
f 3018/102 3993/1223 3441/625 3992/1222 
f 3017/101 3994/1224 3441/625 3993/1223 
f 2996/95 3983/1212 3442/626 3992/1222 
f 2997/96 3995/1226 3442/626 3983/1212 
f 3019/103 3996/1227 3442/626 3995/1226 
f 3018/102 3992/1222 3442/626 3996/1227 
f 2997/96 3985/1214 3443/627 3995/1226 
f 2998/97 3997/1228 3443/627 3985/1214 
f 3020/104 3998/1229 3443/627 3997/1228 
f 3019/103 3995/1226 3443/627 3998/1229 
f 2998/97 3987/1216 3444/628 3997/1228 
f 2999/98 3999/1230 3444/628 3987/1216 
f 3021/105 4000/1231 3444/628 3999/1230 
f 3020/104 3997/1228 3444/628 4000/1231 
f 2999/98 3989/1218 3445/629 3999/1230 
f 3000/99 4001/1232 3445/629 3989/1218 
f 3022/106 4002/1233 3445/629 4001/1232 
f 3021/105 3999/1230 3445/629 4002/1233 
f 3000/99 3991/1221 3446/630 4001/1232 
f 3001/100 4003/1234 3446/630 3991/1221 
f 3023/107 4004/1236 3446/630 4003/1234 
f 3022/106 4001/1232 3446/630 4004/1236 
f 3017/101 3993/1223 3447/631 4239/1494 
f 3018/102 4005/1237 3447/631 3993/1223 
f 3123/290 4242/1498 3447/631 4005/1237 
f 3124/291 4239/1494 3447/631 4242/1498 
f 3018/102 3996/1227 3448/632 4005/1237 
f 3019/103 4008/1241 3448/632 3996/1227 
f 3122/289 4243/1499 3448/632 4008/1241 
f 3123/290 4005/1237 3448/632 4243/1499 
f 3019/103 3998/1229 3449/633 4008/1241 
f 3020/104 4010/1243 3449/633 3998/1229 
f 3121/288 4244/1500 3449/633 4010/1243 
f 3122/289 4008/1241 3449/633 4244/1500 
f 3020/104 4000/1231 3450/634 4010/1243 
f 3021/105 4012/1245 3450/634 4000/1231 
f 3120/287 4245/1501 3450/634 4012/1245 
f 3121/288 4010/1243 3450/634 4245/1501 
f 3021/105 4002/1233 3451/635 4012/1245 
f 3022/106 4014/1247 3451/635 4002/1233 
f 3119/286 4246/1502 3451/635 4014/1247 
f 3120/287 4012/1245 3451/635 4246/1502 
f 3022/106 4004/1236 3452/636 4014/1247 
f 3023/107 4016/1249 3452/636 4004/1236 
f 3118/284 4247/1503 3452/636 4016/1249 
f 3119/286 4014/1247 3452/636 4247/1503 
f 3039/108 4006/1238 3453/637 4020/1254 
f 3040/109 4018/1252 3453/637 4006/1238 
f 3062/116 4019/1253 3453/637 4018/1252 
f 3061/115 4020/1254 3453/637 4019/1253 
f 3040/109 4009/1242 3454/638 4018/1252 
f 3041/110 4021/1256 3454/638 4009/1242 
f 3063/117 4022/1257 3454/638 4021/1256 
f 3062/116 4018/1252 3454/638 4022/1257 
f 3041/110 4011/1244 3455/639 4021/1256 
f 3042/111 4023/1258 3455/639 4011/1244 
f 3064/118 4024/1259 3455/639 4023/1258 
f 3063/117 4021/1256 3455/639 4024/1259 
f 3042/111 4013/1246 3456/640 4023/1258 
f 3043/112 4025/1260 3456/640 4013/1246 
f 3065/119 4026/1261 3456/640 4025/1260 
f 3064/118 4023/1258 3456/640 4026/1261 
f 3043/112 4015/1248 3457/641 4025/1260 
f 3044/113 4027/1262 3457/641 4015/1248 
f 3066/120 4028/1263 3457/641 4027/1262 
f 3065/119 4025/1260 3457/641 4028/1263 
f 3044/113 4017/1251 3458/642 4027/1262 
f 3045/114 4029/1264 3458/642 4017/1251 
f 3067/121 4030/1266 3458/642 4029/1264 
f 3066/120 4027/1262 3458/642 4030/1266 
f 3061/115 4019/1253 3459/643 4372/1639 
f 3062/116 4031/1267 3459/643 4019/1253 
f 3191/370 4373/1641 3459/643 4031/1267 
f 3192/371 4372/1639 3459/643 4373/1641 
f 3062/116 4022/1257 3460/644 4031/1267 
f 3063/117 4033/1270 3460/644 4022/1257 
f 3190/369 4374/1642 3460/644 4033/1270 
f 3191/370 4031/1267 3460/644 4374/1642 
f 3063/117 4024/1259 3461/645 4033/1270 
f 3064/118 4034/1271 3461/645 4024/1259 
f 3189/368 4375/1643 3461/645 4034/1271 
f 3190/369 4033/1270 3461/645 4375/1643 
f 3064/118 4026/1261 3462/646 4034/1271 
f 3065/119 4035/1272 3462/646 4026/1261 
f 3188/367 4376/1644 3462/646 4035/1272 
f 3189/368 4034/1271 3462/646 4376/1644 
f 3065/119 4028/1263 3463/647 4035/1272 
f 3066/120 4036/1273 3463/647 4028/1263 
f 3187/366 4377/1645 3463/647 4036/1273 
f 3188/367 4035/1272 3463/647 4377/1645 
f 3066/120 4030/1266 3464/648 4036/1273 
f 3067/121 4037/1274 3464/648 4030/1266 
f 3186/364 4378/1646 3464/648 4037/1274 
f 3187/366 4036/1273 3464/648 4378/1646 
f 2917/129 3854/1045 3465/649 3990/1220 
f 2924/130 4038/1276 3465/649 3854/1045 
f 3137/307 4291/1551 3465/649 4038/1276 
f 3138/309 3990/1220 3465/649 4291/1551 
f 2924/130 3868/1062 3466/650 4038/1276 
f 2931/131 4040/1278 3466/650 3868/1062 
f 3136/306 4292/1552 3466/650 4040/1278 
f 3137/307 4038/1276 3466/650 4292/1552 
f 2931/131 3881/1077 3467/651 4040/1278 
f 2938/132 4042/1280 3467/651 3881/1077 
f 3135/305 4293/1553 3467/651 4042/1280 
f 3136/306 4040/1278 3467/651 4293/1553 
f 2938/132 3894/1092 3468/652 4042/1280 
f 2945/133 4044/1282 3468/652 3894/1092 
f 3134/304 4294/1554 3468/652 4044/1282 
f 3135/305 4042/1280 3468/652 4294/1554 
f 2945/133 3907/1113 3469/653 4044/1282 
f 2952/134 4046/1284 3469/653 3907/1113 
f 3133/302 4295/1555 3469/653 4046/1284 
f 3134/304 4044/1282 3469/653 4295/1555 
f 3001/135 4039/1277 3470/654 4003/1235 
f 3002/136 4048/1287 3470/654 4039/1277 
f 3024/142 4049/1288 3470/654 4048/1287 
f 3023/141 4003/1235 3470/654 4049/1288 
f 3002/136 4041/1279 3471/655 4048/1287 
f 3003/137 4050/1289 3471/655 4041/1279 
f 3025/143 4051/1290 3471/655 4050/1289 
f 3024/142 4048/1287 3471/655 4051/1290 
f 3003/137 4043/1281 3472/656 4050/1289 
f 3004/138 4052/1291 3472/656 4043/1281 
f 3026/144 4053/1292 3472/656 4052/1291 
f 3025/143 4050/1289 3472/656 4053/1292 
f 3004/138 4045/1283 3473/657 4052/1291 
f 3005/139 4054/1293 3473/657 4045/1283 
f 3027/145 4055/1294 3473/657 4054/1293 
f 3026/144 4052/1291 3473/657 4055/1294 
f 3005/139 4047/1286 3474/658 4054/1293 
f 3006/140 4056/1295 3474/658 4047/1286 
f 3028/146 4057/1297 3474/658 4056/1295 
f 3027/145 4054/1293 3474/658 4057/1297 
f 3023/141 4049/1288 3475/659 4016/1250 
f 3024/142 4058/1298 3475/659 4049/1288 
f 3117/283 4248/1504 3475/659 4058/1298 
f 3118/285 4016/1250 3475/659 4248/1504 
f 3024/142 4051/1290 3476/660 4058/1298 
f 3025/143 4060/1300 3476/660 4051/1290 
f 3116/282 4249/1505 3476/660 4060/1300 
f 3117/283 4058/1298 3476/660 4249/1505 
f 3025/143 4053/1292 3477/661 4060/1300 
f 3026/144 4062/1302 3477/661 4053/1292 
f 3115/281 4250/1506 3477/661 4062/1302 
f 3116/282 4060/1300 3477/661 4250/1506 
f 3026/144 4055/1294 3478/662 4062/1302 
f 3027/145 4064/1304 3478/662 4055/1294 
f 3114/280 4251/1507 3478/662 4064/1304 
f 3115/281 4062/1302 3478/662 4251/1507 
f 3027/145 4057/1297 3479/663 4064/1304 
f 3028/146 4066/1306 3479/663 4057/1297 
f 3113/278 4252/1508 3479/663 4066/1306 
f 3114/280 4064/1304 3479/663 4252/1508 
f 3045/147 4059/1299 3480/664 4029/1265 
f 3046/148 4068/1309 3480/664 4059/1299 
f 3068/154 4069/1310 3480/664 4068/1309 
f 3067/153 4029/1265 3480/664 4069/1310 
f 3046/148 4061/1301 3481/665 4068/1309 
f 3047/149 4070/1311 3481/665 4061/1301 
f 3069/155 4071/1312 3481/665 4070/1311 
f 3068/154 4068/1309 3481/665 4071/1312 
f 3047/149 4063/1303 3482/666 4070/1311 
f 3048/150 4072/1313 3482/666 4063/1303 
f 3070/156 4073/1314 3482/666 4072/1313 
f 3069/155 4070/1311 3482/666 4073/1314 
f 3048/150 4065/1305 3483/667 4072/1313 
f 3049/151 4074/1315 3483/667 4065/1305 
f 3071/157 4075/1316 3483/667 4074/1315 
f 3070/156 4072/1313 3483/667 4075/1316 
f 3049/151 4067/1308 3484/668 4074/1315 
f 3050/152 4076/1317 3484/668 4067/1308 
f 3072/158 4077/1319 3484/668 4076/1317 
f 3071/157 4074/1315 3484/668 4077/1319 
f 3067/153 4069/1310 3485/669 4037/1275 
f 3068/154 4078/1320 3485/669 4069/1310 
f 3185/363 4379/1647 3485/669 4078/1320 
f 3186/365 4037/1275 3485/669 4379/1647 
f 3068/154 4071/1312 3486/670 4078/1320 
f 3069/155 4079/1321 3486/670 4071/1312 
f 3184/362 4380/1648 3486/670 4079/1321 
f 3185/363 4078/1320 3486/670 4380/1648 
f 3069/155 4073/1314 3487/671 4079/1321 
f 3070/156 4080/1322 3487/671 4073/1314 
f 3183/361 4381/1649 3487/671 4080/1322 
f 3184/362 4079/1321 3487/671 4381/1649 
f 3070/156 4075/1316 3488/672 4080/1322 
f 3071/157 4081/1323 3488/672 4075/1316 
f 3182/360 4382/1650 3488/672 4081/1323 
f 3183/361 4080/1322 3488/672 4382/1650 
f 3071/157 4077/1319 3489/673 4081/1323 
f 3072/158 4082/1324 3489/673 4077/1319 
f 3181/358 4383/1651 3489/673 4082/1324 
f 3182/360 4081/1323 3489/673 4383/1651 
f 2952/165 3906/1111 3490/674 4046/1285 
f 2951/166 4083/1326 3490/674 3906/1111 
f 3132/301 4296/1556 3490/674 4083/1326 
f 3133/303 4046/1285 3490/674 4296/1556 
f 2951/166 3904/1108 3491/675 4083/1326 
f 2950/167 4085/1328 3491/675 3904/1108 
f 3131/300 4297/1557 3491/675 4085/1328 
f 3132/301 4083/1326 3491/675 4297/1557 
f 2950/167 3902/1105 3492/676 4085/1328 
f 2949/168 4087/1330 3492/676 3902/1105 
f 3130/299 4298/1558 3492/676 4087/1330 
f 3131/300 4085/1328 3492/676 4298/1558 
f 2949/168 3900/1102 3493/677 4087/1330 
f 2948/169 4089/1332 3493/677 3900/1102 
f 3129/298 4299/1559 3493/677 4089/1332 
f 3130/299 4087/1330 3493/677 4299/1559 
f 2948/169 3898/1099 3494/678 4089/1332 
f 2947/170 4091/1334 3494/678 3898/1099 
f 3128/297 4300/1560 3494/678 4091/1334 
f 3129/298 4089/1332 3494/678 4300/1560 
f 2947/170 3896/1096 3495/679 4091/1334 
f 2946/171 4093/1336 3495/679 3896/1096 
f 3127/295 4301/1561 3495/679 4093/1336 
f 3128/297 4091/1334 3495/679 4301/1561 
f 3006/172 4084/1327 3496/680 4056/1296 
f 3007/173 4095/1339 3496/680 4084/1327 
f 3029/180 4096/1340 3496/680 4095/1339 
f 3028/179 4056/1296 3496/680 4096/1340 
f 3007/173 4086/1329 3497/681 4095/1339 
f 3008/174 4097/1341 3497/681 4086/1329 
f 3030/181 4098/1342 3497/681 4097/1341 
f 3029/180 4095/1339 3497/681 4098/1342 
f 3008/174 4088/1331 3498/682 4097/1341 
f 3009/175 4099/1343 3498/682 4088/1331 
f 3031/182 4100/1344 3498/682 4099/1343 
f 3030/181 4097/1341 3498/682 4100/1344 
f 3009/175 4090/1333 3499/683 4099/1343 
f 3010/176 4101/1345 3499/683 4090/1333 
f 3032/183 4102/1346 3499/683 4101/1345 
f 3031/182 4099/1343 3499/683 4102/1346 
f 3010/176 4092/1335 3500/684 4101/1345 
f 3011/177 4103/1347 3500/684 4092/1335 
f 3033/184 4104/1348 3500/684 4103/1347 
f 3032/183 4101/1345 3500/684 4104/1348 
f 3011/177 4094/1338 3501/685 4103/1347 
f 3012/178 4105/1349 3501/685 4094/1338 
f 3034/185 4106/1351 3501/685 4105/1349 
f 3033/184 4103/1347 3501/685 4106/1351 
f 3028/179 4096/1340 3502/686 4066/1307 
f 3029/180 4107/1352 3502/686 4096/1340 
f 3112/277 4253/1509 3502/686 4107/1352 
f 3113/279 4066/1307 3502/686 4253/1509 
f 3029/180 4098/1342 3503/687 4107/1352 
f 3030/181 4109/1354 3503/687 4098/1342 
f 3111/276 4254/1510 3503/687 4109/1354 
f 3112/277 4107/1352 3503/687 4254/1510 
f 3030/181 4100/1344 3504/688 4109/1354 
f 3031/182 4111/1356 3504/688 4100/1344 
f 3110/275 4255/1511 3504/688 4111/1356 
f 3111/276 4109/1354 3504/688 4255/1511 
f 3031/182 4102/1346 3505/689 4111/1356 
f 3032/183 4113/1358 3505/689 4102/1346 
f 3109/274 4256/1512 3505/689 4113/1358 
f 3110/275 4111/1356 3505/689 4256/1512 
f 3032/183 4104/1348 3506/690 4113/1358 
f 3033/184 4115/1360 3506/690 4104/1348 
f 3108/273 4257/1513 3506/690 4115/1360 
f 3109/274 4113/1358 3506/690 4257/1513 
f 3033/184 4106/1351 3507/691 4115/1360 
f 3034/185 4117/1362 3507/691 4106/1351 
f 3107/271 4258/1514 3507/691 4117/1362 
f 3108/273 4115/1360 3507/691 4258/1514 
f 3050/186 4108/1353 3508/692 4076/1318 
f 3051/187 4119/1365 3508/692 4108/1353 
f 3073/194 4120/1366 3508/692 4119/1365 
f 3072/193 4076/1318 3508/692 4120/1366 
f 3051/187 4110/1355 3509/693 4119/1365 
f 3052/188 4121/1367 3509/693 4110/1355 
f 3074/195 4122/1368 3509/693 4121/1367 
f 3073/194 4119/1365 3509/693 4122/1368 
f 3052/188 4112/1357 3510/694 4121/1367 
f 3053/189 4123/1369 3510/694 4112/1357 
f 3075/196 4124/1370 3510/694 4123/1369 
f 3074/195 4121/1367 3510/694 4124/1370 
f 3053/189 4114/1359 3511/695 4123/1369 
f 3054/190 4125/1371 3511/695 4114/1359 
f 3076/197 4126/1372 3511/695 4125/1371 
f 3075/196 4123/1369 3511/695 4126/1372 
f 3054/190 4116/1361 3512/696 4125/1371 
f 3055/191 4127/1373 3512/696 4116/1361 
f 3077/198 4128/1374 3512/696 4127/1373 
f 3076/197 4125/1371 3512/696 4128/1374 
f 3055/191 4118/1364 3513/697 4127/1373 
f 3056/192 4129/1375 3513/697 4118/1364 
f 3078/199 4130/1377 3513/697 4129/1375 
f 3077/198 4127/1373 3513/697 4130/1377 
f 3072/193 4120/1366 3514/698 4082/1325 
f 3073/194 4131/1378 3514/698 4120/1366 
f 3180/357 4384/1652 3514/698 4131/1378 
f 3181/359 4082/1325 3514/698 4384/1652 
f 3073/194 4122/1368 3515/699 4131/1378 
f 3074/195 4132/1379 3515/699 4122/1368 
f 3179/356 4385/1653 3515/699 4132/1379 
f 3180/357 4131/1378 3515/699 4385/1653 
f 3074/195 4124/1370 3516/700 4132/1379 
f 3075/196 4133/1380 3516/700 4124/1370 
f 3178/355 4386/1654 3516/700 4133/1380 
f 3179/356 4132/1379 3516/700 4386/1654 
f 3075/196 4126/1372 3517/701 4133/1380 
f 3076/197 4134/1381 3517/701 4126/1372 
f 3177/354 4387/1655 3517/701 4134/1381 
f 3178/355 4133/1380 3517/701 4387/1655 
f 3076/197 4128/1374 3518/702 4134/1381 
f 3077/198 4135/1382 3518/702 4128/1374 
f 3176/353 4388/1656 3518/702 4135/1382 
f 3177/354 4134/1381 3518/702 4388/1656 
f 3077/198 4130/1377 3519/703 4135/1382 
f 3078/199 4136/1383 3519/703 4130/1377 
f 3175/351 4389/1657 3519/703 4136/1383 
f 3176/353 4135/1382 3519/703 4389/1657 
f 2946/207 3895/1094 3520/704 4093/1337 
f 2939/208 4137/1385 3520/704 3895/1094 
f 3148/320 4302/1562 3520/704 4137/1385 
f 3127/296 4093/1337 3520/704 4302/1562 
f 2939/208 3882/1079 3521/705 4137/1385 
f 2932/209 4139/1387 3521/705 3882/1079 
f 3147/319 4303/1563 3521/705 4139/1387 
f 3148/320 4137/1385 3521/705 4303/1563 
f 2932/209 3869/1064 3522/706 4139/1387 
f 2925/210 4141/1389 3522/706 3869/1064 
f 3146/318 4304/1564 3522/706 4141/1389 
f 3147/319 4139/1387 3522/706 4304/1564 
f 2925/210 3856/1049 3523/707 4141/1389 
f 2918/211 4143/1391 3523/707 3856/1049 
f 3145/317 4305/1565 3523/707 4143/1391 
f 3146/318 4141/1389 3523/707 4305/1565 
f 2918/211 3837/1022 3524/708 4143/1391 
f 2911/212 4281/1541 3524/708 3837/1022 
f 3144/316 4306/1566 3524/708 4281/1541 
f 3145/317 4143/1391 3524/708 4306/1566 
f 3012/213 4138/1386 3525/709 4105/1350 
f 3013/214 4146/1394 3525/709 4138/1386 
f 3035/220 4147/1395 3525/709 4146/1394 
f 3034/219 4105/1350 3525/709 4147/1395 
f 3013/214 4140/1388 3526/710 4146/1394 
f 3014/215 4148/1396 3526/710 4140/1388 
f 3036/221 4149/1397 3526/710 4148/1396 
f 3035/220 4146/1394 3526/710 4149/1397 
f 3014/215 4142/1390 3527/711 4148/1396 
f 3015/216 4150/1398 3527/711 4142/1390 
f 3037/222 4151/1399 3527/711 4150/1398 
f 3036/221 4148/1396 3527/711 4151/1399 
f 3015/216 4144/1392 3528/712 4150/1398 
f 3016/217 4152/1400 3528/712 4144/1392 
f 3038/223 4153/1401 3528/712 4152/1400 
f 3037/222 4150/1398 3528/712 4153/1401 
f 3016/217 4145/1393 3529/713 4152/1400 
f 2995/218 3994/1225 3529/713 4145/1393 
f 3017/224 4154/1402 3529/713 3994/1225 
f 3038/223 4152/1400 3529/713 4154/1402 
f 3034/219 4147/1395 3530/714 4117/1363 
f 3035/220 4155/1403 3530/714 4147/1395 
f 3106/270 4259/1515 3530/714 4155/1403 
f 3107/272 4117/1363 3530/714 4259/1515 
f 3035/220 4149/1397 3531/715 4155/1403 
f 3036/221 4157/1405 3531/715 4149/1397 
f 3105/269 4260/1516 3531/715 4157/1405 
f 3106/270 4155/1403 3531/715 4260/1516 
f 3036/221 4151/1399 3532/716 4157/1405 
f 3037/222 4159/1407 3532/716 4151/1399 
f 3126/294 4261/1517 3532/716 4159/1407 
f 3105/269 4157/1405 3532/716 4261/1517 
f 3037/222 4153/1401 3533/717 4159/1407 
f 3038/223 4161/1409 3533/717 4153/1401 
f 3125/293 4262/1518 3533/717 4161/1409 
f 3126/294 4159/1407 3533/717 4262/1518 
f 3038/223 4154/1402 3534/718 4161/1409 
f 3017/224 4239/1495 3534/718 4154/1402 
f 3124/292 4263/1519 3534/718 4239/1495 
f 3125/293 4161/1409 3534/718 4263/1519 
f 3056/225 4156/1404 3535/719 4129/1376 
f 3057/226 4164/1412 3535/719 4156/1404 
f 3079/232 4165/1413 3535/719 4164/1412 
f 3078/231 4129/1376 3535/719 4165/1413 
f 3057/226 4158/1406 3536/720 4164/1412 
f 3058/227 4166/1414 3536/720 4158/1406 
f 3080/233 4167/1415 3536/720 4166/1414 
f 3079/232 4164/1412 3536/720 4167/1415 
f 3058/227 4160/1408 3537/721 4166/1414 
f 3059/228 4168/1416 3537/721 4160/1408 
f 3081/234 4169/1417 3537/721 4168/1416 
f 3080/233 4166/1414 3537/721 4169/1417 
f 3059/228 4162/1410 3538/722 4168/1416 
f 3060/229 4170/1418 3538/722 4162/1410 
f 3082/235 4171/1419 3538/722 4170/1418 
f 3081/234 4168/1416 3538/722 4171/1419 
f 3060/229 4163/1411 3539/723 4170/1418 
f 3039/230 4020/1255 3539/723 4163/1411 
f 3061/236 4172/1420 3539/723 4020/1255 
f 3082/235 4170/1418 3539/723 4172/1420 
f 3078/231 4165/1413 3540/724 4136/1384 
f 3079/232 4173/1421 3540/724 4165/1413 
f 3174/350 4390/1658 3540/724 4173/1421 
f 3175/352 4136/1384 3540/724 4390/1658 
f 3079/232 4167/1415 3541/725 4173/1421 
f 3080/233 4174/1422 3541/725 4167/1415 
f 3173/349 4391/1659 3541/725 4174/1422 
f 3174/350 4173/1421 3541/725 4391/1659 
f 3080/233 4169/1417 3542/726 4174/1422 
f 3081/234 4175/1423 3542/726 4169/1417 
f 3172/348 4392/1660 3542/726 4175/1423 
f 3173/349 4174/1422 3542/726 4392/1660 
f 3081/234 4171/1419 3543/727 4175/1423 
f 3082/235 4176/1424 3543/727 4171/1419 
f 3171/347 4393/1661 3543/727 4176/1424 
f 3172/348 4175/1423 3543/727 4393/1661 
f 3082/235 4172/1420 3544/728 4176/1424 
f 3061/236 4372/1640 3544/728 4172/1420 
f 3192/372 4394/1662 3544/728 4372/1640 
f 3171/347 4176/1424 3544/728 4394/1662 
f 3101/264 4194/1445 3545/729 4198/1450 
f 3040/109 4006/1238 3545/729 4194/1445 
f 3039/108 4007/1240 3545/729 4006/1238 
f 3102/265 4198/1450 3545/729 4007/1240 
f 3100/263 4193/1444 3546/730 4199/1451 
f 3041/110 4009/1242 3546/730 4193/1444 
f 3040/109 4194/1445 3546/730 4009/1242 
f 3101/264 4199/1451 3546/730 4194/1445 
f 3099/262 4192/1443 3547/731 4200/1452 
f 3042/111 4011/1244 3547/731 4192/1443 
f 3041/110 4193/1444 3547/731 4011/1244 
f 3100/263 4200/1452 3547/731 4193/1444 
f 3098/261 4191/1442 3548/732 4201/1453 
f 3043/112 4013/1246 3548/732 4191/1442 
f 3042/111 4192/1443 3548/732 4013/1246 
f 3099/262 4201/1453 3548/732 4192/1443 
f 3097/260 4190/1441 3549/733 4202/1454 
f 3044/113 4015/1248 3549/733 4190/1441 
f 3043/112 4191/1442 3549/733 4015/1248 
f 3098/261 4202/1454 3549/733 4191/1442 
f 3096/258 4189/1440 3550/734 4203/1455 
f 3045/114 4017/1251 3550/734 4189/1440 
f 3044/113 4190/1441 3550/734 4017/1251 
f 3097/260 4203/1455 3550/734 4190/1441 
f 3342/526 4692/1964 3551/735 4691/1963 
f 3339/523 4689/1961 3551/735 4692/1964 
f 3340/524 4690/1962 3551/735 4689/1961 
f 3341/525 4691/1963 3551/735 4690/1962 
f 3094/256 4187/1437 3552/736 4205/1457 
f 3047/149 4061/1301 3552/736 4187/1437 
f 3046/148 4188/1438 3552/736 4061/1301 
f 3095/257 4205/1457 3552/736 4188/1438 
f 3091/252 4184/1434 3553/737 4208/1460 
f 3050/152 4067/1308 3553/737 4184/1434 
f 3049/151 4185/1435 3553/737 4067/1308 
f 3092/254 4208/1460 3553/737 4185/1435 
f 3338/522 4684/1956 3554/738 4683/1955 
f 3335/519 4681/1953 3554/738 4684/1956 
f 3336/520 4682/1954 3554/738 4681/1953 
f 3337/521 4683/1955 3554/738 4682/1954 
f 3089/250 4182/1431 3555/739 4210/1462 
f 3052/188 4110/1355 3555/739 4182/1431 
f 3051/187 4183/1432 3555/739 4110/1355 
f 3090/251 4210/1462 3555/739 4183/1432 
f 3088/249 4181/1430 3556/740 4211/1463 
f 3053/189 4112/1357 3556/740 4181/1430 
f 3052/188 4182/1431 3556/740 4112/1357 
f 3089/250 4211/1463 3556/740 4182/1431 
f 3087/248 4180/1429 3557/741 4212/1464 
f 3054/190 4114/1359 3557/741 4180/1429 
f 3053/189 4181/1430 3557/741 4114/1359 
f 3088/249 4212/1464 3557/741 4181/1430 
f 3086/247 4179/1428 3558/742 4213/1465 
f 3055/191 4116/1361 3558/742 4179/1428 
f 3054/190 4180/1429 3558/742 4116/1361 
f 3087/248 4213/1465 3558/742 4180/1429 
f 3298/482 4604/1876 3559/743 4603/1875 
f 3295/479 4601/1873 3559/743 4604/1876 
f 3296/480 4602/1874 3559/743 4601/1873 
f 3297/481 4603/1875 3559/743 4602/1874 
f 3084/244 4177/1425 3560/744 4215/1467 
f 3057/226 4156/1404 3560/744 4177/1425 
f 3056/225 4178/1427 3560/744 4156/1404 
f 3085/246 4215/1467 3560/744 4178/1427 
f 3103/267 4196/1448 3561/745 4218/1470 
f 3060/229 4162/1410 3561/745 4196/1448 
f 3059/228 4197/1449 3561/745 4162/1410 
f 3104/268 4218/1470 3561/745 4197/1449 
f 3299/483 4609/1881 3562/746 4612/1884 
f 3300/484 4610/1882 3562/746 4609/1881 
f 3301/485 4611/1883 3562/746 4610/1882 
f 3302/486 4612/1884 3562/746 4611/1883 
f 3123/290 4238/1493 3563/747 4242/1498 
f 3101/264 4198/1450 3563/747 4238/1493 
f 3102/265 4195/1446 3563/747 4198/1450 
f 3124/291 4242/1498 3563/747 4195/1446 
f 3122/289 4237/1492 3564/748 4243/1499 
f 3100/263 4199/1451 3564/748 4237/1492 
f 3101/264 4238/1493 3564/748 4199/1451 
f 3123/290 4243/1499 3564/748 4238/1493 
f 3121/288 4236/1491 3565/749 4244/1500 
f 3099/262 4200/1452 3565/749 4236/1491 
f 3100/263 4237/1492 3565/749 4200/1452 
f 3122/289 4244/1500 3565/749 4237/1492 
f 3120/287 4235/1490 3566/750 4245/1501 
f 3098/261 4201/1453 3566/750 4235/1490 
f 3099/262 4236/1491 3566/750 4201/1453 
f 3121/288 4245/1501 3566/750 4236/1491 
f 3119/286 4234/1489 3567/751 4246/1502 
f 3097/260 4202/1454 3567/751 4234/1489 
f 3098/261 4235/1490 3567/751 4202/1454 
f 3120/287 4246/1502 3567/751 4235/1490 
f 3118/284 4233/1487 3568/752 4247/1503 
f 3096/258 4203/1455 3568/752 4233/1487 
f 3097/260 4234/1489 3568/752 4203/1455 
f 3119/286 4247/1503 3568/752 4234/1489 
f 3117/283 4232/1486 3569/753 4248/1504 
f 3095/257 4204/1456 3569/753 4232/1486 
f 3096/259 4233/1488 3569/753 4204/1456 
f 3118/285 4248/1504 3569/753 4233/1488 
f 3116/282 4231/1485 3570/754 4249/1505 
f 3094/256 4205/1457 3570/754 4231/1485 
f 3095/257 4232/1486 3570/754 4205/1457 
f 3117/283 4249/1505 3570/754 4232/1486 
f 3115/281 4230/1484 3571/755 4250/1506 
f 3093/255 4206/1458 3571/755 4230/1484 
f 3094/256 4231/1485 3571/755 4206/1458 
f 3116/282 4250/1506 3571/755 4231/1485 
f 3114/280 4229/1483 3572/756 4251/1507 
f 3092/254 4207/1459 3572/756 4229/1483 
f 3093/255 4230/1484 3572/756 4207/1459 
f 3115/281 4251/1507 3572/756 4230/1484 
f 3113/278 4228/1481 3573/757 4252/1508 
f 3091/252 4208/1460 3573/757 4228/1481 
f 3092/254 4229/1483 3573/757 4208/1460 
f 3114/280 4252/1508 3573/757 4229/1483 
f 3112/277 4227/1480 3574/758 4253/1509 
f 3090/251 4209/1461 3574/758 4227/1480 
f 3091/253 4228/1482 3574/758 4209/1461 
f 3113/279 4253/1509 3574/758 4228/1482 
f 3111/276 4226/1479 3575/759 4254/1510 
f 3089/250 4210/1462 3575/759 4226/1479 
f 3090/251 4227/1480 3575/759 4210/1462 
f 3112/277 4254/1510 3575/759 4227/1480 
f 3110/275 4225/1478 3576/760 4255/1511 
f 3088/249 4211/1463 3576/760 4225/1478 
f 3089/250 4226/1479 3576/760 4211/1463 
f 3111/276 4255/1511 3576/760 4226/1479 
f 3109/274 4224/1477 3577/761 4256/1512 
f 3087/248 4212/1464 3577/761 4224/1477 
f 3088/249 4225/1478 3577/761 4212/1464 
f 3110/275 4256/1512 3577/761 4225/1478 
f 3108/273 4223/1476 3578/762 4257/1513 
f 3086/247 4213/1465 3578/762 4223/1476 
f 3087/248 4224/1477 3578/762 4213/1465 
f 3109/274 4257/1513 3578/762 4224/1477 
f 3107/271 4222/1474 3579/763 4258/1514 
f 3085/245 4214/1466 3579/763 4222/1474 
f 3086/247 4223/1476 3579/763 4214/1466 
f 3108/273 4258/1514 3579/763 4223/1476 
f 3106/270 4221/1473 3580/764 4259/1515 
f 3084/244 4215/1467 3580/764 4221/1473 
f 3085/246 4222/1475 3580/764 4215/1467 
f 3107/272 4259/1515 3580/764 4222/1475 
f 3105/269 4220/1472 3581/765 4260/1516 
f 3083/243 4216/1468 3581/765 4220/1472 
f 3084/244 4221/1473 3581/765 4216/1468 
f 3106/270 4260/1516 3581/765 4221/1473 
f 3126/294 4241/1497 3582/766 4261/1517 
f 3104/268 4217/1469 3582/766 4241/1497 
f 3083/243 4220/1472 3582/766 4217/1469 
f 3105/269 4261/1517 3582/766 4220/1472 
f 3125/293 4240/1496 3583/767 4262/1518 
f 3103/267 4218/1470 3583/767 4240/1496 
f 3104/268 4241/1497 3583/767 4218/1470 
f 3126/294 4262/1518 3583/767 4241/1497 
f 3124/292 4195/1447 3584/768 4263/1519 
f 3102/266 4219/1471 3584/768 4195/1447 
f 3103/267 4240/1496 3584/768 4219/1471 
f 3125/293 4263/1519 3584/768 4240/1496 
f 3143/314 4280/1539 3585/769 4285/1545 
f 3165/340 4329/1593 3585/769 4280/1539 
f 3166/341 4324/1588 3585/769 4329/1593 
f 3144/315 4285/1545 3585/769 4324/1588 
f 3142/313 4279/1538 3586/770 4286/1546 
f 3164/339 4330/1594 3586/770 4279/1538 
f 3165/340 4280/1539 3586/770 4330/1594 
f 3143/314 4286/1546 3586/770 4280/1539 
f 3141/312 4278/1537 3587/771 4287/1547 
f 3163/338 4331/1595 3587/771 4278/1537 
f 3164/339 4279/1538 3587/771 4331/1595 
f 3142/313 4287/1547 3587/771 4279/1538 
f 3140/311 4277/1536 3588/772 4288/1548 
f 3162/337 4332/1596 3588/772 4277/1536 
f 3163/338 4278/1537 3588/772 4332/1596 
f 3141/312 4288/1548 3588/772 4278/1537 
f 3139/310 4276/1535 3589/773 4289/1549 
f 3161/336 4333/1597 3589/773 4276/1535 
f 3162/337 4277/1536 3589/773 4333/1597 
f 3140/311 4289/1549 3589/773 4277/1536 
f 3138/308 4275/1534 3590/774 4290/1550 
f 3160/334 4334/1598 3590/774 4275/1534 
f 3161/336 4276/1535 3590/774 4334/1598 
f 3139/310 4290/1550 3590/774 4276/1535 
f 3215/399 4441/1713 3591/775 4444/1716 
f 3216/400 4442/1714 3591/775 4441/1713 
f 3217/401 4443/1715 3591/775 4442/1714 
f 3218/402 4444/1716 3591/775 4443/1715 
f 3136/306 4273/1531 3592/776 4292/1552 
f 3158/332 4336/1600 3592/776 4273/1531 
f 3159/333 4274/1532 3592/776 4336/1600 
f 3137/307 4292/1552 3592/776 4274/1532 
f 3133/302 4270/1528 3593/777 4295/1555 
f 3155/328 4339/1603 3593/777 4270/1528 
f 3156/330 4271/1529 3593/777 4339/1603 
f 3134/304 4295/1555 3593/777 4271/1529 
f 3255/439 4521/1793 3594/778 4524/1796 
f 3256/440 4522/1794 3594/778 4521/1793 
f 3257/441 4523/1795 3594/778 4522/1794 
f 3258/442 4524/1796 3594/778 4523/1795 
f 3131/300 4268/1525 3595/779 4297/1557 
f 3153/326 4341/1605 3595/779 4268/1525 
f 3154/327 4269/1526 3595/779 4341/1605 
f 3132/301 4297/1557 3595/779 4269/1526 
f 3130/299 4267/1524 3596/780 4298/1558 
f 3152/325 4342/1606 3596/780 4267/1524 
f 3153/326 4268/1525 3596/780 4342/1606 
f 3131/300 4298/1558 3596/780 4268/1525 
f 3129/298 4266/1523 3597/781 4299/1559 
f 3151/324 4343/1607 3597/781 4266/1523 
f 3152/325 4267/1524 3597/781 4343/1607 
f 3130/299 4299/1559 3597/781 4267/1524 
f 3128/297 4265/1522 3598/782 4300/1560 
f 3150/323 4344/1608 3598/782 4265/1522 
f 3151/324 4266/1523 3598/782 4344/1608 
f 3129/298 4300/1560 3598/782 4266/1523 
f 3259/443 4529/1801 3599/783 4532/1804 
f 3260/444 4530/1802 3599/783 4529/1801 
f 3261/445 4531/1803 3599/783 4530/1802 
f 3262/446 4532/1804 3599/783 4531/1803 
f 3148/320 4284/1544 3600/784 4302/1562 
f 3170/346 4346/1610 3600/784 4284/1544 
f 3149/322 4264/1521 3600/784 4346/1610 
f 3127/296 4302/1562 3600/784 4264/1521 
f 3145/317 4282/1542 3601/785 4305/1565 
f 3167/343 4349/1613 3601/785 4282/1542 
f 3168/344 4283/1543 3601/785 4349/1613 
f 3146/318 4305/1565 3601/785 4283/1543 
f 3221/405 4451/1723 3602/786 4450/1722 
f 3222/406 4452/1724 3602/786 4451/1723 
f 3219/403 4449/1721 3602/786 4452/1724 
f 3220/404 4450/1722 3602/786 4449/1721 
f 3165/340 4323/1586 3603/787 4329/1593 
f 2996/95 3980/1208 3603/787 4323/1586 
f 2995/94 3981/1209 3603/787 3980/1208 
f 3166/341 4329/1593 3603/787 3981/1209 
f 3164/339 4322/1585 3604/788 4330/1594 
f 2997/96 3983/1212 3604/788 4322/1585 
f 2996/95 4323/1586 3604/788 3983/1212 
f 3165/340 4330/1594 3604/788 4323/1586 
f 3163/338 4321/1584 3605/789 4331/1595 
f 2998/97 3985/1214 3605/789 4321/1584 
f 2997/96 4322/1585 3605/789 3985/1214 
f 3164/339 4331/1595 3605/789 4322/1585 
f 3162/337 4320/1583 3606/790 4332/1596 
f 2999/98 3987/1216 3606/790 4320/1583 
f 2998/97 4321/1584 3606/790 3987/1216 
f 3163/338 4332/1596 3606/790 4321/1584 
f 3161/336 4319/1582 3607/791 4333/1597 
f 3000/99 3989/1218 3607/791 4319/1582 
f 2999/98 4320/1583 3607/791 3989/1218 
f 3162/337 4333/1597 3607/791 4320/1583 
f 3160/334 4318/1580 3608/792 4334/1598 
f 3001/100 3991/1221 3608/792 4318/1580 
f 3000/99 4319/1582 3608/792 3991/1221 
f 3161/336 4334/1598 3608/792 4319/1582 
f 3159/333 4317/1579 3609/793 4335/1599 
f 3002/136 4039/1277 3609/793 4317/1579 
f 3001/135 4318/1581 3609/793 4039/1277 
f 3160/335 4335/1599 3609/793 4318/1581 
f 3158/332 4316/1578 3610/794 4336/1600 
f 3003/137 4041/1279 3610/794 4316/1578 
f 3002/136 4317/1579 3610/794 4041/1279 
f 3159/333 4336/1600 3610/794 4317/1579 
f 3157/331 4315/1577 3611/795 4337/1601 
f 3004/138 4043/1281 3611/795 4315/1577 
f 3003/137 4316/1578 3611/795 4043/1281 
f 3158/332 4337/1601 3611/795 4316/1578 
f 3156/330 4314/1576 3612/796 4338/1602 
f 3005/139 4045/1283 3612/796 4314/1576 
f 3004/138 4315/1577 3612/796 4045/1283 
f 3157/331 4338/1602 3612/796 4315/1577 
f 3155/328 4313/1574 3613/797 4339/1603 
f 3006/140 4047/1286 3613/797 4313/1574 
f 3005/139 4314/1576 3613/797 4047/1286 
f 3156/330 4339/1603 3613/797 4314/1576 
f 3154/327 4312/1573 3614/798 4340/1604 
f 3007/173 4084/1327 3614/798 4312/1573 
f 3006/172 4313/1575 3614/798 4084/1327 
f 3155/329 4340/1604 3614/798 4313/1575 
f 3153/326 4311/1572 3615/799 4341/1605 
f 3008/174 4086/1329 3615/799 4311/1572 
f 3007/173 4312/1573 3615/799 4086/1329 
f 3154/327 4341/1605 3615/799 4312/1573 
f 3152/325 4310/1571 3616/800 4342/1606 
f 3009/175 4088/1331 3616/800 4310/1571 
f 3008/174 4311/1572 3616/800 4088/1331 
f 3153/326 4342/1606 3616/800 4311/1572 
f 3151/324 4309/1570 3617/801 4343/1607 
f 3010/176 4090/1333 3617/801 4309/1570 
f 3009/175 4310/1571 3617/801 4090/1333 
f 3152/325 4343/1607 3617/801 4310/1571 
f 3150/323 4308/1569 3618/802 4344/1608 
f 3011/177 4092/1335 3618/802 4308/1569 
f 3010/176 4309/1570 3618/802 4092/1335 
f 3151/324 4344/1608 3618/802 4309/1570 
f 3149/321 4307/1567 3619/803 4345/1609 
f 3012/178 4094/1338 3619/803 4307/1567 
f 3011/177 4308/1569 3619/803 4094/1338 
f 3150/323 4345/1609 3619/803 4308/1569 
f 3170/346 4328/1592 3620/804 4346/1610 
f 3013/214 4138/1386 3620/804 4328/1592 
f 3012/213 4307/1568 3620/804 4138/1386 
f 3149/322 4346/1610 3620/804 4307/1568 
f 3169/345 4327/1591 3621/805 4347/1611 
f 3014/215 4140/1388 3621/805 4327/1591 
f 3013/214 4328/1592 3621/805 4140/1388 
f 3170/346 4347/1611 3621/805 4328/1592 
f 3168/344 4326/1590 3622/806 4348/1612 
f 3015/216 4142/1390 3622/806 4326/1590 
f 3014/215 4327/1591 3622/806 4142/1390 
f 3169/345 4348/1612 3622/806 4327/1591 
f 3167/343 4325/1589 3623/807 4349/1613 
f 3016/217 4144/1392 3623/807 4325/1589 
f 3015/216 4326/1590 3623/807 4144/1392 
f 3168/344 4349/1613 3623/807 4326/1590 
f 3166/342 3981/1210 3624/808 4350/1614 
f 2995/218 4145/1393 3624/808 3981/1210 
f 3016/217 4325/1589 3624/808 4145/1393 
f 3167/343 4350/1614 3624/808 4325/1589 
f 3191/370 4371/1638 3625/809 4373/1641 
f 3213/396 4417/1689 3625/809 4371/1638 
f 3214/397 4416/1687 3625/809 4417/1689 
f 3192/371 4373/1641 3625/809 4416/1687 
f 3190/369 4370/1637 3626/810 4374/1642 
f 3212/395 4418/1690 3626/810 4370/1637 
f 3213/396 4371/1638 3626/810 4418/1690 
f 3191/370 4374/1642 3626/810 4371/1638 
f 3189/368 4369/1636 3627/811 4375/1643 
f 3211/394 4419/1691 3627/811 4369/1636 
f 3212/395 4370/1637 3627/811 4419/1691 
f 3190/369 4375/1643 3627/811 4370/1637 
f 3188/367 4368/1635 3628/812 4376/1644 
f 3210/393 4420/1692 3628/812 4368/1635 
f 3211/394 4369/1636 3628/812 4420/1692 
f 3189/368 4376/1644 3628/812 4369/1636 
f 3187/366 4367/1634 3629/813 4377/1645 
f 3209/392 4421/1693 3629/813 4367/1634 
f 3210/393 4368/1635 3629/813 4421/1693 
f 3188/367 4377/1645 3629/813 4368/1635 
f 3186/364 4366/1632 3630/814 4378/1646 
f 3208/390 4422/1694 3630/814 4366/1632 
f 3209/392 4367/1634 3630/814 4422/1694 
f 3187/366 4378/1646 3630/814 4367/1634 
f 3185/363 4365/1631 3631/815 4379/1647 
f 3207/389 4423/1695 3631/815 4365/1631 
f 3208/391 4366/1633 3631/815 4423/1695 
f 3186/365 4379/1647 3631/815 4366/1633 
f 3184/362 4364/1630 3632/816 4380/1648 
f 3206/388 4424/1696 3632/816 4364/1630 
f 3207/389 4365/1631 3632/816 4424/1696 
f 3185/363 4380/1648 3632/816 4365/1631 
f 3183/361 4363/1629 3633/817 4381/1649 
f 3205/387 4425/1697 3633/817 4363/1629 
f 3206/388 4364/1630 3633/817 4425/1697 
f 3184/362 4381/1649 3633/817 4364/1630 
f 3182/360 4362/1628 3634/818 4382/1650 
f 3204/386 4426/1698 3634/818 4362/1628 
f 3205/387 4363/1629 3634/818 4426/1698 
f 3183/361 4382/1650 3634/818 4363/1629 
f 3181/358 4361/1626 3635/819 4383/1651 
f 3203/384 4427/1699 3635/819 4361/1626 
f 3204/386 4362/1628 3635/819 4427/1699 
f 3182/360 4383/1651 3635/819 4362/1628 
f 3180/357 4360/1625 3636/820 4384/1652 
f 3202/383 4428/1700 3636/820 4360/1625 
f 3203/385 4361/1627 3636/820 4428/1700 
f 3181/359 4384/1652 3636/820 4361/1627 
f 3179/356 4359/1624 3637/821 4385/1653 
f 3201/382 4429/1701 3637/821 4359/1624 
f 3202/383 4360/1625 3637/821 4429/1701 
f 3180/357 4385/1653 3637/821 4360/1625 
f 3178/355 4358/1623 3638/822 4386/1654 
f 3200/381 4430/1702 3638/822 4358/1623 
f 3201/382 4359/1624 3638/822 4430/1702 
f 3179/356 4386/1654 3638/822 4359/1624 
f 3177/354 4357/1622 3639/823 4387/1655 
f 3199/380 4431/1703 3639/823 4357/1622 
f 3200/381 4358/1623 3639/823 4431/1703 
f 3178/355 4387/1655 3639/823 4358/1623 
f 3176/353 4356/1621 3640/824 4388/1656 
f 3198/379 4432/1704 3640/824 4356/1621 
f 3199/380 4357/1622 3640/824 4432/1704 
f 3177/354 4388/1656 3640/824 4357/1622 
f 3175/351 4355/1619 3641/825 4389/1657 
f 3197/377 4433/1705 3641/825 4355/1619 
f 3198/379 4356/1621 3641/825 4433/1705 
f 3176/353 4389/1657 3641/825 4356/1621 
f 3174/350 4354/1618 3642/826 4390/1658 
f 3196/376 4434/1706 3642/826 4354/1618 
f 3197/378 4355/1620 3642/826 4434/1706 
f 3175/352 4390/1658 3642/826 4355/1620 
f 3173/349 4353/1617 3643/827 4391/1659 
f 3195/375 4435/1707 3643/827 4353/1617 
f 3196/376 4354/1618 3643/827 4435/1707 
f 3174/350 4391/1659 3643/827 4354/1618 
f 3172/348 4352/1616 3644/828 4392/1660 
f 3194/374 4436/1708 3644/828 4352/1616 
f 3195/375 4353/1617 3644/828 4436/1708 
f 3173/349 4392/1660 3644/828 4353/1617 
f 3171/347 4351/1615 3645/829 4393/1661 
f 3193/373 4437/1709 3645/829 4351/1615 
f 3194/374 4352/1616 3645/829 4437/1709 
f 3172/348 4393/1661 3645/829 4352/1616 
f 3192/372 4416/1688 3646/830 4394/1662 
f 3214/398 4438/1710 3646/830 4416/1688 
f 3193/373 4351/1615 3646/830 4438/1710 
f 3171/347 4394/1662 3646/830 4351/1615 
f 3213/396 4415/1686 3647/831 4417/1689 
f 2954/123 3908/1115 3647/831 4415/1686 
f 2953/122 4032/1268 3647/831 3908/1115 
f 3214/397 4417/1689 3647/831 4032/1268 
f 3212/395 4414/1685 3648/832 4418/1690 
f 2955/124 3912/1121 3648/832 4414/1685 
f 2954/123 4415/1686 3648/832 3912/1121 
f 3213/396 4418/1690 3648/832 4415/1686 
f 3211/394 4413/1684 3649/833 4419/1691 
f 2956/125 3915/1125 3649/833 4413/1684 
f 2955/124 4414/1685 3649/833 3915/1125 
f 3212/395 4419/1691 3649/833 4414/1685 
f 3210/393 4412/1683 3650/834 4420/1692 
f 2957/126 3918/1129 3650/834 4412/1683 
f 2956/125 4413/1684 3650/834 3918/1129 
f 3211/394 4420/1692 3650/834 4413/1684 
f 3209/392 4411/1682 3651/835 4421/1693 
f 2958/127 3921/1133 3651/835 4411/1682 
f 2957/126 4412/1683 3651/835 3921/1133 
f 3210/393 4421/1693 3651/835 4412/1683 
f 3208/390 4410/1680 3652/836 4422/1694 
f 2959/128 3924/1137 3652/836 4410/1680 
f 2958/127 4411/1682 3652/836 3924/1137 
f 3209/392 4422/1694 3652/836 4411/1682 
f 3207/389 4409/1679 3653/837 4423/1695 
f 2966/160 3925/1139 3653/837 4409/1679 
f 2959/159 4410/1681 3653/837 3925/1139 
f 3208/391 4423/1695 3653/837 4410/1681 
f 3206/388 4408/1678 3654/838 4424/1696 
f 2973/161 3938/1154 3654/838 4408/1678 
f 2966/160 4409/1679 3654/838 3938/1154 
f 3207/389 4424/1696 3654/838 4409/1679 
f 3205/387 4407/1677 3655/839 4425/1697 
f 2980/162 3951/1169 3655/839 4407/1677 
f 2973/161 4408/1678 3655/839 3951/1169 
f 3206/388 4425/1697 3655/839 4408/1678 
f 3204/386 4406/1676 3656/840 4426/1698 
f 2987/163 3964/1184 3656/840 4406/1676 
f 2980/162 4407/1677 3656/840 3964/1184 
f 3205/387 4426/1698 3656/840 4407/1677 
f 3203/384 4405/1674 3657/841 4427/1699 
f 2994/164 3977/1204 3657/841 4405/1674 
f 2987/163 4406/1676 3657/841 3977/1204 
f 3204/386 4427/1699 3657/841 4406/1676 
f 3202/383 4404/1673 3658/842 4428/1700 
f 2993/201 3978/1206 3658/842 4404/1673 
f 2994/200 4405/1675 3658/842 3978/1206 
f 3203/385 4428/1700 3658/842 4405/1675 
f 3201/382 4403/1672 3659/843 4429/1701 
f 2992/202 3976/1202 3659/843 4403/1672 
f 2993/201 4404/1673 3659/843 3976/1202 
f 3202/383 4429/1701 3659/843 4404/1673 
f 3200/381 4402/1671 3660/844 4430/1702 
f 2991/203 3974/1199 3660/844 4402/1671 
f 2992/202 4403/1672 3660/844 3974/1199 
f 3201/382 4430/1702 3660/844 4403/1672 
f 3199/380 4401/1670 3661/845 4431/1703 
f 2990/204 3972/1196 3661/845 4401/1670 
f 2991/203 4402/1671 3661/845 3972/1196 
f 3200/381 4431/1703 3661/845 4402/1671 
f 3198/379 4400/1669 3662/846 4432/1704 
f 2989/205 3970/1193 3662/846 4400/1669 
f 2990/204 4401/1670 3662/846 3970/1193 
f 3199/380 4432/1704 3662/846 4401/1670 
f 3197/377 4399/1667 3663/847 4433/1705 
f 2988/206 3967/1188 3663/847 4399/1667 
f 2989/205 4400/1669 3663/847 3967/1188 
f 3198/379 4433/1705 3663/847 4400/1669 
f 3196/376 4398/1666 3664/848 4434/1706 
f 2981/238 3968/1190 3664/848 4398/1666 
f 2988/237 4399/1668 3664/848 3968/1190 
f 3197/378 4434/1706 3664/848 4399/1668 
f 3195/375 4397/1665 3665/849 4435/1707 
f 2974/239 3955/1174 3665/849 4397/1665 
f 2981/238 4398/1666 3665/849 3955/1174 
f 3196/376 4435/1707 3665/849 4398/1666 
f 3194/374 4396/1664 3666/850 4436/1708 
f 2967/240 3942/1159 3666/850 4396/1664 
f 2974/239 4397/1665 3666/850 3942/1159 
f 3195/375 4436/1708 3666/850 4397/1665 
f 3193/373 4395/1663 3667/851 4437/1709 
f 2960/241 3929/1144 3667/851 4395/1663 
f 2967/240 4396/1664 3667/851 3929/1144 
f 3194/374 4437/1709 3667/851 4396/1664 
f 3214/398 4032/1269 3668/852 4438/1710 
f 2953/242 3911/1119 3668/852 4032/1269 
f 2960/241 4395/1663 3668/852 3911/1119 
f 3193/373 4438/1710 3668/852 4395/1663 
f 3093/255 4186/1436 3669/853 4206/1458 
f 3048/150 4063/1303 3669/853 4186/1436 
f 3047/149 4187/1437 3669/853 4063/1303 
f 3094/256 4206/1458 3669/853 4187/1437 
f 3093/255 4207/1459 3670/854 4186/1436 
f 3092/254 4185/1435 3670/854 4207/1459 
f 3049/151 4065/1305 3670/854 4185/1435 
f 3048/150 4186/1436 3670/854 4065/1305 
f 3157/331 4272/1530 3671/855 4338/1602 
f 3135/305 4294/1554 3671/855 4272/1530 
f 3134/304 4271/1529 3671/855 4294/1554 
f 3156/330 4338/1602 3671/855 4271/1529 
f 3136/306 4293/1553 3672/856 4273/1531 
f 3135/305 4272/1530 3672/856 4293/1553 
f 3157/331 4337/1601 3672/856 4272/1530 
f 3158/332 4273/1531 3672/856 4337/1601 
f 3168/344 4348/1612 3673/857 4283/1543 
f 3169/345 4439/1711 3673/857 4348/1612 
f 3147/319 4304/1564 3673/857 4439/1711 
f 3146/318 4283/1543 3673/857 4304/1564 
f 3169/345 4347/1611 3674/858 4439/1711 
f 3170/346 4284/1544 3674/858 4347/1611 
f 3148/320 4303/1563 3674/858 4284/1544 
f 3147/319 4439/1711 3674/858 4303/1563 
f 3084/244 4216/1468 3675/859 4177/1425 
f 3083/243 4440/1712 3675/859 4216/1468 
f 3058/227 4158/1406 3675/859 4440/1712 
f 3057/226 4177/1425 3675/859 4158/1406 
f 3083/243 4217/1469 3676/860 4440/1712 
f 3104/268 4197/1449 3676/860 4217/1469 
f 3059/228 4160/1408 3676/860 4197/1449 
f 3058/227 4440/1712 3676/860 4160/1408 
f 3137/307 4274/1532 3677/861 4445/1717 
f 3159/333 4446/1718 3677/861 4274/1532 
f 3240/424 4493/1765 3677/861 4446/1718 
f 3241/425 4445/1717 3677/861 4493/1765 
f 3159/333 4335/1599 3678/862 4446/1718 
f 3160/335 4447/1719 3678/862 4335/1599 
f 3239/423 4494/1766 3678/862 4447/1719 
f 3240/424 4446/1718 3678/862 4494/1766 
f 3160/335 4275/1533 3679/863 4447/1719 
f 3138/309 4448/1720 3679/863 4275/1533 
f 3242/426 4495/1767 3679/863 4448/1720 
f 3239/423 4447/1719 3679/863 4495/1767 
f 3138/309 4291/1551 3680/864 4448/1720 
f 3137/307 4445/1717 3680/864 4291/1551 
f 3241/425 4496/1768 3680/864 4445/1717 
f 3242/426 4448/1720 3680/864 4496/1768 
f 3167/343 4282/1542 3681/865 4453/1725 
f 3145/317 4454/1726 3681/865 4282/1542 
f 3225/409 4461/1733 3681/865 4454/1726 
f 3226/410 4453/1725 3681/865 4461/1733 
f 3145/317 4306/1566 3682/866 4454/1726 
f 3144/316 4455/1727 3682/866 4306/1566 
f 3224/408 4462/1734 3682/866 4455/1727 
f 3225/409 4454/1726 3682/866 4462/1734 
f 3144/316 4324/1587 3683/867 4455/1727 
f 3166/342 4456/1728 3683/867 4324/1587 
f 3223/407 4463/1735 3683/867 4456/1728 
f 3224/408 4455/1727 3683/867 4463/1735 
f 3166/342 4350/1614 3684/868 4456/1728 
f 3167/343 4453/1725 3684/868 4350/1614 
f 3226/410 4464/1736 3684/868 4453/1725 
f 3223/407 4456/1728 3684/868 4464/1736 
f 3225/409 4459/1731 3685/869 4461/1733 
f 3229/413 4469/1741 3685/869 4459/1731 
f 3230/414 4460/1732 3685/869 4469/1741 
f 3226/410 4461/1733 3685/869 4460/1732 
f 3224/408 4458/1730 3686/870 4462/1734 
f 3228/412 4470/1742 3686/870 4458/1730 
f 3229/413 4459/1731 3686/870 4470/1742 
f 3225/409 4462/1734 3686/870 4459/1731 
f 3223/407 4457/1729 3687/871 4463/1735 
f 3227/411 4471/1743 3687/871 4457/1729 
f 3228/412 4458/1730 3687/871 4471/1743 
f 3224/408 4463/1735 3687/871 4458/1730 
f 3226/410 4460/1732 3688/872 4464/1736 
f 3230/414 4472/1744 3688/872 4460/1732 
f 3227/411 4457/1729 3688/872 4472/1744 
f 3223/407 4464/1736 3688/872 4457/1729 
f 3229/413 4467/1739 3689/873 4469/1741 
f 3233/417 4477/1749 3689/873 4467/1739 
f 3234/418 4468/1740 3689/873 4477/1749 
f 3230/414 4469/1741 3689/873 4468/1740 
f 3228/412 4466/1738 3690/874 4470/1742 
f 3232/416 4478/1750 3690/874 4466/1738 
f 3233/417 4467/1739 3690/874 4478/1750 
f 3229/413 4470/1742 3690/874 4467/1739 
f 3227/411 4465/1737 3691/875 4471/1743 
f 3231/415 4479/1751 3691/875 4465/1737 
f 3232/416 4466/1738 3691/875 4479/1751 
f 3228/412 4471/1743 3691/875 4466/1738 
f 3230/414 4468/1740 3692/876 4472/1744 
f 3234/418 4480/1752 3692/876 4468/1740 
f 3231/415 4465/1737 3692/876 4480/1752 
f 3227/411 4472/1744 3692/876 4465/1737 
f 3233/417 4475/1747 3693/877 4477/1749 
f 3237/421 4485/1757 3693/877 4475/1747 
f 3238/422 4476/1748 3693/877 4485/1757 
f 3234/418 4477/1749 3693/877 4476/1748 
f 3232/416 4474/1746 3694/878 4478/1750 
f 3236/420 4486/1758 3694/878 4474/1746 
f 3237/421 4475/1747 3694/878 4486/1758 
f 3233/417 4478/1750 3694/878 4475/1747 
f 3231/415 4473/1745 3695/879 4479/1751 
f 3235/419 4487/1759 3695/879 4473/1745 
f 3236/420 4474/1746 3695/879 4487/1759 
f 3232/416 4479/1751 3695/879 4474/1746 
f 3234/418 4476/1748 3696/880 4480/1752 
f 3238/422 4488/1760 3696/880 4476/1748 
f 3235/419 4473/1745 3696/880 4488/1760 
f 3231/415 4480/1752 3696/880 4473/1745 
f 3237/421 4483/1755 3697/881 4485/1757 
f 3220/404 4449/1721 3697/881 4483/1755 
f 3219/403 4484/1756 3697/881 4449/1721 
f 3238/422 4485/1757 3697/881 4484/1756 
f 3236/420 4482/1754 3698/882 4486/1758 
f 3221/405 4450/1722 3698/882 4482/1754 
f 3220/404 4483/1755 3698/882 4450/1722 
f 3237/421 4486/1758 3698/882 4483/1755 
f 3235/419 4481/1753 3699/883 4487/1759 
f 3222/406 4451/1723 3699/883 4481/1753 
f 3221/405 4482/1754 3699/883 4451/1723 
f 3236/420 4487/1759 3699/883 4482/1754 
f 3238/422 4484/1756 3700/884 4488/1760 
f 3219/403 4452/1724 3700/884 4484/1756 
f 3222/406 4481/1753 3700/884 4452/1724 
f 3235/419 4488/1760 3700/884 4481/1753 
f 3240/424 4490/1762 3701/885 4493/1765 
f 3244/428 4501/1773 3701/885 4490/1762 
f 3245/429 4491/1763 3701/885 4501/1773 
f 3241/425 4493/1765 3701/885 4491/1763 
f 3239/423 4489/1761 3702/886 4494/1766 
f 3243/427 4502/1774 3702/886 4489/1761 
f 3244/428 4490/1762 3702/886 4502/1774 
f 3240/424 4494/1766 3702/886 4490/1762 
f 3242/426 4492/1764 3703/887 4495/1767 
f 3246/430 4503/1775 3703/887 4492/1764 
f 3243/427 4489/1761 3703/887 4503/1775 
f 3239/423 4495/1767 3703/887 4489/1761 
f 3241/425 4491/1763 3704/888 4496/1768 
f 3245/429 4504/1776 3704/888 4491/1763 
f 3246/430 4492/1764 3704/888 4504/1776 
f 3242/426 4496/1768 3704/888 4492/1764 
f 3244/428 4498/1770 3705/889 4501/1773 
f 3248/432 4509/1781 3705/889 4498/1770 
f 3249/433 4499/1771 3705/889 4509/1781 
f 3245/429 4501/1773 3705/889 4499/1771 
f 3243/427 4497/1769 3706/890 4502/1774 
f 3247/431 4510/1782 3706/890 4497/1769 
f 3248/432 4498/1770 3706/890 4510/1782 
f 3244/428 4502/1774 3706/890 4498/1770 
f 3246/430 4500/1772 3707/891 4503/1775 
f 3250/434 4511/1783 3707/891 4500/1772 
f 3247/431 4497/1769 3707/891 4511/1783 
f 3243/427 4503/1775 3707/891 4497/1769 
f 3245/429 4499/1771 3708/892 4504/1776 
f 3249/433 4512/1784 3708/892 4499/1771 
f 3250/434 4500/1772 3708/892 4512/1784 
f 3246/430 4504/1776 3708/892 4500/1772 
f 3248/432 4506/1778 3709/893 4509/1781 
f 3252/436 4517/1789 3709/893 4506/1778 
f 3253/437 4507/1779 3709/893 4517/1789 
f 3249/433 4509/1781 3709/893 4507/1779 
f 3247/431 4505/1777 3710/894 4510/1782 
f 3251/435 4518/1790 3710/894 4505/1777 
f 3252/436 4506/1778 3710/894 4518/1790 
f 3248/432 4510/1782 3710/894 4506/1778 
f 3250/434 4508/1780 3711/895 4511/1783 
f 3254/438 4519/1791 3711/895 4508/1780 
f 3251/435 4505/1777 3711/895 4519/1791 
f 3247/431 4511/1783 3711/895 4505/1777 
f 3249/433 4507/1779 3712/896 4512/1784 
f 3253/437 4520/1792 3712/896 4507/1779 
f 3254/438 4508/1780 3712/896 4520/1792 
f 3250/434 4512/1784 3712/896 4508/1780 
f 3252/436 4514/1786 3713/897 4517/1789 
f 3216/400 4441/1713 3713/897 4514/1786 
f 3215/399 4515/1787 3713/897 4441/1713 
f 3253/437 4517/1789 3713/897 4515/1787 
f 3251/435 4513/1785 3714/898 4518/1790 
f 3217/401 4442/1714 3714/898 4513/1785 
f 3216/400 4514/1786 3714/898 4442/1714 
f 3252/436 4518/1790 3714/898 4514/1786 
f 3254/438 4516/1788 3715/899 4519/1791 
f 3218/402 4443/1715 3715/899 4516/1788 
f 3217/401 4513/1785 3715/899 4443/1715 
f 3251/435 4519/1791 3715/899 4513/1785 
f 3253/437 4515/1787 3716/900 4520/1792 
f 3215/399 4444/1716 3716/900 4515/1787 
f 3218/402 4516/1788 3716/900 4444/1716 
f 3254/438 4520/1792 3716/900 4516/1788 
f 3132/301 4269/1526 3717/901 4525/1797 
f 3154/327 4526/1798 3717/901 4269/1526 
f 3276/460 4565/1837 3717/901 4526/1798 
f 3277/461 4525/1797 3717/901 4565/1837 
f 3154/327 4340/1604 3718/902 4526/1798 
f 3155/329 4527/1799 3718/902 4340/1604 
f 3275/459 4566/1838 3718/902 4527/1799 
f 3276/460 4526/1798 3718/902 4566/1838 
f 3155/329 4270/1527 3719/903 4527/1799 
f 3133/303 4528/1800 3719/903 4270/1527 
f 3278/462 4567/1839 3719/903 4528/1800 
f 3275/459 4527/1799 3719/903 4567/1839 
f 3133/303 4296/1556 3720/904 4528/1800 
f 3132/301 4525/1797 3720/904 4296/1556 
f 3277/461 4568/1840 3720/904 4525/1797 
f 3278/462 4528/1800 3720/904 4568/1840 
f 3127/295 4264/1520 3721/905 4533/1805 
f 3149/321 4534/1806 3721/905 4264/1520 
f 3280/464 4573/1845 3721/905 4534/1806 
f 3281/465 4533/1805 3721/905 4573/1845 
f 3149/321 4345/1609 3722/906 4534/1806 
f 3150/323 4535/1807 3722/906 4345/1609 
f 3279/463 4574/1846 3722/906 4535/1807 
f 3280/464 4534/1806 3722/906 4574/1846 
f 3150/323 4265/1522 3723/907 4535/1807 
f 3128/297 4536/1808 3723/907 4265/1522 
f 3282/466 4575/1847 3723/907 4536/1808 
f 3279/463 4535/1807 3723/907 4575/1847 
f 3128/297 4301/1561 3724/908 4536/1808 
f 3127/295 4533/1805 3724/908 4301/1561 
f 3281/465 4576/1848 3724/908 4533/1805 
f 3282/466 4536/1808 3724/908 4576/1848 
f 3264/448 4538/1810 3725/909 4541/1813 
f 3256/440 4521/1793 3725/909 4538/1810 
f 3255/439 4539/1811 3725/909 4521/1793 
f 3265/449 4541/1813 3725/909 4539/1811 
f 3263/447 4537/1809 3726/910 4542/1814 
f 3257/441 4522/1794 3726/910 4537/1809 
f 3256/440 4538/1810 3726/910 4522/1794 
f 3264/448 4542/1814 3726/910 4538/1810 
f 3266/450 4540/1812 3727/911 4543/1815 
f 3258/442 4523/1795 3727/911 4540/1812 
f 3257/441 4537/1809 3727/911 4523/1795 
f 3263/447 4543/1815 3727/911 4537/1809 
f 3265/449 4539/1811 3728/912 4544/1816 
f 3255/439 4524/1796 3728/912 4539/1811 
f 3258/442 4540/1812 3728/912 4524/1796 
f 3266/450 4544/1816 3728/912 4540/1812 
f 3268/452 4546/1818 3729/913 4549/1821 
f 3264/448 4541/1813 3729/913 4546/1818 
f 3265/449 4547/1819 3729/913 4541/1813 
f 3269/453 4549/1821 3729/913 4547/1819 
f 3267/451 4545/1817 3730/914 4550/1822 
f 3263/447 4542/1814 3730/914 4545/1817 
f 3264/448 4546/1818 3730/914 4542/1814 
f 3268/452 4550/1822 3730/914 4546/1818 
f 3270/454 4548/1820 3731/915 4551/1823 
f 3266/450 4543/1815 3731/915 4548/1820 
f 3263/447 4545/1817 3731/915 4543/1815 
f 3267/451 4551/1823 3731/915 4545/1817 
f 3269/453 4547/1819 3732/916 4552/1824 
f 3265/449 4544/1816 3732/916 4547/1819 
f 3266/450 4548/1820 3732/916 4544/1816 
f 3270/454 4552/1824 3732/916 4548/1820 
f 3272/456 4554/1826 3733/917 4557/1829 
f 3268/452 4549/1821 3733/917 4554/1826 
f 3269/453 4555/1827 3733/917 4549/1821 
f 3273/457 4557/1829 3733/917 4555/1827 
f 3271/455 4553/1825 3734/918 4558/1830 
f 3267/451 4550/1822 3734/918 4553/1825 
f 3268/452 4554/1826 3734/918 4550/1822 
f 3272/456 4558/1830 3734/918 4554/1826 
f 3274/458 4556/1828 3735/919 4559/1831 
f 3270/454 4551/1823 3735/919 4556/1828 
f 3267/451 4553/1825 3735/919 4551/1823 
f 3271/455 4559/1831 3735/919 4553/1825 
f 3273/457 4555/1827 3736/920 4560/1832 
f 3269/453 4552/1824 3736/920 4555/1827 
f 3270/454 4556/1828 3736/920 4552/1824 
f 3274/458 4560/1832 3736/920 4556/1828 
f 3276/460 4562/1834 3737/921 4565/1837 
f 3272/456 4557/1829 3737/921 4562/1834 
f 3273/457 4563/1835 3737/921 4557/1829 
f 3277/461 4565/1837 3737/921 4563/1835 
f 3275/459 4561/1833 3738/922 4566/1838 
f 3271/455 4558/1830 3738/922 4561/1833 
f 3272/456 4562/1834 3738/922 4558/1830 
f 3276/460 4566/1838 3738/922 4562/1834 
f 3278/462 4564/1836 3739/923 4567/1839 
f 3274/458 4559/1831 3739/923 4564/1836 
f 3271/455 4561/1833 3739/923 4559/1831 
f 3275/459 4567/1839 3739/923 4561/1833 
f 3277/461 4563/1835 3740/924 4568/1840 
f 3273/457 4560/1832 3740/924 4563/1835 
f 3274/458 4564/1836 3740/924 4560/1832 
f 3278/462 4568/1840 3740/924 4564/1836 
f 3280/464 4570/1842 3741/925 4573/1845 
f 3284/468 4581/1853 3741/925 4570/1842 
f 3285/469 4571/1843 3741/925 4581/1853 
f 3281/465 4573/1845 3741/925 4571/1843 
f 3279/463 4569/1841 3742/926 4574/1846 
f 3283/467 4582/1854 3742/926 4569/1841 
f 3284/468 4570/1842 3742/926 4582/1854 
f 3280/464 4574/1846 3742/926 4570/1842 
f 3282/466 4572/1844 3743/927 4575/1847 
f 3286/470 4583/1855 3743/927 4572/1844 
f 3283/467 4569/1841 3743/927 4583/1855 
f 3279/463 4575/1847 3743/927 4569/1841 
f 3281/465 4571/1843 3744/928 4576/1848 
f 3285/469 4584/1856 3744/928 4571/1843 
f 3286/470 4572/1844 3744/928 4584/1856 
f 3282/466 4576/1848 3744/928 4572/1844 
f 3284/468 4578/1850 3745/929 4581/1853 
f 3288/472 4589/1861 3745/929 4578/1850 
f 3289/473 4579/1851 3745/929 4589/1861 
f 3285/469 4581/1853 3745/929 4579/1851 
f 3283/467 4577/1849 3746/930 4582/1854 
f 3287/471 4590/1862 3746/930 4577/1849 
f 3288/472 4578/1850 3746/930 4590/1862 
f 3284/468 4582/1854 3746/930 4578/1850 
f 3286/470 4580/1852 3747/931 4583/1855 
f 3290/474 4591/1863 3747/931 4580/1852 
f 3287/471 4577/1849 3747/931 4591/1863 
f 3283/467 4583/1855 3747/931 4577/1849 
f 3285/469 4579/1851 3748/932 4584/1856 
f 3289/473 4592/1864 3748/932 4579/1851 
f 3290/474 4580/1852 3748/932 4592/1864 
f 3286/470 4584/1856 3748/932 4580/1852 
f 3288/472 4586/1858 3749/933 4589/1861 
f 3292/476 4597/1869 3749/933 4586/1858 
f 3293/477 4587/1859 3749/933 4597/1869 
f 3289/473 4589/1861 3749/933 4587/1859 
f 3287/471 4585/1857 3750/934 4590/1862 
f 3291/475 4598/1870 3750/934 4585/1857 
f 3292/476 4586/1858 3750/934 4598/1870 
f 3288/472 4590/1862 3750/934 4586/1858 
f 3290/474 4588/1860 3751/935 4591/1863 
f 3294/478 4599/1871 3751/935 4588/1860 
f 3291/475 4585/1857 3751/935 4599/1871 
f 3287/471 4591/1863 3751/935 4585/1857 
f 3289/473 4587/1859 3752/936 4592/1864 
f 3293/477 4600/1872 3752/936 4587/1859 
f 3294/478 4588/1860 3752/936 4600/1872 
f 3290/474 4592/1864 3752/936 4588/1860 
f 3292/476 4594/1866 3753/937 4597/1869 
f 3260/444 4529/1801 3753/937 4594/1866 
f 3259/443 4595/1867 3753/937 4529/1801 
f 3293/477 4597/1869 3753/937 4595/1867 
f 3291/475 4593/1865 3754/938 4598/1870 
f 3261/445 4530/1802 3754/938 4593/1865 
f 3260/444 4594/1866 3754/938 4530/1802 
f 3292/476 4598/1870 3754/938 4594/1866 
f 3294/478 4596/1868 3755/939 4599/1871 
f 3262/446 4531/1803 3755/939 4596/1868 
f 3261/445 4593/1865 3755/939 4531/1803 
f 3291/475 4599/1871 3755/939 4593/1865 
f 3293/477 4595/1867 3756/940 4600/1872 
f 3259/443 4532/1804 3756/940 4595/1867 
f 3262/446 4596/1868 3756/940 4532/1804 
f 3294/478 4600/1872 3756/940 4596/1868 
f 3056/192 4118/1364 3757/941 4605/1877 
f 3055/191 4606/1878 3757/941 4118/1364 
f 3303/487 4621/1893 3757/941 4606/1878 
f 3304/488 4605/1877 3757/941 4621/1893 
f 3055/191 4179/1428 3758/942 4606/1878 
f 3086/247 4607/1879 3758/942 4179/1428 
f 3306/490 4622/1894 3758/942 4607/1879 
f 3303/487 4606/1878 3758/942 4622/1894 
f 3086/247 4214/1466 3759/943 4607/1879 
f 3085/245 4608/1880 3759/943 4214/1466 
f 3305/489 4623/1895 3759/943 4608/1880 
f 3306/490 4607/1879 3759/943 4623/1895 
f 3085/245 4178/1426 3760/944 4608/1880 
f 3056/192 4605/1877 3760/944 4178/1426 
f 3304/488 4624/1896 3760/944 4605/1877 
f 3305/489 4608/1880 3760/944 4624/1896 
f 3102/266 4007/1239 3761/945 4613/1885 
f 3039/230 4614/1886 3761/945 4007/1239 
f 3315/499 4645/1917 3761/945 4614/1886 
f 3316/500 4613/1885 3761/945 4645/1917 
f 3039/230 4163/1411 3762/946 4614/1886 
f 3060/229 4615/1887 3762/946 4163/1411 
f 3318/502 4646/1918 3762/946 4615/1887 
f 3315/499 4614/1886 3762/946 4646/1918 
f 3060/229 4196/1448 3763/947 4615/1887 
f 3103/267 4616/1888 3763/947 4196/1448 
f 3317/501 4647/1919 3763/947 4616/1888 
f 3318/502 4615/1887 3763/947 4647/1919 
f 3103/267 4219/1471 3764/948 4616/1888 
f 3102/266 4613/1885 3764/948 4219/1471 
f 3316/500 4648/1920 3764/948 4613/1885 
f 3317/501 4616/1888 3764/948 4648/1920 
f 3303/487 4617/1889 3765/949 4621/1893 
f 3307/491 4629/1901 3765/949 4617/1889 
f 3308/492 4618/1890 3765/949 4629/1901 
f 3304/488 4621/1893 3765/949 4618/1890 
f 3306/490 4620/1892 3766/950 4622/1894 
f 3310/494 4630/1902 3766/950 4620/1892 
f 3307/491 4617/1889 3766/950 4630/1902 
f 3303/487 4622/1894 3766/950 4617/1889 
f 3305/489 4619/1891 3767/951 4623/1895 
f 3309/493 4631/1903 3767/951 4619/1891 
f 3310/494 4620/1892 3767/951 4631/1903 
f 3306/490 4623/1895 3767/951 4620/1892 
f 3304/488 4618/1890 3768/952 4624/1896 
f 3308/492 4632/1904 3768/952 4618/1890 
f 3309/493 4619/1891 3768/952 4632/1904 
f 3305/489 4624/1896 3768/952 4619/1891 
f 3307/491 4625/1897 3769/953 4629/1901 
f 3311/495 4637/1909 3769/953 4625/1897 
f 3312/496 4626/1898 3769/953 4637/1909 
f 3308/492 4629/1901 3769/953 4626/1898 
f 3310/494 4628/1900 3770/954 4630/1902 
f 3314/498 4638/1910 3770/954 4628/1900 
f 3311/495 4625/1897 3770/954 4638/1910 
f 3307/491 4630/1902 3770/954 4625/1897 
f 3309/493 4627/1899 3771/955 4631/1903 
f 3313/497 4639/1911 3771/955 4627/1899 
f 3314/498 4628/1900 3771/955 4639/1911 
f 3310/494 4631/1903 3771/955 4628/1900 
f 3308/492 4626/1898 3772/956 4632/1904 
f 3312/496 4640/1912 3772/956 4626/1898 
f 3313/497 4627/1899 3772/956 4640/1912 
f 3309/493 4632/1904 3772/956 4627/1899 
f 3311/495 4633/1905 3773/957 4637/1909 
f 3334/518 4677/1949 3773/957 4633/1905 
f 3331/515 4634/1906 3773/957 4677/1949 
f 3312/496 4637/1909 3773/957 4634/1906 
f 3314/498 4636/1908 3774/958 4638/1910 
f 3333/517 4678/1950 3774/958 4636/1908 
f 3334/518 4633/1905 3774/958 4678/1950 
f 3311/495 4638/1910 3774/958 4633/1905 
f 3313/497 4635/1907 3775/959 4639/1911 
f 3332/516 4679/1951 3775/959 4635/1907 
f 3333/517 4636/1908 3775/959 4679/1951 
f 3314/498 4639/1911 3775/959 4636/1908 
f 3312/496 4634/1906 3776/960 4640/1912 
f 3331/515 4680/1952 3776/960 4634/1906 
f 3332/516 4635/1907 3776/960 4680/1952 
f 3313/497 4640/1912 3776/960 4635/1907 
f 3315/499 4641/1913 3777/961 4645/1917 
f 3319/503 4653/1925 3777/961 4641/1913 
f 3320/504 4642/1914 3777/961 4653/1925 
f 3316/500 4645/1917 3777/961 4642/1914 
f 3318/502 4644/1916 3778/962 4646/1918 
f 3322/506 4654/1926 3778/962 4644/1916 
f 3319/503 4641/1913 3778/962 4654/1926 
f 3315/499 4646/1918 3778/962 4641/1913 
f 3317/501 4643/1915 3779/963 4647/1919 
f 3321/505 4655/1927 3779/963 4643/1915 
f 3322/506 4644/1916 3779/963 4655/1927 
f 3318/502 4647/1919 3779/963 4644/1916 
f 3316/500 4642/1914 3780/964 4648/1920 
f 3320/504 4656/1928 3780/964 4642/1914 
f 3321/505 4643/1915 3780/964 4656/1928 
f 3317/501 4648/1920 3780/964 4643/1915 
f 3319/503 4649/1921 3781/965 4653/1925 
f 3323/507 4661/1933 3781/965 4649/1921 
f 3324/508 4650/1922 3781/965 4661/1933 
f 3320/504 4653/1925 3781/965 4650/1922 
f 3322/506 4652/1924 3782/966 4654/1926 
f 3326/510 4662/1934 3782/966 4652/1924 
f 3323/507 4649/1921 3782/966 4662/1934 
f 3319/503 4654/1926 3782/966 4649/1921 
f 3321/505 4651/1923 3783/967 4655/1927 
f 3325/509 4663/1935 3783/967 4651/1923 
f 3326/510 4652/1924 3783/967 4663/1935 
f 3322/506 4655/1927 3783/967 4652/1924 
f 3320/504 4650/1922 3784/968 4656/1928 
f 3324/508 4664/1936 3784/968 4650/1922 
f 3325/509 4651/1923 3784/968 4664/1936 
f 3321/505 4656/1928 3784/968 4651/1923 
f 3323/507 4657/1929 3785/969 4661/1933 
f 3327/511 4669/1941 3785/969 4657/1929 
f 3328/512 4658/1930 3785/969 4669/1941 
f 3324/508 4661/1933 3785/969 4658/1930 
f 3326/510 4660/1932 3786/970 4662/1934 
f 3330/514 4670/1942 3786/970 4660/1932 
f 3327/511 4657/1929 3786/970 4670/1942 
f 3323/507 4662/1934 3786/970 4657/1929 
f 3325/509 4659/1931 3787/971 4663/1935 
f 3329/513 4671/1943 3787/971 4659/1931 
f 3330/514 4660/1932 3787/971 4671/1943 
f 3326/510 4663/1935 3787/971 4660/1932 
f 3324/508 4658/1930 3788/972 4664/1936 
f 3328/512 4672/1944 3788/972 4658/1930 
f 3329/513 4659/1931 3788/972 4672/1944 
f 3325/509 4664/1936 3788/972 4659/1931 
f 3327/511 4665/1937 3789/973 4669/1941 
f 3300/484 4609/1881 3789/973 4665/1937 
f 3299/483 4666/1938 3789/973 4609/1881 
f 3328/512 4669/1941 3789/973 4666/1938 
f 3330/514 4668/1940 3790/974 4670/1942 
f 3301/485 4610/1882 3790/974 4668/1940 
f 3300/484 4665/1937 3790/974 4610/1882 
f 3327/511 4670/1942 3790/974 4665/1937 
f 3329/513 4667/1939 3791/975 4671/1943 
f 3302/486 4611/1883 3791/975 4667/1939 
f 3301/485 4668/1940 3791/975 4611/1883 
f 3330/514 4671/1943 3791/975 4668/1940 
f 3328/512 4666/1938 3792/976 4672/1944 
f 3299/483 4612/1884 3792/976 4666/1938 
f 3302/486 4667/1939 3792/976 4612/1884 
f 3329/513 4672/1944 3792/976 4667/1939 
f 3334/518 4676/1948 3793/977 4677/1949 
f 3296/480 4601/1873 3793/977 4676/1948 
f 3295/479 4673/1945 3793/977 4601/1873 
f 3331/515 4677/1949 3793/977 4673/1945 
f 3333/517 4675/1947 3794/978 4678/1950 
f 3297/481 4602/1874 3794/978 4675/1947 
f 3296/480 4676/1948 3794/978 4602/1874 
f 3334/518 4678/1950 3794/978 4676/1948 
f 3332/516 4674/1946 3795/979 4679/1951 
f 3298/482 4603/1875 3795/979 4674/1946 
f 3297/481 4675/1947 3795/979 4603/1875 
f 3333/517 4679/1951 3795/979 4675/1947 
f 3331/515 4673/1945 3796/980 4680/1952 
f 3295/479 4604/1876 3796/980 4673/1945 
f 3298/482 4674/1946 3796/980 4604/1876 
f 3332/516 4680/1952 3796/980 4674/1946 
f 3051/187 4108/1353 3797/981 4685/1957 
f 3050/186 4686/1958 3797/981 4108/1353 
f 3343/527 4701/1973 3797/981 4686/1958 
f 3344/528 4685/1957 3797/981 4701/1973 
f 3050/186 4184/1433 3798/982 4686/1958 
f 3091/253 4687/1959 3798/982 4184/1433 
f 3346/530 4702/1974 3798/982 4687/1959 
f 3343/527 4686/1958 3798/982 4702/1974 
f 3091/253 4209/1461 3799/983 4687/1959 
f 3090/251 4688/1960 3799/983 4209/1461 
f 3345/529 4703/1975 3799/983 4688/1960 
f 3346/530 4687/1959 3799/983 4703/1975 
f 3090/251 4183/1432 3800/984 4688/1960 
f 3051/187 4685/1957 3800/984 4183/1432 
f 3344/528 4704/1976 3800/984 4685/1957 
f 3345/529 4688/1960 3800/984 4704/1976 
f 3046/148 4059/1299 3801/985 4693/1965 
f 3045/147 4694/1966 3801/985 4059/1299 
f 3359/543 4733/2005 3801/985 4694/1966 
f 3360/544 4693/1965 3801/985 4733/2005 
f 3045/147 4189/1439 3802/986 4694/1966 
f 3096/259 4695/1967 3802/986 4189/1439 
f 3362/546 4734/2006 3802/986 4695/1967 
f 3359/543 4694/1966 3802/986 4734/2006 
f 3096/259 4204/1456 3803/987 4695/1967 
f 3095/257 4696/1968 3803/987 4204/1456 
f 3361/545 4735/2007 3803/987 4696/1968 
f 3362/546 4695/1967 3803/987 4735/2007 
f 3095/257 4188/1438 3804/988 4696/1968 
f 3046/148 4693/1965 3804/988 4188/1438 
f 3360/544 4736/2008 3804/988 4693/1965 
f 3361/545 4696/1968 3804/988 4736/2008 
f 3343/527 4697/1969 3805/989 4701/1973 
f 3347/531 4709/1981 3805/989 4697/1969 
f 3348/532 4698/1970 3805/989 4709/1981 
f 3344/528 4701/1973 3805/989 4698/1970 
f 3346/530 4700/1972 3806/990 4702/1974 
f 3350/534 4710/1982 3806/990 4700/1972 
f 3347/531 4697/1969 3806/990 4710/1982 
f 3343/527 4702/1974 3806/990 4697/1969 
f 3345/529 4699/1971 3807/991 4703/1975 
f 3349/533 4711/1983 3807/991 4699/1971 
f 3350/534 4700/1972 3807/991 4711/1983 
f 3346/530 4703/1975 3807/991 4700/1972 
f 3344/528 4698/1970 3808/992 4704/1976 
f 3348/532 4712/1984 3808/992 4698/1970 
f 3349/533 4699/1971 3808/992 4712/1984 
f 3345/529 4704/1976 3808/992 4699/1971 
f 3347/531 4705/1977 3809/993 4709/1981 
f 3354/538 4717/1989 3809/993 4705/1977 
f 3351/535 4706/1978 3809/993 4717/1989 
f 3348/532 4709/1981 3809/993 4706/1978 
f 3350/534 4708/1980 3810/994 4710/1982 
f 3353/537 4718/1990 3810/994 4708/1980 
f 3354/538 4705/1977 3810/994 4718/1990 
f 3347/531 4710/1982 3810/994 4705/1977 
f 3349/533 4707/1979 3811/995 4711/1983 
f 3352/536 4719/1991 3811/995 4707/1979 
f 3353/537 4708/1980 3811/995 4719/1991 
f 3350/534 4711/1983 3811/995 4708/1980 
f 3348/532 4706/1978 3812/996 4712/1984 
f 3351/535 4720/1992 3812/996 4706/1978 
f 3352/536 4707/1979 3812/996 4720/1992 
f 3349/533 4712/1984 3812/996 4707/1979 
f 3354/538 4716/1988 3813/997 4717/1989 
f 3355/539 4725/1997 3813/997 4716/1988 
f 3356/540 4713/1985 3813/997 4725/1997 
f 3351/535 4717/1989 3813/997 4713/1985 
f 3353/537 4715/1987 3814/998 4718/1990 
f 3358/542 4726/1998 3814/998 4715/1987 
f 3355/539 4716/1988 3814/998 4726/1998 
f 3354/538 4718/1990 3814/998 4716/1988 
f 3352/536 4714/1986 3815/999 4719/1991 
f 3357/541 4727/1999 3815/999 4714/1986 
f 3358/542 4715/1987 3815/999 4727/1999 
f 3353/537 4719/1991 3815/999 4715/1987 
f 3351/535 4713/1985 3816/1000 4720/1992 
f 3356/540 4728/2000 3816/1000 4713/1985 
f 3357/541 4714/1986 3816/1000 4728/2000 
f 3352/536 4720/1992 3816/1000 4714/1986 
f 3355/539 4721/1993 3817/1001 4725/1997 
f 3336/520 4681/1953 3817/1001 4721/1993 
f 3335/519 4722/1994 3817/1001 4681/1953 
f 3356/540 4725/1997 3817/1001 4722/1994 
f 3358/542 4724/1996 3818/1002 4726/1998 
f 3337/521 4682/1954 3818/1002 4724/1996 
f 3336/520 4721/1993 3818/1002 4682/1954 
f 3355/539 4726/1998 3818/1002 4721/1993 
f 3357/541 4723/1995 3819/1003 4727/1999 
f 3338/522 4683/1955 3819/1003 4723/1995 
f 3337/521 4724/1996 3819/1003 4683/1955 
f 3358/542 4727/1999 3819/1003 4724/1996 
f 3356/540 4722/1994 3820/1004 4728/2000 
f 3335/519 4684/1956 3820/1004 4722/1994 
f 3338/522 4723/1995 3820/1004 4684/1956 
f 3357/541 4728/2000 3820/1004 4723/1995 
f 3359/543 4729/2001 3821/1005 4733/2005 
f 3363/547 4741/2013 3821/1005 4729/2001 
f 3364/548 4730/2002 3821/1005 4741/2013 
f 3360/544 4733/2005 3821/1005 4730/2002 
f 3362/546 4732/2004 3822/1006 4734/2006 
f 3366/550 4742/2014 3822/1006 4732/2004 
f 3363/547 4729/2001 3822/1006 4742/2014 
f 3359/543 4734/2006 3822/1006 4729/2001 
f 3361/545 4731/2003 3823/1007 4735/2007 
f 3365/549 4743/2015 3823/1007 4731/2003 
f 3366/550 4732/2004 3823/1007 4743/2015 
f 3362/546 4735/2007 3823/1007 4732/2004 
f 3360/544 4730/2002 3824/1008 4736/2008 
f 3364/548 4744/2016 3824/1008 4730/2002 
f 3365/549 4731/2003 3824/1008 4744/2016 
f 3361/545 4736/2008 3824/1008 4731/2003 
f 3363/547 4737/2009 3825/1009 4741/2013 
f 3367/551 4749/2021 3825/1009 4737/2009 
f 3368/552 4738/2010 3825/1009 4749/2021 
f 3364/548 4741/2013 3825/1009 4738/2010 
f 3366/550 4740/2012 3826/1010 4742/2014 
f 3370/554 4750/2022 3826/1010 4740/2012 
f 3367/551 4737/2009 3826/1010 4750/2022 
f 3363/547 4742/2014 3826/1010 4737/2009 
f 3365/549 4739/2011 3827/1011 4743/2015 
f 3369/553 4751/2023 3827/1011 4739/2011 
f 3370/554 4740/2012 3827/1011 4751/2023 
f 3366/550 4743/2015 3827/1011 4740/2012 
f 3364/548 4738/2010 3828/1012 4744/2016 
f 3368/552 4752/2024 3828/1012 4738/2010 
f 3369/553 4739/2011 3828/1012 4752/2024 
f 3365/549 4744/2016 3828/1012 4739/2011 
f 3367/551 4745/2017 3829/1013 4749/2021 
f 3371/555 4757/2029 3829/1013 4745/2017 
f 3372/556 4746/2018 3829/1013 4757/2029 
f 3368/552 4749/2021 3829/1013 4746/2018 
f 3370/554 4748/2020 3830/1014 4750/2022 
f 3374/558 4758/2030 3830/1014 4748/2020 
f 3371/555 4745/2017 3830/1014 4758/2030 
f 3367/551 4750/2022 3830/1014 4745/2017 
f 3369/553 4747/2019 3831/1015 4751/2023 
f 3373/557 4759/2031 3831/1015 4747/2019 
f 3374/558 4748/2020 3831/1015 4759/2031 
f 3370/554 4751/2023 3831/1015 4748/2020 
f 3368/552 4746/2018 3832/1016 4752/2024 
f 3372/556 4760/2032 3832/1016 4746/2018 
f 3373/557 4747/2019 3832/1016 4760/2032 
f 3369/553 4752/2024 3832/1016 4747/2019 
f 3371/555 4753/2025 3833/1017 4757/2029 
f 3340/524 4689/1961 3833/1017 4753/2025 
f 3339/523 4754/2026 3833/1017 4689/1961 
f 3372/556 4757/2029 3833/1017 4754/2026 
f 3374/558 4756/2028 3834/1018 4758/2030 
f 3341/525 4690/1962 3834/1018 4756/2028 
f 3340/524 4753/2025 3834/1018 4690/1962 
f 3371/555 4758/2030 3834/1018 4753/2025 
f 3373/557 4755/2027 3835/1019 4759/2031 
f 3342/526 4691/1963 3835/1019 4755/2027 
f 3341/525 4756/2028 3835/1019 4691/1963 
f 3374/558 4759/2031 3835/1019 4756/2028 
f 3372/556 4754/2026 3836/1020 4760/2032 
f 3339/523 4692/1964 3836/1020 4754/2026 
f 3342/526 4755/2027 3836/1020 4692/1964 
f 3373/557 4760/2032 3836/1020 4755/2027 
# 1848 polygons

#
# object DiskOuter
#

v  -5.765979 11.230792 -0.198358
v  -6.005860 11.140675 -0.342176
v  5.184953 11.233671 -0.196203
v  5.313511 11.123590 -0.365935
v  -6.062376 10.775806 -0.609617
v  -3.152158 9.356644 -3.168614
v  -2.198563 9.993412 -3.241213
v  2.322789 9.259748 -3.421034
v  1.664113 9.984797 -3.128593
v  -5.784721 11.061777 -0.306016
v  -5.430512 11.104321 -0.266237
v  -5.441471 11.307317 -0.261183
v  -5.763379 11.086457 -0.457503
v  -5.411709 11.104848 -0.505213
v  -5.777687 10.852105 -0.450327
v  -5.784320 10.819135 -0.751644
v  5.145552 11.144041 -0.374141
v  4.797899 11.192671 -0.400228
v  4.800491 11.263350 -0.222689
v  5.159443 11.067948 -0.302747
v  4.803802 11.046817 -0.313203
v  5.385800 10.954865 -0.506318
v  5.151067 10.966460 -0.584311
v  5.212906 10.858403 -0.452653
v  -5.856935 10.534762 -1.089721
v  -6.000171 10.355350 -0.967232
v  -2.721047 9.241323 -3.678083
v  -1.277340 9.286181 -3.167025
v  -1.381140 9.383421 -2.926834
v  -3.022770 9.815842 -2.061852
v  -4.401464 9.927194 -1.602790
v  -4.538356 9.395554 -2.909563
v  -1.409214 9.650702 -2.492105
v  -4.620671 9.077524 -4.386864
v  -3.840022 9.071329 -4.442640
v  -3.400947 9.059309 -4.565610
v  -1.862858 10.249469 -2.258982
v  -0.496688 10.266790 -2.331776
v  -0.607968 10.039906 -2.925343
v  -3.496318 10.018920 -2.923823
v  -3.222459 10.302838 -1.936361
v  -0.686841 10.012007 -3.190703
v  -2.081658 9.967155 -3.636532
v  3.799132 9.291121 -3.195102
v  3.419574 9.724294 -2.059731
v  1.961287 9.618340 -2.450895
v  3.025105 9.027391 -4.728659
v  3.822075 9.040930 -4.636380
v  1.921657 9.199626 -3.771532
v  2.676569 9.019303 -4.859102
v  0.760746 10.009418 -3.160530
v  0.880802 10.072629 -2.742905
v  2.402718 10.095949 -2.511817
v  2.740746 9.928417 -3.264175
v  1.869349 9.913135 -3.740232
v  0.637666 9.978775 -3.436765
v  1.618377 9.866632 -4.080322
v  0.499463 9.904236 -3.746395
v  -0.797629 9.882686 -3.790159
v  -0.744357 9.979253 -3.485923
v  -1.934732 9.797311 -4.192061
v  -2.007813 9.924145 -3.945778
v  -2.482307 9.745622 -4.931174
v  -2.699355 9.913942 -4.809051
v  -2.974926 9.971009 -4.665271
v  -2.895887 9.969858 -5.819955
v  -3.210552 10.037936 -5.793639
v  -3.557414 10.052649 -5.758784
v  -3.184018 9.985414 -4.565366
v  -4.018717 10.051365 -5.747107
v  -3.873154 9.991972 -4.352306
v  -4.450175 10.044964 -5.817650
v  -4.606683 9.988901 -4.343073
v  -4.498503 10.026822 -2.851975
v  -5.002765 9.980932 -4.407814
v  -5.006054 10.020317 -2.872020
v  -4.991035 10.308214 -1.677876
v  -4.398976 10.339417 -1.673685
v  -4.960523 10.609993 -1.126285
v  -4.292898 10.653579 -1.169911
v  -3.050811 10.643717 -1.477956
v  -1.708049 10.602974 -1.832119
v  -4.242721 10.891857 -0.913047
v  -2.962322 10.898607 -1.257121
v  -1.613996 10.891109 -1.619454
v  -0.303042 10.909248 -1.773297
v  -0.389530 10.601274 -1.996205
v  -2.890087 11.158445 -1.055786
v  -1.538977 11.171749 -1.428188
v  -0.226595 11.239135 -1.552657
v  1.153158 11.250881 -1.450775
v  1.091252 10.937471 -1.677071
v  -1.466747 11.371414 -1.269308
v  -0.150618 11.364875 -1.378177
v  1.213089 11.351587 -1.285095
v  2.586323 11.304913 -0.947359
v  2.567689 11.229787 -1.113951
v  -0.084142 11.118796 -1.460691
v  1.291029 11.094749 -1.359855
v  2.659365 11.053712 -1.016811
v  3.764347 11.030729 -0.601103
v  3.718282 11.274897 -0.516833
v  1.373283 10.795542 -1.494794
v  2.756662 10.773528 -1.145751
v  3.818838 10.759300 -0.758281
v  4.415143 10.775292 -0.564726
v  4.385657 11.045504 -0.393201
v  2.879152 10.496323 -1.304518
v  3.876460 10.492006 -0.959079
v  4.460959 10.511592 -0.776332
v  4.860691 10.550286 -0.690750
v  4.822709 10.802978 -0.482595
v  3.982827 10.207202 -1.205224
v  4.548141 10.203471 -1.086833
v  4.934880 10.212125 -1.039305
v  4.697251 9.745277 -1.811176
v  5.085303 9.739918 -1.812758
v  5.457257 9.787709 -1.826728
v  5.322073 10.257509 -1.010364
v  5.258739 10.611197 -0.652710
v  5.499846 10.391155 -1.087570
v  5.447466 10.714622 -0.723868
v  5.225602 10.466535 -1.192438
v  5.182844 10.748453 -0.820397
v  4.857671 10.465652 -1.259676
v  4.819695 10.728971 -0.894914
v  4.802583 10.957982 -0.650520
v  4.407147 10.708629 -0.978399
v  4.396684 10.947088 -0.733691
v  4.380760 11.204517 -0.474862
v  3.774428 10.942371 -0.927707
v  3.745003 11.205429 -0.686456
v  4.366053 11.277105 -0.301295
v  2.562976 10.948216 -1.343776
v  3.776212 10.701653 -1.157245
v  2.568059 10.703022 -1.546649
v  1.030506 10.650569 -1.893544
v  2.556211 10.440437 -1.825827
v  0.966067 10.337068 -2.199056
v  3.835623 10.471267 -1.432201
v  3.949005 10.199261 -1.993530
v  4.535192 10.192521 -1.920667
v  4.659566 9.929490 -3.201422
v  4.092784 9.931976 -3.159445
v  4.438465 10.465278 -1.308913
v  4.947826 10.172443 -1.931865
v  5.322442 10.128909 -1.938644
v  5.403073 9.871104 -3.310342
v  5.031016 9.916329 -3.263269
v  5.241349 9.858288 -4.910552
v  4.889072 9.910367 -4.833693
v  4.527443 9.925185 -4.750147
v  4.559099 9.983252 -6.348411
v  4.209387 10.032669 -6.242229
v  3.823797 10.050941 -6.134870
v  4.064365 9.930952 -4.655692
v  3.344630 10.060053 -6.072099
v  3.210294 9.948266 -4.686227
v  2.922338 10.062468 -6.090958
v  2.722318 9.954710 -4.840362
v  2.547163 10.023315 -6.119659
v  2.353815 9.929453 -5.000257
v  2.214476 9.865969 -6.146953
v  2.046532 9.803324 -5.146792
v  1.431316 9.722970 -4.329259
v  1.901948 9.483924 -5.213886
v  1.370713 9.452676 -4.407455
v  0.325394 9.380825 -4.004088
v  0.386558 9.687284 -3.980565
v  -0.958579 9.312812 -3.966121
v  -0.864380 9.622560 -3.968735
v  -2.017344 9.306973 -4.311045
v  -1.922992 9.551594 -4.333641
v  -2.493972 9.230577 -4.952375
v  -2.401348 9.488828 -4.981306
v  -2.665937 9.121608 -5.848383
v  -2.541520 9.440171 -5.859460
v  -2.631106 9.760532 -5.847237
v  -2.627398 9.418584 -7.003807
v  -2.698424 9.736366 -7.007612
v  -2.917912 9.960151 -7.022627
v  -2.582446 9.682278 -8.060337
v  -2.764686 9.905511 -8.124578
v  -3.029193 10.010853 -8.216850
v  -3.223466 10.048103 -7.040318
v  -3.308297 10.056976 -8.317277
v  -3.555138 10.074290 -7.063411
v  -3.566579 10.068985 -8.416666
v  -3.886071 10.076181 -7.110905
v  -3.821142 10.060239 -8.519890
v  -4.198306 10.072982 -7.186084
v  -4.095630 10.034853 -8.633595
v  -4.519067 10.055883 -7.280044
v  -4.815814 10.016991 -5.903746
v  -4.820993 9.969488 -7.370930
v  -5.159888 9.947575 -5.984577
v  -5.409784 9.957238 -4.465281
v  -5.397957 9.693616 -6.042778
v  -5.740148 9.722278 -4.498827
v  -5.820450 9.830546 -2.946684
v  -5.428771 9.987523 -2.932131
v  -5.869341 10.195988 -1.712498
v  -5.444692 10.270317 -1.708162
v  -5.422366 10.578328 -1.115466
v  -5.404116 10.842784 -0.786912
v  -4.951694 10.871529 -0.811994
v  -4.950859 11.132767 -0.540101
v  -4.200806 11.142828 -0.674740
v  -4.951900 11.331318 -0.300229
v  -4.158573 11.346167 -0.452540
v  -2.822694 11.365877 -0.872952
v  -4.144564 11.174435 -0.435672
v  -2.795265 11.189362 -0.868933
v  -1.417883 11.177582 -1.288985
v  -2.814053 10.860549 -1.047796
v  -1.384414 10.831612 -1.466618
v  -0.018198 10.806862 -1.614169
v  -1.351758 10.529248 -1.656874
v  0.049575 10.496466 -1.795516
v  1.465967 10.500354 -1.657173
v  0.126363 10.090410 -2.079234
v  1.617879 10.135597 -1.892841
v  3.059590 10.188080 -1.506225
v  4.229229 9.763012 -1.842434
v  4.479856 9.294271 -3.173535
v  4.842041 9.290833 -3.195791
v  4.369392 9.049331 -4.727509
v  4.725066 9.059870 -4.795691
v  5.080047 9.087940 -4.867073
v  5.210497 9.292671 -3.246166
v  5.402269 9.248078 -4.934225
v  5.562693 9.376417 -3.285604
v  5.460619 9.580087 -4.952349
v  5.680573 9.667221 -3.326156
v  5.607826 9.986475 -1.890185
v  4.980521 9.263678 -6.484470
v  5.046200 9.587103 -6.503703
v  4.878177 9.877090 -6.448617
v  4.574750 9.575399 -7.942596
v  4.491215 9.876185 -7.904004
v  4.172361 10.020533 -7.783790
v  3.800007 9.821509 -9.350734
v  3.569946 9.966836 -9.208928
v  3.306211 10.023403 -9.046603
v  3.840854 10.062531 -7.659754
v  3.025414 10.054420 -8.891365
v  3.508697 10.072340 -7.541746
v  2.746994 10.055684 -8.739832
v  3.178645 10.075035 -7.449200
v  2.440833 10.025014 -8.582391
v  2.812409 10.068417 -7.382297
v  2.147445 9.965260 -8.436639
v  2.467111 10.020197 -7.323146
v  1.894368 9.830965 -8.311109
v  2.153891 9.879456 -7.272189
v  1.747358 9.577957 -8.237825
v  1.995893 9.565512 -7.246197
v  2.071651 9.524284 -6.165071
v  2.059496 9.217577 -7.256200
v  2.145940 9.159824 -6.156079
v  2.027812 9.174878 -5.146087
v  2.433995 8.956237 -6.127340
v  2.326166 9.042888 -5.007463
v  1.672275 9.176111 -4.020620
v  1.481648 9.232753 -4.263983
v  0.313649 9.161830 -3.482983
v  0.312593 9.139835 -3.811074
v  -1.176733 9.196464 -3.449393
v  -1.068803 9.140450 -3.740287
v  -2.445776 9.204945 -3.931257
v  -2.215758 9.192375 -4.144769
v  -3.056569 9.051405 -4.727540
v  -2.759691 9.092308 -4.853937
v  -3.295880 8.922579 -5.790736
v  -2.960534 8.970924 -5.824045
v  -3.329328 8.895354 -7.045061
v  -3.018269 8.951132 -7.026107
v  -2.740843 9.113750 -7.010137
v  -2.872163 8.984941 -8.164527
v  -2.640985 9.147514 -8.083300
v  -2.528594 9.398350 -8.043829
v  -2.202415 9.128854 -8.969149
v  -2.087147 9.376572 -8.862807
v  -2.130398 9.658713 -8.897791
v  -1.386808 9.352263 -9.394308
v  -1.399701 9.654974 -9.417643
v  -1.489128 9.894382 -9.601817
v  -2.274726 9.883278 -9.029024
v  -1.618250 10.011155 -9.877756
v  -2.483204 9.996397 -9.222799
v  -1.766868 10.059052 -10.205329
v  -2.713064 10.036788 -9.436931
v  -1.945846 10.069469 -10.566039
v  -2.964486 10.058389 -9.646428
v  -2.135900 10.064375 -10.898623
v  -3.214013 10.058823 -9.821843
v  -2.302584 10.050879 -11.196571
v  -3.459517 10.030312 -10.004649
v  -2.470539 10.010143 -11.487984
v  -3.688089 9.947071 -10.187893
v  -4.354932 9.957497 -8.743746
v  -3.870006 9.743019 -10.313619
v  -4.517843 9.711110 -8.825272
v  -5.013211 9.707056 -7.429972
v  -4.541467 9.409370 -8.830112
v  -5.033927 9.367620 -7.437578
v  -5.421560 9.337114 -6.049809
v  -4.885036 9.067931 -7.392835
v  -5.201425 9.057195 -5.996612
v  -5.450896 9.117381 -4.460575
v  -5.792442 9.311576 -4.499327
v  -5.467090 9.415528 -2.874034
v  -5.840353 9.526463 -2.908096
v  -5.533845 9.894529 -1.540512
v  -5.974570 9.944437 -1.604333
v  -5.521804 10.289839 -0.948801
v  -5.062784 9.924911 -1.507698
v  -4.999479 10.304581 -0.976356
v  -4.959224 10.578194 -0.696052
v  -5.488936 10.596033 -0.636451
v  -4.946456 10.835125 -0.482992
v  -5.435512 10.818457 -0.452773
v  -4.945657 11.145195 -0.282143
v  -4.166780 10.860008 -0.627273
v  -4.182179 10.593383 -0.840428
v  -2.849547 10.584286 -1.238242
v  -4.241414 10.335321 -1.089042
v  -2.881683 10.288952 -1.489148
v  -1.345776 10.155292 -1.934291
v  0.235657 9.569084 -2.617448
v  0.378295 9.330955 -3.002258
v  0.340777 9.250129 -3.189998
v  -5.064292 9.405416 -2.860046
v  -5.037733 9.079905 -4.428875
v  -4.855737 8.952096 -5.919901
v  -4.477683 8.925473 -5.834299
v  -4.596750 8.918367 -7.306334
v  -4.269915 8.891103 -7.209654
v  -3.949936 8.886265 -7.125836
v  -4.048504 8.919849 -5.760475
v  -3.647882 8.886885 -7.072823
v  -3.655677 8.918625 -5.751784
v  -3.664730 8.907129 -8.458961
v  -3.414454 8.903352 -8.362569
v  -3.146472 8.922485 -8.264453
v  -2.863820 8.911201 -9.574556
v  -2.618091 8.931397 -9.358205
v  -2.390224 8.986805 -9.143117
v  -1.724676 8.909519 -10.123441
v  -1.579203 8.964837 -9.807667
v  -1.451777 9.089121 -9.532973
v  -0.529805 8.936541 -10.098030
v  -0.511889 9.045691 -9.775812
v  -0.503345 9.322965 -9.606475
v  0.464305 9.053341 -9.660683
v  0.409297 9.314850 -9.496387
v  0.405398 9.625641 -9.488151
v  -0.504932 9.651448 -9.614770
v  0.462354 9.887410 -9.660802
v  -0.519650 9.919262 -9.809507
v  0.562061 10.019510 -9.946990
v  -0.535350 10.035271 -10.129054
v  0.685749 10.066482 -10.298647
v  -0.551654 10.072829 -10.501101
v  0.828343 10.075792 -10.700694
v  -0.570773 10.078993 -10.923561
v  0.976995 10.077196 -11.084304
v  -0.596695 10.075836 -11.349326
v  1.104681 10.068203 -11.426370
v  -0.619588 10.056583 -11.707210
v  1.228569 10.023554 -11.744177
v  -0.639101 9.985044 -12.032473
v  1.341852 9.847027 -12.034812
v  -0.653234 9.794991 -12.306033
v  -2.603906 9.794785 -11.701252
v  -0.648824 9.460551 -12.400428
v  -2.638258 9.423182 -11.770668
v  -3.917120 9.414247 -10.336366
v  -2.566551 9.102592 -11.701021
v  -3.835865 9.123153 -10.281513
v  -4.445703 9.119557 -8.781950
v  -3.605110 8.977167 -10.118270
v  -4.198177 8.958581 -8.676133
v  -3.359992 8.929172 -9.934938
v  -3.931470 8.924297 -8.566582
v  -3.111614 8.905804 -9.757891
v  -2.250541 8.905479 -11.139164
v  -2.080593 8.895091 -10.826998
v  -1.890661 8.894803 -10.479107
v  -0.588067 8.887406 -11.304315
v  -0.564941 8.883830 -10.874073
v  -0.546875 8.892733 -10.458342
v  0.832441 8.887636 -10.698497
v  0.685935 8.895907 -10.301094
v  0.569982 8.944824 -9.961805
v  1.755441 8.920359 -9.659190
v  1.530599 8.960797 -9.393834
v  1.329452 9.066648 -9.167478
v  1.198043 9.309889 -9.016645
v  2.235668 8.969038 -8.478164
v  1.972531 9.069510 -8.349938
v  1.782345 9.289587 -8.255244
v  1.177944 9.603175 -8.997480
v  2.305049 8.992246 -7.293955
v  2.631639 8.915168 -7.345396
v  2.799634 8.905993 -6.096953
v  2.980731 8.887974 -7.405437
v  3.174811 8.901093 -6.065384
v  3.306035 8.885905 -7.479595
v  3.601203 8.904673 -6.091625
v  3.659010 8.891633 -7.591166
v  4.042650 8.916401 -6.198027
v  3.989370 8.914017 -7.713404
v  4.396795 8.949580 -6.304114
v  4.304172 8.993476 -7.833257
v  4.727655 9.035556 -6.405776
v  4.525516 9.245640 -7.921035
v  3.655191 9.031173 -9.255339
v  3.844644 9.249874 -9.373980
v  3.911012 9.542068 -9.415761
v  2.898524 9.205802 -10.853326
v  2.957718 9.524257 -10.918383
v  2.881657 9.840214 -10.838928
v  1.391687 9.490916 -12.147890
v  2.679408 10.006456 -10.634576
v  2.457432 10.048372 -10.401894
v  2.223442 10.063008 -10.151113
v  1.972409 10.060856 -9.894303
v  1.720481 10.039114 -9.616093
v  1.493590 9.989779 -9.354468
v  1.300691 9.855765 -9.135613
v  1.369115 9.152837 -12.058448
v  -0.630711 9.140146 -12.295436
v  1.245058 8.960177 -11.757294
v  -0.621067 8.978275 -12.007435
v  -2.423658 8.950563 -11.428725
v  -0.602355 8.913095 -11.678393
v  1.118868 8.898129 -11.433260
v  0.986288 8.888023 -11.094723
v  2.501926 8.927424 -10.439706
v  2.268620 8.907938 -10.195075
v  2.007555 8.904892 -9.935718
v  3.113140 8.919892 -8.935838
v  2.827257 8.906921 -8.782159
v  2.536067 8.920879 -8.631516
v  3.398877 8.957772 -9.094713
v  2.721560 9.006030 -10.671192
# 447 vertices

vt 0.000000 0.000000 0.000000
# 1 texture coords

o DiskOuter
g DiskOuter
usemtl default
f 4761/2033 4770/2033 4771/2033 4772/2033 
f 4761/2033 4773/2033 4762/2033 4770/2033 
f 4761/2033 4772/2033 4774/2033 4773/2033 
f 4762/2033 4773/2033 4776/2033 4765/2033 
f 4763/2033 4777/2033 4778/2033 4779/2033 
f 4763/2033 4780/2033 4764/2033 4777/2033 
f 4763/2033 4779/2033 4781/2033 4780/2033 
f 4764/2033 4782/2033 4783/2033 4777/2033 
f 4764/2033 4780/2033 4784/2033 4782/2033 
f 4765/2033 4776/2033 4785/2033 4786/2033 
f 4766/2033 4787/2033 4788/2033 4789/2033 
f 4766/2033 4790/2033 4791/2033 4792/2033 
f 4766/2033 4789/2033 4793/2033 4790/2033 
f 4766/2033 4792/2033 4794/2033 4795/2033 
f 4766/2033 4795/2033 4796/2033 4787/2033 
f 4767/2033 4797/2033 4798/2033 4799/2033 
f 4767/2033 4800/2033 4801/2033 4797/2033 
f 4767/2033 4799/2033 4802/2033 4803/2033 
f 4768/2033 4804/2033 4805/2033 4806/2033 
f 4768/2033 4807/2033 4808/2033 4804/2033 
f 4768/2033 4809/2033 4810/2033 4807/2033 
f 4769/2033 4811/2033 4812/2033 4813/2033 
f 4815/2033 4816/2033 4811/2033 4769/2033 
f 4769/2033 4813/2033 4814/2033 4815/2033 
f 4816/2033 4815/2033 4817/2033 4818/2033 
f 4816/2033 4818/2033 4819/2033 4820/2033 
f 4816/2033 4820/2033 4802/2033 4811/2033 
f 4820/2033 4819/2033 4821/2033 4822/2033 
f 4820/2033 4822/2033 4803/2033 4802/2033 
f 4822/2033 4821/2033 4823/2033 4824/2033 
f 4822/2033 4824/2033 4825/2033 4803/2033 
f 4825/2033 4824/2033 4826/2033 4827/2033 
f 4825/2033 4827/2033 4828/2033 4829/2033 
f 4825/2033 4829/2033 4767/2033 4803/2033 
f 4829/2033 4828/2033 4830/2033 4831/2033 
f 4829/2033 4831/2033 4800/2033 4767/2033 
f 4831/2033 4830/2033 4832/2033 4833/2033 
f 4831/2033 4833/2033 4834/2033 4800/2033 
f 4834/2033 4833/2033 4835/2033 4836/2033 
f 4834/2033 4836/2033 4837/2033 4838/2033 
f 4834/2033 4838/2033 4801/2033 4800/2033 
f 4838/2033 4837/2033 4839/2033 4840/2033 
f 4838/2033 4840/2033 4841/2033 4801/2033 
f 4841/2033 4842/2033 4797/2033 4801/2033 
f 4841/2033 4840/2033 4843/2033 4844/2033 
f 4841/2033 4844/2033 4845/2033 4842/2033 
f 4845/2033 4846/2033 4847/2033 4842/2033 
f 4845/2033 4844/2033 4848/2033 4849/2033 
f 4845/2033 4849/2033 4850/2033 4846/2033 
f 4850/2033 4851/2033 4852/2033 4846/2033 
f 4850/2033 4849/2033 4853/2033 4854/2033 
f 4850/2033 4854/2033 4855/2033 4851/2033 
f 4855/2033 4856/2033 4857/2033 4851/2033 
f 4855/2033 4854/2033 4858/2033 4859/2033 
f 4855/2033 4859/2033 4860/2033 4856/2033 
f 4860/2033 4861/2033 4862/2033 4856/2033 
f 4860/2033 4859/2033 4863/2033 4864/2033 
f 4860/2033 4864/2033 4865/2033 4861/2033 
f 4865/2033 4866/2033 4867/2033 4861/2033 
f 4865/2033 4864/2033 4868/2033 4869/2033 
f 4865/2033 4869/2033 4870/2033 4866/2033 
f 4870/2033 4871/2033 4872/2033 4866/2033 
f 4870/2033 4869/2033 4873/2033 4874/2033 
f 4870/2033 4874/2033 4875/2033 4871/2033 
f 4875/2033 4874/2033 4876/2033 4877/2033 
f 4875/2033 4877/2033 4878/2033 4879/2033 
f 4875/2033 4879/2033 4880/2033 4871/2033 
f 4880/2033 4879/2033 4881/2033 4882/2033 
f 4880/2033 4882/2033 4782/2033 4784/2033 
f 4880/2033 4784/2033 4872/2033 4871/2033 
f 4882/2033 4881/2033 4883/2033 4884/2033 
f 4882/2033 4884/2033 4783/2033 4782/2033 
f 4884/2033 4883/2033 4885/2033 4886/2033 
f 4884/2033 4886/2033 4887/2033 4783/2033 
f 4887/2033 4886/2033 4888/2033 4889/2033 
f 4887/2033 4889/2033 4890/2033 4778/2033 
f 4887/2033 4778/2033 4777/2033 4783/2033 
f 4890/2033 4889/2033 4891/2033 4892/2033 
f 4890/2033 4892/2033 4862/2033 4893/2033 
f 4890/2033 4893/2033 4779/2033 4778/2033 
f 4893/2033 4862/2033 4861/2033 4867/2033 
f 4893/2033 4867/2033 4781/2033 4779/2033 
f 4892/2033 4891/2033 4894/2033 4857/2033 
f 4892/2033 4857/2033 4856/2033 4862/2033 
f 4894/2033 4891/2033 4895/2033 4896/2033 
f 4894/2033 4896/2033 4897/2033 4852/2033 
f 4894/2033 4852/2033 4851/2033 4857/2033 
f 4897/2033 4896/2033 4898/2033 4899/2033 
f 4897/2033 4899/2033 4798/2033 4847/2033 
f 4897/2033 4847/2033 4846/2033 4852/2033 
f 4899/2033 4898/2033 4813/2033 4812/2033 
f 4899/2033 4812/2033 4799/2033 4798/2033 
f 4898/2033 4900/2033 4901/2033 4813/2033 
f 4898/2033 4896/2033 4895/2033 4900/2033 
f 4901/2033 4902/2033 4903/2033 4904/2033 
f 4901/2033 4904/2033 4814/2033 4813/2033 
f 4901/2033 4900/2033 4905/2033 4902/2033 
f 4905/2033 4885/2033 4906/2033 4902/2033 
f 4905/2033 4900/2033 4895/2033 4888/2033 
f 4905/2033 4888/2033 4886/2033 4885/2033 
f 4906/2033 4907/2033 4908/2033 4909/2033 
f 4906/2033 4909/2033 4903/2033 4902/2033 
f 4906/2033 4885/2033 4883/2033 4907/2033 
f 4909/2033 4908/2033 4910/2033 4911/2033 
f 4909/2033 4911/2033 4912/2033 4903/2033 
f 4912/2033 4911/2033 4913/2033 4914/2033 
f 4912/2033 4914/2033 4915/2033 4916/2033 
f 4912/2033 4916/2033 4904/2033 4903/2033 
f 4916/2033 4915/2033 4917/2033 4918/2033 
f 4916/2033 4918/2033 4814/2033 4904/2033 
f 4918/2033 4917/2033 4919/2033 4920/2033 
f 4918/2033 4920/2033 4815/2033 4814/2033 
f 4920/2033 4919/2033 4921/2033 4922/2033 
f 4920/2033 4922/2033 4817/2033 4815/2033 
f 4922/2033 4921/2033 4923/2033 4924/2033 
f 4922/2033 4924/2033 4925/2033 4817/2033 
f 4925/2033 4924/2033 4926/2033 4927/2033 
f 4925/2033 4927/2033 4928/2033 4929/2033 
f 4925/2033 4929/2033 4818/2033 4817/2033 
f 4929/2033 4928/2033 4930/2033 4931/2033 
f 4929/2033 4931/2033 4819/2033 4818/2033 
f 4931/2033 4930/2033 4932/2033 4933/2033 
f 4931/2033 4933/2033 4821/2033 4819/2033 
f 4933/2033 4932/2033 4934/2033 4935/2033 
f 4933/2033 4935/2033 4823/2033 4821/2033 
f 4935/2033 4934/2033 4936/2033 4937/2033 
f 4935/2033 4937/2033 4938/2033 4823/2033 
f 4938/2033 4937/2033 4939/2033 4940/2033 
f 4938/2033 4940/2033 4941/2033 4826/2033 
f 4938/2033 4826/2033 4824/2033 4823/2033 
f 4941/2033 4940/2033 4942/2033 4943/2033 
f 4941/2033 4943/2033 4944/2033 4945/2033 
f 4941/2033 4945/2033 4827/2033 4826/2033 
f 4945/2033 4944/2033 4946/2033 4947/2033 
f 4945/2033 4947/2033 4828/2033 4827/2033 
f 4947/2033 4946/2033 4948/2033 4949/2033 
f 4947/2033 4949/2033 4830/2033 4828/2033 
f 4949/2033 4948/2033 4950/2033 4951/2033 
f 4949/2033 4951/2033 4832/2033 4830/2033 
f 4951/2033 4950/2033 4952/2033 4953/2033 
f 4951/2033 4953/2033 4954/2033 4832/2033 
f 4954/2033 4953/2033 4955/2033 4956/2033 
f 4954/2033 4956/2033 4957/2033 4835/2033 
f 4954/2033 4835/2033 4833/2033 4832/2033 
f 4957/2033 4956/2033 4958/2033 4959/2033 
f 4957/2033 4959/2033 4960/2033 4961/2033 
f 4957/2033 4961/2033 4836/2033 4835/2033 
f 4961/2033 4960/2033 4962/2033 4963/2033 
f 4961/2033 4963/2033 4837/2033 4836/2033 
f 4963/2033 4962/2033 4785/2033 4964/2033 
f 4963/2033 4964/2033 4839/2033 4837/2033 
f 4964/2033 4785/2033 4776/2033 4965/2033 
f 4964/2033 4965/2033 4966/2033 4839/2033 
f 4966/2033 4843/2033 4840/2033 4839/2033 
f 4966/2033 4965/2033 4774/2033 4967/2033 
f 4966/2033 4967/2033 4968/2033 4843/2033 
f 4968/2033 4848/2033 4844/2033 4843/2033 
f 4968/2033 4967/2033 4969/2033 4970/2033 
f 4968/2033 4970/2033 4971/2033 4848/2033 
f 4971/2033 4853/2033 4849/2033 4848/2033 
f 4971/2033 4970/2033 4972/2033 4973/2033 
f 4971/2033 4973/2033 4974/2033 4853/2033 
f 4974/2033 4858/2033 4854/2033 4853/2033 
f 4974/2033 4973/2033 4975/2033 4976/2033 
f 4974/2033 4976/2033 4977/2033 4858/2033 
f 4977/2033 4863/2033 4859/2033 4858/2033 
f 4977/2033 4976/2033 4978/2033 4979/2033 
f 4977/2033 4979/2033 4980/2033 4863/2033 
f 4980/2033 4868/2033 4864/2033 4863/2033 
f 4980/2033 4979/2033 4981/2033 4982/2033 
f 4980/2033 4982/2033 4983/2033 4868/2033 
f 4983/2033 4873/2033 4869/2033 4868/2033 
f 4983/2033 4982/2033 4806/2033 4805/2033 
f 4983/2033 4805/2033 4984/2033 4873/2033 
f 4984/2033 4805/2033 4804/2033 4985/2033 
f 4984/2033 4985/2033 4986/2033 4876/2033 
f 4984/2033 4876/2033 4874/2033 4873/2033 
f 4986/2033 4985/2033 4987/2033 4988/2033 
f 4986/2033 4988/2033 4989/2033 4990/2033 
f 4986/2033 4990/2033 4877/2033 4876/2033 
f 4990/2033 4989/2033 4991/2033 4992/2033 
f 4990/2033 4992/2033 4878/2033 4877/2033 
f 4992/2033 4991/2033 4993/2033 4994/2033 
f 4992/2033 4994/2033 4995/2033 4878/2033 
f 4995/2033 4994/2033 4908/2033 4907/2033 
f 4995/2033 4907/2033 4883/2033 4881/2033 
f 4995/2033 4881/2033 4879/2033 4878/2033 
f 4994/2033 4993/2033 4910/2033 4908/2033 
f 4993/2033 4991/2033 4996/2033 4997/2033 
f 4993/2033 4997/2033 4998/2033 4910/2033 
f 4998/2033 4997/2033 4999/2033 5000/2033 
f 4998/2033 5000/2033 5001/2033 4913/2033 
f 4998/2033 4913/2033 4911/2033 4910/2033 
f 5001/2033 5000/2033 5002/2033 5003/2033 
f 5001/2033 5003/2033 5004/2033 5005/2033 
f 5001/2033 5005/2033 4914/2033 4913/2033 
f 5005/2033 5004/2033 5006/2033 5007/2033 
f 5005/2033 5007/2033 4915/2033 4914/2033 
f 5007/2033 5006/2033 5008/2033 5009/2033 
f 5007/2033 5009/2033 4917/2033 4915/2033 
f 5009/2033 5008/2033 5010/2033 5011/2033 
f 5009/2033 5011/2033 4919/2033 4917/2033 
f 5011/2033 5010/2033 5012/2033 5013/2033 
f 5011/2033 5013/2033 4921/2033 4919/2033 
f 5013/2033 5012/2033 5014/2033 5015/2033 
f 5013/2033 5015/2033 4923/2033 4921/2033 
f 5015/2033 5014/2033 5016/2033 5017/2033 
f 5015/2033 5017/2033 5018/2033 4923/2033 
f 5018/2033 5017/2033 5019/2033 5020/2033 
f 5018/2033 5020/2033 5021/2033 4926/2033 
f 5018/2033 4926/2033 4924/2033 4923/2033 
f 5021/2033 5020/2033 5022/2033 5023/2033 
f 5021/2033 5023/2033 5024/2033 5025/2033 
f 5021/2033 5025/2033 4927/2033 4926/2033 
f 5025/2033 5024/2033 5026/2033 5027/2033 
f 5025/2033 5027/2033 4928/2033 4927/2033 
f 5027/2033 5026/2033 5028/2033 5029/2033 
f 5027/2033 5029/2033 4930/2033 4928/2033 
f 5029/2033 5028/2033 5030/2033 5031/2033 
f 5029/2033 5031/2033 4932/2033 4930/2033 
f 5031/2033 5030/2033 5032/2033 5033/2033 
f 5031/2033 5033/2033 4934/2033 4932/2033 
f 5033/2033 5032/2033 5034/2033 5035/2033 
f 5033/2033 5035/2033 4936/2033 4934/2033 
f 5035/2033 5034/2033 5036/2033 5037/2033 
f 5035/2033 5037/2033 5038/2033 4936/2033 
f 5038/2033 5037/2033 5039/2033 5040/2033 
f 5038/2033 5040/2033 5041/2033 4939/2033 
f 5038/2033 4939/2033 4937/2033 4936/2033 
f 5041/2033 5040/2033 5042/2033 5043/2033 
f 5041/2033 5043/2033 5044/2033 4942/2033 
f 5041/2033 4942/2033 4940/2033 4939/2033 
f 5044/2033 5043/2033 5045/2033 5046/2033 
f 5044/2033 5046/2033 5047/2033 5048/2033 
f 5044/2033 5048/2033 4943/2033 4942/2033 
f 5048/2033 5047/2033 5049/2033 5050/2033 
f 5048/2033 5050/2033 4944/2033 4943/2033 
f 5050/2033 5049/2033 5051/2033 5052/2033 
f 5050/2033 5052/2033 4946/2033 4944/2033 
f 5052/2033 5051/2033 5053/2033 5054/2033 
f 5052/2033 5054/2033 4948/2033 4946/2033 
f 5054/2033 5053/2033 5055/2033 5056/2033 
f 5054/2033 5056/2033 4950/2033 4948/2033 
f 5056/2033 5055/2033 5057/2033 5058/2033 
f 5056/2033 5058/2033 4952/2033 4950/2033 
f 5058/2033 5057/2033 5059/2033 5060/2033 
f 5058/2033 5060/2033 5061/2033 4952/2033 
f 5061/2033 5060/2033 5062/2033 5063/2033 
f 5061/2033 5063/2033 5064/2033 4955/2033 
f 5061/2033 4955/2033 4953/2033 4952/2033 
f 5064/2033 5063/2033 5065/2033 5066/2033 
f 5064/2033 5066/2033 5067/2033 4958/2033 
f 5064/2033 4958/2033 4956/2033 4955/2033 
f 5067/2033 5066/2033 5068/2033 5069/2033 
f 5067/2033 5069/2033 5070/2033 5071/2033 
f 5067/2033 5071/2033 4959/2033 4958/2033 
f 5071/2033 5070/2033 5072/2033 5073/2033 
f 5071/2033 5073/2033 4960/2033 4959/2033 
f 5073/2033 5072/2033 5074/2033 5075/2033 
f 5073/2033 5075/2033 4962/2033 4960/2033 
f 5075/2033 5074/2033 5076/2033 4786/2033 
f 5075/2033 4786/2033 4785/2033 4962/2033 
f 5076/2033 5074/2033 5077/2033 5078/2033 
f 5076/2033 5078/2033 5079/2033 5080/2033 
f 5076/2033 5080/2033 4765/2033 4786/2033 
f 5080/2033 5079/2033 5081/2033 5082/2033 
f 5080/2033 5082/2033 4775/2033 4765/2033 
f 5082/2033 5081/2033 5083/2033 4771/2033 
f 5082/2033 4771/2033 4770/2033 4775/2033 
f 5083/2033 4972/2033 4970/2033 4969/2033 
f 5083/2033 4969/2033 4772/2033 4771/2033 
f 5083/2033 5081/2033 5084/2033 4972/2033 
f 5084/2033 4975/2033 4973/2033 4972/2033 
f 5084/2033 5081/2033 5079/2033 5085/2033 
f 5084/2033 5085/2033 5086/2033 4975/2033 
f 5086/2033 4978/2033 4976/2033 4975/2033 
f 5086/2033 5085/2033 5087/2033 5088/2033 
f 5086/2033 5088/2033 5089/2033 4978/2033 
f 5089/2033 4981/2033 4979/2033 4978/2033 
f 5089/2033 5088/2033 4790/2033 4793/2033 
f 5089/2033 4793/2033 5090/2033 4981/2033 
f 5090/2033 4806/2033 4982/2033 4981/2033 
f 5090/2033 4793/2033 4789/2033 5091/2033 
f 5090/2033 5091/2033 4768/2033 4806/2033 
f 5091/2033 4789/2033 4788/2033 5092/2033 
f 5091/2033 5092/2033 4809/2033 4768/2033 
f 5092/2033 4788/2033 5028/2033 5026/2033 
f 5092/2033 5026/2033 5024/2033 4809/2033 
f 5088/2033 5087/2033 4791/2033 4790/2033 
f 5087/2033 5085/2033 5079/2033 5078/2033 
f 5087/2033 5078/2033 5077/2033 4791/2033 
f 5077/2033 5074/2033 5072/2033 5093/2033 
f 5077/2033 5093/2033 4792/2033 4791/2033 
f 5093/2033 5072/2033 5070/2033 5094/2033 
f 5093/2033 5094/2033 4794/2033 4792/2033 
f 5094/2033 5070/2033 5069/2033 5095/2033 
f 5094/2033 5095/2033 5096/2033 4794/2033 
f 5096/2033 5095/2033 5097/2033 5098/2033 
f 5096/2033 5098/2033 5099/2033 5100/2033 
f 5096/2033 5100/2033 4795/2033 4794/2033 
f 5100/2033 5099/2033 5101/2033 5102/2033 
f 5100/2033 5102/2033 4796/2033 4795/2033 
f 5102/2033 5101/2033 5036/2033 5034/2033 
f 5102/2033 5034/2033 5032/2033 4796/2033 
f 5101/2033 5099/2033 5103/2033 5104/2033 
f 5101/2033 5104/2033 5105/2033 5036/2033 
f 5105/2033 5104/2033 5106/2033 5107/2033 
f 5105/2033 5107/2033 5108/2033 5039/2033 
f 5105/2033 5039/2033 5037/2033 5036/2033 
f 5108/2033 5107/2033 5109/2033 5110/2033 
f 5108/2033 5110/2033 5111/2033 5042/2033 
f 5108/2033 5042/2033 5040/2033 5039/2033 
f 5111/2033 5110/2033 5112/2033 5113/2033 
f 5111/2033 5113/2033 5114/2033 5045/2033 
f 5111/2033 5045/2033 5043/2033 5042/2033 
f 5114/2033 5113/2033 5115/2033 5116/2033 
f 5114/2033 5116/2033 5117/2033 5118/2033 
f 5114/2033 5118/2033 5046/2033 5045/2033 
f 5118/2033 5117/2033 5119/2033 5120/2033 
f 5118/2033 5120/2033 5047/2033 5046/2033 
f 5120/2033 5119/2033 5121/2033 5122/2033 
f 5120/2033 5122/2033 5049/2033 5047/2033 
f 5122/2033 5121/2033 5123/2033 5124/2033 
f 5122/2033 5124/2033 5051/2033 5049/2033 
f 5124/2033 5123/2033 5125/2033 5126/2033 
f 5124/2033 5126/2033 5053/2033 5051/2033 
f 5126/2033 5125/2033 5127/2033 5128/2033 
f 5126/2033 5128/2033 5055/2033 5053/2033 
f 5128/2033 5127/2033 5129/2033 5130/2033 
f 5128/2033 5130/2033 5057/2033 5055/2033 
f 5130/2033 5129/2033 5131/2033 5132/2033 
f 5130/2033 5132/2033 5059/2033 5057/2033 
f 5132/2033 5131/2033 5133/2033 5134/2033 
f 5132/2033 5134/2033 5135/2033 5059/2033 
f 5135/2033 5134/2033 5136/2033 5137/2033 
f 5135/2033 5137/2033 5138/2033 5062/2033 
f 5135/2033 5062/2033 5060/2033 5059/2033 
f 5138/2033 5137/2033 5139/2033 5140/2033 
f 5138/2033 5140/2033 5141/2033 5065/2033 
f 5138/2033 5065/2033 5063/2033 5062/2033 
f 5141/2033 5140/2033 5142/2033 5143/2033 
f 5141/2033 5143/2033 5097/2033 5068/2033 
f 5141/2033 5068/2033 5066/2033 5065/2033 
f 5143/2033 5142/2033 5144/2033 5145/2033 
f 5143/2033 5145/2033 5098/2033 5097/2033 
f 5145/2033 5144/2033 5146/2033 5103/2033 
f 5145/2033 5103/2033 5099/2033 5098/2033 
f 5146/2033 5144/2033 5147/2033 5148/2033 
f 5146/2033 5148/2033 5149/2033 5106/2033 
f 5146/2033 5106/2033 5104/2033 5103/2033 
f 5149/2033 5148/2033 5150/2033 5151/2033 
f 5149/2033 5151/2033 5152/2033 5109/2033 
f 5149/2033 5109/2033 5107/2033 5106/2033 
f 5152/2033 5151/2033 5153/2033 5154/2033 
f 5152/2033 5154/2033 5155/2033 5112/2033 
f 5152/2033 5112/2033 5110/2033 5109/2033 
f 5155/2033 5115/2033 5113/2033 5112/2033 
f 5155/2033 5154/2033 5156/2033 5157/2033 
f 5155/2033 5157/2033 5158/2033 5115/2033 
f 5158/2033 5159/2033 5116/2033 5115/2033 
f 5158/2033 5157/2033 5160/2033 5161/2033 
f 5158/2033 5161/2033 5162/2033 5159/2033 
f 5162/2033 5016/2033 5163/2033 5159/2033 
f 5162/2033 5161/2033 5164/2033 5019/2033 
f 5162/2033 5019/2033 5017/2033 5016/2033 
f 5164/2033 5161/2033 5160/2033 5165/2033 
f 5164/2033 5165/2033 5166/2033 5022/2033 
f 5164/2033 5022/2033 5020/2033 5019/2033 
f 5166/2033 5165/2033 5167/2033 5168/2033 
f 5166/2033 5168/2033 4807/2033 4810/2033 
f 5166/2033 4810/2033 5023/2033 5022/2033 
f 5168/2033 5167/2033 5169/2033 5170/2033 
f 5168/2033 5170/2033 4808/2033 4807/2033 
f 5170/2033 5169/2033 5171/2033 5172/2033 
f 5170/2033 5172/2033 4987/2033 4808/2033 
f 5172/2033 5171/2033 5173/2033 5174/2033 
f 5172/2033 5174/2033 4988/2033 4987/2033 
f 5174/2033 5173/2033 5175/2033 5176/2033 
f 5174/2033 5176/2033 4989/2033 4988/2033 
f 5176/2033 5175/2033 5177/2033 4996/2033 
f 5176/2033 4996/2033 4991/2033 4989/2033 
f 5177/2033 5175/2033 5178/2033 5179/2033 
f 5177/2033 5179/2033 5180/2033 4999/2033 
f 5177/2033 4999/2033 4997/2033 4996/2033 
f 5180/2033 5179/2033 5181/2033 5182/2033 
f 5180/2033 5182/2033 5183/2033 5002/2033 
f 5180/2033 5002/2033 5000/2033 4999/2033 
f 5183/2033 5182/2033 5184/2033 5133/2033 
f 5183/2033 5133/2033 5131/2033 5185/2033 
f 5183/2033 5185/2033 5003/2033 5002/2033 
f 5185/2033 5131/2033 5129/2033 5186/2033 
f 5185/2033 5186/2033 5004/2033 5003/2033 
f 5186/2033 5129/2033 5127/2033 5187/2033 
f 5186/2033 5187/2033 5006/2033 5004/2033 
f 5187/2033 5127/2033 5125/2033 5188/2033 
f 5187/2033 5188/2033 5008/2033 5006/2033 
f 5188/2033 5125/2033 5123/2033 5189/2033 
f 5188/2033 5189/2033 5010/2033 5008/2033 
f 5189/2033 5123/2033 5121/2033 5190/2033 
f 5189/2033 5190/2033 5012/2033 5010/2033 
f 5190/2033 5121/2033 5119/2033 5191/2033 
f 5190/2033 5191/2033 5014/2033 5012/2033 
f 5191/2033 5119/2033 5117/2033 5163/2033 
f 5191/2033 5163/2033 5016/2033 5014/2033 
f 5184/2033 5192/2033 5193/2033 5136/2033 
f 5184/2033 5136/2033 5134/2033 5133/2033 
f 5184/2033 5182/2033 5181/2033 5192/2033 
f 5193/2033 5192/2033 5194/2033 5195/2033 
f 5193/2033 5195/2033 5196/2033 5139/2033 
f 5193/2033 5139/2033 5137/2033 5136/2033 
f 5196/2033 5195/2033 5197/2033 5147/2033 
f 5196/2033 5147/2033 5144/2033 5142/2033 
f 5196/2033 5142/2033 5140/2033 5139/2033 
f 5197/2033 5195/2033 5194/2033 5198/2033 
f 5197/2033 5198/2033 5199/2033 5150/2033 
f 5197/2033 5150/2033 5148/2033 5147/2033 
f 5199/2033 5153/2033 5151/2033 5150/2033 
f 5199/2033 5198/2033 5200/2033 5201/2033 
f 5199/2033 5201/2033 5202/2033 5153/2033 
f 5202/2033 5156/2033 5154/2033 5153/2033 
f 5202/2033 5201/2033 5203/2033 5204/2033 
f 5202/2033 5204/2033 5205/2033 5156/2033 
f 5205/2033 5160/2033 5157/2033 5156/2033 
f 5205/2033 5204/2033 5169/2033 5167/2033 
f 5205/2033 5167/2033 5165/2033 5160/2033 
f 5204/2033 5203/2033 5171/2033 5169/2033 
f 5203/2033 5201/2033 5200/2033 5206/2033 
f 5203/2033 5206/2033 5173/2033 5171/2033 
f 5206/2033 5200/2033 5207/2033 5178/2033 
f 5206/2033 5178/2033 5175/2033 5173/2033 
f 5207/2033 5200/2033 5198/2033 5194/2033 
f 5207/2033 5194/2033 5192/2033 5181/2033 
f 5207/2033 5181/2033 5179/2033 5178/2033 
f 5163/2033 5117/2033 5116/2033 5159/2033 
f 5097/2033 5095/2033 5069/2033 5068/2033 
f 5032/2033 5030/2033 4787/2033 4796/2033 
f 5030/2033 5028/2033 4788/2033 4787/2033 
f 5024/2033 5023/2033 4810/2033 4809/2033 
f 4987/2033 4985/2033 4804/2033 4808/2033 
f 4969/2033 4967/2033 4774/2033 4772/2033 
f 4965/2033 4776/2033 4773/2033 4774/2033 
f 4895/2033 4891/2033 4889/2033 4888/2033 
f 4872/2033 4784/2033 4780/2033 4781/2033 
f 4872/2033 4781/2033 4867/2033 4866/2033 
f 4847/2033 4798/2033 4797/2033 4842/2033 
f 4812/2033 4811/2033 4802/2033 4799/2033 
f 4762/2033 4765/2033 4775/2033 4770/2033 
# 447 polygons

#
# object DiskInner
#

v  -0.391522 8.979224 -7.881409
v  0.343715 10.024221 -5.460582
v  -0.878091 8.983911 -7.799767
v  0.152223 9.040520 -4.875893
v  0.227966 10.059175 -7.505772
v  -0.962774 8.988432 -5.421397
v  -0.827478 9.996916 -4.910640
v  -0.162525 8.950491 -7.427945
v  -1.012775 8.966957 -7.312125
v  -0.202972 9.027085 -8.425913
v  0.571535 9.010005 -7.868282
v  0.429872 10.051488 -6.063473
v  -0.375297 10.082433 -6.073793
v  -0.275711 10.035587 -5.359844
v  0.727346 9.979112 -5.162583
v  1.108537 9.988931 -6.005063
v  -0.083407 9.986430 -4.824297
v  -1.660316 9.028788 -7.475583
v  -1.147026 9.027424 -8.219122
v  -0.587323 9.036162 -4.819928
v  -0.335318 8.992196 -5.340267
v  0.530639 9.022182 -5.320762
v  1.002245 9.063535 -5.155594
v  0.319911 9.072133 -4.593162
v  -0.376149 10.065633 -7.588573
v  -0.415144 10.099473 -6.851645
v  0.366665 10.071514 -6.887459
v  0.639535 10.011044 -7.924731
v  -0.181881 10.009521 -8.328407
v  1.079571 10.005652 -7.011933
v  -1.351952 9.022630 -5.139541
v  -1.710460 9.024906 -5.860342
v  -1.059212 8.967698 -5.956761
v  -0.178968 8.949903 -6.009031
v  -1.130634 10.027580 -5.360682
v  -1.622547 9.992140 -5.206592
v  -1.029253 9.966503 -4.649921
v  -0.880222 10.005661 -8.214849
v  -1.165278 10.027894 -7.621054
v  -1.131165 9.970183 -8.515047
v  -1.712808 9.981699 -7.732932
v  -1.886266 9.984922 -6.837155
v  -1.281184 10.044531 -6.844175
v  -1.849734 9.991149 -5.980763
v  -1.271355 10.041991 -6.059783
v  -2.216567 9.939404 -6.831077
v  -2.163917 9.942245 -5.900165
v  -1.864413 9.940354 -5.044354
v  -2.395469 9.858485 -5.827623
v  -2.028689 9.850577 -4.890713
v  -1.109348 9.825590 -4.216083
v  -1.087345 9.911850 -4.409304
v  0.223640 9.795673 -4.121069
v  0.129487 9.886015 -4.276249
v  0.022351 9.947414 -4.497624
v  1.205286 9.883361 -4.850350
v  0.997405 9.941180 -4.978429
v  1.696253 9.896169 -5.929116
v  1.451693 9.948801 -5.963815
v  1.680084 9.915564 -7.168390
v  1.441254 9.964294 -7.110082
v  1.102726 9.926904 -8.367609
v  0.922933 9.971193 -8.202696
v  -0.054167 9.929085 -9.029137
v  -0.094941 9.967016 -8.775589
v  -1.277931 9.932265 -8.748617
v  -0.025512 9.856636 -9.237804
v  -1.390565 9.866233 -8.932707
v  -2.215119 9.863710 -7.922204
v  -2.010806 9.940068 -7.833689
v  -2.457825 9.865834 -6.828931
v  -2.385396 9.742957 -7.990114
v  -2.645779 9.741637 -6.827837
v  -2.574242 9.730670 -5.759082
v  -2.780649 9.584293 -6.817336
v  -2.699869 9.574867 -5.701740
v  -2.256839 9.566959 -4.638934
v  -2.160509 9.725509 -4.748804
v  -1.140367 9.545819 -3.920808
v  -1.132182 9.703844 -4.041894
v  0.378335 9.515265 -3.891856
v  0.312937 9.677669 -3.982770
v  1.609660 9.487304 -4.637555
v  1.525864 9.666020 -4.678376
v  1.375585 9.792758 -4.757895
v  2.056467 9.653754 -5.888623
v  1.893189 9.797906 -5.906756
v  2.035601 9.675817 -7.253252
v  1.873916 9.816435 -7.214625
v  1.378307 9.704634 -8.625097
v  1.248603 9.840885 -8.504339
v  -0.006165 9.734448 -9.424175
v  1.456571 9.497539 -8.700275
v  -0.004666 9.518442 -9.573919
v  -1.591371 9.536870 -9.236050
v  -1.495901 9.747687 -9.097851
v  -2.524498 9.576989 -8.035620
v  -1.570095 9.327445 -9.124800
v  -2.495425 9.379693 -7.980050
v  -2.750058 9.397996 -6.791368
v  -2.359429 9.235738 -7.887465
v  -2.594583 9.249767 -6.758139
v  -2.502503 9.247626 -5.712935
v  -2.661747 9.397811 -5.690351
v  -2.021670 9.236803 -4.735096
v  -2.185830 9.378420 -4.654783
v  -0.944171 9.222901 -4.129479
v  -1.053195 9.351391 -3.994377
v  0.381783 9.209547 -4.173655
v  0.392572 9.335743 -4.005115
v  1.388437 9.195639 -4.861884
v  1.520177 9.314825 -4.736578
v  1.825976 9.180450 -5.949417
v  2.000779 9.303375 -5.914724
v  2.123519 9.462988 -5.883119
v  1.993973 9.302229 -7.249088
v  2.118824 9.479422 -7.272636
v  1.370976 9.300482 -8.626675
v  1.818614 9.172209 -7.206626
v  1.245110 9.172697 -8.504530
v  -0.049112 9.175810 -9.277378
v  -0.025465 9.302667 -9.457191
v  -1.495418 9.198086 -8.960035
v  -0.079793 9.103398 -9.071754
v  -1.404458 9.111053 -8.776419
v  -2.193247 9.131720 -7.772747
v  -1.299878 9.066595 -8.554422
v  -1.982756 9.073532 -7.636857
v  -2.150194 9.067507 -6.692477
v  -2.397963 9.135700 -6.721390
v  -2.057277 9.069093 -5.794133
v  -2.306155 9.133737 -5.748486
v  -1.634148 9.063645 -4.962743
v  -1.847009 9.132989 -4.834058
v  -0.725708 9.077430 -4.497683
v  -0.841467 9.139014 -4.277516
v  0.364727 9.124398 -4.353564
v  1.229772 9.112417 -4.999721
v  1.319814 9.054272 -6.018641
v  1.609762 9.102305 -5.983122
v  1.338001 9.047409 -7.060869
v  1.607818 9.090858 -7.147425
v  0.906285 9.053493 -8.165764
v  1.091600 9.093624 -8.352524
v  -0.120438 9.066826 -8.822754
v  0.851785 8.996466 -6.930512
v  0.787286 9.003985 -6.043890
v  -0.099268 8.930520 -6.747527
v  -1.066764 8.958501 -6.665950
v  -1.792028 9.022200 -6.668966
v  -0.611280 8.961330 -7.578220
v  0.017536 8.988939 -7.942530
v  0.053351 10.054705 -5.711708
v  0.713169 10.009953 -5.627965
v  0.213319 10.005337 -5.132775
v  -1.240589 9.000121 -7.715154
v  -0.666425 9.002448 -8.127539
v  -0.037144 9.021496 -5.061142
v  0.574183 9.047700 -4.957960
v  -0.046047 10.086277 -7.215179
v  0.096874 10.039362 -7.896419
v  0.626584 10.039920 -7.367966
v  -1.326204 8.998683 -5.558961
v  -0.658669 8.967198 -5.659997
v  -0.845872 9.008180 -5.121005
v  -0.607919 10.013742 -5.081788
v  -1.233316 9.999979 -5.011772
v  -0.673032 10.030304 -7.973038
v  -1.290346 9.997272 -8.049257
v  -1.578598 10.009331 -7.262057
v  -0.834854 10.067819 -7.227669
v  -1.631077 10.014934 -6.426621
v  -0.859380 10.077104 -6.458153
v  -1.539643 10.016468 -5.641469
v  -0.791469 10.053327 -5.701875
v  -2.074786 9.965109 -6.378214
v  -1.934127 9.971613 -5.515094
v  -2.169631 9.904821 -5.398695
v  -1.592557 9.888676 -4.589165
v  -1.479151 9.957821 -4.781927
v  -0.480628 9.856633 -4.167571
v  -0.523821 9.929589 -4.374881
v  0.639984 9.915972 -4.563922
v  0.462882 9.962304 -4.775828
v  -0.514651 9.974895 -4.660171
v  1.411962 9.919786 -5.386650
v  1.155010 9.962152 -5.477441
v  1.636007 9.935569 -6.535677
v  1.358531 9.975181 -6.517842
v  1.366981 9.949692 -7.750863
v  1.110087 9.987776 -7.611676
v  0.516969 9.951500 -8.700768
v  0.366067 9.988197 -8.421597
v  -0.675422 9.950106 -8.879644
v  -0.599465 9.987244 -8.550102
v  -0.719118 9.901226 -9.104435
v  -1.803038 9.906003 -8.407486
v  -1.616413 9.957861 -8.254297
v  -2.284718 9.908101 -7.348890
v  -2.022962 9.963047 -7.307675
v  -2.487460 9.808987 -7.385052
v  -2.558345 9.804546 -6.302344
v  -2.344976 9.907223 -6.337234
v  -2.725339 9.661902 -6.268127
v  -2.501239 9.654030 -5.185301
v  -2.351893 9.796338 -5.287650
v  -1.759132 9.642752 -4.259655
v  -1.679518 9.782459 -4.415324
v  -0.408500 9.615631 -3.846248
v  -0.441250 9.753685 -3.998603
v  1.037042 9.590575 -4.198109
v  0.923532 9.736836 -4.300340
v  1.796739 9.732383 -5.266422
v  1.620690 9.846334 -5.318563
v  0.791080 9.840412 -4.415558
v  2.040514 9.740256 -6.555121
v  1.856909 9.861833 -6.545130
v  1.726036 9.766850 -7.932395
v  1.560229 9.881595 -7.847504
v  0.707534 9.794280 -9.060879
v  0.619407 9.894562 -8.891085
v  0.779177 9.620495 -9.215635
v  -0.816249 9.642243 -9.492714
v  -0.763540 9.813695 -9.298735
v  -2.100889 9.658151 -8.654644
v  -1.955084 9.813559 -8.534849
v  -2.154602 9.451636 -8.661158
v  -2.720799 9.487884 -7.398469
v  -2.659036 9.668695 -7.409921
v  -2.619620 9.313421 -7.346426
v  -2.675897 9.320667 -6.230129
v  -2.780897 9.489675 -6.241247
v  -2.417695 9.311551 -5.170060
v  -2.539176 9.480139 -5.139293
v  -1.618424 9.289646 -4.307666
v  -1.746739 9.459575 -4.218855
v  -0.301411 9.272013 -3.984921
v  -0.361311 9.434715 -3.839568
v  0.988043 9.257816 -4.371185
v  1.056182 9.409608 -4.222210
v  1.755634 9.242224 -5.330960
v  1.905491 9.384818 -5.249632
v  2.142582 9.380321 -6.566477
v  2.173336 9.566548 -6.562290
v  1.928047 9.566893 -5.224998
v  1.848291 9.389559 -7.995973
v  1.861172 9.592931 -7.999279
v  1.700701 9.229717 -7.924700
v  0.702555 9.227385 -9.082325
v  0.774973 9.397525 -9.225885
v  -0.820175 9.238291 -9.339359
v  -0.840996 9.411225 -9.512899
v  -0.787729 9.139915 -9.148035
v  -1.948442 9.164303 -8.398458
v  -2.074225 9.278471 -8.539684
v  -1.801522 9.092165 -8.233042
v  -2.239573 9.098547 -7.198059
v  -2.447206 9.185503 -7.277119
v  -2.269424 9.096615 -6.232692
v  -2.492873 9.187193 -6.227729
v  -2.026176 9.094223 -5.308544
v  -2.236268 9.182648 -5.232371
v  -1.316218 9.100325 -4.572015
v  -1.471885 9.179684 -4.423893
v  -0.201599 9.102092 -4.345318
v  -0.251478 9.170522 -4.146179
v  0.798603 9.089826 -4.715564
v  0.904093 9.155771 -4.532290
v  1.354892 9.081133 -5.507734
v  1.578273 9.142971 -5.415376
v  1.533082 9.070995 -6.536569
v  1.777080 9.129904 -6.556349
v  1.321975 9.067341 -7.709180
v  1.527702 9.125504 -7.829997
v  0.511529 9.077467 -8.709970
v  0.615320 9.130207 -8.910357
v  0.366047 9.042724 -8.432505
v  -0.717463 9.049147 -8.630188
v  -0.753469 9.084055 -8.931017
v  1.025656 9.028134 -7.539215
v  0.393001 8.961627 -6.425044
v  0.367246 8.964507 -7.254046
v  1.161886 9.026443 -6.501097
v  -0.620982 8.938929 -6.339005
v  -0.591545 8.939304 -7.025175
v  -1.466445 8.992025 -6.283082
v  -1.446519 8.992881 -7.026171
v  -1.986912 9.046365 -6.248715
v  -1.969124 9.048923 -7.115525
v  0.235376 8.987556 -5.665138
v  0.988727 9.036184 -5.613675
v  -1.125872 9.048136 -4.778919
v  -0.188160 9.056163 -4.637289
v  -1.760346 9.043411 -5.403570
v  -1.610041 9.050594 -8.020264
v  1.975381 9.233232 -6.565438
v  0.810746 10.030676 -6.488300
v  0.017558 10.089304 -6.468234
v  -0.268577 8.964636 -7.691810
v  -0.594832 8.949429 -7.324276
v  -0.954106 8.974626 -7.589942
v  -0.636580 8.978005 -7.831233
v  -0.290809 8.998793 -8.122202
v  0.233572 9.019787 -8.224667
v  0.242318 8.976355 -7.636991
v  0.397595 10.036936 -5.699142
v  0.042636 10.074652 -6.073331
v  -0.337144 10.060941 -5.700880
v  0.095110 10.031065 -5.394483
v  0.525613 10.003994 -5.310794
v  0.974248 9.982206 -5.540093
v  0.800156 10.019938 -6.036423
v  -0.179323 10.009933 -5.065808
v  0.353926 9.981192 -4.926564
v  -1.374529 8.996870 -7.377630
v  -1.462109 9.028538 -7.882410
v  -1.014592 9.002144 -7.983529
v  -0.695243 9.028286 -8.412176
v  -0.156969 9.038469 -4.829457
v  -0.463100 9.014680 -5.056789
v  0.113056 9.004705 -5.337862
v  0.339461 9.031534 -5.054666
v  0.814188 9.042136 -5.248947
v  0.712178 9.067846 -4.826451
v  0.247229 9.052501 -4.750733
v  -0.025989 10.067032 -7.553191
v  -0.413523 10.087694 -7.220109
v  -0.014473 10.094549 -6.860741
v  0.292386 10.068656 -7.251569
v  0.415880 10.038845 -7.703117
v  0.251306 10.010630 -8.200632
v  -0.282180 10.037754 -7.976763
v  0.750902 10.038544 -6.945011
v  0.913501 10.009737 -7.507093
v  -1.146545 9.002634 -5.279743
v  -1.577920 9.022973 -5.468934
v  -1.420840 8.995441 -5.909719
v  -1.016140 8.977703 -5.635399
v  -0.643475 8.950426 -5.987009
v  -0.244571 8.969654 -5.660621
v  -0.711242 8.987148 -5.367990
v  -1.003702 9.028955 -4.923247
v  -0.522054 9.992805 -4.848048
v  -0.716355 10.034864 -5.365146
v  -0.987556 10.012009 -5.093010
v  -1.422359 10.012413 -5.296754
v  -1.384186 9.980850 -4.890576
v  -0.941188 9.985397 -4.796313
v  -1.025735 10.016860 -7.969212
v  -0.777406 10.050475 -7.602339
v  -0.590721 10.008745 -8.301661
v  -1.004753 9.990835 -8.355635
v  -1.482145 9.976089 -8.161507
v  -1.475281 10.004216 -7.671289
v  -1.837433 9.983777 -7.286217
v  -1.622972 10.012833 -6.840766
v  -1.244919 10.037935 -7.240704
v  -0.857978 10.078104 -6.846963
v  -1.889556 9.987736 -6.401540
v  -1.603203 10.016018 -6.025047
v  -1.290601 10.045218 -6.447483
v  -0.837674 10.067837 -6.072653
v  -0.401850 10.096498 -6.463460
v  -1.769230 9.994095 -5.576218
v  -1.221633 10.036842 -5.690227
v  -2.073993 9.962713 -6.833766
v  -2.216636 9.940466 -6.356746
v  -2.027459 9.968615 -5.939249
v  -2.059279 9.943647 -5.456465
v  -1.762217 9.969538 -5.123428
v  -2.286645 9.905867 -5.863180
v  -2.266672 9.855572 -5.342264
v  -1.952184 9.900339 -4.966463
v  -1.637493 9.840038 -4.500512
v  -1.099217 9.873038 -4.308851
v  -1.541010 9.928045 -4.682549
v  -1.070998 9.942495 -4.521955
v  -0.460515 9.808873 -4.081846
v  0.177906 9.844183 -4.193686
v  -0.501694 9.896894 -4.262881
v  0.075474 9.920337 -4.376827
v  -0.532857 9.955370 -4.506375
v  0.719745 9.882044 -4.482377
v  1.106538 9.915964 -4.909439
v  0.553722 9.942593 -4.661353
v  0.877809 9.960201 -5.057303
v  -0.023396 9.967517 -4.640842
v  1.522318 9.888346 -5.349254
v  1.580404 9.926600 -5.945436
v  1.289550 9.943457 -5.429722
v  1.310060 9.967399 -5.982275
v  1.752500 9.906006 -6.539968
v  1.568342 9.944122 -7.142457
v  1.505370 9.956600 -6.529290
v  1.294010 9.982854 -7.066766
v  1.144114 9.997731 -6.503467
v  1.468029 9.922551 -7.800961
v  1.020373 9.952182 -8.292948
v  1.250021 9.969330 -7.690127
v  0.802270 9.989655 -8.085608
v  0.570566 9.928558 -8.798264
v  -0.072030 9.950018 -8.915831
v  0.451256 9.969382 -8.581059
v  -0.125513 9.986397 -8.587231
v  -0.697190 9.930054 -8.996437
v  -1.215965 9.952481 -8.642401
v  -0.645590 9.967222 -8.736664
v  -0.038743 9.897903 -9.136683
v  -0.741228 9.862735 -9.204811
v  -1.335842 9.904076 -8.844614
v  -1.881611 9.865338 -8.474390
v  -2.119674 9.907261 -7.879947
v  -1.715820 9.936522 -8.334126
v  -1.883250 9.962599 -7.785874
v  -2.391842 9.865009 -7.368485
v  -2.344405 9.908197 -6.829568
v  -2.162839 9.940151 -7.328032
v  -2.302406 9.808952 -7.958014
v  -2.575286 9.742669 -7.398796
v  -2.557142 9.809053 -6.828863
v  -2.645986 9.736319 -6.285612
v  -2.490214 9.799096 -5.792830
v  -2.459110 9.862782 -6.319245
v  -2.727159 9.667361 -6.824332
v  -2.776833 9.580091 -6.252477
v  -2.650918 9.656174 -5.726665
v  -2.545740 9.571515 -5.149479
v  -2.222058 9.651034 -4.683233
v  -2.428886 9.728648 -5.235209
v  -2.097092 9.792162 -4.818061
v  -1.775556 9.558128 -4.213348
v  -1.144074 9.630508 -3.964136
v  -1.719706 9.716507 -4.334679
v  -1.120472 9.769032 -4.126487
v  -0.389748 9.530827 -3.809402
v  0.350802 9.601270 -3.919677
v  -0.423641 9.689720 -3.919513
v  0.269600 9.741319 -4.050333
v  1.065917 9.501248 -4.180900
v  1.584647 9.580224 -4.645298
v  0.984574 9.671226 -4.246902
v  1.454570 9.735453 -4.716434
v  0.857754 9.791776 -4.357026
v  1.871402 9.657682 -5.243664
v  1.981550 9.732395 -5.897065
v  1.710892 9.794197 -5.291859
v  1.799302 9.852884 -5.916832
v  1.293730 9.842176 -4.801185
v  2.116338 9.661780 -6.559109
v  1.959914 9.752798 -7.235320
v  1.951993 9.805699 -6.550426
v  1.781291 9.871846 -7.192381
v  1.798836 9.689929 -7.969178
v  1.316152 9.781111 -8.567270
v  1.645568 9.828977 -7.891109
v  1.178132 9.889645 -8.437929
v  0.746276 9.720455 -9.139221
v  -0.014228 9.805446 -9.331827
v  0.664670 9.849730 -8.978775
v  1.432595 9.605774 -8.676195
v  0.793117 9.508239 -9.255924
v  -0.002598 9.633761 -9.520258
v  -0.837584 9.525921 -9.549400
v  -1.552204 9.649265 -9.186380
v  -0.787924 9.743675 -9.392578
v  -1.442970 9.817057 -9.015205
v  -2.151760 9.557487 -8.687551
v  -2.467952 9.665695 -8.021242
v  -2.026996 9.746038 -8.593414
v  -1.592894 9.425579 -9.202112
v  -2.123922 9.354123 -8.602768
v  -2.529458 9.476654 -8.017466
v  -2.685531 9.392762 -7.374825
v  -2.785616 9.490499 -6.805838
v  -2.715332 9.584592 -7.411965
v  -2.434990 9.301114 -7.936634
v  -2.535901 9.245716 -7.313712
v  -2.681971 9.318803 -6.775459
v  -2.587466 9.250154 -6.228480
v  -2.591202 9.318441 -5.698856
v  -2.744822 9.400064 -6.233958
v  -2.700723 9.486017 -5.690474
v  -2.327646 9.242935 -5.199705
v  -2.108919 9.301464 -4.690682
v  -2.492758 9.390088 -5.148302
v  -2.239950 9.471502 -4.633492
v  -1.543350 9.229952 -4.365420
v  -0.998492 9.278896 -4.059562
v  -1.688941 9.364333 -4.256766
v  -1.105280 9.446573 -3.939507
v  -0.275618 9.216172 -4.066075
v  0.388781 9.265988 -4.087533
v  -0.329696 9.343157 -3.907743
v  0.390674 9.422795 -3.930112
v  0.947506 9.202806 -4.450664
v  1.456840 9.249294 -4.798215
v  1.024627 9.325262 -4.294739
v  1.579644 9.396500 -4.675503
v  1.671462 9.187731 -5.372100
v  1.917468 9.236803 -5.932381
v  1.832931 9.307550 -5.290591
v  2.078284 9.378210 -5.896117
v  1.946226 9.471955 -5.222846
v  2.061613 9.302238 -6.566923
v  2.074035 9.385865 -7.265000
v  2.189440 9.468186 -6.564725
v  2.097292 9.580383 -7.267206
v  2.110018 9.559396 -5.882298
v  1.776401 9.301432 -7.963121
v  1.427791 9.392935 -8.677050
v  1.886504 9.488569 -8.011835
v  1.909688 9.231031 -7.229692
v  1.618648 9.171911 -7.880422
v  1.310847 9.228700 -8.569300
v  0.661629 9.172991 -9.000151
v  -0.036884 9.229380 -9.370201
v  0.739777 9.300018 -9.157396
v  -0.013507 9.403549 -9.538998
v  -0.804429 9.184170 -9.246307
v  -1.536296 9.254520 -9.044338
v  -0.833016 9.311050 -9.427967
v  -0.063495 9.134080 -9.178068
v  -0.770576 9.106288 -9.043339
v  -1.451379 9.149420 -8.871187
v  -1.878423 9.121546 -8.319206
v  -2.280018 9.178390 -7.832790
v  -2.013176 9.217567 -8.471664
v  -1.354937 9.085518 -8.674355
v  -1.713480 9.070425 -8.135036
v  -2.095606 9.098380 -7.707475
v  -2.113736 9.070896 -7.157162
v  -2.281491 9.096636 -6.706046
v  -2.349707 9.135530 -7.238087
v  -2.501120 9.187739 -6.739435
v  -2.135909 9.068356 -6.239330
v  -2.189083 9.096479 -5.769643
v  -2.388174 9.134956 -6.228819
v  -2.409058 9.185089 -5.729531
v  -1.900694 9.065370 -5.353298
v  -1.746592 9.094090 -4.894351
v  -2.137724 9.132480 -5.268503
v  -1.936534 9.180603 -4.781931
v  -1.225629 9.070375 -4.668386
v  -0.784679 9.105476 -4.377138
v  -1.398138 9.137066 -4.490340
v  -0.893230 9.177215 -4.198546
v  -0.184956 9.076672 -4.478091
v  0.352876 9.095199 -4.462734
v  -0.227352 9.133137 -4.235753
v  0.374064 9.162432 -4.259768
v  1.133351 9.085346 -5.073875
v  0.855295 9.117760 -4.619458
v  1.313774 9.149597 -4.929054
v  1.200509 9.058925 -5.558226
v  1.481909 9.076559 -6.000759
v  1.473580 9.107564 -5.460637
v  1.723929 9.136278 -5.966170
v  1.373003 9.049831 -6.521131
v  1.486931 9.067051 -7.108323
v  1.661361 9.095747 -6.548085
v  1.718184 9.125698 -7.179698
v  1.881375 9.175165 -6.561942
v  1.192729 9.048812 -7.633030
v  1.007185 9.071075 -8.267082
v  1.428573 9.090609 -7.773043
v  1.171468 9.127585 -8.431974
v  0.447764 9.060900 -8.587215
v  -0.097764 9.082973 -8.957922
v  0.564872 9.098532 -8.813456
v  0.776963 9.034426 -8.038685
v  -0.150845 9.048980 -8.652424
v  -1.236348 9.048069 -8.406050
v  -0.735925 9.067060 -8.797743
v  1.143505 9.025066 -7.003538
v  0.768060 9.001351 -7.416598
v  0.851346 8.997988 -6.470918
v  0.328971 8.972408 -6.031391
v  -0.126619 8.935795 -6.376674
v  0.411185 8.958048 -6.835972
v  -0.108663 8.937269 -7.105567
v  1.102920 9.030676 -6.036329
v  -1.073215 8.961010 -6.308866
v  -0.600551 8.934591 -6.692791
v  -1.048472 8.961034 -7.002248
v  -1.778426 9.023352 -6.262686
v  -1.472008 8.990487 -6.661185
v  -1.761474 9.025344 -7.072183
v  -1.910170 9.047345 -5.823090
v  -2.002565 9.045284 -6.679756
v  -1.850359 9.052339 -7.560776
v  0.680149 9.012525 -5.655504
v  -1.508544 9.041395 -5.039174
v  -0.667390 9.055702 -4.639420
v  0.416028 10.064404 -6.475503
# 594 vertices

vt 0.000000 0.000000 0.000000
vt 0.000000 0.000000 0.000000
vt 0.000000 0.000000 0.000000
vt 0.000000 0.000000 0.000000
vt 0.000000 0.000000 0.000000
vt 0.000000 0.000000 0.000000
vt 0.000000 0.000000 0.000000
vt 0.000000 0.000000 0.000000
vt 0.000000 0.000000 0.000000
vt 0.000000 0.000000 0.000000
vt 0.000000 0.000000 0.000000
vt 0.000000 0.000000 0.000000
vt 0.000000 0.000000 0.000000
vt 0.000000 0.000000 0.000000
vt 0.000000 0.000000 0.000000
vt 0.000000 0.000000 0.000000
vt 0.000000 0.000000 0.000000
vt 0.000000 0.000000 0.000000
vt 0.000000 0.000000 0.000000
vt 0.000000 0.000000 0.000000
vt 0.000000 0.000000 0.000000
vt 0.000000 0.000000 0.000000
vt 0.000000 0.000000 0.000000
vt 0.000000 0.000000 0.000000
vt 0.000000 0.000000 0.000000
vt 0.000000 0.000000 0.000000
vt 0.000000 0.000000 0.000000
vt 0.000000 0.000000 0.000000
vt 0.000000 0.000000 0.000000
vt 0.000000 0.000000 0.000000
vt 0.000000 0.000000 0.000000
vt 0.000000 0.000000 0.000000
vt 0.000000 0.000000 0.000000
vt 0.000000 0.000000 0.000000
vt 0.000000 0.000000 0.000000
vt 0.000000 0.000000 0.000000
vt 0.000000 0.000000 0.000000
vt 0.000000 0.000000 0.000000
vt 0.000000 0.000000 0.000000
vt 0.000000 0.000000 0.000000
vt 0.000000 0.000000 0.000000
vt 0.000000 0.000000 0.000000
vt 0.000000 0.000000 0.000000
vt 0.000000 0.000000 0.000000
vt 0.000000 0.000000 0.000000
vt 0.000000 0.000000 0.000000
vt 0.000000 0.000000 0.000000
vt 0.000000 0.000000 0.000000
vt 0.000000 0.000000 0.000000
vt 0.000000 0.000000 0.000000
vt 0.000000 0.000000 0.000000
vt 0.000000 0.000000 0.000000
vt 0.000000 0.000000 0.000000
vt 0.000000 0.000000 0.000000
vt 0.000000 0.000000 0.000000
vt 0.000000 0.000000 0.000000
vt 0.000000 0.000000 0.000000
vt 0.000000 0.000000 0.000000
vt 0.000000 0.000000 0.000000
vt 0.000000 0.000000 0.000000
vt 0.000000 0.000000 0.000000
vt 0.000000 0.000000 0.000000
vt 0.000000 0.000000 0.000000
vt 0.000000 0.000000 0.000000
vt 0.000000 0.000000 0.000000
vt 0.000000 0.000000 0.000000
vt 0.000000 0.000000 0.000000
vt 0.000000 0.000000 0.000000
vt 0.000000 0.000000 0.000000
vt 0.000000 0.000000 0.000000
vt 0.000000 0.000000 0.000000
vt 0.000000 0.000000 0.000000
vt 0.000000 0.000000 0.000000
vt 0.000000 0.000000 0.000000
vt 0.000000 0.000000 0.000000
vt 0.000000 0.000000 0.000000
vt 0.000000 0.000000 0.000000
vt 0.000000 0.000000 0.000000
vt 0.000000 0.000000 0.000000
vt 0.000000 0.000000 0.000000
vt 0.000000 0.000000 0.000000
vt 0.000000 0.000000 0.000000
vt 0.000000 0.000000 0.000000
vt 0.000000 0.000000 0.000000
vt 0.000000 0.000000 0.000000
vt 0.000000 0.000000 0.000000
vt 0.000000 0.000000 0.000000
vt 0.000000 0.000000 0.000000
vt 0.000000 0.000000 0.000000
vt 0.000000 0.000000 0.000000
vt 0.000000 0.000000 0.000000
vt 0.000000 0.000000 0.000000
vt 0.000000 0.000000 0.000000
vt 0.000000 0.000000 0.000000
vt 0.000000 0.000000 0.000000
vt 0.000000 0.000000 0.000000
vt 0.000000 0.000000 0.000000
vt 0.000000 0.000000 0.000000
vt 0.000000 0.000000 0.000000
vt 0.000000 0.000000 0.000000
vt 0.000000 0.000000 0.000000
vt 0.000000 0.000000 0.000000
vt 0.000000 0.000000 0.000000
vt 0.000000 0.000000 0.000000
vt 0.000000 0.000000 0.000000
vt 0.000000 0.000000 0.000000
vt 0.000000 0.000000 0.000000
vt 0.000000 0.000000 0.000000
vt 0.000000 0.000000 0.000000
vt 0.000000 0.000000 0.000000
vt 0.000000 0.000000 0.000000
vt 0.000000 0.000000 0.000000
vt 0.000000 0.000000 0.000000
vt 0.000000 0.000000 0.000000
vt 0.000000 0.000000 0.000000
vt 0.000000 0.000000 0.000000
vt 0.000000 0.000000 0.000000
vt 0.000000 0.000000 0.000000
vt 0.000000 0.000000 0.000000
vt 0.000000 0.000000 0.000000
vt 0.000000 0.000000 0.000000
vt 0.000000 0.000000 0.000000
vt 0.000000 0.000000 0.000000
vt 0.000000 0.000000 0.000000
vt 0.000000 0.000000 0.000000
vt 0.000000 0.000000 0.000000
vt 0.000000 0.000000 0.000000
vt 0.000000 0.000000 0.000000
vt 0.000000 0.000000 0.000000
vt 0.000000 0.000000 0.000000
vt 0.000000 0.000000 0.000000
vt 0.000000 0.000000 0.000000
vt 0.000000 0.000000 0.000000
vt 0.000000 0.000000 0.000000
vt 0.000000 0.000000 0.000000
vt 0.000000 0.000000 0.000000
vt 0.000000 0.000000 0.000000
vt 0.000000 0.000000 0.000000
vt 0.000000 0.000000 0.000000
vt 0.000000 0.000000 0.000000
vt 0.000000 0.000000 0.000000
vt 0.000000 0.000000 0.000000
vt 0.000000 0.000000 0.000000
vt 0.000000 0.000000 0.000000
vt 0.000000 0.000000 0.000000
vt 0.000000 0.000000 0.000000
vt 0.000000 0.000000 0.000000
vt 0.000000 0.000000 0.000000
vt 0.000000 0.000000 0.000000
vt 0.000000 0.000000 0.000000
vt 0.000000 0.000000 0.000000
vt 0.000000 0.000000 0.000000
vt 0.000000 0.000000 0.000000
vt 0.000000 0.000000 0.000000
vt 0.000000 0.000000 0.000000
vt 0.000000 0.000000 0.000000
vt 0.000000 0.000000 0.000000
vt 0.000000 0.000000 0.000000
vt 0.000000 0.000000 0.000000
vt 0.000000 0.000000 0.000000
vt 0.000000 0.000000 0.000000
vt 0.000000 0.000000 0.000000
vt 0.000000 0.000000 0.000000
vt 0.000000 0.000000 0.000000
vt 0.000000 0.000000 0.000000
vt 0.000000 0.000000 0.000000
vt 0.000000 0.000000 0.000000
vt 0.000000 0.000000 0.000000
vt 0.000000 0.000000 0.000000
vt 0.000000 0.000000 0.000000
vt 0.000000 0.000000 0.000000
vt 0.000000 0.000000 0.000000
vt 0.000000 0.000000 0.000000
vt 0.000000 0.000000 0.000000
vt 0.000000 0.000000 0.000000
vt 0.000000 0.000000 0.000000
vt 0.000000 0.000000 0.000000
vt 0.000000 0.000000 0.000000
vt 0.000000 0.000000 0.000000
vt 0.000000 0.000000 0.000000
vt 0.000000 0.000000 0.000000
vt 0.000000 0.000000 0.000000
vt 0.000000 0.000000 0.000000
vt 0.000000 0.000000 0.000000
vt 0.000000 0.000000 0.000000
vt 0.000000 0.000000 0.000000
vt 0.000000 0.000000 0.000000
vt 0.000000 0.000000 0.000000
vt 0.000000 0.000000 0.000000
vt 0.000000 0.000000 0.000000
vt 0.000000 0.000000 0.000000
vt 0.000000 0.000000 0.000000
vt 0.000000 0.000000 0.000000
vt 0.000000 0.000000 0.000000
vt 0.000000 0.000000 0.000000
vt 0.000000 0.000000 0.000000
vt 0.000000 0.000000 0.000000
vt 0.000000 0.000000 0.000000
vt 0.000000 0.000000 0.000000
vt 0.000000 0.000000 0.000000
vt 0.000000 0.000000 0.000000
vt 0.000000 0.000000 0.000000
vt 0.000000 0.000000 0.000000
vt 0.000000 0.000000 0.000000
vt 0.000000 0.000000 0.000000
vt 0.000000 0.000000 0.000000
vt 0.000000 0.000000 0.000000
vt 0.000000 0.000000 0.000000
vt 0.000000 0.000000 0.000000
vt 0.000000 0.000000 0.000000
vt 0.000000 0.000000 0.000000
vt 0.000000 0.000000 0.000000
vt 0.000000 0.000000 0.000000
vt 0.000000 0.000000 0.000000
vt 0.000000 0.000000 0.000000
vt 0.000000 0.000000 0.000000
vt 0.000000 0.000000 0.000000
vt 0.000000 0.000000 0.000000
vt 0.000000 0.000000 0.000000
vt 0.000000 0.000000 0.000000
vt 0.000000 0.000000 0.000000
vt 0.000000 0.000000 0.000000
vt 0.000000 0.000000 0.000000
vt 0.000000 0.000000 0.000000
vt 0.000000 0.000000 0.000000
vt 0.000000 0.000000 0.000000
vt 0.000000 0.000000 0.000000
vt 0.000000 0.000000 0.000000
vt 0.000000 0.000000 0.000000
vt 0.000000 0.000000 0.000000
vt 0.000000 0.000000 0.000000
vt 0.000000 0.000000 0.000000
vt 0.000000 0.000000 0.000000
vt 0.000000 0.000000 0.000000
vt 0.000000 0.000000 0.000000
vt 0.000000 0.000000 0.000000
vt 0.000000 0.000000 0.000000
vt 0.000000 0.000000 0.000000
vt 0.000000 0.000000 0.000000
vt 0.000000 0.000000 0.000000
vt 0.000000 0.000000 0.000000
vt 0.000000 0.000000 0.000000
vt 0.000000 0.000000 0.000000
vt 0.000000 0.000000 0.000000
vt 0.000000 0.000000 0.000000
vt 0.000000 0.000000 0.000000
vt 0.000000 0.000000 0.000000
vt 0.000000 0.000000 0.000000
vt 0.000000 0.000000 0.000000
vt 0.000000 0.000000 0.000000
vt 0.000000 0.000000 0.000000
vt 0.000000 0.000000 0.000000
vt 0.000000 0.000000 0.000000
vt 0.000000 0.000000 0.000000
vt 0.000000 0.000000 0.000000
vt 0.000000 0.000000 0.000000
vt 0.000000 0.000000 0.000000
vt 0.000000 0.000000 0.000000
vt 0.000000 0.000000 0.000000
vt 0.000000 0.000000 0.000000
vt 0.000000 0.000000 0.000000
vt 0.000000 0.000000 0.000000
vt 0.000000 0.000000 0.000000
vt 0.000000 0.000000 0.000000
vt 0.000000 0.000000 0.000000
vt 0.000000 0.000000 0.000000
vt 0.000000 0.000000 0.000000
vt 0.000000 0.000000 0.000000
vt 0.000000 0.000000 0.000000
vt 0.000000 0.000000 0.000000
vt 0.000000 0.000000 0.000000
vt 0.000000 0.000000 0.000000
vt 0.000000 0.000000 0.000000
vt 0.000000 0.000000 0.000000
vt 0.000000 0.000000 0.000000
vt 0.000000 0.000000 0.000000
vt 0.000000 0.000000 0.000000
vt 0.000000 0.000000 0.000000
vt 0.000000 0.000000 0.000000
vt 0.000000 0.000000 0.000000
vt 0.000000 0.000000 0.000000
vt 0.000000 0.000000 0.000000
vt 0.000000 0.000000 0.000000
vt 0.000000 0.000000 0.000000
vt 0.000000 0.000000 0.000000
vt 0.000000 0.000000 0.000000
vt 0.000000 0.000000 0.000000
vt 0.000000 0.000000 0.000000
vt 0.000000 0.000000 0.000000
vt 0.000000 0.000000 0.000000
vt 0.000000 0.000000 0.000000
vt 0.000000 0.000000 0.000000
vt 0.000000 0.000000 0.000000
vt 0.000000 0.000000 0.000000
vt 0.000000 0.000000 0.000000
vt 0.000000 0.000000 0.000000
vt 0.000000 0.000000 0.000000
vt 0.000000 0.000000 0.000000
vt 0.000000 0.000000 0.000000
vt 0.000000 0.000000 0.000000
vt 0.000000 0.000000 0.000000
vt 0.000000 0.000000 0.000000
vt 0.000000 0.000000 0.000000
vt 0.000000 0.000000 0.000000
vt 0.000000 0.000000 0.000000
vt 0.000000 0.000000 0.000000
vt 0.000000 0.000000 0.000000
vt 0.000000 0.000000 0.000000
vt 0.000000 0.000000 0.000000
vt 0.000000 0.000000 0.000000
vt 0.000000 0.000000 0.000000
vt 0.000000 0.000000 0.000000
vt 0.000000 0.000000 0.000000
vt 0.000000 0.000000 0.000000
vt 0.000000 0.000000 0.000000
vt 0.000000 0.000000 0.000000
vt 0.000000 0.000000 0.000000
vt 0.000000 0.000000 0.000000
vt 0.000000 0.000000 0.000000
vt 0.000000 0.000000 0.000000
vt 0.000000 0.000000 0.000000
vt 0.000000 0.000000 0.000000
vt 0.000000 0.000000 0.000000
vt 0.000000 0.000000 0.000000
vt 0.000000 0.000000 0.000000
vt 0.000000 0.000000 0.000000
vt 0.000000 0.000000 0.000000
vt 0.000000 0.000000 0.000000
vt 0.000000 0.000000 0.000000
vt 0.000000 0.000000 0.000000
vt 0.000000 0.000000 0.000000
vt 0.000000 0.000000 0.000000
vt 0.000000 0.000000 0.000000
vt 0.000000 0.000000 0.000000
vt 0.000000 0.000000 0.000000
vt 0.000000 0.000000 0.000000
vt 0.000000 0.000000 0.000000
vt 0.000000 0.000000 0.000000
vt 0.000000 0.000000 0.000000
vt 0.000000 0.000000 0.000000
vt 0.000000 0.000000 0.000000
vt 0.000000 0.000000 0.000000
vt 0.000000 0.000000 0.000000
vt 0.000000 0.000000 0.000000
vt 0.000000 0.000000 0.000000
vt 0.000000 0.000000 0.000000
vt 0.000000 0.000000 0.000000
vt 0.000000 0.000000 0.000000
vt 0.000000 0.000000 0.000000
vt 0.000000 0.000000 0.000000
vt 0.000000 0.000000 0.000000
vt 0.000000 0.000000 0.000000
vt 0.000000 0.000000 0.000000
vt 0.000000 0.000000 0.000000
vt 0.000000 0.000000 0.000000
vt 0.000000 0.000000 0.000000
vt 0.000000 0.000000 0.000000
vt 0.000000 0.000000 0.000000
vt 0.000000 0.000000 0.000000
vt 0.000000 0.000000 0.000000
vt 0.000000 0.000000 0.000000
vt 0.000000 0.000000 0.000000
vt 0.000000 0.000000 0.000000
vt 0.000000 0.000000 0.000000
vt 0.000000 0.000000 0.000000
vt 0.000000 0.000000 0.000000
vt 0.000000 0.000000 0.000000
vt 0.000000 0.000000 0.000000
vt 0.000000 0.000000 0.000000
vt 0.000000 0.000000 0.000000
vt 0.000000 0.000000 0.000000
vt 0.000000 0.000000 0.000000
vt 0.000000 0.000000 0.000000
vt 0.000000 0.000000 0.000000
vt 0.000000 0.000000 0.000000
vt 0.000000 0.000000 0.000000
vt 0.000000 0.000000 0.000000
vt 0.000000 0.000000 0.000000
vt 0.000000 0.000000 0.000000
vt 0.000000 0.000000 0.000000
vt 0.000000 0.000000 0.000000
vt 0.000000 0.000000 0.000000
vt 0.000000 0.000000 0.000000
vt 0.000000 0.000000 0.000000
vt 0.000000 0.000000 0.000000
vt 0.000000 0.000000 0.000000
vt 0.000000 0.000000 0.000000
vt 0.000000 0.000000 0.000000
vt 0.000000 0.000000 0.000000
vt 0.000000 0.000000 0.000000
vt 0.000000 0.000000 0.000000
vt 0.000000 0.000000 0.000000
vt 0.000000 0.000000 0.000000
vt 0.000000 0.000000 0.000000
vt 0.000000 0.000000 0.000000
vt 0.000000 0.000000 0.000000
vt 0.000000 0.000000 0.000000
vt 0.000000 0.000000 0.000000
vt 0.000000 0.000000 0.000000
vt 0.000000 0.000000 0.000000
vt 0.000000 0.000000 0.000000
vt 0.000000 0.000000 0.000000
vt 0.000000 0.000000 0.000000
vt 0.000000 0.000000 0.000000
vt 0.000000 0.000000 0.000000
vt 0.000000 0.000000 0.000000
vt 0.000000 0.000000 0.000000
vt 0.000000 0.000000 0.000000
vt 0.000000 0.000000 0.000000
vt 0.000000 0.000000 0.000000
vt 0.000000 0.000000 0.000000
vt 0.000000 0.000000 0.000000
vt 0.000000 0.000000 0.000000
vt 0.000000 0.000000 0.000000
vt 0.000000 0.000000 0.000000
vt 0.000000 0.000000 0.000000
vt 0.000000 0.000000 0.000000
vt 0.000000 0.000000 0.000000
vt 0.000000 0.000000 0.000000
vt 0.000000 0.000000 0.000000
vt 0.000000 0.000000 0.000000
vt 0.000000 0.000000 0.000000
vt 0.000000 0.000000 0.000000
vt 0.000000 0.000000 0.000000
vt 0.000000 0.000000 0.000000
vt 0.000000 0.000000 0.000000
vt 0.000000 0.000000 0.000000
vt 0.000000 0.000000 0.000000
vt 0.000000 0.000000 0.000000
vt 0.000000 0.000000 0.000000
vt 0.000000 0.000000 0.000000
vt 0.000000 0.000000 0.000000
vt 0.000000 0.000000 0.000000
vt 0.000000 0.000000 0.000000
vt 0.000000 0.000000 0.000000
vt 0.000000 0.000000 0.000000
vt 0.000000 0.000000 0.000000
vt 0.000000 0.000000 0.000000
vt 0.000000 0.000000 0.000000
vt 0.000000 0.000000 0.000000
vt 0.000000 0.000000 0.000000
vt 0.000000 0.000000 0.000000
vt 0.000000 0.000000 0.000000
vt 0.000000 0.000000 0.000000
vt 0.000000 0.000000 0.000000
vt 0.000000 0.000000 0.000000
vt 0.000000 0.000000 0.000000
vt 0.000000 0.000000 0.000000
vt 0.000000 0.000000 0.000000
vt 0.000000 0.000000 0.000000
vt 0.000000 0.000000 0.000000
vt 0.000000 0.000000 0.000000
vt 0.000000 0.000000 0.000000
vt 0.000000 0.000000 0.000000
vt 0.000000 0.000000 0.000000
vt 0.000000 0.000000 0.000000
vt 0.000000 0.000000 0.000000
vt 0.000000 0.000000 0.000000
vt 0.000000 0.000000 0.000000
vt 0.000000 0.000000 0.000000
vt 0.000000 0.000000 0.000000
vt 0.000000 0.000000 0.000000
vt 0.000000 0.000000 0.000000
vt 0.000000 0.000000 0.000000
vt 0.000000 0.000000 0.000000
vt 0.000000 0.000000 0.000000
vt 0.000000 0.000000 0.000000
vt 0.000000 0.000000 0.000000
vt 0.000000 0.000000 0.000000
vt 0.000000 0.000000 0.000000
vt 0.000000 0.000000 0.000000
vt 0.000000 0.000000 0.000000
vt 0.000000 0.000000 0.000000
vt 0.000000 0.000000 0.000000
vt 0.000000 0.000000 0.000000
vt 0.000000 0.000000 0.000000
vt 0.000000 0.000000 0.000000
vt 0.000000 0.000000 0.000000
vt 0.000000 0.000000 0.000000
vt 0.000000 0.000000 0.000000
vt 0.000000 0.000000 0.000000
vt 0.000000 0.000000 0.000000
vt 0.000000 0.000000 0.000000
vt 0.000000 0.000000 0.000000
vt 0.000000 0.000000 0.000000
vt 0.000000 0.000000 0.000000
vt 0.000000 0.000000 0.000000
vt 0.000000 0.000000 0.000000
vt 0.000000 0.000000 0.000000
vt 0.000000 0.000000 0.000000
vt 0.000000 0.000000 0.000000
vt 0.000000 0.000000 0.000000
vt 0.000000 0.000000 0.000000
vt 0.000000 0.000000 0.000000
vt 0.000000 0.000000 0.000000
vt 0.000000 0.000000 0.000000
vt 0.000000 0.000000 0.000000
vt 0.000000 0.000000 0.000000
vt 0.000000 0.000000 0.000000
vt 0.000000 0.000000 0.000000
vt 0.000000 0.000000 0.000000
vt 0.000000 0.000000 0.000000
vt 0.000000 0.000000 0.000000
vt 0.000000 0.000000 0.000000
vt 0.000000 0.000000 0.000000
vt 0.000000 0.000000 0.000000
vt 0.000000 0.000000 0.000000
vt 0.000000 0.000000 0.000000
vt 0.000000 0.000000 0.000000
vt 0.000000 0.000000 0.000000
vt 0.000000 0.000000 0.000000
vt 0.000000 0.000000 0.000000
vt 0.000000 0.000000 0.000000
vt 0.000000 0.000000 0.000000
vt 0.000000 0.000000 0.000000
vt 0.000000 0.000000 0.000000
vt 0.000000 0.000000 0.000000
vt 0.000000 0.000000 0.000000
vt 0.000000 0.000000 0.000000
vt 0.000000 0.000000 0.000000
vt 0.000000 0.000000 0.000000
vt 0.000000 0.000000 0.000000
vt 0.000000 0.000000 0.000000
vt 0.000000 0.000000 0.000000
vt 0.000000 0.000000 0.000000
vt 0.000000 0.000000 0.000000
vt 0.000000 0.000000 0.000000
vt 0.000000 0.000000 0.000000
vt 0.000000 0.000000 0.000000
vt 0.000000 0.000000 0.000000
vt 0.000000 0.000000 0.000000
vt 0.000000 0.000000 0.000000
vt 0.000000 0.000000 0.000000
vt 0.000000 0.000000 0.000000
vt 0.000000 0.000000 0.000000
vt 0.000000 0.000000 0.000000
vt 0.000000 0.000000 0.000000
vt 0.000000 0.000000 0.000000
vt 0.000000 0.000000 0.000000
vt 0.000000 0.000000 0.000000
vt 0.000000 0.000000 0.000000
vt 0.000000 0.000000 0.000000
vt 0.000000 0.000000 0.000000
vt 0.000000 0.000000 0.000000
vt 0.000000 0.000000 0.000000
vt 0.000000 0.000000 0.000000
vt 0.000000 0.000000 0.000000
vt 0.000000 0.000000 0.000000
vt 0.000000 0.000000 0.000000
vt 0.000000 0.000000 0.000000
vt 0.000000 0.000000 0.000000
vt 0.000000 0.000000 0.000000
vt 0.000000 0.000000 0.000000
vt 0.000000 0.000000 0.000000
vt 0.000000 0.000000 0.000000
vt 0.000000 0.000000 0.000000
vt 0.000000 0.000000 0.000000
vt 0.000000 0.000000 0.000000
vt 0.000000 0.000000 0.000000
vt 0.000000 0.000000 0.000000
vt 0.000000 0.000000 0.000000
vt 0.000000 0.000000 0.000000
vt 0.000000 0.000000 0.000000
vt 0.000000 0.000000 0.000000
vt 0.000000 0.000000 0.000000
vt 0.000000 0.000000 0.000000
vt 0.000000 0.000000 0.000000
vt 0.000000 0.000000 0.000000
vt 0.000000 0.000000 0.000000
vt 0.000000 0.000000 0.000000
vt 0.000000 0.000000 0.000000
vt 0.000000 0.000000 0.000000
vt 0.000000 0.000000 0.000000
vt 0.000000 0.000000 0.000000
vt 0.000000 0.000000 0.000000
vt 0.000000 0.000000 0.000000
vt 0.000000 0.000000 0.000000
vt 0.000000 0.000000 0.000000
vt 0.000000 0.000000 0.000000
vt 0.000000 0.000000 0.000000
vt 0.000000 0.000000 0.000000
vt 0.000000 0.000000 0.000000
vt 0.000000 0.000000 0.000000
vt 0.000000 0.000000 0.000000
vt 0.000000 0.000000 0.000000
vt 0.000000 0.000000 0.000000
vt 0.000000 0.000000 0.000000
vt 0.000000 0.000000 0.000000
vt 0.000000 0.000000 0.000000
vt 0.000000 0.000000 0.000000
vt 0.000000 0.000000 0.000000
vt 0.000000 0.000000 0.000000
vt 0.000000 0.000000 0.000000
vt 0.000000 0.000000 0.000000
# 594 texture coords

o DiskInner
g DiskInner
usemtl default
f 5208/2034 5506/2332 5358/2184 5509/2335 
f 5215/2035 5507/2333 5358/2184 5506/2332 
f 5216/2036 5508/2334 5358/2184 5507/2333 
f 5210/2037 5509/2335 5358/2184 5508/2334 
f 5208/2034 5510/2336 5359/2185 5506/2332 
f 5217/2038 5511/2337 5359/2185 5510/2336 
f 5218/2039 5512/2338 5359/2185 5511/2337 
f 5215/2035 5506/2332 5359/2185 5512/2338 
f 5209/2040 5513/2339 5360/2186 5516/2342 
f 5219/2041 5514/2340 5360/2186 5513/2339 
f 5220/2042 5515/2341 5360/2186 5514/2340 
f 5221/2043 5516/2342 5360/2186 5515/2341 
f 5209/2040 5517/2343 5361/2187 5513/2339 
f 5222/2044 5518/2344 5361/2187 5517/2343 
f 5223/2045 5519/2345 5361/2187 5518/2344 
f 5219/2041 5513/2339 5361/2187 5519/2345 
f 5209/2040 5516/2342 5362/2188 5517/2343 
f 5221/2043 5520/2346 5362/2188 5516/2342 
f 5224/2046 5521/2347 5362/2188 5520/2346 
f 5222/2044 5517/2343 5362/2188 5521/2347 
f 5210/2037 5508/2334 5363/2189 5524/2350 
f 5216/2036 5522/2348 5363/2189 5508/2334 
f 5225/2047 5523/2349 5363/2189 5522/2348 
f 5226/2048 5524/2350 5363/2189 5523/2349 
f 5210/2037 5524/2350 5364/2190 5509/2335 
f 5226/2048 5525/2351 5364/2190 5524/2350 
f 5217/2038 5510/2336 5364/2190 5525/2351 
f 5208/2034 5509/2335 5364/2190 5510/2336 
f 5211/2049 5526/2352 5365/2191 5529/2355 
f 5227/2050 5527/2353 5365/2191 5526/2352 
f 5228/2051 5528/2354 5365/2191 5527/2353 
f 5229/2052 5529/2355 5365/2191 5528/2354 
f 5211/2049 5529/2355 5366/2192 5532/2358 
f 5229/2052 5530/2356 5366/2192 5529/2355 
f 5230/2053 5531/2357 5366/2192 5530/2356 
f 5231/2054 5532/2358 5366/2192 5531/2357 
f 5212/2055 5533/2359 5367/2193 5536/2362 
f 5232/2056 5534/2360 5367/2193 5533/2359 
f 5233/2057 5535/2361 5367/2193 5534/2360 
f 5234/2058 5536/2362 5367/2193 5535/2361 
f 5212/2055 5537/2363 5368/2194 5533/2359 
f 5235/2059 5538/2364 5368/2194 5537/2363 
f 5236/2060 5539/2365 5368/2194 5538/2364 
f 5232/2056 5533/2359 5368/2194 5539/2365 
f 5212/2055 5536/2362 5369/2195 5537/2363 
f 5234/2058 5540/2366 5369/2195 5536/2362 
f 5237/2061 5541/2367 5369/2195 5540/2366 
f 5235/2059 5537/2363 5369/2195 5541/2367 
f 5213/2062 5542/2368 5370/2196 5545/2371 
f 5238/2063 5543/2369 5370/2196 5542/2368 
f 5239/2064 5544/2370 5370/2196 5543/2369 
f 5240/2065 5545/2371 5370/2196 5544/2370 
f 5213/2062 5545/2371 5371/2197 5548/2374 
f 5240/2065 5546/2372 5371/2197 5545/2371 
f 5241/2066 5547/2373 5371/2197 5546/2372 
f 5228/2051 5548/2374 5371/2197 5547/2373 
f 5213/2062 5548/2374 5372/2198 5542/2368 
f 5228/2051 5527/2353 5372/2198 5548/2374 
f 5227/2050 5549/2375 5372/2198 5527/2353 
f 5238/2063 5542/2368 5372/2198 5549/2375 
f 5214/2067 5550/2376 5373/2199 5552/2378 
f 5224/2046 5520/2346 5373/2199 5550/2376 
f 5221/2043 5551/2377 5373/2199 5520/2346 
f 5242/2068 5552/2378 5373/2199 5551/2377 
f 5214/2067 5552/2378 5374/2200 5555/2381 
f 5242/2068 5553/2379 5374/2200 5552/2378 
f 5243/2069 5554/2380 5374/2200 5553/2379 
f 5244/2070 5555/2381 5374/2200 5554/2380 
f 5245/2071 5556/2382 5375/2201 5558/2384 
f 5246/2072 5557/2383 5375/2201 5556/2382 
f 5232/2056 5539/2365 5375/2201 5557/2383 
f 5236/2060 5558/2384 5375/2201 5539/2365 
f 5246/2072 5556/2382 5376/2202 5561/2387 
f 5245/2071 5559/2385 5376/2202 5556/2382 
f 5247/2073 5560/2386 5376/2202 5559/2385 
f 5248/2074 5561/2387 5376/2202 5560/2386 
f 5246/2072 5561/2387 5377/2203 5564/2390 
f 5248/2074 5562/2388 5377/2203 5561/2387 
f 5249/2075 5563/2389 5377/2203 5562/2388 
f 5250/2076 5564/2390 5377/2203 5563/2389 
f 5246/2072 5564/2390 5378/2204 5557/2383 
f 5250/2076 5565/2391 5378/2204 5564/2390 
f 5233/2057 5534/2360 5378/2204 5565/2391 
f 5232/2056 5557/2383 5378/2204 5534/2360 
f 5250/2076 5563/2389 5379/2205 5568/2394 
f 5249/2075 5566/2392 5379/2205 5563/2389 
f 5251/2077 5567/2393 5379/2205 5566/2392 
f 5252/2078 5568/2394 5379/2205 5567/2393 
f 5250/2076 5568/2394 5380/2206 5565/2391 
f 5252/2078 5569/2395 5380/2206 5568/2394 
f 5220/2042 5570/2396 5380/2206 5569/2395 
f 5233/2057 5565/2391 5380/2206 5570/2396 
f 5252/2078 5567/2393 5381/2207 5572/2398 
f 5251/2077 5571/2397 5381/2207 5567/2393 
f 5243/2069 5553/2379 5381/2207 5571/2397 
f 5242/2068 5572/2398 5381/2207 5553/2379 
f 5252/2078 5572/2398 5382/2208 5569/2395 
f 5242/2068 5551/2377 5382/2208 5572/2398 
f 5221/2043 5515/2341 5382/2208 5551/2377 
f 5220/2042 5569/2395 5382/2208 5515/2341 
f 5251/2077 5566/2392 5383/2209 5575/2401 
f 5249/2075 5573/2399 5383/2209 5566/2392 
f 5253/2079 5574/2400 5383/2209 5573/2399 
f 5254/2080 5575/2401 5383/2209 5574/2400 
f 5251/2077 5575/2401 5384/2210 5571/2397 
f 5254/2080 5576/2402 5384/2210 5575/2401 
f 5255/2081 5577/2403 5384/2210 5576/2402 
f 5243/2069 5571/2397 5384/2210 5577/2403 
f 5255/2081 5576/2402 5385/2211 5580/2406 
f 5254/2080 5578/2404 5385/2211 5576/2402 
f 5256/2082 5579/2405 5385/2211 5578/2404 
f 5257/2083 5580/2406 5385/2211 5579/2405 
f 5255/2081 5580/2406 5386/2212 5583/2409 
f 5257/2083 5581/2407 5386/2212 5580/2406 
f 5258/2084 5582/2408 5386/2212 5581/2407 
f 5259/2085 5583/2409 5386/2212 5582/2408 
f 5255/2081 5583/2409 5387/2213 5577/2403 
f 5259/2085 5584/2410 5387/2213 5583/2409 
f 5244/2070 5554/2380 5387/2213 5584/2410 
f 5243/2069 5577/2403 5387/2213 5554/2380 
f 5259/2085 5582/2408 5388/2214 5587/2413 
f 5258/2084 5585/2411 5388/2214 5582/2408 
f 5260/2086 5586/2412 5388/2214 5585/2411 
f 5261/2087 5587/2413 5388/2214 5586/2412 
f 5259/2085 5587/2413 5389/2215 5584/2410 
f 5261/2087 5588/2414 5389/2215 5587/2413 
f 5262/2088 5589/2415 5389/2215 5588/2414 
f 5244/2070 5584/2410 5389/2215 5589/2415 
f 5262/2088 5588/2414 5390/2216 5592/2418 
f 5261/2087 5590/2416 5390/2216 5588/2414 
f 5263/2089 5591/2417 5390/2216 5590/2416 
f 5264/2090 5592/2418 5390/2216 5591/2417 
f 5262/2088 5592/2418 5391/2217 5594/2420 
f 5264/2090 5593/2419 5391/2217 5592/2418 
f 5222/2044 5521/2347 5391/2217 5593/2419 
f 5224/2046 5594/2420 5391/2217 5521/2347 
f 5262/2088 5594/2420 5392/2218 5589/2415 
f 5224/2046 5550/2376 5392/2218 5594/2420 
f 5214/2067 5555/2381 5392/2218 5550/2376 
f 5244/2070 5589/2415 5392/2218 5555/2381 
f 5264/2090 5591/2417 5393/2219 5597/2423 
f 5263/2089 5595/2421 5393/2219 5591/2417 
f 5265/2091 5596/2422 5393/2219 5595/2421 
f 5266/2092 5597/2423 5393/2219 5596/2422 
f 5264/2090 5597/2423 5394/2220 5593/2419 
f 5266/2092 5598/2424 5394/2220 5597/2423 
f 5223/2045 5518/2344 5394/2220 5598/2424 
f 5222/2044 5593/2419 5394/2220 5518/2344 
f 5266/2092 5596/2422 5395/2221 5601/2427 
f 5265/2091 5599/2425 5395/2221 5596/2422 
f 5267/2093 5600/2426 5395/2221 5599/2425 
f 5268/2094 5601/2427 5395/2221 5600/2426 
f 5266/2092 5601/2427 5396/2222 5598/2424 
f 5268/2094 5602/2428 5396/2222 5601/2427 
f 5237/2061 5603/2429 5396/2222 5602/2428 
f 5223/2045 5598/2424 5396/2222 5603/2429 
f 5268/2094 5600/2426 5397/2223 5606/2432 
f 5267/2093 5604/2430 5397/2223 5600/2426 
f 5269/2095 5605/2431 5397/2223 5604/2430 
f 5270/2096 5606/2432 5397/2223 5605/2431 
f 5268/2094 5606/2432 5398/2224 5602/2428 
f 5270/2096 5607/2433 5398/2224 5606/2432 
f 5235/2059 5541/2367 5398/2224 5607/2433 
f 5237/2061 5602/2428 5398/2224 5541/2367 
f 5270/2096 5605/2431 5399/2225 5610/2436 
f 5269/2095 5608/2434 5399/2225 5605/2431 
f 5271/2097 5609/2435 5399/2225 5608/2434 
f 5272/2098 5610/2436 5399/2225 5609/2435 
f 5270/2096 5610/2436 5400/2226 5607/2433 
f 5272/2098 5611/2437 5400/2226 5610/2436 
f 5236/2060 5538/2364 5400/2226 5611/2437 
f 5235/2059 5607/2433 5400/2226 5538/2364 
f 5272/2098 5609/2435 5401/2227 5614/2440 
f 5271/2097 5612/2438 5401/2227 5609/2435 
f 5273/2099 5613/2439 5401/2227 5612/2438 
f 5247/2073 5614/2440 5401/2227 5613/2439 
f 5272/2098 5614/2440 5402/2228 5611/2437 
f 5247/2073 5559/2385 5402/2228 5614/2440 
f 5245/2071 5558/2384 5402/2228 5559/2385 
f 5236/2060 5611/2437 5402/2228 5558/2384 
f 5273/2099 5612/2438 5403/2229 5617/2443 
f 5271/2097 5615/2441 5403/2229 5612/2438 
f 5274/2100 5616/2442 5403/2229 5615/2441 
f 5275/2101 5617/2443 5403/2229 5616/2442 
f 5273/2099 5617/2443 5404/2230 5620/2446 
f 5275/2101 5618/2444 5404/2230 5617/2443 
f 5276/2102 5619/2445 5404/2230 5618/2444 
f 5277/2103 5620/2446 5404/2230 5619/2445 
f 5273/2099 5620/2446 5405/2231 5613/2439 
f 5277/2103 5621/2447 5405/2231 5620/2446 
f 5248/2074 5560/2386 5405/2231 5621/2447 
f 5247/2073 5613/2439 5405/2231 5560/2386 
f 5277/2103 5619/2445 5406/2232 5624/2450 
f 5276/2102 5622/2448 5406/2232 5619/2445 
f 5278/2104 5623/2449 5406/2232 5622/2448 
f 5253/2079 5624/2450 5406/2232 5623/2449 
f 5277/2103 5624/2450 5407/2233 5621/2447 
f 5253/2079 5573/2399 5407/2233 5624/2450 
f 5249/2075 5562/2388 5407/2233 5573/2399 
f 5248/2074 5621/2447 5407/2233 5562/2388 
f 5278/2104 5622/2448 5408/2234 5627/2453 
f 5276/2102 5625/2451 5408/2234 5622/2448 
f 5279/2105 5626/2452 5408/2234 5625/2451 
f 5280/2106 5627/2453 5408/2234 5626/2452 
f 5278/2104 5627/2453 5409/2235 5630/2456 
f 5280/2106 5628/2454 5409/2235 5627/2453 
f 5281/2107 5629/2455 5409/2235 5628/2454 
f 5256/2082 5630/2456 5409/2235 5629/2455 
f 5278/2104 5630/2456 5410/2236 5623/2449 
f 5256/2082 5578/2404 5410/2236 5630/2456 
f 5254/2080 5574/2400 5410/2236 5578/2404 
f 5253/2079 5623/2449 5410/2236 5574/2400 
f 5281/2107 5628/2454 5411/2237 5633/2459 
f 5280/2106 5631/2457 5411/2237 5628/2454 
f 5282/2108 5632/2458 5411/2237 5631/2457 
f 5283/2109 5633/2459 5411/2237 5632/2458 
f 5281/2107 5633/2459 5412/2238 5636/2462 
f 5283/2109 5634/2460 5412/2238 5633/2459 
f 5284/2110 5635/2461 5412/2238 5634/2460 
f 5285/2111 5636/2462 5412/2238 5635/2461 
f 5281/2107 5636/2462 5413/2239 5629/2455 
f 5285/2111 5637/2463 5413/2239 5636/2462 
f 5257/2083 5579/2405 5413/2239 5637/2463 
f 5256/2082 5629/2455 5413/2239 5579/2405 
f 5285/2111 5635/2461 5414/2240 5640/2466 
f 5284/2110 5638/2464 5414/2240 5635/2461 
f 5286/2112 5639/2465 5414/2240 5638/2464 
f 5287/2113 5640/2466 5414/2240 5639/2465 
f 5285/2111 5640/2466 5415/2241 5637/2463 
f 5287/2113 5641/2467 5415/2241 5640/2466 
f 5258/2084 5581/2407 5415/2241 5641/2467 
f 5257/2083 5637/2463 5415/2241 5581/2407 
f 5287/2113 5639/2465 5416/2242 5644/2470 
f 5286/2112 5642/2468 5416/2242 5639/2465 
f 5288/2114 5643/2469 5416/2242 5642/2468 
f 5289/2115 5644/2470 5416/2242 5643/2469 
f 5287/2113 5644/2470 5417/2243 5641/2467 
f 5289/2115 5645/2471 5417/2243 5644/2470 
f 5260/2086 5585/2411 5417/2243 5645/2471 
f 5258/2084 5641/2467 5417/2243 5585/2411 
f 5289/2115 5643/2469 5418/2244 5648/2474 
f 5288/2114 5646/2472 5418/2244 5643/2469 
f 5290/2116 5647/2473 5418/2244 5646/2472 
f 5291/2117 5648/2474 5418/2244 5647/2473 
f 5289/2115 5648/2474 5419/2245 5645/2471 
f 5291/2117 5649/2475 5419/2245 5648/2474 
f 5292/2118 5650/2476 5419/2245 5649/2475 
f 5260/2086 5645/2471 5419/2245 5650/2476 
f 5292/2118 5649/2475 5420/2246 5653/2479 
f 5291/2117 5651/2477 5420/2246 5649/2475 
f 5293/2119 5652/2478 5420/2246 5651/2477 
f 5294/2120 5653/2479 5420/2246 5652/2478 
f 5292/2118 5653/2479 5421/2247 5655/2481 
f 5294/2120 5654/2480 5421/2247 5653/2479 
f 5265/2091 5595/2421 5421/2247 5654/2480 
f 5263/2089 5655/2481 5421/2247 5595/2421 
f 5292/2118 5655/2481 5422/2248 5650/2476 
f 5263/2089 5590/2416 5422/2248 5655/2481 
f 5261/2087 5586/2412 5422/2248 5590/2416 
f 5260/2086 5650/2476 5422/2248 5586/2412 
f 5294/2120 5652/2478 5423/2249 5658/2484 
f 5293/2119 5656/2482 5423/2249 5652/2478 
f 5295/2121 5657/2483 5423/2249 5656/2482 
f 5296/2122 5658/2484 5423/2249 5657/2483 
f 5294/2120 5658/2484 5424/2250 5654/2480 
f 5296/2122 5659/2485 5424/2250 5658/2484 
f 5267/2093 5599/2425 5424/2250 5659/2485 
f 5265/2091 5654/2480 5424/2250 5599/2425 
f 5296/2122 5657/2483 5425/2251 5662/2488 
f 5295/2121 5660/2486 5425/2251 5657/2483 
f 5297/2123 5661/2487 5425/2251 5660/2486 
f 5298/2124 5662/2488 5425/2251 5661/2487 
f 5296/2122 5662/2488 5426/2252 5659/2485 
f 5298/2124 5663/2489 5426/2252 5662/2488 
f 5269/2095 5604/2430 5426/2252 5663/2489 
f 5267/2093 5659/2485 5426/2252 5604/2430 
f 5298/2124 5661/2487 5427/2253 5666/2492 
f 5297/2123 5664/2490 5427/2253 5661/2487 
f 5299/2125 5665/2491 5427/2253 5664/2490 
f 5274/2100 5666/2492 5427/2253 5665/2491 
f 5298/2124 5666/2492 5428/2254 5663/2489 
f 5274/2100 5615/2441 5428/2254 5666/2492 
f 5271/2097 5608/2434 5428/2254 5615/2441 
f 5269/2095 5663/2489 5428/2254 5608/2434 
f 5299/2125 5664/2490 5429/2255 5669/2495 
f 5297/2123 5667/2493 5429/2255 5664/2490 
f 5300/2126 5668/2494 5429/2255 5667/2493 
f 5301/2127 5669/2495 5429/2255 5668/2494 
f 5299/2125 5669/2495 5430/2256 5672/2498 
f 5301/2127 5670/2496 5430/2256 5669/2495 
f 5302/2128 5671/2497 5430/2256 5670/2496 
f 5303/2129 5672/2498 5430/2256 5671/2497 
f 5299/2125 5672/2498 5431/2257 5665/2491 
f 5303/2129 5673/2499 5431/2257 5672/2498 
f 5275/2101 5616/2442 5431/2257 5673/2499 
f 5274/2100 5665/2491 5431/2257 5616/2442 
f 5303/2129 5671/2497 5432/2258 5676/2502 
f 5302/2128 5674/2500 5432/2258 5671/2497 
f 5304/2130 5675/2501 5432/2258 5674/2500 
f 5279/2105 5676/2502 5432/2258 5675/2501 
f 5303/2129 5676/2502 5433/2259 5673/2499 
f 5279/2105 5625/2451 5433/2259 5676/2502 
f 5276/2102 5618/2444 5433/2259 5625/2451 
f 5275/2101 5673/2499 5433/2259 5618/2444 
f 5304/2130 5674/2500 5434/2260 5679/2505 
f 5302/2128 5677/2503 5434/2260 5674/2500 
f 5305/2131 5678/2504 5434/2260 5677/2503 
f 5306/2132 5679/2505 5434/2260 5678/2504 
f 5304/2130 5679/2505 5435/2261 5682/2508 
f 5306/2132 5680/2506 5435/2261 5679/2505 
f 5307/2133 5681/2507 5435/2261 5680/2506 
f 5282/2108 5682/2508 5435/2261 5681/2507 
f 5304/2130 5682/2508 5436/2262 5675/2501 
f 5282/2108 5631/2457 5436/2262 5682/2508 
f 5280/2106 5626/2452 5436/2262 5631/2457 
f 5279/2105 5675/2501 5436/2262 5626/2452 
f 5307/2133 5680/2506 5437/2263 5685/2511 
f 5306/2132 5683/2509 5437/2263 5680/2506 
f 5308/2134 5684/2510 5437/2263 5683/2509 
f 5309/2135 5685/2511 5437/2263 5684/2510 
f 5307/2133 5685/2511 5438/2264 5688/2514 
f 5309/2135 5686/2512 5438/2264 5685/2511 
f 5310/2136 5687/2513 5438/2264 5686/2512 
f 5311/2137 5688/2514 5438/2264 5687/2513 
f 5307/2133 5688/2514 5439/2265 5681/2507 
f 5311/2137 5689/2515 5439/2265 5688/2514 
f 5283/2109 5632/2458 5439/2265 5689/2515 
f 5282/2108 5681/2507 5439/2265 5632/2458 
f 5311/2137 5687/2513 5440/2266 5692/2518 
f 5310/2136 5690/2516 5440/2266 5687/2513 
f 5312/2138 5691/2517 5440/2266 5690/2516 
f 5313/2139 5692/2518 5440/2266 5691/2517 
f 5311/2137 5692/2518 5441/2267 5689/2515 
f 5313/2139 5693/2519 5441/2267 5692/2518 
f 5284/2110 5634/2460 5441/2267 5693/2519 
f 5283/2109 5689/2515 5441/2267 5634/2460 
f 5313/2139 5691/2517 5442/2268 5696/2522 
f 5312/2138 5694/2520 5442/2268 5691/2517 
f 5314/2140 5695/2521 5442/2268 5694/2520 
f 5315/2141 5696/2522 5442/2268 5695/2521 
f 5313/2139 5696/2522 5443/2269 5693/2519 
f 5315/2141 5697/2523 5443/2269 5696/2522 
f 5286/2112 5638/2464 5443/2269 5697/2523 
f 5284/2110 5693/2519 5443/2269 5638/2464 
f 5315/2141 5695/2521 5444/2270 5700/2526 
f 5314/2140 5698/2524 5444/2270 5695/2521 
f 5316/2142 5699/2525 5444/2270 5698/2524 
f 5317/2143 5700/2526 5444/2270 5699/2525 
f 5315/2141 5700/2526 5445/2271 5697/2523 
f 5317/2143 5701/2527 5445/2271 5700/2526 
f 5288/2114 5642/2468 5445/2271 5701/2527 
f 5286/2112 5697/2523 5445/2271 5642/2468 
f 5317/2143 5699/2525 5446/2272 5704/2530 
f 5316/2142 5702/2528 5446/2272 5699/2525 
f 5318/2144 5703/2529 5446/2272 5702/2528 
f 5319/2145 5704/2530 5446/2272 5703/2529 
f 5317/2143 5704/2530 5447/2273 5701/2527 
f 5319/2145 5705/2531 5447/2273 5704/2530 
f 5290/2116 5646/2472 5447/2273 5705/2531 
f 5288/2114 5701/2527 5447/2273 5646/2472 
f 5319/2145 5703/2529 5448/2274 5708/2534 
f 5318/2144 5706/2532 5448/2274 5703/2529 
f 5320/2146 5707/2533 5448/2274 5706/2532 
f 5321/2147 5708/2534 5448/2274 5707/2533 
f 5319/2145 5708/2534 5449/2275 5705/2531 
f 5321/2147 5709/2535 5449/2275 5708/2534 
f 5322/2148 5710/2536 5449/2275 5709/2535 
f 5290/2116 5705/2531 5449/2275 5710/2536 
f 5322/2148 5709/2535 5450/2276 5713/2539 
f 5321/2147 5711/2537 5450/2276 5709/2535 
f 5323/2149 5712/2538 5450/2276 5711/2537 
f 5324/2150 5713/2539 5450/2276 5712/2538 
f 5322/2148 5713/2539 5451/2277 5715/2541 
f 5324/2150 5714/2540 5451/2277 5713/2539 
f 5295/2121 5656/2482 5451/2277 5714/2540 
f 5293/2119 5715/2541 5451/2277 5656/2482 
f 5322/2148 5715/2541 5452/2278 5710/2536 
f 5293/2119 5651/2477 5452/2278 5715/2541 
f 5291/2117 5647/2473 5452/2278 5651/2477 
f 5290/2116 5710/2536 5452/2278 5647/2473 
f 5324/2150 5712/2538 5453/2279 5718/2544 
f 5323/2149 5716/2542 5453/2279 5712/2538 
f 5325/2151 5717/2543 5453/2279 5716/2542 
f 5300/2126 5718/2544 5453/2279 5717/2543 
f 5324/2150 5718/2544 5454/2280 5714/2540 
f 5300/2126 5667/2493 5454/2280 5718/2544 
f 5297/2123 5660/2486 5454/2280 5667/2493 
f 5295/2121 5714/2540 5454/2280 5660/2486 
f 5325/2151 5716/2542 5455/2281 5721/2547 
f 5323/2149 5719/2545 5455/2281 5716/2542 
f 5326/2152 5720/2546 5455/2281 5719/2545 
f 5327/2153 5721/2547 5455/2281 5720/2546 
f 5325/2151 5721/2547 5456/2282 5724/2550 
f 5327/2153 5722/2548 5456/2282 5721/2547 
f 5328/2154 5723/2549 5456/2282 5722/2548 
f 5329/2155 5724/2550 5456/2282 5723/2549 
f 5325/2151 5724/2550 5457/2283 5717/2543 
f 5329/2155 5725/2551 5457/2283 5724/2550 
f 5301/2127 5668/2494 5457/2283 5725/2551 
f 5300/2126 5717/2543 5457/2283 5668/2494 
f 5329/2155 5723/2549 5458/2284 5728/2554 
f 5328/2154 5726/2552 5458/2284 5723/2549 
f 5330/2156 5727/2553 5458/2284 5726/2552 
f 5305/2131 5728/2554 5458/2284 5727/2553 
f 5329/2155 5728/2554 5459/2285 5725/2551 
f 5305/2131 5677/2503 5459/2285 5728/2554 
f 5302/2128 5670/2496 5459/2285 5677/2503 
f 5301/2127 5725/2551 5459/2285 5670/2496 
f 5330/2156 5726/2552 5460/2286 5731/2557 
f 5328/2154 5729/2555 5460/2286 5726/2552 
f 5331/2157 5730/2556 5460/2286 5729/2555 
f 5332/2158 5731/2557 5460/2286 5730/2556 
f 5330/2156 5731/2557 5461/2287 5734/2560 
f 5332/2158 5732/2558 5461/2287 5731/2557 
f 5333/2159 5733/2559 5461/2287 5732/2558 
f 5308/2134 5734/2560 5461/2287 5733/2559 
f 5330/2156 5734/2560 5462/2288 5727/2553 
f 5308/2134 5683/2509 5462/2288 5734/2560 
f 5306/2132 5678/2504 5462/2288 5683/2509 
f 5305/2131 5727/2553 5462/2288 5678/2504 
f 5333/2159 5732/2558 5463/2289 5737/2563 
f 5332/2158 5735/2561 5463/2289 5732/2558 
f 5334/2160 5736/2562 5463/2289 5735/2561 
f 5335/2161 5737/2563 5463/2289 5736/2562 
f 5333/2159 5737/2563 5464/2290 5740/2566 
f 5335/2161 5738/2564 5464/2290 5737/2563 
f 5336/2162 5739/2565 5464/2290 5738/2564 
f 5337/2163 5740/2566 5464/2290 5739/2565 
f 5333/2159 5740/2566 5465/2291 5733/2559 
f 5337/2163 5741/2567 5465/2291 5740/2566 
f 5309/2135 5684/2510 5465/2291 5741/2567 
f 5308/2134 5733/2559 5465/2291 5684/2510 
f 5337/2163 5739/2565 5466/2292 5744/2570 
f 5336/2162 5742/2568 5466/2292 5739/2565 
f 5338/2164 5743/2569 5466/2292 5742/2568 
f 5339/2165 5744/2570 5466/2292 5743/2569 
f 5337/2163 5744/2570 5467/2293 5741/2567 
f 5339/2165 5745/2571 5467/2293 5744/2570 
f 5310/2136 5686/2512 5467/2293 5745/2571 
f 5309/2135 5741/2567 5467/2293 5686/2512 
f 5339/2165 5743/2569 5468/2294 5748/2574 
f 5338/2164 5746/2572 5468/2294 5743/2569 
f 5340/2166 5747/2573 5468/2294 5746/2572 
f 5341/2167 5748/2574 5468/2294 5747/2573 
f 5339/2165 5748/2574 5469/2295 5745/2571 
f 5341/2167 5749/2575 5469/2295 5748/2574 
f 5312/2138 5690/2516 5469/2295 5749/2575 
f 5310/2136 5745/2571 5469/2295 5690/2516 
f 5341/2167 5747/2573 5470/2296 5752/2578 
f 5340/2166 5750/2576 5470/2296 5747/2573 
f 5342/2168 5751/2577 5470/2296 5750/2576 
f 5343/2169 5752/2578 5470/2296 5751/2577 
f 5341/2167 5752/2578 5471/2297 5749/2575 
f 5343/2169 5753/2579 5471/2297 5752/2578 
f 5314/2140 5694/2520 5471/2297 5753/2579 
f 5312/2138 5749/2575 5471/2297 5694/2520 
f 5343/2169 5751/2577 5472/2298 5756/2582 
f 5342/2168 5754/2580 5472/2298 5751/2577 
f 5231/2054 5755/2581 5472/2298 5754/2580 
f 5344/2170 5756/2582 5472/2298 5755/2581 
f 5343/2169 5756/2582 5473/2299 5753/2579 
f 5344/2170 5757/2583 5473/2299 5756/2582 
f 5316/2142 5698/2524 5473/2299 5757/2583 
f 5314/2140 5753/2579 5473/2299 5698/2524 
f 5344/2170 5755/2581 5474/2300 5759/2585 
f 5231/2054 5531/2357 5474/2300 5755/2581 
f 5230/2053 5758/2584 5474/2300 5531/2357 
f 5345/2171 5759/2585 5474/2300 5758/2584 
f 5344/2170 5759/2585 5475/2301 5757/2583 
f 5345/2171 5760/2586 5475/2301 5759/2585 
f 5318/2144 5702/2528 5475/2301 5760/2586 
f 5316/2142 5757/2583 5475/2301 5702/2528 
f 5345/2171 5758/2584 5476/2302 5763/2589 
f 5230/2053 5761/2587 5476/2302 5758/2584 
f 5346/2172 5762/2588 5476/2302 5761/2587 
f 5347/2173 5763/2589 5476/2302 5762/2588 
f 5345/2171 5763/2589 5477/2303 5760/2586 
f 5347/2173 5764/2590 5477/2303 5763/2589 
f 5320/2146 5706/2532 5477/2303 5764/2590 
f 5318/2144 5760/2586 5477/2303 5706/2532 
f 5347/2173 5762/2588 5478/2304 5767/2593 
f 5346/2172 5765/2591 5478/2304 5762/2588 
f 5348/2174 5766/2592 5478/2304 5765/2591 
f 5349/2175 5767/2593 5478/2304 5766/2592 
f 5347/2173 5767/2593 5479/2305 5764/2590 
f 5349/2175 5768/2594 5479/2305 5767/2593 
f 5326/2152 5769/2595 5479/2305 5768/2594 
f 5320/2146 5764/2590 5479/2305 5769/2595 
f 5349/2175 5766/2592 5480/2306 5772/2598 
f 5348/2174 5770/2596 5480/2306 5766/2592 
f 5350/2176 5771/2597 5480/2306 5770/2596 
f 5351/2177 5772/2598 5480/2306 5771/2597 
f 5349/2175 5772/2598 5481/2307 5768/2594 
f 5351/2177 5773/2599 5481/2307 5772/2598 
f 5327/2153 5720/2546 5481/2307 5773/2599 
f 5326/2152 5768/2594 5481/2307 5720/2546 
f 5351/2177 5771/2597 5482/2308 5776/2602 
f 5350/2176 5774/2600 5482/2308 5771/2597 
f 5352/2178 5775/2601 5482/2308 5774/2600 
f 5331/2157 5776/2602 5482/2308 5775/2601 
f 5351/2177 5776/2602 5483/2309 5773/2599 
f 5331/2157 5729/2555 5483/2309 5776/2602 
f 5328/2154 5722/2548 5483/2309 5729/2555 
f 5327/2153 5773/2599 5483/2309 5722/2548 
f 5352/2178 5774/2600 5484/2310 5778/2604 
f 5350/2176 5777/2603 5484/2310 5774/2600 
f 5218/2039 5511/2337 5484/2310 5777/2603 
f 5217/2038 5778/2604 5484/2310 5511/2337 
f 5352/2178 5778/2604 5485/2311 5780/2606 
f 5217/2038 5525/2351 5485/2311 5778/2604 
f 5226/2048 5779/2605 5485/2311 5525/2351 
f 5334/2160 5780/2606 5485/2311 5779/2605 
f 5352/2178 5780/2606 5486/2312 5775/2601 
f 5334/2160 5735/2561 5486/2312 5780/2606 
f 5332/2158 5730/2556 5486/2312 5735/2561 
f 5331/2157 5775/2601 5486/2312 5730/2556 
f 5350/2176 5770/2596 5487/2313 5777/2603 
f 5348/2174 5781/2607 5487/2313 5770/2596 
f 5353/2179 5782/2608 5487/2313 5781/2607 
f 5218/2039 5777/2603 5487/2313 5782/2608 
f 5353/2179 5783/2609 5488/2314 5786/2612 
f 5354/2180 5784/2610 5488/2314 5783/2609 
f 5241/2066 5785/2611 5488/2314 5784/2610 
f 5355/2181 5786/2612 5488/2314 5785/2611 
f 5353/2179 5786/2612 5489/2315 5782/2608 
f 5355/2181 5787/2613 5489/2315 5786/2612 
f 5215/2035 5512/2338 5489/2315 5787/2613 
f 5218/2039 5782/2608 5489/2315 5512/2338 
f 5353/2179 5781/2607 5490/2316 5783/2609 
f 5348/2174 5765/2591 5490/2316 5781/2607 
f 5346/2172 5788/2614 5490/2316 5765/2591 
f 5354/2180 5783/2609 5490/2316 5788/2614 
f 5355/2181 5785/2611 5491/2317 5790/2616 
f 5241/2066 5546/2372 5491/2317 5785/2611 
f 5240/2065 5789/2615 5491/2317 5546/2372 
f 5356/2182 5790/2616 5491/2317 5789/2615 
f 5355/2181 5790/2616 5492/2318 5787/2613 
f 5356/2182 5791/2617 5492/2318 5790/2616 
f 5216/2036 5507/2333 5492/2318 5791/2617 
f 5215/2035 5787/2613 5492/2318 5507/2333 
f 5356/2182 5789/2615 5493/2319 5793/2619 
f 5240/2065 5544/2370 5493/2319 5789/2615 
f 5239/2064 5792/2618 5493/2319 5544/2370 
f 5357/2183 5793/2619 5493/2319 5792/2618 
f 5356/2182 5793/2619 5494/2320 5791/2617 
f 5357/2183 5794/2620 5494/2320 5793/2619 
f 5225/2047 5522/2348 5494/2320 5794/2620 
f 5216/2036 5791/2617 5494/2320 5522/2348 
f 5357/2183 5792/2618 5495/2321 5796/2622 
f 5239/2064 5795/2621 5495/2321 5792/2618 
f 5338/2164 5742/2568 5495/2321 5795/2621 
f 5336/2162 5796/2622 5495/2321 5742/2568 
f 5357/2183 5796/2622 5496/2322 5794/2620 
f 5336/2162 5738/2564 5496/2322 5796/2622 
f 5335/2161 5797/2623 5496/2322 5738/2564 
f 5225/2047 5794/2620 5496/2322 5797/2623 
f 5354/2180 5798/2624 5497/2323 5784/2610 
f 5229/2052 5528/2354 5497/2323 5798/2624 
f 5228/2051 5547/2373 5497/2323 5528/2354 
f 5241/2066 5784/2610 5497/2323 5547/2373 
f 5354/2180 5788/2614 5498/2324 5798/2624 
f 5346/2172 5761/2587 5498/2324 5788/2614 
f 5230/2053 5530/2356 5498/2324 5761/2587 
f 5229/2052 5798/2624 5498/2324 5530/2356 
f 5342/2168 5750/2576 5499/2325 5800/2626 
f 5340/2166 5799/2625 5499/2325 5750/2576 
f 5238/2063 5549/2375 5499/2325 5799/2625 
f 5227/2050 5800/2626 5499/2325 5549/2375 
f 5342/2168 5800/2626 5500/2326 5754/2580 
f 5227/2050 5526/2352 5500/2326 5800/2626 
f 5211/2049 5532/2358 5500/2326 5526/2352 
f 5231/2054 5754/2580 5500/2326 5532/2358 
f 5340/2166 5746/2572 5501/2327 5799/2625 
f 5338/2164 5795/2621 5501/2327 5746/2572 
f 5239/2064 5543/2369 5501/2327 5795/2621 
f 5238/2063 5799/2625 5501/2327 5543/2369 
f 5335/2161 5736/2562 5502/2328 5797/2623 
f 5334/2160 5779/2605 5502/2328 5736/2562 
f 5226/2048 5523/2349 5502/2328 5779/2605 
f 5225/2047 5797/2623 5502/2328 5523/2349 
f 5326/2152 5719/2545 5503/2329 5769/2595 
f 5323/2149 5711/2537 5503/2329 5719/2545 
f 5321/2147 5707/2533 5503/2329 5711/2537 
f 5320/2146 5769/2595 5503/2329 5707/2533 
f 5237/2061 5540/2366 5504/2330 5603/2429 
f 5234/2058 5801/2627 5504/2330 5540/2366 
f 5219/2041 5519/2345 5504/2330 5801/2627 
f 5223/2045 5603/2429 5504/2330 5519/2345 
f 5234/2058 5535/2361 5505/2331 5801/2627 
f 5233/2057 5570/2396 5505/2331 5535/2361 
f 5220/2042 5514/2340 5505/2331 5570/2396 
f 5219/2041 5801/2627 5505/2331 5514/2340 
# 592 polygons

