# 3ds Max Wavefront OBJ Exporter v0.99 - (c)2007 guruware
# File Created: 26.11.2024 17:48:21

mtllib HerniatedDiskAsset.mtl

#
# object VertebraeLower2
#

v  -35.073021 8.942657 4.675247
v  -25.460432 -6.256073 9.588699
v  -26.211340 -5.110901 10.433746
v  -29.155464 11.021454 -0.013870
v  -34.809193 5.643890 5.851242
v  -21.881441 11.066650 0.022293
v  -25.514231 -0.827820 4.736465
v  -31.992359 4.008850 -1.968155
v  -14.672764 7.092865 3.483292
v  -19.837393 6.094025 -2.052994
v  -31.323458 6.006927 -2.278793
v  -25.649342 7.685852 3.861618
v  -15.220360 5.854767 6.013702
v  -19.045530 4.189484 -2.148544
v  -25.630783 -5.938354 10.598541
v  -19.919586 3.876648 0.961060
v  -24.799915 -4.902100 10.447372
v  -22.583748 2.626465 0.654510
v  -36.511738 7.184570 3.612198
v  -28.496195 2.563660 0.633911
v  -24.887272 6.338776 4.796982
v  -25.953615 2.850555 -9.872299
v  -24.875370 2.844177 -9.786209
v  -31.462820 4.417206 1.136505
v  -22.599245 9.565613 -1.774567
v  -23.357365 4.184906 1.440628
v  -29.105446 3.653046 -1.092880
v  -27.643381 8.967163 0.959076
v  -36.166195 6.637512 6.108170
v  -19.216475 5.756226 1.012589
v  -23.584433 8.707489 1.092575
v  -28.757729 9.684753 -1.710388
v  -32.127983 5.959106 1.108292
v  -27.805338 4.246826 1.378815
v  -21.905272 3.399597 -1.247223
v  -28.115614 8.175598 3.871750
v  -15.211281 6.501160 6.299362
v  -22.713863 8.172424 3.921463
v  -25.930641 2.884308 -11.095535
v  -31.053545 8.785522 -0.142410
v  -20.136745 9.006012 -0.169724
v  -26.244698 8.747467 -9.883087
v  -24.254681 8.700317 -9.409988
v  -25.598146 1.390320 3.167511
v  -26.950556 2.821198 -9.344940
v  -34.283134 8.978088 4.294342
v  -34.540421 8.621857 3.762848
v  -35.396786 8.520599 4.350601
v  -35.870964 8.518585 4.735779
v  -35.269073 9.124084 5.034760
v  -34.136574 9.203339 4.748367
v  -25.322897 -5.885193 9.569199
v  -25.453003 -6.157196 9.810501
v  -25.678474 -6.070435 9.508835
v  -25.468624 -5.401550 8.952271
v  -25.298220 -5.267944 9.084763
v  -25.685379 -5.376038 8.960556
v  -26.096485 -5.212738 10.595779
v  -26.261522 -4.444183 10.604538
v  -26.326580 -4.504211 10.326965
v  -26.148584 -5.332855 10.310394
v  -26.031128 -5.483856 10.471024
v  -26.313452 -4.612030 10.049805
v  -29.252024 10.607727 -0.435776
v  -29.616667 10.699493 -0.401855
v  -29.349112 11.179016 0.147705
v  -28.774647 10.729095 0.095154
v  -28.805494 10.340668 -0.336334
v  -28.862896 10.977783 0.426071
v  -35.209373 5.530212 5.608002
v  -34.115299 5.495514 5.036438
v  -33.824741 5.726807 5.471588
v  -33.609280 6.188141 5.867981
v  -34.921848 5.928833 6.218765
v  -35.676266 5.746735 6.056778
v  -22.220352 10.835205 0.107513
v  -22.083872 11.026611 0.451981
v  -21.677290 11.169983 0.240173
v  -21.825680 10.633331 -0.415741
v  -22.240194 10.403534 -0.334824
v  -21.443823 10.731720 -0.363495
v  -25.967300 -1.031372 5.028946
v  -26.326714 -0.316833 4.271957
v  -25.963017 -0.144409 4.026093
v  -25.095352 -0.156464 4.034195
v  -24.708900 -0.319336 4.287399
v  -25.038391 -1.023834 5.058044
v  -25.541365 0.203522 3.725510
v  -31.793154 3.524353 -1.814545
v  -31.497538 4.156738 -1.340714
v  -31.830223 4.595123 -1.785629
v  -32.121231 3.864166 -2.688354
v  -31.970688 3.162750 -2.631760
v  -31.943462 4.691040 -2.588989
v  -15.369793 7.016205 2.902679
v  -15.393559 7.525391 3.007782
v  -14.598026 7.450134 3.728790
v  -14.401726 7.222290 4.089172
v  -14.531586 6.802948 3.686234
v  -15.380047 6.533875 2.953568
v  -20.037279 5.420929 -1.270172
v  -19.554146 4.557617 -1.444229
v  -19.287079 4.896881 -2.121170
v  -19.339911 4.845734 -3.080780
v  -19.816069 5.959686 -3.144730
v  -19.815845 7.034851 -3.349457
v  -19.675350 7.315491 -2.291672
v  -19.849298 6.771393 -1.042908
v  -20.127050 5.960419 -0.676926
v  -19.594635 7.679230 -1.206207
v  -31.216026 5.462494 -1.545502
v  -31.020247 6.109192 -0.833298
v  -31.296335 6.915253 -1.134750
v  -31.333336 5.507233 -3.575684
v  -31.781832 4.454681 -3.705734
v  -31.532076 7.833862 -1.242416
v  -31.394430 7.241302 -2.436005
v  -31.231781 6.734375 -3.615677
v  -25.603529 7.911469 3.391266
v  -26.911076 8.538208 3.175659
v  -27.285200 8.434204 3.441086
v  -26.528742 7.303650 4.236618
v  -25.659435 6.128784 4.974350
v  -24.349136 8.061890 3.677933
v  -24.584707 8.220947 3.379227
v  -23.917089 7.430389 4.173996
v  -15.129467 6.190582 6.162491
v  -15.921650 6.010254 6.301620
v  -15.813889 5.628387 5.930695
v  -14.901951 5.886597 5.743866
v  -14.788124 6.351837 5.955765
v  -15.533760 5.526886 5.388153
v  -19.160421 3.763885 -1.909500
v  -19.021299 3.429047 -3.008652
v  -19.014982 4.048767 -3.082138
v  -25.721544 -5.897461 10.472855
v  -25.625381 -6.013214 10.371094
v  -25.509533 -5.909363 10.508606
v  -25.462175 -5.722076 10.638016
v  -25.613941 -5.740662 10.667664
v  -25.755835 -5.735413 10.602798
v  -20.075560 4.837097 0.857971
v  -19.045622 4.949951 1.421295
v  -20.452221 3.680176 0.665878
v  -20.511826 4.429596 0.724823
v  -18.772985 4.445099 1.898422
v  -19.568388 3.364716 1.477661
v  -24.879217 -5.021515 10.633560
v  -24.952635 -5.323090 10.496704
v  -24.830029 -5.110748 10.301956
v  -24.767338 -4.434509 10.297043
v  -24.819286 -4.374237 10.568100
v  -24.784397 -4.539642 10.028671
v  -23.255749 2.380554 1.504028
v  -23.340639 3.126984 1.524506
v  -22.454855 3.375336 0.574158
v  -22.063219 2.473206 0.558823
v  -23.010773 1.852478 1.488831
v  -21.687588 3.472107 0.394836
v  -36.483452 7.589844 3.882248
v  -35.976746 7.719574 3.366714
v  -36.088795 7.169189 3.155914
v  -36.633286 6.912354 3.810593
v  -36.678288 7.400879 4.229095
v  -36.128757 6.649445 3.183029
v  -28.989843 2.366028 0.595764
v  -29.406012 3.324707 0.391479
v  -28.614719 3.329071 0.583679
v  -27.850681 2.349884 1.513809
v  -28.076544 1.805634 1.508606
v  -27.781399 3.121094 1.481247
v  -16.461039 9.001312 4.504730
v  -16.312767 9.196350 4.975067
v  -15.424419 8.714325 4.793167
v  -16.054314 8.653259 4.269363
v  -24.271269 5.677917 4.884750
v  -23.461445 6.656281 4.399521
v  -25.131207 4.620514 5.763840
v  -24.712727 4.324066 5.627182
v  -25.580938 4.639618 5.858032
v  -24.613237 2.758362 -8.812851
v  -25.861328 2.722321 -8.496140
v  -27.080599 2.731140 -8.414871
v  -27.807858 2.870483 -9.906387
v  -26.809559 2.893097 -10.705231
v  -25.159355 2.881561 -10.999008
v  -24.101662 2.888275 -10.457092
v  -23.423601 2.829865 -9.319290
v  -31.207285 5.124786 0.858353
v  -30.676537 4.683990 0.751343
v  -30.769545 4.176758 0.784042
v  -32.408665 5.292999 1.565903
v  -31.050158 3.080231 0.881958
v  -31.290682 2.893738 1.312576
v  -31.889622 4.058411 1.591690
v  -32.686020 4.885010 2.002335
v  -30.623875 3.193726 0.620316
v  -21.748087 9.747375 -1.872467
v  -21.607115 9.432587 -2.725342
v  -22.327396 9.391663 -2.676697
v  -23.216713 9.326324 -2.732361
v  -23.407454 9.356567 -2.171097
v  -22.317142 9.948029 -0.904892
v  -21.805925 10.151581 -1.044296
v  -22.991253 9.297150 -1.298477
v  -22.666456 9.599182 -0.676865
v  -23.560352 9.143433 -1.732285
v  -23.831070 5.399750 1.607620
v  -23.378386 5.610657 1.217285
v  -22.893585 4.751099 1.014465
v  -24.487898 4.083923 2.322433
v  -24.644356 5.302948 2.197250
v  -22.202854 4.475250 0.637939
v  -22.336477 4.022217 0.677139
v  -24.434893 2.991913 2.481033
v  -29.349812 2.814331 -1.610779
v  -28.418009 2.524536 -1.794220
v  -28.218510 3.078888 -1.533768
v  -27.919868 3.906677 -1.342758
v  -28.521530 4.478516 -0.740005
v  -30.068876 4.017090 -0.938736
v  -30.283821 3.181671 -1.442673
v  -27.899792 8.907776 0.593399
v  -28.285303 10.007629 0.276321
v  -28.213116 10.182922 0.577637
v  -27.632620 9.616394 1.270203
v  -27.005192 8.929474 1.795334
v  -27.056339 8.457703 1.545166
v  -27.104290 7.872345 1.457672
v  -27.537172 8.005981 1.007233
v  -27.723293 8.032837 0.752945
v  -35.761940 6.807861 6.323914
v  -35.853436 7.336182 6.183014
v  -36.345276 6.904572 5.905228
v  -36.517792 6.386627 5.612259
v  -36.245560 6.230652 5.972641
v  -35.754128 6.252747 6.286911
v  -20.214869 5.230988 0.570450
v  -19.777020 5.999847 0.418243
v  -17.912752 6.146820 1.741684
v  -17.860752 5.594727 2.024719
v  -18.947081 6.799988 0.873428
v  -17.855259 6.851288 1.635315
v  -19.515627 6.901917 0.286148
v  -23.280207 8.562317 0.662781
v  -23.403725 7.733002 0.750717
v  -23.625002 7.760590 1.084351
v  -24.277639 8.236115 1.754944
v  -24.379663 8.631165 2.046768
v  -23.754128 9.294189 1.515030
v  -24.170570 7.637878 1.605392
v  -23.134308 10.012878 1.102112
v  -23.140619 9.703156 0.733871
v  -23.063770 9.453278 0.480148
v  -29.591328 9.779846 -1.870071
v  -29.372906 10.179108 -1.042847
v  -28.830616 10.001404 -0.884293
v  -29.187372 9.414459 -2.708664
v  -29.829287 9.417908 -2.815063
v  -28.372099 9.560852 -0.546127
v  -28.205435 9.355347 -1.073654
v  -27.904739 9.202423 -1.477737
v  -28.227728 9.472351 -2.000565
v  -28.576778 9.387848 -2.668625
v  -32.483433 7.021515 1.114532
v  -31.726116 7.120239 0.420303
v  -31.425808 6.160675 0.452042
v  -31.013229 5.436218 0.522888
v  -26.720898 4.118347 2.240982
v  -26.721001 2.981812 2.444290
v  -27.300714 5.538269 1.557343
v  -26.587427 5.373199 2.103531
v  -28.728724 4.005035 0.681320
v  -28.191422 4.787506 1.004929
v  -27.653503 5.777100 1.233139
v  -28.830076 4.456726 0.672028
v  -22.700321 2.839874 -1.608887
v  -22.413368 2.225494 -2.039368
v  -21.504488 2.473267 -1.906769
v  -20.621134 2.702057 -1.880478
v  -20.953611 3.523224 -1.235321
v  -21.681961 4.372406 -0.537079
v  -22.168997 4.696533 -0.359268
v  -22.488907 4.133087 -0.911789
v  -21.117456 4.432220 -0.620575
v  -23.008278 3.472778 -1.423782
v  -28.709770 8.905304 3.259888
v  -29.615965 8.683685 3.757217
v  -29.451157 8.246521 4.191986
v  -28.174192 9.083008 2.967590
v  -29.503567 7.654053 4.399521
v  -28.309477 7.373230 4.226608
v  -15.888065 6.502014 6.455353
v  -15.002762 6.760590 6.166336
v  -15.766190 7.020020 6.447311
v  -22.136927 8.887909 3.302887
v  -22.649166 9.183655 2.867889
v  -23.353760 8.597565 3.388397
v  -22.417503 7.256348 4.280853
v  -21.224670 8.168121 4.410965
v  -21.017050 8.635590 4.022690
v  -25.964216 2.807617 -11.728928
v  -24.785009 2.825439 -11.650162
v  -27.254606 2.851196 -11.328171
v  -30.902561 9.365356 -0.351852
v  -31.381178 8.911957 -1.281067
v  -31.491146 8.516022 -1.243973
v  -30.752226 9.381500 0.761856
v  -30.568808 9.856049 0.445526
v  -31.421381 7.969513 -0.298691
v  -31.746878 7.872070 0.550781
v  -31.507256 8.500916 0.907196
v  -20.258354 9.574402 -0.360519
v  -20.596287 10.088928 0.405014
v  -20.450075 9.602478 0.675415
v  -19.878977 8.728119 0.776810
v  -19.590183 8.211395 0.456314
v  -19.783491 8.358765 -0.304413
v  -19.575294 8.365662 -1.178360
v  -19.704880 8.851501 -1.221237
v  -19.808617 9.204834 -1.298065
v  -26.536997 8.782257 -10.515335
v  -27.469973 8.710968 -9.751526
v  -26.680515 8.688568 -9.171402
v  -25.593746 8.758087 -9.821152
v  -25.574560 8.814728 -10.744598
v  -25.814356 8.678711 -8.708481
v  -23.774107 8.728729 -9.998672
v  -24.614567 8.786316 -10.561569
v  -24.915466 8.732758 -9.608200
v  -23.951033 8.647827 -8.754852
v  -23.123083 8.667358 -9.198242
v  -24.933990 8.656769 -8.532852
v  -24.962988 0.721436 3.326523
v  -26.177147 0.753998 3.297699
v  -24.132551 1.606628 2.603012
v  -23.878153 1.187622 2.668381
v  -25.596851 2.116974 3.008759
v  -24.325922 2.174805 2.564133
v  -27.204498 1.202423 2.645203
v  -26.981974 1.595520 2.577469
v  -26.805204 2.163239 2.536194
v  -28.386873 2.773376 -8.746475
v  -29.151525 2.707764 -9.100830
v  -28.403530 2.856445 -10.397903
v  -27.226833 2.614471 -7.241989
v  -28.635916 2.655945 -7.444199
v  -29.526585 2.602051 -7.645676
v  -30.089594 2.499756 -7.808640
v  -29.645214 2.600037 -9.361389
v  -28.682325 2.525238 -6.026123
v  -29.655029 2.522217 -6.143066
v  -30.311234 2.443787 -6.259109
v  -30.825014 2.528381 -6.357376
v  -30.594389 2.483704 -7.953674
v  -29.714962 2.368896 -4.664246
v  -30.458826 2.422943 -4.778534
v  -31.015732 2.588623 -4.885208
v  -31.413448 2.979309 -4.992004
v  -31.181683 2.882263 -6.448364
v  -30.669447 2.345764 -3.547440
v  -31.331650 2.569519 -3.628281
v  -31.816011 3.014648 -3.737335
v  -31.945082 3.695312 -3.772110
v  -31.531221 3.548004 -5.057907
v  -31.443371 2.667603 -2.582962
v  -30.675833 2.356537 -2.615387
v  -30.516071 2.631073 -1.952927
v  -31.289440 3.012146 -1.813065
v  -31.020067 3.618958 -1.293137
v  -30.606529 4.464569 -0.957825
v  -30.936272 4.927429 -1.134476
v  -30.374836 4.993073 -0.376404
v  -30.709858 5.439270 -0.531982
v  -30.428396 5.065521 0.118195
v  -30.797529 5.554474 0.063828
v  -31.142292 6.272614 -0.137894
v  -31.391960 7.139984 -0.298691
v  -30.545229 4.974365 0.519089
v  -29.999603 4.809204 0.122101
v  -30.045111 4.717926 0.427582
v  -30.113552 4.449066 0.561737
v  -29.511005 4.630585 0.409927
v  -29.513388 4.353149 0.478928
v  -29.495838 3.971222 0.478851
v  -30.177326 4.032654 0.551178
v  -30.080967 3.250519 0.426346
v  -29.434469 2.145905 0.781250
v  -29.802979 1.927917 0.935532
v  -28.315559 1.460815 1.610596
v  -28.567970 1.207306 1.785919
v  -28.805984 1.032135 2.017639
v  -30.110136 1.696320 1.155914
v  -28.994444 0.998077 2.330399
v  -30.324104 1.533325 1.521255
v  -29.092312 1.141846 2.665680
v  -30.388046 1.590363 1.985352
v  -31.307816 2.802032 1.815063
v  -32.036068 3.841888 2.119705
v  -30.301073 1.824646 2.447891
v  -31.194532 2.814972 2.337036
v  -31.967392 3.742188 2.663712
v  -32.767883 4.488281 3.054016
v  -32.828423 4.605316 2.521057
v  -30.928381 2.967865 2.843140
v  -31.717329 3.828400 3.147736
v  -32.538086 4.557861 3.542007
v  -33.456108 5.091949 4.035217
v  -33.717163 5.056305 3.518204
v  -31.378761 4.093018 3.518692
v  -32.217896 4.793152 3.953583
v  -33.144695 5.294708 4.498383
v  -34.403831 5.380463 4.548325
v  -31.865986 5.158051 4.315796
v  -32.821404 5.596283 4.918198
v  -31.462545 5.702393 4.647217
v  -32.481609 6.107239 5.294647
v  -31.077013 6.448151 4.892792
v  -32.250591 6.748169 5.588699
v  -33.559292 6.741608 6.133575
v  -34.867001 6.455109 6.388748
v  -32.137081 7.408173 5.756409
v  -33.599682 7.362244 6.303101
v  -34.890778 7.074921 6.467056
v  -33.675980 7.972626 6.294830
v  -34.996151 7.703430 6.393753
v  -33.752739 8.497833 6.118011
v  -35.105171 8.224091 6.143738
v  -35.977531 7.784088 5.928024
v  -36.479813 7.235748 5.593048
v  -35.196911 8.625671 5.888153
v  -36.079460 8.125549 5.633102
v  -36.568611 7.523346 5.261017
v  -36.764645 6.915710 4.871399
v  -36.694412 6.647400 5.224838
v  -36.106682 8.326050 5.321655
v  -36.569847 7.756042 4.937057
v  -36.760036 7.174805 4.531876
v  -36.444397 7.928833 4.600311
v  -36.691219 6.619659 4.052094
v  -36.658855 6.334625 4.382004
v  -36.132568 6.206390 3.385910
v  -36.034492 5.907867 3.735489
v  -35.864388 5.687775 4.178619
v  -36.575584 6.052063 4.770264
v  -35.659687 5.528351 4.645508
v  -36.385685 5.806824 5.228683
v  -35.422638 5.504700 5.146271
v  -36.098343 5.740204 5.703384
v  -34.671856 5.398407 4.032486
v  -34.893860 5.527405 3.544235
v  -33.850056 5.195648 2.989655
v  -35.029156 5.753754 3.073792
v  -33.849934 5.482117 2.547745
v  -35.037315 6.136780 2.763992
v  -33.772026 5.893158 2.224121
v  -35.036720 6.615326 2.573425
v  -33.673340 6.419006 1.959839
v  -35.034397 7.194977 2.560059
v  -33.810917 7.144989 1.924698
v  -35.004349 7.794098 2.772873
v  -33.816738 7.822998 2.130081
v  -32.583565 7.803558 1.366394
v  -33.693245 8.315704 2.514175
v  -32.469410 8.347137 1.757126
v  -33.422184 8.680695 3.048325
v  -32.237976 8.729889 2.242462
v  -31.295540 8.982910 1.467804
v  -31.928043 8.948944 2.754440
v  -31.031473 9.235565 1.945465
v  -30.586885 9.705383 1.356674
v  -30.692814 9.287201 2.373367
v  -30.225714 9.781921 1.761932
v  -29.926744 10.216187 1.349625
v  -30.379398 10.161743 1.014816
v  -29.693245 10.563232 1.101440
v  -30.237165 10.594910 0.809891
v  -30.445944 10.247162 0.249847
v  -30.011675 10.935364 0.638992
v  -30.304270 10.527130 0.059158
v  -30.697948 9.998871 -0.647003
v  -30.831425 9.720062 -0.474411
v  -31.121424 9.539856 -1.516403
v  -31.279985 9.255981 -1.375748
v  -31.321415 9.040955 -2.737869
v  -31.450621 8.765625 -2.672668
v  -31.486189 8.399902 -2.605148
v  -31.309732 8.293182 -3.918869
v  -31.294127 7.889984 -3.855682
v  -31.269049 7.417725 -3.754211
v  -31.473011 7.939240 -2.539352
v  -31.082710 7.571838 -5.115524
v  -31.068876 7.066040 -5.054092
v  -31.071192 6.250885 -4.987305
v  -30.900593 6.762787 -6.545059
v  -30.935223 5.809723 -6.517044
v  -31.068604 4.738373 -6.512085
v  -31.242823 5.052063 -4.996536
v  -31.185595 4.033142 -6.517151
v  -31.448719 4.204437 -5.045090
v  -31.268860 3.419800 -6.502747
v  -30.942369 3.878693 -8.162674
v  -31.041521 3.313110 -8.149933
v  -30.961988 2.794769 -8.078690
v  -30.521402 3.209595 -9.868088
v  -30.402548 2.758759 -9.765121
v  -30.069443 2.535034 -9.583847
v  -29.436232 2.718475 -11.361771
v  -29.126202 2.620422 -11.060516
v  -28.788471 2.725464 -10.740875
v  -27.745695 2.674072 -12.148621
v  -27.521013 2.764404 -11.765045
v  -26.101786 2.616119 -12.707733
v  -26.040333 2.696777 -12.255753
v  -24.404785 2.626740 -12.581970
v  -24.580036 2.713043 -12.160355
v  -22.840839 2.670319 -11.748718
v  -23.133709 2.785614 -11.409531
v  -23.524284 2.888794 -10.995132
v  -22.077211 2.728546 -10.109100
v  -22.582153 2.820587 -9.792465
v  -21.510822 2.606384 -8.537231
v  -22.107100 2.695862 -8.302963
v  -23.121038 2.700104 -7.960434
v  -21.959700 2.582458 -6.718979
v  -23.042461 2.556427 -6.466965
v  -24.402674 2.504944 -6.168381
v  -24.443964 2.639496 -7.554260
v  -25.840279 2.480835 -5.963211
v  -25.821920 2.608582 -7.292572
v  -27.315533 2.480438 -5.918915
v  -25.904638 2.279358 -4.575500
v  -27.351831 2.276154 -4.516556
v  -28.666868 2.315826 -4.562500
v  -27.357254 2.029907 -3.571915
v  -28.656052 2.060669 -3.509109
v  -29.751440 2.157928 -3.505432
v  -28.615891 1.972717 -2.777252
v  -29.738035 2.102386 -2.703659
v  -28.548401 2.125946 -2.198349
v  -29.598612 2.335022 -2.069229
v  -27.326433 1.986511 -2.364319
v  -27.271564 2.350739 -1.995865
v  -27.348627 1.919678 -2.918930
v  -26.008831 1.891632 -2.988876
v  -26.032938 1.949799 -2.473236
v  -25.969112 2.017609 -3.662201
v  -24.582954 2.029877 -3.669449
v  -24.668703 1.888550 -2.980103
v  -24.469807 2.305267 -4.700867
v  -23.136543 2.360474 -4.873367
v  -23.273912 2.066589 -3.649033
v  -22.130709 2.124146 -3.701126
v  -22.245859 1.992554 -2.781921
v  -23.395325 1.920746 -2.869034
v  -21.996172 2.412659 -5.050613
v  -21.244596 2.440582 -5.242355
v  -21.202982 2.224640 -3.800461
v  -21.284893 2.535950 -6.888504
v  -20.755741 2.475891 -7.037476
v  -20.651171 2.439819 -5.409622
v  -21.048019 2.548004 -8.723129
v  -20.659676 2.644684 -8.885849
v  -20.297802 2.534912 -7.169174
v  -21.683271 2.618439 -10.372910
v  -21.322731 2.604645 -10.614624
v  -21.079569 2.944092 -10.780273
v  -20.383856 2.937805 -9.007874
v  -22.570938 2.639282 -12.077606
v  -22.388657 2.955597 -12.302399
v  -22.336763 3.374237 -12.362823
v  -21.037909 3.402893 -10.831360
v  -24.259342 2.679138 -13.002563
v  -24.174984 2.972504 -13.251358
v  -24.139191 3.373840 -13.307343
v  -24.144272 3.817780 -13.244247
v  -22.377741 3.837921 -12.324158
v  -26.155651 2.963715 -13.414551
v  -26.135637 3.379883 -13.467178
v  -26.104210 3.835205 -13.407288
v  -26.058334 4.404785 -13.284134
v  -24.150690 4.375275 -13.125717
v  -28.027067 3.459564 -12.827148
v  -27.978642 3.914337 -12.801254
v  -27.889425 4.522278 -12.710678
v  -27.780813 5.381256 -12.588379
v  -25.997782 5.252228 -13.137955
v  -29.449690 4.052460 -11.518967
v  -29.328180 4.697662 -11.456650
v  -29.194212 5.576691 -11.371780
v  -29.087353 6.511414 -11.281693
v  -27.681030 6.410858 -12.468201
v  -30.221224 4.994293 -9.836044
v  -30.107107 5.887970 -9.801361
v  -30.065475 6.673645 -9.777603
v  -30.065445 7.232147 -9.770981
v  -29.087297 7.216431 -11.258865
v  -30.620371 6.362610 -8.152725
v  -30.634995 6.957916 -8.165085
v  -30.646471 7.396484 -8.167404
v  -30.638475 7.779633 -8.165848
v  -30.064169 7.652466 -9.757828
v  -30.919510 7.285248 -6.575684
v  -30.935476 7.674255 -6.598785
v  -30.939671 8.022827 -6.606140
v  -30.895844 8.353088 -6.600082
v  -30.580118 8.132111 -8.144150
v  -31.086891 7.955658 -5.157883
v  -31.054930 8.283630 -5.179321
v  -30.932138 8.546265 -5.176193
v  -30.703480 8.722961 -5.137238
v  -30.667948 8.592041 -6.548492
v  -31.242500 8.634552 -3.951126
v  -31.053617 8.910889 -3.955063
v  -30.769938 9.037750 -3.919174
v  -30.385227 9.067322 -3.851852
v  -30.383705 8.787231 -5.064743
v  -31.075493 9.283295 -2.798386
v  -30.752850 9.390686 -2.839615
v  -30.344213 9.427368 -2.860611
v  -29.939831 9.047058 -3.760880
v  -30.526730 9.780609 -1.792191
v  -30.142565 9.792938 -1.876999
v  -30.184307 10.225189 -0.953720
v  -29.826571 10.235657 -1.042084
v  -29.900377 10.712158 -0.292023
v  -30.123026 10.654846 -0.146011
v  -29.780870 11.175018 0.420532
v  -29.557793 11.241913 0.276535
v  -30.470360 10.150421 -0.807846
v  -30.870119 9.698853 -1.665146
v  -29.203848 10.952667 0.817596
v  -29.003889 11.028625 0.654724
v  -28.551579 10.500854 1.092133
v  -28.326742 10.479614 0.857620
v  -27.840246 9.882843 1.596268
v  -28.153387 9.873596 1.844147
v  -27.440376 9.280060 2.460983
v  -27.149775 9.183075 2.139725
v  -28.823851 10.407593 1.240997
v  -29.110382 10.275726 1.357346
v  -28.473616 9.778168 2.020187
v  -29.446278 10.819305 0.938599
v  -28.816059 9.632172 2.212936
v  -27.786915 9.223114 2.716736
v  -29.403090 10.022491 1.601181
v  -29.761589 9.656006 2.064056
v  -29.230553 9.365173 2.572098
v  -29.956554 9.009796 3.231506
v  -30.334541 9.204926 2.779205
v  -31.343958 8.981659 3.688614
v  -31.072441 8.868530 4.131393
v  -31.622402 9.024414 3.236679
v  -32.863499 9.079834 4.124954
v  -32.605400 9.155396 4.587082
v  -33.133953 8.932373 3.621506
v  -34.001209 9.269135 5.159317
v  -33.912151 9.158936 5.533508
v  -32.407391 9.052277 5.014450
v  -33.835442 8.897522 5.880142
v  -32.272308 8.827576 5.343643
v  -30.856947 8.643402 4.523178
v  -32.156807 8.475861 5.632034
v  -30.747044 8.283447 4.838486
v  -32.104523 7.991028 5.783600
v  -30.750034 7.802490 4.986267
v  -30.854443 7.200256 4.992889
v  -29.704016 6.927673 4.454788
v  -30.058470 6.071747 4.352585
v  -29.085035 5.606995 4.134933
v  -28.614305 6.530640 4.287033
v  -28.222336 5.047882 4.314728
v  -27.601168 5.933624 4.522842
v  -27.026506 6.691132 4.494202
v  -26.917645 5.176147 4.964325
v  -26.298288 5.771393 5.053513
v  -26.528280 4.095245 5.557541
v  -26.053493 4.453827 5.794266
v  -26.247990 2.989624 6.181519
v  -25.941017 3.246277 6.447342
v  -25.598801 3.385010 6.590073
v  -25.873377 2.140625 7.123413
v  -25.605906 2.260437 7.280228
v  -25.310999 2.208862 7.208435
v  -25.259916 3.335632 6.526123
v  -25.095413 2.021912 6.961777
v  -24.964569 3.118835 6.281082
v  -24.921009 1.775665 6.662354
v  -24.676126 2.827820 5.970581
v  -24.308468 3.929199 5.327835
v  -23.736864 4.991028 4.745041
v  -24.370710 2.414948 5.597122
v  -23.847933 3.325104 4.934784
v  -23.147675 4.107452 4.394714
v  -22.367800 4.768158 4.072403
v  -22.936687 5.748444 4.357315
v  -23.403368 2.619080 4.545898
v  -22.612495 3.225128 3.989944
v  -21.795042 3.832886 3.703629
v  -20.934164 4.482727 3.742371
v  -21.468546 5.370178 4.040009
v  -22.234808 2.525879 3.641495
v  -21.332008 3.089386 3.363449
v  -20.469835 3.823456 3.457626
v  -19.592777 4.592834 3.840836
v  -20.024544 5.106964 4.153610
v  -20.944536 2.552063 3.028061
v  -20.064472 3.395264 3.140411
v  -19.213266 4.267365 3.491470
v  -18.323261 4.920807 3.981888
v  -18.682810 5.219574 4.391922
v  -19.720736 3.169586 2.657654
v  -18.881880 4.092987 3.043427
v  -17.987686 4.777802 3.487000
v  -17.057743 5.226898 3.941635
v  -17.397631 5.312500 4.494629
v  -18.713110 4.150909 2.490601
v  -17.797199 4.866974 2.930252
v  -16.781315 5.335358 3.377701
v  -15.798916 5.593781 3.892609
v  -16.109833 5.469788 4.411057
v  -17.773127 5.140503 2.420959
v  -16.671896 5.579407 2.899918
v  -15.548195 5.797272 3.432648
v  -14.669041 6.044769 4.089615
v  -14.890091 5.759216 4.436005
v  -16.652731 5.953156 2.554977
v  -15.409130 6.097290 3.111435
v  -14.513988 6.424438 3.831406
v  -14.328724 6.954559 4.363129
v  -14.340279 6.636902 4.654526
v  -14.412979 7.484344 4.747375
v  -14.398224 7.206512 5.075287
v  -14.456482 6.911713 5.381973
v  -14.414433 6.300232 4.968369
v  -14.571812 6.609894 5.688538
v  -14.580311 6.051910 5.355225
v  -15.190269 5.539276 4.878815
v  -16.465078 5.485107 4.969009
v  -16.812948 5.643066 5.520920
v  -17.753740 5.554565 5.001785
v  -17.018309 6.041351 5.973495
v  -18.087347 5.997559 5.440659
v  -19.070768 5.663483 4.773331
v  -18.261757 6.597839 5.788910
v  -19.464849 6.334259 5.082077
v  -20.497599 5.869171 4.441437
v  -19.691927 7.060730 5.261703
v  -20.890087 6.739838 4.607285
v  -21.979225 6.329071 4.267120
v  -21.116972 7.525848 4.591660
v  -19.786331 7.719788 5.323059
v  -19.791204 8.259857 5.252274
v  -18.212082 8.388275 5.985611
v  -18.111004 8.801636 5.730484
v  -19.679779 8.655853 4.968018
v  -18.287573 7.852997 6.081711
v  -16.748907 7.746582 6.412720
v  -16.602644 8.262268 6.237808
v  -18.307175 7.250183 6.000916
v  -16.895178 7.160889 6.396591
v  -15.636784 7.500427 6.312988
v  -17.009018 6.557007 6.240540
v  -14.899220 7.114288 6.002762
v  -14.803032 7.469269 5.761673
v  -15.501408 7.924774 6.091202
v  -14.736980 7.776245 5.471451
v  -15.390583 8.270721 5.813644
v  -16.481760 8.677246 5.999832
v  -15.305099 8.523651 5.497864
v  -16.396660 8.983368 5.693466
v  -17.992048 9.064758 5.394455
v  -16.328964 9.179291 5.336349
v  -17.827654 9.206635 4.985992
v  -19.216829 9.026184 4.182617
v  -19.472359 8.900146 4.595245
v  -20.376757 9.038483 3.178909
v  -20.699606 8.893768 3.574661
v  -21.126532 9.484528 2.311417
v  -21.566818 9.279816 2.696152
v  -21.494793 9.911224 1.720062
v  -22.004421 9.661560 2.130157
v  -21.779633 10.245880 1.379684
v  -22.337387 9.887329 1.839706
v  -22.989956 9.386688 2.583374
v  -22.622589 10.029724 1.651108
v  -23.337978 9.520721 2.294739
v  -24.065332 8.904144 2.756500
v  -23.730862 8.822174 3.062729
v  -24.790159 8.263519 3.101166
v  -24.317860 8.856384 2.409210
v  -24.930290 8.213745 2.777664
v  -25.593786 7.920685 2.924637
v  -25.594284 7.929565 3.161179
v  -26.633789 8.548920 2.927109
v  -26.418583 8.447571 2.643265
v  -25.588377 7.790985 2.699966
v  -26.346624 8.232361 2.340393
v  -25.616247 7.598236 2.527237
v  -26.385590 7.946503 2.134903
v  -25.629417 7.275513 2.359985
v  -26.429262 7.509552 2.010025
v  -25.634869 6.477081 2.315628
v  -26.470087 6.634125 2.000092
v  -27.107811 6.873138 1.518051
v  -27.469101 6.989655 1.156982
v  -27.667067 7.053772 0.833572
v  -27.903936 6.022217 0.890518
v  -28.011486 6.158173 0.488068
v  -27.777689 7.091156 0.465668
v  -28.346863 5.185303 0.740707
v  -28.414177 5.410431 0.379868
v  -28.335234 5.429596 -0.032593
v  -27.941252 6.186249 0.074921
v  -28.914766 4.797241 0.541885
v  -28.946152 4.980896 0.234375
v  -28.848421 4.886047 -0.181778
v  -28.060160 5.283234 -0.512772
v  -29.498194 4.748749 0.142029
v  -29.411940 4.579346 -0.321014
v  -29.976345 4.710907 -0.297928
v  -27.579523 5.041595 -1.108902
v  -27.365862 6.092255 -0.904892
v  -27.741650 6.161560 -0.363907
v  -27.345673 7.064911 -0.807053
v  -27.613794 7.080841 -0.324600
v  -27.764275 7.092957 0.086533
v  -27.713011 7.951965 -0.424759
v  -27.860323 7.962250 -0.007172
v  -27.849211 7.989807 0.382523
v  -28.047935 8.787445 -0.186447
v  -28.033083 8.853638 0.248428
v  -28.364056 9.782745 -0.087341
v  -27.888390 8.725098 -0.642288
v  -27.634518 8.658783 -1.072571
v  -27.456646 7.945740 -0.855453
v  -26.947199 7.966248 -1.314758
v  -27.107101 8.648834 -1.461411
v  -26.809490 7.075928 -1.313828
v  -26.113331 7.153687 -1.565750
v  -26.215303 8.052185 -1.538376
v  -26.762918 6.011536 -1.503525
v  -26.032354 5.999329 -1.762375
v  -25.284782 6.076050 -1.768082
v  -25.341335 7.242798 -1.603073
v  -26.905748 4.743561 -1.682281
v  -26.036283 4.637268 -1.951645
v  -25.163656 4.733887 -1.940720
v  -24.359890 5.043060 -1.708344
v  -24.533022 6.221222 -1.574112
v  -26.049242 3.523438 -1.980804
v  -24.992119 3.628448 -1.978027
v  -24.060404 3.940399 -1.740051
v  -23.386980 4.369202 -1.290619
v  -23.710751 5.405334 -1.164856
v  -24.891745 2.917267 -1.991241
v  -23.829502 3.105377 -1.773529
v  -24.818340 2.364716 -2.094452
v  -23.679686 2.516235 -1.876022
v  -24.742872 1.958099 -2.427597
v  -23.523468 2.046112 -2.235779
v  -26.046597 2.307831 -2.136688
v  -26.050486 2.832001 -2.013687
v  -27.192759 2.894897 -1.829285
v  -27.093658 3.613068 -1.764450
v  -23.286274 5.690277 -0.528473
v  -23.511442 6.579895 -0.453323
v  -23.898949 6.409485 -1.040543
v  -22.895947 4.852814 -0.684525
v  -22.635765 5.180328 -0.191788
v  -23.055935 5.854706 -0.042160
v  -22.963898 5.918823 0.415710
v  -23.264168 6.753174 0.428574
v  -23.324757 6.688232 0.005600
v  -22.535631 5.305145 0.258759
v  -22.639193 5.140320 0.685349
v  -23.087345 5.827484 0.859253
v  -22.057730 4.917694 0.087006
v  -22.087624 4.818268 0.467361
v  -21.582668 4.738892 -0.040955
v  -21.564386 4.692505 0.288315
v  -21.589041 4.438019 0.454758
v  -21.609652 4.057739 0.484116
v  -21.130041 4.758881 0.245499
v  -21.080900 4.546997 0.503403
v  -21.016232 4.182220 0.543655
v  -21.007105 3.555817 0.456375
v  -20.639650 4.793976 0.567703
v  -20.734797 4.986847 0.234192
v  -20.369740 5.396729 0.162186
v  -20.787426 4.976746 -0.211655
v  -20.465950 5.352112 -0.374924
v  -20.028532 6.086426 -0.094009
v  -19.769573 6.931519 -0.324875
v  -19.658875 7.682037 -0.384262
v  -19.464231 7.606049 0.296356
v  -18.864452 7.536255 0.959503
v  -18.946508 8.102356 1.194641
v  -17.885042 8.057526 1.961105
v  -17.822947 7.512329 1.702057
v  -19.154100 8.548279 1.558090
v  -18.044825 8.466492 2.332443
v  -16.828978 8.424225 3.075821
v  -16.637335 8.029816 2.648880
v  -19.419964 8.902679 1.983688
v  -18.328951 8.766113 2.816925
v  -17.095226 8.736176 3.588440
v  -15.785488 8.294189 3.809540
v  -18.643038 8.937042 3.305847
v  -17.367979 9.002411 4.072220
v  -18.931372 9.024628 3.745102
v  -17.600317 9.166504 4.548050
v  -19.728428 9.079010 2.405075
v  -20.053589 9.119476 2.803452
v  -20.394682 9.482330 1.672821
v  -20.756128 9.550415 2.023514
v  -20.632111 9.944611 1.210342
v  -21.035799 10.022308 1.519363
v  -20.806252 10.401947 0.911179
v  -21.242733 10.429993 1.170197
v  -21.018721 10.813416 0.717880
v  -21.499969 10.741486 0.975906
v  -22.065849 10.458954 1.194214
v  -21.733049 10.926086 0.842087
v  -22.315472 10.589935 1.071106
v  -22.917053 10.110992 1.433502
v  -22.547228 10.657806 0.857498
v  -23.647188 9.543671 1.954483
v  -21.927513 11.034882 0.664322
v  -22.683832 10.533417 0.528275
v  -22.670570 10.273376 0.214676
v  -22.635056 9.951019 -0.166092
v  -22.948618 9.218292 0.077179
v  -22.964926 9.045258 -0.412628
v  -23.173950 8.343079 -0.207581
v  -23.143175 8.443695 0.260681
v  -23.347332 7.566895 -0.062820
v  -23.302187 7.649384 0.364655
v  -23.381594 6.759674 0.843262
v  -23.628115 6.722534 1.202881
v  -24.064890 6.634979 1.594147
v  -24.785639 6.504303 2.093567
v  -24.862377 7.365631 2.130112
v  -24.932177 7.787659 2.295197
v  -24.962976 8.049744 2.515213
v  -25.619522 5.322113 2.440659
v  -25.608768 4.124115 2.586700
v  -25.584379 3.010651 2.821945
v  -23.401955 8.270264 -0.671066
v  -23.528097 7.481232 -0.499969
v  -23.828476 8.194946 -1.151321
v  -23.913355 7.388824 -1.023682
v  -24.557247 8.152985 -1.495392
v  -24.573614 7.313202 -1.439209
v  -25.394188 8.115417 -1.587219
v  -24.525429 8.749451 -1.649551
v  -25.433229 8.748230 -1.705261
v  -26.321009 8.684753 -1.670197
v  -25.468891 9.174103 -2.023621
v  -26.447502 9.145996 -1.972885
v  -27.300407 9.120911 -1.796860
v  -26.570795 9.338898 -2.453522
v  -27.519812 9.364838 -2.283127
v  -26.697002 9.277985 -2.971466
v  -27.745378 9.316406 -2.797241
v  -26.854807 9.060913 -3.535873
v  -27.982788 9.019379 -3.458206
v  -28.895538 9.021881 -3.512131
v  -28.234484 8.641327 -4.530807
v  -29.080641 8.684631 -4.726990
v  -29.571074 8.742462 -4.858322
v  -29.449654 9.029877 -3.640350
v  -30.000011 8.786072 -4.970322
v  -29.585646 8.651367 -6.234268
v  -29.992191 8.690674 -6.362198
v  -30.351440 8.682465 -6.465317
v  -29.828890 8.664093 -7.830399
v  -30.166254 8.604156 -7.974808
v  -30.434874 8.425720 -8.087692
v  -29.686518 8.593109 -9.509293
v  -29.930655 8.369904 -9.653885
v  -30.035334 8.030060 -9.727722
v  -29.043434 8.445984 -11.127121
v  -29.102896 8.092621 -11.209030
v  -29.106632 7.699829 -11.245529
v  -27.665533 8.205261 -12.395477
v  -27.663246 7.788635 -12.423477
v  -27.657867 7.240265 -12.432907
v  -25.872725 7.819183 -12.975616
v  -25.894075 7.226868 -12.971527
v  -25.939669 6.318787 -13.010025
v  -24.110424 7.185394 -12.744843
v  -24.150223 6.269623 -12.813934
v  -24.152218 5.208008 -12.970093
v  -22.595119 6.234497 -11.927017
v  -22.524389 5.204254 -12.085632
v  -22.443764 4.388367 -12.226395
v  -21.356068 5.230927 -10.690292
v  -21.235382 4.429169 -10.764877
v  -21.120041 3.873322 -10.817200
v  -20.521847 4.484283 -9.077759
v  -20.392944 3.903137 -9.084122
v  -20.313591 3.390106 -9.067062
v  -20.008192 3.880371 -7.375885
v  -19.930367 3.335876 -7.343948
v  -19.987617 2.862396 -7.276947
v  -19.737234 3.325653 -5.753448
v  -19.857491 2.868744 -5.659424
v  -20.183294 2.558380 -5.540390
v  -19.528851 2.840149 -4.213242
v  -19.960896 2.540436 -4.047607
v  -20.501598 2.364410 -3.920883
v  -19.787489 2.562592 -2.779434
v  -20.451044 2.336517 -2.713638
v  -21.252354 2.143158 -2.722733
v  -19.942341 2.950348 -1.819794
v  -19.400812 3.332794 -1.826477
v  -19.856489 4.141266 -1.222000
v  -20.302631 3.751129 -1.197372
v  -19.244349 2.862396 -2.879700
v  -19.358236 3.345093 -4.324600
v  -19.378813 3.954102 -4.369003
v  -19.774073 3.884308 -5.795364
v  -19.883774 4.539886 -5.818085
v  -19.590048 4.650574 -4.351974
v  -20.124588 4.502228 -7.392044
v  -20.253757 5.384125 -7.406036
v  -20.054884 5.524384 -5.856079
v  -20.649151 5.284454 -9.061050
v  -20.724133 6.255188 -9.042374
v  -20.321436 6.440094 -7.447586
v  -21.454294 6.184174 -10.594147
v  -21.461329 6.958069 -10.534683
v  -20.715374 6.923370 -9.040375
v  -22.583698 7.092163 -11.830429
v  -22.537151 7.657104 -11.790604
v  -21.438002 7.493195 -10.502182
v  -24.064787 7.784241 -12.722061
v  -24.038559 8.211090 -12.658234
v  -22.504124 8.069794 -11.737320
v  -25.863518 8.267273 -12.941757
v  -25.835920 8.626495 -12.820969
v  -24.030315 8.568634 -12.549652
v  -27.632318 8.579865 -12.293304
v  -27.513393 8.856262 -12.077438
v  -25.803049 8.888672 -12.598373
v  -28.857744 8.699402 -10.938950
v  -28.584076 8.768829 -10.690063
v  -27.314373 8.874115 -11.730133
v  -29.370974 8.666077 -9.325592
v  -29.001818 8.674683 -9.100433
v  -28.253408 8.755463 -10.401306
v  -29.423933 8.639435 -7.667282
v  -28.948544 8.598480 -7.474167
v  -28.576399 8.655548 -8.853760
v  -29.104666 8.594330 -6.087326
v  -28.350327 8.522034 -5.885849
v  -28.312931 8.553345 -7.227676
v  -27.218847 8.520264 -6.856293
v  -27.101143 8.599976 -8.085236
v  -28.068405 8.625854 -8.573471
v  -27.195549 8.472168 -5.611572
v  -25.777622 8.538239 -5.415009
v  -25.883848 8.514374 -6.536057
v  -27.038618 8.678864 -4.396439
v  -25.671000 8.846466 -4.384567
v  -24.257504 8.738617 -4.299240
v  -24.305384 8.479828 -5.393433
v  -25.593388 9.111145 -3.640579
v  -24.292171 9.072021 -3.517227
v  -23.080534 9.044464 -3.398849
v  -23.019972 8.681030 -4.356674
v  -25.538734 9.309265 -3.040680
v  -24.353720 9.266479 -2.959152
v  -25.503616 9.344574 -2.494385
v  -24.407795 9.318359 -2.434174
v  -24.460815 9.145599 -1.975052
v  -23.720078 8.776398 -1.380508
v  -23.240505 8.896149 -0.935410
v  -22.144896 9.054596 -3.447647
v  -22.073019 8.717133 -4.511795
v  -22.110003 8.589264 -5.743073
v  -23.063095 8.511383 -5.548889
v  -22.282618 8.575592 -6.980957
v  -23.225668 8.522369 -6.747681
v  -24.455641 8.503357 -6.530319
v  -23.528854 8.577209 -7.852280
v  -24.700583 8.574036 -7.562744
v  -25.930725 8.587158 -7.632187
v  -22.621225 8.615997 -8.171432
v  -21.747915 8.626251 -7.135727
v  -22.100847 8.644897 -8.390930
v  -22.626944 8.692047 -9.522507
v  -21.666401 8.660583 -8.578522
v  -22.233452 8.711761 -9.790070
v  -23.086193 8.792572 -10.839615
v  -23.394943 8.758850 -10.460373
v  -24.289625 8.864410 -11.579590
v  -24.440342 8.826935 -11.117340
v  -25.695038 8.901093 -11.797791
v  -25.645197 8.857239 -11.314163
v  -27.102047 8.849030 -11.394653
v  -26.843323 8.811493 -10.983765
v  -27.910240 8.734436 -10.113983
v  -25.741455 8.934540 -12.197159
v  -24.165291 8.893280 -11.983459
v  -24.079727 8.864136 -12.323456
v  -22.806231 8.820160 -11.185226
v  -22.604080 8.741974 -11.475250
v  -22.508524 8.441498 -11.653732
v  -21.597345 8.585022 -10.245651
v  -21.446609 8.285431 -10.398056
v  -21.421139 7.908905 -10.466125
v  -20.779348 8.221436 -8.973251
v  -20.705992 7.839264 -9.026260
v  -20.703192 7.416840 -9.037277
v  -20.286974 7.887695 -7.523911
v  -20.291891 7.480560 -7.510529
v  -20.305988 7.030273 -7.485992
v  -20.112450 7.632233 -6.075226
v  -20.126711 7.203461 -6.022095
v  -20.133951 6.627075 -5.938812
v  -19.962820 7.368469 -4.674362
v  -19.967463 6.806213 -4.549820
v  -19.906219 5.727264 -4.403458
v  -19.770857 7.612488 -3.522415
v  -19.747913 8.072449 -3.642227
v  -19.597988 8.465515 -2.489731
v  -19.601322 8.004974 -2.404175
v  -19.958309 7.810852 -4.768021
v  -19.979246 8.199249 -4.833176
v  -19.755787 8.476868 -3.720322
v  -20.114525 8.012360 -6.102203
v  -20.180397 8.354675 -6.110474
v  -20.080837 8.529388 -4.868103
v  -20.337090 8.272705 -7.516830
v  -20.575022 8.546448 -7.462921
v  -20.434391 8.594879 -6.089554
v  -20.962246 8.525238 -8.881058
v  -21.282333 8.630707 -8.742126
v  -20.926395 8.648102 -7.373260
v  -21.887671 8.708374 -10.032059
v  -21.317448 8.663971 -7.265366
v  -21.161684 8.701599 -5.960098
v  -20.779209 8.708649 -6.041168
v  -21.069178 8.830750 -4.725235
v  -20.664591 8.839478 -4.804794
v  -20.323729 8.744965 -4.859085
v  -20.550560 9.129913 -3.733505
v  -20.158491 9.052399 -3.765305
v  -19.884356 8.815125 -3.757095
v  -20.112646 9.367340 -2.707397
v  -19.806742 9.141937 -2.627274
v  -19.650013 8.841705 -2.559784
v  -19.970718 9.547180 -1.460526
v  -20.257706 9.730469 -1.637589
v  -20.601738 10.151581 -0.761551
v  -20.366278 9.937195 -0.564621
v  -20.921232 10.648865 -0.069077
v  -20.739841 10.448975 0.160858
v  -21.215567 11.064240 0.539459
v  -21.155184 10.735107 -0.239685
v  -21.480263 11.177551 0.364655
v  -20.934425 10.228882 -0.946320
v  -21.325506 10.221588 -1.038712
v  -20.662109 9.798584 -1.787689
v  -21.141998 9.792786 -1.882706
v  -20.528181 9.439056 -2.759781
v  -21.025799 9.449890 -2.777420
v  -21.020823 9.091583 -3.656158
v  -21.537127 9.068604 -3.554398
v  -21.519148 8.779633 -4.632568
v  -21.592505 8.653168 -5.860397
v  -20.689068 4.642273 -0.753754
v  -20.355146 4.959534 -0.929123
v  -21.154276 4.762299 -0.116577
v  -20.134968 9.230774 1.258102
v  -15.124645 8.248962 4.367004
v  -14.801338 7.876038 3.979156
v  -15.530918 7.952789 3.351608
v  -16.587883 7.523834 2.370010
v  -16.603981 6.950806 2.275757
v  -16.633724 6.402924 2.362854
v  -14.529156 7.707520 4.398117
v  -14.839771 8.174500 4.760056
v  -15.277584 8.673981 5.162689
v  -14.732983 8.016998 5.128616
v  -21.561600 2.327271 0.689529
v  -21.168129 2.123535 0.826248
v  -20.828665 1.908447 1.013718
v  -22.217148 1.000671 1.971741
v  -22.480669 1.214966 1.727264
v  -22.755436 1.500763 1.563675
v  -23.620216 0.893066 2.794495
v  -23.368279 0.714905 2.986710
v  -24.196678 0.238739 3.727844
v  -24.547958 0.399200 3.515518
v  -23.119400 0.706329 3.254868
v  -23.860922 0.233704 3.988358
v  -24.334280 -0.343414 4.593582
v  -23.622742 0.393616 4.281693
v  -24.090134 -0.205353 4.932907
v  -24.407204 -0.918732 5.713547
v  -24.669941 -1.042999 5.389297
v  -24.666445 -1.679352 6.661682
v  -24.865995 -1.869354 6.421432
v  -25.160501 -1.961975 6.230865
v  -24.939695 -2.727234 7.303101
v  -25.166952 -2.860779 7.114731
v  -25.458941 -2.911774 7.034805
v  -25.482412 -1.932159 6.099152
v  -25.765238 -2.896820 7.059692
v  -25.800447 -1.973999 6.196014
v  -26.014435 -2.807373 7.193985
v  -26.100866 -1.931427 6.351318
v  -26.336302 -1.068054 5.337097
v  -26.698236 -0.381775 4.552704
v  -26.335297 -1.781036 6.572067
v  -26.620556 -0.977631 5.643509
v  -26.973925 -0.284027 4.864059
v  -27.441227 0.303040 4.211746
v  -27.202063 0.176056 3.914169
v  -26.740099 -0.754730 5.947754
v  -27.078783 -0.049744 5.168182
v  -27.530733 0.560577 4.493332
v  -28.167423 1.067657 3.792908
v  -28.097439 0.814362 3.524429
v  -27.014919 0.261902 5.429123
v  -27.484259 0.888550 4.736252
v  -28.126579 1.403778 4.023666
v  -29.042032 1.770538 3.308624
v  -29.117746 1.405640 3.022919
v  -27.349861 1.249023 4.940765
v  -28.008057 1.788330 4.228561
v  -28.860443 2.222565 3.591385
v  -29.759962 2.703796 3.238739
v  -30.093765 2.220123 2.878006
v  -27.783022 2.271698 4.462616
v  -28.557394 2.781616 3.879974
v  -29.353878 3.302277 3.558823
v  -30.142334 3.910126 3.528458
v  -30.554171 3.330811 3.246536
v  -28.111839 3.523468 4.256332
v  -28.850880 4.092072 3.937607
v  -29.651052 4.674683 3.837738
v  -30.526655 5.219238 4.100342
v  -30.978926 4.553619 3.811142
v  -27.523746 4.401367 4.685959
v  -27.411423 2.907654 4.788544
v  -26.973555 3.579224 5.199997
v  -26.870266 2.145111 5.449478
v  -26.544004 2.613678 5.815460
v  -26.451416 1.295197 6.179047
v  -26.255384 1.629242 6.517517
v  -26.070946 1.917999 6.852188
v  -26.121309 0.632721 7.253433
v  -25.997749 0.847992 7.538284
v  -25.839319 1.023682 7.801437
v  -25.960400 -0.223938 8.243500
v  -25.801313 -0.071381 8.468216
v  -25.605917 0.048553 8.649384
v  -25.608742 1.132416 7.965775
v  -25.361008 0.006409 8.584137
v  -25.355095 1.082520 7.885895
v  -25.181711 -0.142548 8.362228
v  -25.172783 0.929352 7.652603
v  -25.062576 -0.313110 8.122665
v  -25.026901 0.738220 7.378448
v  -24.949921 -0.496613 7.885574
v  -24.910055 0.501129 7.088242
v  -24.737862 1.472137 6.328125
v  -24.776810 0.240173 6.813522
v  -24.525108 1.128540 6.008759
v  -24.050524 1.921753 5.264359
v  -24.311384 0.775482 5.746323
v  -23.799026 1.447632 5.001938
v  -23.108204 2.036560 4.256943
v  -23.635443 1.049438 4.796646
v  -22.941296 1.576508 4.041779
v  -21.989637 1.994629 3.345352
v  -22.876610 1.191193 3.819916
v  -21.873510 1.546692 3.039047
v  -20.675680 2.111633 2.600189
v  -21.890345 1.209808 2.676895
v  -20.499060 1.822296 2.065689
v  -19.545130 3.186920 2.083069
v  -20.517241 1.734467 1.470490
v  -21.987400 1.002869 2.307709
v  -22.929173 0.873474 3.553970
v  -23.553085 0.685760 4.564545
v  -24.131851 0.416962 5.517258
v  -24.031773 0.072571 5.256683
v  -24.448824 -0.319794 6.298172
v  -24.370209 -0.627075 6.026245
v  -24.650688 -1.152466 7.178329
v  -24.607124 -1.428955 6.932526
v  -24.782454 -2.082550 8.043243
v  -24.778851 -2.303314 7.790237
v  -24.824274 -2.533478 7.536972
v  -24.917677 -3.214050 8.574615
v  -24.951044 -3.406708 8.322266
v  -25.037441 -3.600555 8.072327
v  -25.045494 -4.239746 8.949249
v  -25.147362 -4.413879 8.740128
v  -25.266247 -4.565491 8.551010
v  -25.216320 -3.744965 7.883423
v  -25.470158 -4.674347 8.409363
v  -25.459972 -3.821777 7.772354
v  -25.702230 -4.658783 8.421265
v  -25.729935 -3.808380 7.784271
v  -25.873878 -4.517517 8.586472
v  -25.945147 -3.688660 7.935989
v  -25.988829 -4.348785 8.787155
v  -26.085285 -3.513123 8.153488
v  -26.182732 -2.635956 7.415512
v  -26.159760 -3.318848 8.395508
v  -26.284290 -2.422546 7.659164
v  -26.454840 -1.562561 6.830826
v  -26.311808 -2.188599 7.914963
v  -26.462934 -1.291687 7.081467
v  -26.693171 -0.473114 6.202499
v  -26.399277 -1.027069 7.304733
v  -26.556540 -0.163727 6.442062
v  -26.863596 0.605377 5.657013
v  -26.387381 0.119598 6.697205
v  -26.662138 0.959045 5.900543
v  -27.152477 1.663696 5.158707
v  -26.248316 0.375183 6.966812
v  -26.302628 -0.802094 7.530685
v  -26.193760 -0.593445 7.768478
v  -26.081638 -0.394806 8.009277
v  -26.214228 -1.596191 8.618500
v  -26.125000 -1.416931 8.838806
v  -26.011272 -1.242340 9.057846
v  -26.168261 -2.428955 9.673233
v  -26.048187 -2.280365 9.891617
v  -25.867336 -2.151672 10.096954
v  -25.848137 -1.083649 9.262543
v  -25.639511 -2.078949 10.220413
v  -25.627687 -0.982971 9.397247
v  -25.363894 -2.091400 10.197937
v  -25.377008 -1.030396 9.336624
v  -25.151236 -2.205902 10.023849
v  -25.162157 -1.156616 9.173126
v  -24.980511 -2.343048 9.822327
v  -25.018028 -1.325592 8.960724
v  -24.898108 -2.506287 9.595520
v  -24.927351 -1.500458 8.745346
v  -24.846937 -2.682343 9.334976
v  -24.851019 -1.689941 8.513412
v  -24.844841 -0.702026 7.648361
v  -24.799551 -1.886963 8.276001
v  -24.734482 -0.920593 7.406204
v  -24.617935 -0.015900 6.555786
v  -24.859556 -2.859741 9.075211
v  -24.890797 -3.032349 8.824341
v  -24.855198 -3.785980 9.682266
v  -24.914196 -3.933044 9.431152
v  -24.979628 -4.082306 9.184860
v  -24.861086 -4.678711 9.801895
v  -24.944719 -4.824615 9.591080
v  -25.040030 -4.966614 9.403641
v  -24.964115 -5.393280 9.921921
v  -25.081482 -5.531219 9.763260
v  -25.205864 -5.685577 9.636841
v  -25.155848 -5.116974 9.233566
v  -25.214218 -5.821777 10.022919
v  -25.324577 -6.001495 9.913589
v  -25.346563 -5.948120 10.171310
v  -25.468904 -6.072235 10.041061
v  -25.636324 -6.134766 9.886765
v  -25.782841 -5.895416 9.583344
v  -25.620090 -6.064240 10.137344
v  -25.758984 -5.993378 9.964798
v  -25.896441 -5.729950 9.690613
v  -25.951010 -5.115082 9.284332
v  -25.822691 -5.250916 9.119781
v  -25.854858 -5.860229 10.068176
v  -25.998711 -5.607056 9.827408
v  -26.056667 -4.979279 9.463745
v  -26.079288 -4.175110 9.006058
v  -26.084303 -5.493469 9.982391
v  -26.153866 -4.858856 9.641373
v  -26.142492 -4.026978 9.237015
v  -26.194984 -3.124756 8.650986
v  -26.240816 -4.731750 9.839691
v  -26.192051 -3.885345 9.487549
v  -26.222361 -2.946014 8.905075
v  -26.304790 -1.978333 8.157486
v  -26.244955 -3.742432 9.746628
v  -26.243811 -2.774689 9.159592
v  -26.273100 -1.789307 8.384506
v  -26.233561 -2.603394 9.414337
v  -26.275850 -3.595184 10.033112
v  -26.226803 -3.480499 10.316772
v  -26.106855 -4.400391 10.843475
v  -26.109543 -3.385101 10.570770
v  -25.879581 -4.369232 11.001297
v  -25.925657 -3.306458 10.770355
v  -25.627192 -4.346741 11.094284
v  -25.648794 -3.263336 10.886078
v  -25.357164 -4.332855 11.088120
v  -25.370789 -3.271210 10.845474
v  -25.124277 -4.333099 10.988419
v  -25.136578 -3.326233 10.699371
v  -24.940599 -4.340942 10.805771
v  -24.949347 -3.408417 10.491257
v  -24.846893 -3.508942 10.243973
v  -24.814169 -3.631287 9.960861
v  -25.188305 -5.100677 10.925552
v  -25.007376 -5.058350 10.799103
v  -25.261650 -5.459808 10.739380
v  -25.105314 -5.397552 10.629578
v  -25.325565 -5.674957 10.558914
v  -25.177944 -5.619446 10.468842
v  -25.028103 -5.502747 10.322693
v  -24.882189 -5.252838 10.102463
v  -25.259125 -5.789795 10.309570
v  -25.112141 -5.663269 10.160919
v  -25.386786 -5.860992 10.416855
v  -25.485151 -6.004059 10.280228
v  -25.729794 -5.958466 10.227036
v  -25.812979 -5.832092 10.345413
v  -25.934628 -5.738403 10.197388
v  -25.874611 -5.698212 10.483505
v  -25.993954 -5.618530 10.335846
v  -26.124769 -5.406433 10.143936
v  -25.909952 -5.508636 10.624588
v  -25.991919 -5.157196 10.774887
v  -25.776522 -5.513489 10.746353
v  -25.831091 -5.143005 10.932404
v  -25.610344 -5.502197 10.804489
v  -25.610899 -5.120575 10.997009
v  -25.436016 -5.480408 10.785965
v  -25.383011 -5.113586 10.993927
v  -27.922981 0.706116 3.240402
v  -27.686701 0.730652 2.978836
v  -26.887890 0.245422 3.676346
v  -27.446619 0.889801 2.776718
v  -26.561214 0.426788 3.481583
v  -35.256897 8.923187 5.618774
v  -35.281883 9.110687 5.319504
v  -36.048508 8.449005 5.039444
v  -36.204319 8.052002 4.271820
v  -35.689991 8.132477 3.840179
v  -34.819820 8.254486 3.222397
v  -30.682783 5.377686 -8.148621
v  -30.339748 4.272461 -9.861572
v  -30.809149 4.508118 -8.156845
v  -30.458593 3.725861 -9.877762
v  -29.556288 3.567139 -11.550461
v  -29.564005 3.111298 -11.517471
v  -28.035210 3.029022 -12.773895
v  -27.940104 2.702209 -12.529846
v  -26.135223 2.648041 -13.108154
# 1455 vertices

vt 0.000000 0.000000 0.000000
# 1 texture coords

o VertebraeLower2
g VertebraeLower2
usemtl default
f 1/1 46/1 47/1 48/1 
f 1/1 48/1 49/1 50/1 
f 1/1 50/1 51/1 46/1 
f 2/1 52/1 53/1 54/1 
f 2/1 55/1 56/1 52/1 
f 2/1 54/1 57/1 55/1 
f 3/1 58/1 59/1 60/1 
f 3/1 61/1 62/1 58/1 
f 3/1 60/1 63/1 61/1 
f 4/1 64/1 65/1 66/1 
f 4/1 67/1 68/1 64/1 
f 4/1 66/1 69/1 67/1 
f 5/1 70/1 71/1 72/1 
f 5/1 72/1 73/1 74/1 
f 5/1 74/1 75/1 70/1 
f 6/1 76/1 77/1 78/1 
f 6/1 79/1 80/1 76/1 
f 6/1 78/1 81/1 79/1 
f 7/1 82/1 83/1 84/1 
f 7/1 85/1 86/1 87/1 
f 7/1 84/1 88/1 85/1 
f 8/1 89/1 90/1 91/1 
f 8/1 92/1 93/1 89/1 
f 8/1 91/1 94/1 92/1 
f 9/1 95/1 96/1 97/1 
f 9/1 97/1 98/1 99/1 
f 9/1 99/1 100/1 95/1 
f 10/1 101/1 102/1 103/1 
f 10/1 103/1 104/1 105/1 
f 10/1 105/1 106/1 107/1 
f 10/1 108/1 109/1 101/1 
f 10/1 107/1 110/1 108/1 
f 11/1 111/1 112/1 113/1 
f 11/1 94/1 91/1 111/1 
f 11/1 114/1 115/1 94/1 
f 11/1 113/1 116/1 117/1 
f 11/1 117/1 118/1 114/1 
f 12/1 119/1 120/1 121/1 
f 12/1 122/1 123/1 21/1 
f 12/1 121/1 36/1 122/1 
f 12/1 124/1 125/1 119/1 
f 12/1 21/1 126/1 124/1 
f 13/1 127/1 128/1 129/1 
f 13/1 130/1 131/1 127/1 
f 13/1 129/1 132/1 130/1 
f 14/1 133/1 134/1 135/1 
f 14/1 135/1 104/1 103/1 
f 14/1 103/1 102/1 133/1 
f 15/1 136/1 137/1 138/1 
f 15/1 138/1 139/1 140/1 
f 15/1 140/1 141/1 136/1 
f 16/1 142/1 30/1 143/1 
f 16/1 144/1 145/1 142/1 
f 16/1 143/1 146/1 147/1 
f 17/1 148/1 149/1 150/1 
f 17/1 151/1 152/1 148/1 
f 17/1 150/1 153/1 151/1 
f 18/1 154/1 155/1 156/1 
f 18/1 157/1 158/1 154/1 
f 18/1 156/1 159/1 157/1 
f 19/1 160/1 161/1 162/1 
f 19/1 163/1 164/1 160/1 
f 19/1 162/1 165/1 163/1 
f 20/1 166/1 167/1 168/1 
f 20/1 169/1 170/1 166/1 
f 20/1 168/1 171/1 169/1 
f 172/1 173/1 174/1 175/1 
f 21/1 176/1 177/1 126/1 
f 21/1 178/1 179/1 176/1 
f 21/1 123/1 180/1 178/1 
f 22/1 23/1 181/1 182/1 
f 22/1 182/1 183/1 45/1 
f 22/1 45/1 184/1 185/1 
f 22/1 186/1 187/1 23/1 
f 22/1 185/1 39/1 186/1 
f 23/1 187/1 188/1 181/1 
f 24/1 189/1 190/1 191/1 
f 24/1 192/1 33/1 189/1 
f 24/1 193/1 194/1 195/1 
f 24/1 195/1 196/1 192/1 
f 24/1 191/1 197/1 193/1 
f 25/1 198/1 199/1 200/1 
f 25/1 200/1 201/1 202/1 
f 25/1 203/1 204/1 198/1 
f 25/1 205/1 206/1 203/1 
f 25/1 202/1 207/1 205/1 
f 26/1 208/1 209/1 210/1 
f 26/1 211/1 212/1 208/1 
f 26/1 210/1 213/1 214/1 
f 26/1 214/1 156/1 155/1 
f 26/1 155/1 215/1 211/1 
f 27/1 216/1 217/1 218/1 
f 27/1 218/1 219/1 220/1 
f 27/1 221/1 222/1 216/1 
f 28/1 223/1 224/1 225/1 
f 28/1 226/1 227/1 228/1 
f 28/1 228/1 229/1 230/1 
f 28/1 230/1 231/1 223/1 
f 29/1 232/1 233/1 234/1 
f 29/1 234/1 235/1 236/1 
f 29/1 236/1 237/1 232/1 
f 30/1 142/1 238/1 239/1 
f 30/1 240/1 241/1 143/1 
f 30/1 242/1 243/1 240/1 
f 30/1 239/1 244/1 242/1 
f 31/1 245/1 246/1 247/1 
f 31/1 248/1 249/1 250/1 
f 31/1 247/1 251/1 248/1 
f 31/1 250/1 252/1 253/1 
f 31/1 253/1 254/1 245/1 
f 32/1 255/1 256/1 257/1 
f 32/1 258/1 259/1 255/1 
f 32/1 257/1 260/1 261/1 
f 32/1 261/1 262/1 263/1 
f 32/1 263/1 264/1 258/1 
f 33/1 265/1 266/1 267/1 
f 33/1 267/1 268/1 189/1 
f 34/1 269/1 270/1 171/1 
f 34/1 271/1 272/1 269/1 
f 34/1 171/1 168/1 273/1 
f 34/1 274/1 275/1 271/1 
f 34/1 273/1 276/1 274/1 
f 35/1 277/1 278/1 279/1 
f 35/1 279/1 280/1 281/1 
f 35/1 282/1 283/1 284/1 
f 35/1 281/1 285/1 282/1 
f 35/1 284/1 286/1 277/1 
f 36/1 287/1 288/1 289/1 
f 36/1 121/1 290/1 287/1 
f 36/1 289/1 291/1 292/1 
f 37/1 293/1 128/1 127/1 
f 37/1 127/1 131/1 294/1 
f 37/1 294/1 295/1 293/1 
f 38/1 296/1 297/1 298/1 
f 38/1 298/1 124/1 126/1 
f 38/1 126/1 177/1 299/1 
f 38/1 300/1 301/1 296/1 
f 39/1 302/1 303/1 186/1 
f 39/1 185/1 304/1 302/1 
f 40/1 305/1 306/1 307/1 
f 40/1 308/1 309/1 305/1 
f 40/1 310/1 311/1 312/1 
f 40/1 307/1 116/1 310/1 
f 41/1 313/1 314/1 315/1 
f 41/1 316/1 317/1 318/1 
f 41/1 318/1 319/1 320/1 
f 41/1 320/1 321/1 313/1 
f 42/1 322/1 323/1 324/1 
f 42/1 325/1 326/1 322/1 
f 42/1 324/1 327/1 325/1 
f 43/1 328/1 329/1 330/1 
f 43/1 331/1 332/1 328/1 
f 43/1 330/1 333/1 331/1 
f 44/1 334/1 88/1 335/1 
f 44/1 336/1 337/1 334/1 
f 44/1 338/1 339/1 336/1 
f 44/1 335/1 340/1 341/1 
f 44/1 341/1 342/1 338/1 
f 45/1 183/1 343/1 184/1 
f 343/1 344/1 345/1 184/1 
f 343/1 183/1 346/1 347/1 
f 343/1 347/1 348/1 344/1 
f 348/1 349/1 350/1 344/1 
f 348/1 347/1 351/1 352/1 
f 348/1 352/1 353/1 349/1 
f 353/1 354/1 355/1 349/1 
f 353/1 352/1 356/1 357/1 
f 353/1 357/1 358/1 354/1 
f 358/1 359/1 360/1 354/1 
f 358/1 357/1 361/1 362/1 
f 358/1 362/1 363/1 359/1 
f 363/1 364/1 365/1 359/1 
f 363/1 362/1 366/1 93/1 
f 363/1 93/1 92/1 364/1 
f 366/1 362/1 361/1 367/1 
f 366/1 367/1 368/1 369/1 
f 366/1 369/1 89/1 93/1 
f 369/1 368/1 222/1 370/1 
f 369/1 370/1 90/1 89/1 
f 370/1 222/1 221/1 371/1 
f 370/1 371/1 372/1 90/1 
f 372/1 371/1 373/1 374/1 
f 372/1 374/1 112/1 111/1 
f 372/1 111/1 91/1 90/1 
f 374/1 373/1 375/1 376/1 
f 374/1 376/1 377/1 112/1 
f 377/1 378/1 113/1 112/1 
f 377/1 376/1 268/1 267/1 
f 377/1 267/1 266/1 378/1 
f 378/1 310/1 116/1 113/1 
f 378/1 266/1 311/1 310/1 
f 376/1 375/1 379/1 268/1 
f 379/1 375/1 380/1 381/1 
f 379/1 381/1 382/1 190/1 
f 379/1 190/1 189/1 268/1 
f 382/1 381/1 383/1 384/1 
f 382/1 384/1 385/1 386/1 
f 382/1 386/1 191/1 190/1 
f 386/1 385/1 167/1 387/1 
f 386/1 387/1 197/1 191/1 
f 387/1 167/1 166/1 388/1 
f 387/1 388/1 389/1 197/1 
f 389/1 388/1 390/1 391/1 
f 389/1 391/1 392/1 393/1 
f 389/1 393/1 193/1 197/1 
f 393/1 392/1 394/1 395/1 
f 393/1 395/1 194/1 193/1 
f 395/1 394/1 396/1 397/1 
f 395/1 397/1 398/1 194/1 
f 398/1 399/1 195/1 194/1 
f 398/1 397/1 400/1 401/1 
f 398/1 401/1 402/1 399/1 
f 402/1 403/1 404/1 399/1 
f 402/1 401/1 405/1 406/1 
f 402/1 406/1 407/1 403/1 
f 407/1 408/1 409/1 403/1 
f 407/1 406/1 410/1 411/1 
f 407/1 411/1 412/1 408/1 
f 412/1 71/1 413/1 408/1 
f 412/1 411/1 414/1 415/1 
f 412/1 415/1 72/1 71/1 
f 415/1 414/1 416/1 417/1 
f 415/1 417/1 73/1 72/1 
f 417/1 416/1 418/1 419/1 
f 417/1 419/1 420/1 73/1 
f 420/1 421/1 74/1 73/1 
f 420/1 419/1 422/1 423/1 
f 420/1 423/1 424/1 421/1 
f 424/1 232/1 237/1 421/1 
f 424/1 423/1 425/1 426/1 
f 424/1 426/1 233/1 232/1 
f 426/1 425/1 427/1 428/1 
f 426/1 428/1 429/1 233/1 
f 429/1 430/1 234/1 233/1 
f 429/1 428/1 431/1 432/1 
f 429/1 432/1 433/1 430/1 
f 433/1 434/1 435/1 430/1 
f 433/1 432/1 436/1 437/1 
f 433/1 437/1 438/1 434/1 
f 438/1 437/1 439/1 164/1 
f 438/1 164/1 163/1 440/1 
f 438/1 440/1 441/1 434/1 
f 441/1 440/1 442/1 443/1 
f 441/1 443/1 444/1 445/1 
f 441/1 445/1 435/1 434/1 
f 445/1 444/1 446/1 447/1 
f 445/1 447/1 235/1 435/1 
f 447/1 446/1 448/1 449/1 
f 447/1 449/1 236/1 235/1 
f 449/1 448/1 70/1 75/1 
f 449/1 75/1 237/1 236/1 
f 448/1 446/1 450/1 413/1 
f 448/1 413/1 71/1 70/1 
f 450/1 446/1 444/1 451/1 
f 450/1 451/1 452/1 409/1 
f 450/1 409/1 408/1 413/1 
f 452/1 451/1 453/1 454/1 
f 452/1 454/1 196/1 404/1 
f 452/1 404/1 403/1 409/1 
f 454/1 453/1 455/1 456/1 
f 454/1 456/1 192/1 196/1 
f 456/1 455/1 457/1 458/1 
f 456/1 458/1 33/1 192/1 
f 458/1 457/1 459/1 460/1 
f 458/1 460/1 265/1 33/1 
f 460/1 459/1 461/1 462/1 
f 460/1 462/1 463/1 265/1 
f 463/1 462/1 464/1 465/1 
f 463/1 465/1 312/1 311/1 
f 463/1 311/1 266/1 265/1 
f 465/1 464/1 466/1 467/1 
f 465/1 467/1 468/1 312/1 
f 468/1 467/1 469/1 470/1 
f 468/1 470/1 471/1 308/1 
f 468/1 308/1 40/1 312/1 
f 471/1 470/1 472/1 473/1 
f 471/1 473/1 474/1 475/1 
f 471/1 475/1 309/1 308/1 
f 475/1 474/1 476/1 477/1 
f 475/1 477/1 478/1 309/1 
f 478/1 477/1 479/1 480/1 
f 478/1 480/1 481/1 482/1 
f 478/1 482/1 305/1 309/1 
f 482/1 481/1 483/1 484/1 
f 482/1 484/1 306/1 305/1 
f 484/1 483/1 485/1 486/1 
f 484/1 486/1 487/1 306/1 
f 487/1 486/1 488/1 489/1 
f 487/1 489/1 490/1 491/1 
f 487/1 491/1 307/1 306/1 
f 491/1 490/1 118/1 117/1 
f 491/1 117/1 116/1 307/1 
f 490/1 489/1 492/1 493/1 
f 490/1 493/1 494/1 118/1 
f 494/1 493/1 495/1 496/1 
f 494/1 496/1 497/1 498/1 
f 494/1 498/1 114/1 118/1 
f 498/1 497/1 499/1 500/1 
f 498/1 500/1 115/1 114/1 
f 500/1 499/1 501/1 365/1 
f 500/1 365/1 364/1 115/1 
f 501/1 499/1 502/1 503/1 
f 501/1 503/1 504/1 360/1 
f 501/1 360/1 359/1 365/1 
f 504/1 503/1 505/1 506/1 
f 504/1 506/1 507/1 355/1 
f 504/1 355/1 354/1 360/1 
f 507/1 506/1 508/1 509/1 
f 507/1 509/1 510/1 350/1 
f 507/1 350/1 349/1 355/1 
f 510/1 509/1 511/1 512/1 
f 510/1 512/1 304/1 345/1 
f 510/1 345/1 344/1 350/1 
f 512/1 511/1 513/1 514/1 
f 512/1 514/1 302/1 304/1 
f 514/1 513/1 515/1 516/1 
f 514/1 516/1 303/1 302/1 
f 516/1 515/1 517/1 518/1 
f 516/1 518/1 519/1 303/1 
f 519/1 518/1 520/1 521/1 
f 519/1 521/1 188/1 187/1 
f 519/1 187/1 186/1 303/1 
f 521/1 520/1 522/1 523/1 
f 521/1 523/1 524/1 188/1 
f 524/1 523/1 525/1 526/1 
f 524/1 526/1 527/1 528/1 
f 524/1 528/1 181/1 188/1 
f 528/1 527/1 529/1 530/1 
f 528/1 530/1 182/1 181/1 
f 530/1 529/1 531/1 346/1 
f 530/1 346/1 183/1 182/1 
f 531/1 529/1 532/1 533/1 
f 531/1 533/1 534/1 351/1 
f 531/1 351/1 347/1 346/1 
f 534/1 356/1 352/1 351/1 
f 534/1 533/1 535/1 536/1 
f 534/1 536/1 537/1 356/1 
f 537/1 361/1 357/1 356/1 
f 537/1 536/1 538/1 539/1 
f 537/1 539/1 367/1 361/1 
f 539/1 538/1 540/1 541/1 
f 539/1 541/1 368/1 367/1 
f 541/1 540/1 217/1 216/1 
f 541/1 216/1 222/1 368/1 
f 540/1 542/1 543/1 217/1 
f 540/1 538/1 544/1 542/1 
f 544/1 545/1 546/1 542/1 
f 544/1 538/1 536/1 535/1 
f 544/1 535/1 547/1 545/1 
f 547/1 548/1 549/1 545/1 
f 547/1 535/1 533/1 532/1 
f 547/1 532/1 550/1 548/1 
f 550/1 551/1 552/1 548/1 
f 550/1 532/1 529/1 527/1 
f 550/1 527/1 526/1 551/1 
f 552/1 553/1 554/1 555/1 
f 552/1 555/1 549/1 548/1 
f 552/1 551/1 556/1 553/1 
f 556/1 557/1 558/1 553/1 
f 556/1 551/1 526/1 525/1 
f 556/1 525/1 559/1 557/1 
f 559/1 560/1 561/1 557/1 
f 559/1 525/1 523/1 522/1 
f 559/1 522/1 562/1 560/1 
f 562/1 563/1 564/1 560/1 
f 562/1 522/1 520/1 565/1 
f 562/1 565/1 566/1 563/1 
f 566/1 567/1 568/1 563/1 
f 566/1 565/1 517/1 569/1 
f 566/1 569/1 570/1 567/1 
f 570/1 571/1 572/1 567/1 
f 570/1 569/1 573/1 574/1 
f 570/1 574/1 575/1 571/1 
f 575/1 576/1 577/1 571/1 
f 575/1 574/1 578/1 579/1 
f 575/1 579/1 580/1 576/1 
f 580/1 581/1 582/1 576/1 
f 580/1 579/1 583/1 584/1 
f 580/1 584/1 585/1 581/1 
f 585/1 586/1 587/1 581/1 
f 585/1 584/1 588/1 589/1 
f 585/1 589/1 590/1 586/1 
f 590/1 591/1 592/1 586/1 
f 590/1 589/1 593/1 594/1 
f 590/1 594/1 595/1 591/1 
f 595/1 596/1 597/1 591/1 
f 595/1 594/1 598/1 599/1 
f 595/1 599/1 600/1 596/1 
f 600/1 601/1 602/1 596/1 
f 600/1 599/1 603/1 604/1 
f 600/1 604/1 605/1 601/1 
f 605/1 606/1 607/1 601/1 
f 605/1 604/1 608/1 609/1 
f 605/1 609/1 610/1 606/1 
f 610/1 611/1 612/1 606/1 
f 610/1 609/1 613/1 614/1 
f 610/1 614/1 615/1 611/1 
f 615/1 616/1 617/1 611/1 
f 615/1 614/1 618/1 619/1 
f 615/1 619/1 620/1 616/1 
f 620/1 259/1 621/1 616/1 
f 620/1 619/1 622/1 623/1 
f 620/1 623/1 255/1 259/1 
f 623/1 622/1 624/1 625/1 
f 623/1 625/1 256/1 255/1 
f 625/1 624/1 626/1 65/1 
f 625/1 65/1 64/1 256/1 
f 626/1 627/1 628/1 629/1 
f 626/1 629/1 66/1 65/1 
f 626/1 624/1 630/1 627/1 
f 630/1 624/1 622/1 631/1 
f 630/1 631/1 483/1 481/1 
f 630/1 481/1 480/1 627/1 
f 631/1 622/1 619/1 618/1 
f 631/1 618/1 485/1 483/1 
f 629/1 628/1 632/1 633/1 
f 629/1 633/1 69/1 66/1 
f 633/1 632/1 634/1 635/1 
f 633/1 635/1 225/1 69/1 
f 635/1 634/1 636/1 226/1 
f 635/1 226/1 28/1 225/1 
f 636/1 637/1 638/1 639/1 
f 636/1 639/1 227/1 226/1 
f 636/1 634/1 640/1 637/1 
f 640/1 641/1 642/1 637/1 
f 640/1 634/1 632/1 643/1 
f 640/1 643/1 476/1 641/1 
f 643/1 632/1 628/1 479/1 
f 643/1 479/1 477/1 476/1 
f 642/1 644/1 290/1 645/1 
f 642/1 645/1 638/1 637/1 
f 642/1 641/1 646/1 644/1 
f 646/1 647/1 648/1 644/1 
f 646/1 641/1 476/1 474/1 
f 646/1 474/1 473/1 647/1 
f 648/1 649/1 288/1 287/1 
f 648/1 287/1 290/1 644/1 
f 648/1 647/1 650/1 649/1 
f 650/1 651/1 652/1 649/1 
f 650/1 647/1 473/1 472/1 
f 650/1 472/1 653/1 651/1 
f 653/1 654/1 655/1 651/1 
f 653/1 472/1 470/1 469/1 
f 653/1 469/1 656/1 654/1 
f 656/1 46/1 51/1 654/1 
f 656/1 469/1 467/1 466/1 
f 656/1 466/1 47/1 46/1 
f 655/1 657/1 658/1 659/1 
f 655/1 659/1 652/1 651/1 
f 655/1 654/1 51/1 657/1 
f 659/1 658/1 660/1 661/1 
f 659/1 661/1 662/1 652/1 
f 662/1 661/1 663/1 664/1 
f 662/1 664/1 289/1 288/1 
f 662/1 288/1 649/1 652/1 
f 664/1 663/1 665/1 666/1 
f 664/1 666/1 291/1 289/1 
f 666/1 665/1 422/1 667/1 
f 666/1 667/1 668/1 291/1 
f 668/1 667/1 418/1 669/1 
f 668/1 669/1 670/1 671/1 
f 668/1 671/1 292/1 291/1 
f 671/1 670/1 672/1 673/1 
f 671/1 673/1 674/1 292/1 
f 674/1 673/1 675/1 676/1 
f 674/1 676/1 123/1 122/1 
f 674/1 122/1 36/1 292/1 
f 676/1 675/1 677/1 678/1 
f 676/1 678/1 180/1 123/1 
f 678/1 677/1 679/1 680/1 
f 678/1 680/1 681/1 180/1 
f 681/1 680/1 682/1 683/1 
f 681/1 683/1 684/1 685/1 
f 681/1 685/1 178/1 180/1 
f 685/1 684/1 686/1 687/1 
f 685/1 687/1 179/1 178/1 
f 687/1 686/1 688/1 689/1 
f 687/1 689/1 690/1 179/1 
f 690/1 691/1 176/1 179/1 
f 690/1 689/1 692/1 693/1 
f 690/1 693/1 694/1 691/1 
f 694/1 695/1 696/1 691/1 
f 694/1 693/1 697/1 698/1 
f 694/1 698/1 699/1 695/1 
f 699/1 700/1 701/1 695/1 
f 699/1 698/1 702/1 703/1 
f 699/1 703/1 704/1 700/1 
f 704/1 705/1 706/1 700/1 
f 704/1 703/1 707/1 708/1 
f 704/1 708/1 709/1 705/1 
f 709/1 710/1 711/1 705/1 
f 709/1 708/1 712/1 713/1 
f 709/1 713/1 714/1 710/1 
f 714/1 715/1 716/1 710/1 
f 714/1 713/1 717/1 718/1 
f 714/1 718/1 719/1 715/1 
f 719/1 720/1 721/1 715/1 
f 719/1 718/1 722/1 723/1 
f 719/1 723/1 724/1 720/1 
f 724/1 725/1 726/1 720/1 
f 724/1 723/1 727/1 728/1 
f 724/1 728/1 729/1 725/1 
f 729/1 730/1 731/1 725/1 
f 729/1 728/1 100/1 99/1 
f 729/1 99/1 98/1 730/1 
f 731/1 730/1 732/1 733/1 
f 731/1 733/1 734/1 735/1 
f 731/1 735/1 726/1 725/1 
f 735/1 734/1 736/1 737/1 
f 735/1 737/1 738/1 726/1 
f 738/1 737/1 130/1 132/1 
f 738/1 132/1 739/1 721/1 
f 738/1 721/1 720/1 726/1 
f 739/1 132/1 129/1 740/1 
f 739/1 740/1 741/1 716/1 
f 739/1 716/1 715/1 721/1 
f 741/1 740/1 742/1 743/1 
f 741/1 743/1 744/1 711/1 
f 741/1 711/1 710/1 716/1 
f 744/1 743/1 745/1 746/1 
f 744/1 746/1 747/1 706/1 
f 744/1 706/1 705/1 711/1 
f 747/1 746/1 748/1 749/1 
f 747/1 749/1 750/1 701/1 
f 747/1 701/1 700/1 706/1 
f 750/1 749/1 751/1 299/1 
f 750/1 299/1 177/1 696/1 
f 750/1 696/1 695/1 701/1 
f 751/1 752/1 753/1 300/1 
f 751/1 300/1 38/1 299/1 
f 751/1 749/1 748/1 752/1 
f 753/1 754/1 755/1 756/1 
f 753/1 756/1 301/1 300/1 
f 753/1 752/1 757/1 754/1 
f 757/1 758/1 759/1 754/1 
f 757/1 752/1 748/1 760/1 
f 757/1 760/1 761/1 758/1 
f 761/1 295/1 762/1 758/1 
f 761/1 760/1 745/1 763/1 
f 761/1 763/1 293/1 295/1 
f 763/1 745/1 743/1 742/1 
f 763/1 742/1 128/1 293/1 
f 762/1 764/1 765/1 766/1 
f 762/1 766/1 759/1 758/1 
f 762/1 295/1 294/1 764/1 
f 766/1 765/1 767/1 768/1 
f 766/1 768/1 769/1 759/1 
f 769/1 768/1 770/1 771/1 
f 769/1 771/1 772/1 755/1 
f 769/1 755/1 754/1 759/1 
f 772/1 771/1 773/1 774/1 
f 772/1 774/1 775/1 776/1 
f 772/1 776/1 756/1 755/1 
f 776/1 775/1 777/1 778/1 
f 776/1 778/1 301/1 756/1 
f 778/1 777/1 779/1 780/1 
f 778/1 780/1 296/1 301/1 
f 780/1 779/1 781/1 782/1 
f 780/1 782/1 297/1 296/1 
f 782/1 781/1 783/1 784/1 
f 782/1 784/1 785/1 297/1 
f 785/1 784/1 786/1 787/1 
f 785/1 787/1 788/1 789/1 
f 785/1 789/1 298/1 297/1 
f 789/1 788/1 790/1 125/1 
f 789/1 125/1 124/1 298/1 
f 790/1 788/1 791/1 792/1 
f 790/1 792/1 793/1 794/1 
f 790/1 794/1 119/1 125/1 
f 794/1 795/1 120/1 119/1 
f 794/1 793/1 796/1 795/1 
f 796/1 793/1 797/1 798/1 
f 796/1 798/1 227/1 639/1 
f 796/1 639/1 638/1 795/1 
f 798/1 797/1 799/1 800/1 
f 798/1 800/1 228/1 227/1 
f 800/1 799/1 801/1 802/1 
f 800/1 802/1 229/1 228/1 
f 802/1 801/1 803/1 804/1 
f 802/1 804/1 805/1 229/1 
f 805/1 806/1 230/1 229/1 
f 805/1 804/1 272/1 271/1 
f 805/1 271/1 275/1 806/1 
f 806/1 807/1 231/1 230/1 
f 806/1 275/1 808/1 807/1 
f 808/1 809/1 810/1 807/1 
f 808/1 275/1 274/1 811/1 
f 808/1 811/1 812/1 809/1 
f 812/1 813/1 814/1 809/1 
f 812/1 811/1 815/1 816/1 
f 812/1 816/1 817/1 813/1 
f 817/1 220/1 818/1 813/1 
f 817/1 816/1 819/1 820/1 
f 817/1 820/1 27/1 220/1 
f 820/1 819/1 380/1 821/1 
f 820/1 821/1 221/1 27/1 
f 821/1 380/1 375/1 373/1 
f 821/1 373/1 371/1 221/1 
f 819/1 816/1 815/1 383/1 
f 819/1 383/1 381/1 380/1 
f 818/1 822/1 823/1 824/1 
f 818/1 824/1 814/1 813/1 
f 818/1 220/1 219/1 822/1 
f 824/1 823/1 825/1 826/1 
f 824/1 826/1 827/1 814/1 
f 827/1 826/1 828/1 829/1 
f 827/1 829/1 830/1 810/1 
f 827/1 810/1 809/1 814/1 
f 830/1 829/1 831/1 832/1 
f 830/1 832/1 223/1 231/1 
f 830/1 231/1 807/1 810/1 
f 832/1 831/1 260/1 833/1 
f 832/1 833/1 224/1 223/1 
f 833/1 260/1 257/1 68/1 
f 833/1 68/1 67/1 224/1 
f 831/1 834/1 261/1 260/1 
f 831/1 829/1 828/1 834/1 
f 834/1 835/1 262/1 261/1 
f 834/1 828/1 836/1 835/1 
f 836/1 837/1 838/1 835/1 
f 836/1 828/1 826/1 825/1 
f 836/1 825/1 839/1 837/1 
f 839/1 840/1 841/1 837/1 
f 839/1 825/1 823/1 842/1 
f 839/1 842/1 843/1 840/1 
f 843/1 844/1 845/1 840/1 
f 843/1 842/1 846/1 847/1 
f 843/1 847/1 848/1 844/1 
f 848/1 849/1 850/1 844/1 
f 848/1 847/1 851/1 852/1 
f 848/1 852/1 853/1 849/1 
f 853/1 854/1 855/1 849/1 
f 853/1 852/1 856/1 857/1 
f 853/1 857/1 286/1 854/1 
f 857/1 856/1 858/1 859/1 
f 857/1 859/1 277/1 286/1 
f 859/1 858/1 860/1 861/1 
f 859/1 861/1 278/1 277/1 
f 861/1 860/1 549/1 555/1 
f 861/1 555/1 554/1 278/1 
f 860/1 858/1 862/1 546/1 
f 860/1 546/1 545/1 549/1 
f 862/1 858/1 856/1 863/1 
f 862/1 863/1 864/1 543/1 
f 862/1 543/1 542/1 546/1 
f 864/1 863/1 851/1 865/1 
f 864/1 865/1 219/1 218/1 
f 864/1 218/1 217/1 543/1 
f 865/1 851/1 847/1 846/1 
f 865/1 846/1 822/1 219/1 
f 863/1 856/1 852/1 851/1 
f 855/1 866/1 867/1 868/1 
f 855/1 868/1 850/1 849/1 
f 855/1 854/1 869/1 866/1 
f 869/1 870/1 871/1 866/1 
f 869/1 854/1 286/1 284/1 
f 869/1 284/1 283/1 870/1 
f 871/1 872/1 873/1 874/1 
f 871/1 874/1 867/1 866/1 
f 871/1 870/1 875/1 872/1 
f 875/1 876/1 877/1 872/1 
f 875/1 870/1 283/1 878/1 
f 875/1 878/1 879/1 876/1 
f 879/1 213/1 210/1 876/1 
f 879/1 878/1 880/1 881/1 
f 879/1 881/1 882/1 213/1 
f 882/1 883/1 214/1 213/1 
f 882/1 881/1 884/1 885/1 
f 882/1 885/1 886/1 883/1 
f 886/1 887/1 159/1 883/1 
f 886/1 885/1 888/1 145/1 
f 886/1 145/1 144/1 887/1 
f 888/1 885/1 884/1 889/1 
f 888/1 889/1 890/1 238/1 
f 888/1 238/1 142/1 145/1 
f 890/1 889/1 891/1 892/1 
f 890/1 892/1 109/1 893/1 
f 890/1 893/1 239/1 238/1 
f 893/1 109/1 108/1 894/1 
f 893/1 894/1 244/1 239/1 
f 894/1 895/1 896/1 244/1 
f 894/1 108/1 110/1 895/1 
f 896/1 897/1 242/1 244/1 
f 896/1 895/1 318/1 317/1 
f 896/1 317/1 898/1 897/1 
f 898/1 899/1 900/1 897/1 
f 898/1 317/1 316/1 901/1 
f 898/1 901/1 902/1 899/1 
f 902/1 903/1 904/1 899/1 
f 902/1 901/1 905/1 906/1 
f 902/1 906/1 907/1 903/1 
f 907/1 175/1 908/1 903/1 
f 907/1 906/1 909/1 910/1 
f 907/1 910/1 172/1 175/1 
f 910/1 909/1 911/1 912/1 
f 910/1 912/1 173/1 172/1 
f 912/1 911/1 775/1 774/1 
f 912/1 774/1 773/1 173/1 
f 911/1 909/1 913/1 914/1 
f 911/1 914/1 777/1 775/1 
f 914/1 913/1 915/1 916/1 
f 914/1 916/1 779/1 777/1 
f 916/1 915/1 917/1 918/1 
f 916/1 918/1 781/1 779/1 
f 918/1 917/1 919/1 920/1 
f 918/1 920/1 783/1 781/1 
f 920/1 919/1 921/1 922/1 
f 920/1 922/1 923/1 783/1 
f 923/1 922/1 924/1 925/1 
f 923/1 925/1 926/1 786/1 
f 923/1 786/1 784/1 783/1 
f 926/1 925/1 927/1 252/1 
f 926/1 252/1 250/1 928/1 
f 926/1 928/1 787/1 786/1 
f 928/1 250/1 249/1 791/1 
f 928/1 791/1 788/1 787/1 
f 927/1 925/1 924/1 929/1 
f 927/1 929/1 77/1 930/1 
f 927/1 930/1 253/1 252/1 
f 930/1 77/1 76/1 931/1 
f 930/1 931/1 254/1 253/1 
f 931/1 76/1 80/1 932/1 
f 931/1 932/1 933/1 254/1 
f 933/1 932/1 206/1 934/1 
f 933/1 934/1 935/1 936/1 
f 933/1 936/1 245/1 254/1 
f 936/1 935/1 937/1 938/1 
f 936/1 938/1 246/1 245/1 
f 938/1 937/1 874/1 873/1 
f 938/1 873/1 939/1 246/1 
f 939/1 940/1 247/1 246/1 
f 939/1 873/1 872/1 877/1 
f 939/1 877/1 209/1 940/1 
f 940/1 941/1 251/1 247/1 
f 940/1 209/1 208/1 941/1 
f 941/1 942/1 943/1 251/1 
f 941/1 208/1 212/1 942/1 
f 943/1 801/1 799/1 944/1 
f 943/1 944/1 248/1 251/1 
f 943/1 942/1 803/1 801/1 
f 944/1 799/1 797/1 945/1 
f 944/1 945/1 249/1 248/1 
f 945/1 797/1 793/1 792/1 
f 945/1 792/1 791/1 249/1 
f 942/1 212/1 946/1 803/1 
f 946/1 272/1 804/1 803/1 
f 946/1 212/1 211/1 947/1 
f 946/1 947/1 269/1 272/1 
f 947/1 211/1 215/1 948/1 
f 947/1 948/1 270/1 269/1 
f 948/1 215/1 339/1 338/1 
f 948/1 338/1 342/1 270/1 
f 937/1 935/1 949/1 950/1 
f 937/1 950/1 867/1 874/1 
f 950/1 949/1 951/1 952/1 
f 950/1 952/1 868/1 867/1 
f 952/1 951/1 953/1 954/1 
f 952/1 954/1 850/1 868/1 
f 954/1 953/1 955/1 845/1 
f 954/1 845/1 844/1 850/1 
f 955/1 953/1 956/1 957/1 
f 955/1 957/1 958/1 841/1 
f 955/1 841/1 840/1 845/1 
f 958/1 957/1 959/1 960/1 
f 958/1 960/1 961/1 838/1 
f 958/1 838/1 837/1 841/1 
f 961/1 960/1 962/1 963/1 
f 961/1 963/1 263/1 262/1 
f 961/1 262/1 835/1 838/1 
f 963/1 962/1 964/1 965/1 
f 963/1 965/1 264/1 263/1 
f 965/1 964/1 966/1 967/1 
f 965/1 967/1 968/1 264/1 
f 968/1 967/1 969/1 970/1 
f 968/1 970/1 971/1 972/1 
f 968/1 972/1 258/1 264/1 
f 972/1 971/1 973/1 621/1 
f 972/1 621/1 259/1 258/1 
f 973/1 971/1 974/1 975/1 
f 973/1 975/1 976/1 617/1 
f 973/1 617/1 616/1 621/1 
f 976/1 975/1 977/1 978/1 
f 976/1 978/1 979/1 612/1 
f 976/1 612/1 611/1 617/1 
f 979/1 978/1 980/1 981/1 
f 979/1 981/1 982/1 607/1 
f 979/1 607/1 606/1 612/1 
f 982/1 981/1 983/1 984/1 
f 982/1 984/1 985/1 602/1 
f 982/1 602/1 601/1 607/1 
f 985/1 984/1 986/1 987/1 
f 985/1 987/1 988/1 597/1 
f 985/1 597/1 596/1 602/1 
f 988/1 987/1 989/1 990/1 
f 988/1 990/1 991/1 592/1 
f 988/1 592/1 591/1 597/1 
f 991/1 990/1 992/1 993/1 
f 991/1 993/1 994/1 587/1 
f 991/1 587/1 586/1 592/1 
f 994/1 993/1 995/1 996/1 
f 994/1 996/1 997/1 582/1 
f 994/1 582/1 581/1 587/1 
f 997/1 996/1 998/1 999/1 
f 997/1 999/1 1000/1 577/1 
f 997/1 577/1 576/1 582/1 
f 1000/1 999/1 1001/1 1002/1 
f 1000/1 1002/1 1003/1 572/1 
f 1000/1 572/1 571/1 577/1 
f 1003/1 1002/1 1004/1 1005/1 
f 1003/1 1005/1 1006/1 568/1 
f 1003/1 568/1 567/1 572/1 
f 1006/1 1005/1 1007/1 1008/1 
f 1006/1 1008/1 1009/1 564/1 
f 1006/1 564/1 563/1 568/1 
f 1009/1 1008/1 1010/1 1011/1 
f 1009/1 1011/1 1012/1 561/1 
f 1009/1 561/1 560/1 564/1 
f 1012/1 1011/1 1013/1 1014/1 
f 1012/1 1014/1 1015/1 558/1 
f 1012/1 558/1 557/1 561/1 
f 1015/1 1014/1 280/1 279/1 
f 1015/1 279/1 278/1 554/1 
f 1015/1 554/1 553/1 558/1 
f 1014/1 1013/1 1016/1 280/1 
f 1016/1 1017/1 1018/1 1019/1 
f 1016/1 1019/1 281/1 280/1 
f 1016/1 1013/1 1020/1 1017/1 
f 1020/1 134/1 133/1 1017/1 
f 1020/1 1013/1 1011/1 1010/1 
f 1020/1 1010/1 1021/1 134/1 
f 1021/1 1022/1 135/1 134/1 
f 1021/1 1010/1 1008/1 1007/1 
f 1021/1 1007/1 1023/1 1022/1 
f 1023/1 1024/1 1025/1 1022/1 
f 1023/1 1007/1 1005/1 1004/1 
f 1023/1 1004/1 1026/1 1024/1 
f 1026/1 1027/1 1028/1 1024/1 
f 1026/1 1004/1 1002/1 1001/1 
f 1026/1 1001/1 1029/1 1027/1 
f 1029/1 1030/1 1031/1 1027/1 
f 1029/1 1001/1 999/1 998/1 
f 1029/1 998/1 1032/1 1030/1 
f 1032/1 1033/1 1034/1 1030/1 
f 1032/1 998/1 996/1 995/1 
f 1032/1 995/1 1035/1 1033/1 
f 1035/1 1036/1 1037/1 1033/1 
f 1035/1 995/1 993/1 992/1 
f 1035/1 992/1 1038/1 1036/1 
f 1038/1 1039/1 1040/1 1036/1 
f 1038/1 992/1 990/1 989/1 
f 1038/1 989/1 1041/1 1039/1 
f 1041/1 1042/1 1043/1 1039/1 
f 1041/1 989/1 987/1 986/1 
f 1041/1 986/1 1044/1 1042/1 
f 1044/1 1045/1 1046/1 1042/1 
f 1044/1 986/1 984/1 983/1 
f 1044/1 983/1 1047/1 1045/1 
f 1047/1 1048/1 1049/1 1045/1 
f 1047/1 983/1 981/1 980/1 
f 1047/1 980/1 1050/1 1048/1 
f 1050/1 1051/1 1052/1 1048/1 
f 1050/1 980/1 978/1 977/1 
f 1050/1 977/1 1053/1 1051/1 
f 1053/1 1054/1 1055/1 1051/1 
f 1053/1 977/1 975/1 974/1 
f 1053/1 974/1 1056/1 1054/1 
f 1056/1 1057/1 1058/1 1054/1 
f 1056/1 974/1 971/1 970/1 
f 1056/1 970/1 969/1 1057/1 
f 1058/1 1059/1 1060/1 1061/1 
f 1058/1 1061/1 1055/1 1054/1 
f 1058/1 1057/1 1062/1 1059/1 
f 1062/1 1063/1 1064/1 1059/1 
f 1062/1 1057/1 969/1 1065/1 
f 1062/1 1065/1 1066/1 1063/1 
f 1066/1 1067/1 1068/1 1063/1 
f 1066/1 1065/1 966/1 1069/1 
f 1066/1 1069/1 1070/1 1067/1 
f 1070/1 1071/1 1072/1 1067/1 
f 1070/1 1069/1 1073/1 1074/1 
f 1070/1 1074/1 201/1 1071/1 
f 1074/1 1073/1 1075/1 1076/1 
f 1074/1 1076/1 202/1 201/1 
f 1076/1 1075/1 959/1 1077/1 
f 1076/1 1077/1 207/1 202/1 
f 1077/1 959/1 957/1 956/1 
f 1077/1 956/1 1078/1 207/1 
f 1078/1 1079/1 205/1 207/1 
f 1078/1 956/1 953/1 951/1 
f 1078/1 951/1 949/1 1079/1 
f 1079/1 934/1 206/1 205/1 
f 1079/1 949/1 935/1 934/1 
f 1075/1 1073/1 964/1 962/1 
f 1075/1 962/1 960/1 959/1 
f 1073/1 1069/1 966/1 964/1 
f 1072/1 1071/1 1080/1 1081/1 
f 1072/1 1081/1 1082/1 1083/1 
f 1072/1 1083/1 1068/1 1067/1 
f 1083/1 1082/1 1084/1 1085/1 
f 1083/1 1085/1 1086/1 1068/1 
f 1086/1 1085/1 1087/1 1088/1 
f 1086/1 1088/1 1089/1 1064/1 
f 1086/1 1064/1 1063/1 1068/1 
f 1089/1 1088/1 333/1 327/1 
f 1089/1 327/1 324/1 1060/1 
f 1089/1 1060/1 1059/1 1064/1 
f 1088/1 1087/1 331/1 333/1 
f 1087/1 1085/1 1084/1 1090/1 
f 1087/1 1090/1 332/1 331/1 
f 1090/1 1084/1 1091/1 1092/1 
f 1090/1 1092/1 1093/1 332/1 
f 1093/1 1092/1 1094/1 1095/1 
f 1093/1 1095/1 1096/1 1097/1 
f 1093/1 1097/1 328/1 332/1 
f 1097/1 1096/1 1098/1 1099/1 
f 1097/1 1099/1 329/1 328/1 
f 1099/1 1098/1 1100/1 1101/1 
f 1099/1 1101/1 326/1 329/1 
f 1101/1 1100/1 1102/1 1103/1 
f 1101/1 1103/1 322/1 326/1 
f 1103/1 1102/1 1052/1 1104/1 
f 1103/1 1104/1 323/1 322/1 
f 1104/1 1052/1 1051/1 1055/1 
f 1104/1 1055/1 1061/1 323/1 
f 1102/1 1100/1 1105/1 1049/1 
f 1102/1 1049/1 1048/1 1052/1 
f 1105/1 1100/1 1098/1 1106/1 
f 1105/1 1106/1 1107/1 1046/1 
f 1105/1 1046/1 1045/1 1049/1 
f 1107/1 1106/1 1108/1 1109/1 
f 1107/1 1109/1 1110/1 1043/1 
f 1107/1 1043/1 1042/1 1046/1 
f 1110/1 1109/1 1111/1 1112/1 
f 1110/1 1112/1 1113/1 1040/1 
f 1110/1 1040/1 1039/1 1043/1 
f 1113/1 1112/1 1114/1 1115/1 
f 1113/1 1115/1 1116/1 1037/1 
f 1113/1 1037/1 1036/1 1040/1 
f 1116/1 1115/1 1117/1 1118/1 
f 1116/1 1118/1 1119/1 1034/1 
f 1116/1 1034/1 1033/1 1037/1 
f 1119/1 1118/1 1120/1 1121/1 
f 1119/1 1121/1 1122/1 1031/1 
f 1119/1 1031/1 1030/1 1034/1 
f 1122/1 1121/1 1123/1 1124/1 
f 1122/1 1124/1 1125/1 1028/1 
f 1122/1 1028/1 1027/1 1031/1 
f 1125/1 1124/1 106/1 105/1 
f 1125/1 105/1 104/1 1025/1 
f 1125/1 1025/1 1024/1 1028/1 
f 1124/1 1123/1 1126/1 106/1 
f 1126/1 1127/1 1128/1 1129/1 
f 1126/1 1129/1 107/1 106/1 
f 1126/1 1123/1 1130/1 1127/1 
f 1130/1 1131/1 1132/1 1127/1 
f 1130/1 1123/1 1121/1 1120/1 
f 1130/1 1120/1 1133/1 1131/1 
f 1133/1 1134/1 1135/1 1131/1 
f 1133/1 1120/1 1118/1 1117/1 
f 1133/1 1117/1 1136/1 1134/1 
f 1136/1 1137/1 1138/1 1134/1 
f 1136/1 1117/1 1115/1 1114/1 
f 1136/1 1114/1 1139/1 1137/1 
f 1139/1 1140/1 1141/1 1137/1 
f 1139/1 1114/1 1112/1 1111/1 
f 1139/1 1111/1 1142/1 1140/1 
f 1142/1 1095/1 1094/1 1140/1 
f 1142/1 1111/1 1109/1 1108/1 
f 1142/1 1108/1 1096/1 1095/1 
f 1141/1 1143/1 1144/1 1145/1 
f 1141/1 1145/1 1138/1 1137/1 
f 1141/1 1140/1 1094/1 1143/1 
f 1145/1 1144/1 1146/1 1147/1 
f 1145/1 1147/1 1148/1 1138/1 
f 1148/1 1147/1 1149/1 1150/1 
f 1148/1 1150/1 1151/1 1135/1 
f 1148/1 1135/1 1134/1 1138/1 
f 1151/1 1150/1 1152/1 1153/1 
f 1151/1 1153/1 1154/1 1132/1 
f 1151/1 1132/1 1131/1 1135/1 
f 1154/1 1153/1 1155/1 321/1 
f 1154/1 321/1 320/1 1128/1 
f 1154/1 1128/1 1127/1 1132/1 
f 1155/1 1156/1 1157/1 1158/1 
f 1155/1 1158/1 313/1 321/1 
f 1155/1 1153/1 1152/1 1156/1 
f 1158/1 1157/1 1159/1 1160/1 
f 1158/1 1160/1 314/1 313/1 
f 1160/1 1159/1 1161/1 921/1 
f 1160/1 921/1 919/1 314/1 
f 1161/1 1159/1 1162/1 1163/1 
f 1161/1 1163/1 929/1 924/1 
f 1161/1 924/1 922/1 921/1 
f 1163/1 1162/1 81/1 78/1 
f 1163/1 78/1 77/1 929/1 
f 1162/1 1159/1 1157/1 1164/1 
f 1162/1 1164/1 1165/1 81/1 
f 1165/1 204/1 79/1 81/1 
f 1165/1 1164/1 1166/1 1167/1 
f 1165/1 1167/1 198/1 204/1 
f 1167/1 1166/1 1168/1 1169/1 
f 1167/1 1169/1 199/1 198/1 
f 1169/1 1168/1 1149/1 1170/1 
f 1169/1 1170/1 1171/1 199/1 
f 1171/1 1080/1 200/1 199/1 
f 1171/1 1170/1 1146/1 1172/1 
f 1171/1 1172/1 1081/1 1080/1 
f 1172/1 1146/1 1144/1 1173/1 
f 1172/1 1173/1 1082/1 1081/1 
f 1173/1 1144/1 1143/1 1091/1 
f 1173/1 1091/1 1084/1 1082/1 
f 1170/1 1149/1 1147/1 1146/1 
f 1168/1 1166/1 1156/1 1152/1 
f 1168/1 1152/1 1150/1 1149/1 
f 1166/1 1164/1 1157/1 1156/1 
f 1143/1 1094/1 1092/1 1091/1 
f 1129/1 1128/1 320/1 319/1 
f 1129/1 319/1 110/1 107/1 
f 1108/1 1106/1 1098/1 1096/1 
f 1080/1 1071/1 201/1 200/1 
f 1065/1 969/1 967/1 966/1 
f 1061/1 1060/1 324/1 323/1 
f 1025/1 104/1 135/1 1022/1 
f 1019/1 1174/1 285/1 281/1 
f 1019/1 1018/1 1175/1 1174/1 
f 1175/1 892/1 891/1 1174/1 
f 1175/1 1018/1 102/1 101/1 
f 1175/1 101/1 109/1 892/1 
f 1174/1 891/1 1176/1 285/1 
f 1176/1 884/1 881/1 880/1 
f 1176/1 880/1 282/1 285/1 
f 1176/1 891/1 889/1 884/1 
f 1018/1 1017/1 133/1 102/1 
f 932/1 80/1 203/1 206/1 
f 919/1 917/1 315/1 314/1 
f 917/1 915/1 1177/1 315/1 
f 1177/1 905/1 901/1 316/1 
f 1177/1 316/1 41/1 315/1 
f 1177/1 915/1 913/1 905/1 
f 913/1 909/1 906/1 905/1 
f 908/1 1178/1 1179/1 1180/1 
f 908/1 1180/1 904/1 903/1 
f 908/1 175/1 174/1 1178/1 
f 1180/1 1179/1 97/1 96/1 
f 1180/1 96/1 1181/1 904/1 
f 1181/1 96/1 95/1 1182/1 
f 1181/1 1182/1 243/1 900/1 
f 1181/1 900/1 899/1 904/1 
f 1182/1 95/1 100/1 1183/1 
f 1182/1 1183/1 240/1 243/1 
f 1183/1 100/1 728/1 727/1 
f 1183/1 727/1 241/1 240/1 
f 1179/1 1184/1 98/1 97/1 
f 1179/1 1178/1 1185/1 1184/1 
f 1185/1 1178/1 174/1 1186/1 
f 1185/1 1186/1 770/1 1187/1 
f 1185/1 1187/1 732/1 1184/1 
f 1187/1 770/1 768/1 767/1 
f 1187/1 767/1 733/1 732/1 
f 1186/1 174/1 173/1 773/1 
f 1186/1 773/1 771/1 770/1 
f 1184/1 732/1 730/1 98/1 
f 900/1 243/1 242/1 897/1 
f 895/1 110/1 319/1 318/1 
f 887/1 1188/1 157/1 159/1 
f 887/1 144/1 1189/1 1188/1 
f 1189/1 144/1 16/1 1190/1 
f 1189/1 1190/1 1191/1 1192/1 
f 1189/1 1192/1 1193/1 1188/1 
f 1193/1 1192/1 1194/1 337/1 
f 1193/1 337/1 336/1 158/1 
f 1193/1 158/1 157/1 1188/1 
f 1194/1 1192/1 1191/1 1195/1 
f 1194/1 1195/1 1196/1 1197/1 
f 1194/1 1197/1 334/1 337/1 
f 1197/1 1196/1 86/1 85/1 
f 1197/1 85/1 88/1 334/1 
f 1196/1 1195/1 1198/1 1199/1 
f 1196/1 1199/1 1200/1 86/1 
f 1200/1 1199/1 1201/1 1202/1 
f 1200/1 1202/1 1203/1 1204/1 
f 1200/1 1204/1 87/1 86/1 
f 1204/1 1203/1 1205/1 1206/1 
f 1204/1 1206/1 1207/1 87/1 
f 1207/1 1206/1 1208/1 1209/1 
f 1207/1 1209/1 1210/1 1211/1 
f 1207/1 1211/1 7/1 87/1 
f 1211/1 1210/1 1212/1 1213/1 
f 1211/1 1213/1 82/1 7/1 
f 1213/1 1212/1 1214/1 1215/1 
f 1213/1 1215/1 1216/1 82/1 
f 1216/1 1217/1 83/1 82/1 
f 1216/1 1215/1 1218/1 1219/1 
f 1216/1 1219/1 1220/1 1217/1 
f 1220/1 1221/1 1222/1 1217/1 
f 1220/1 1219/1 1223/1 1224/1 
f 1220/1 1224/1 1225/1 1221/1 
f 1225/1 1226/1 1227/1 1221/1 
f 1225/1 1224/1 1228/1 1229/1 
f 1225/1 1229/1 1230/1 1226/1 
f 1230/1 1231/1 1232/1 1226/1 
f 1230/1 1229/1 1233/1 1234/1 
f 1230/1 1234/1 1235/1 1231/1 
f 1235/1 1236/1 1237/1 1231/1 
f 1235/1 1234/1 1238/1 1239/1 
f 1235/1 1239/1 1240/1 1236/1 
f 1240/1 1241/1 1242/1 1236/1 
f 1240/1 1239/1 1243/1 1244/1 
f 1240/1 1244/1 1245/1 1241/1 
f 1245/1 1246/1 1247/1 1241/1 
f 1245/1 1244/1 672/1 670/1 
f 1245/1 670/1 669/1 1246/1 
f 1247/1 414/1 411/1 410/1 
f 1247/1 410/1 1242/1 1241/1 
f 1247/1 1246/1 416/1 414/1 
f 1246/1 669/1 418/1 416/1 
f 1244/1 1243/1 1248/1 672/1 
f 1248/1 1243/1 1249/1 1250/1 
f 1248/1 1250/1 677/1 675/1 
f 1248/1 675/1 673/1 672/1 
f 1250/1 1249/1 1251/1 1252/1 
f 1250/1 1252/1 679/1 677/1 
f 1252/1 1251/1 1253/1 1254/1 
f 1252/1 1254/1 1255/1 679/1 
f 1255/1 1254/1 1256/1 1257/1 
f 1255/1 1257/1 1258/1 682/1 
f 1255/1 682/1 680/1 679/1 
f 1258/1 1257/1 1259/1 1260/1 
f 1258/1 1260/1 1261/1 1262/1 
f 1258/1 1262/1 683/1 682/1 
f 1262/1 1261/1 1263/1 1264/1 
f 1262/1 1264/1 684/1 683/1 
f 1264/1 1263/1 1265/1 1266/1 
f 1264/1 1266/1 686/1 684/1 
f 1266/1 1265/1 1267/1 1268/1 
f 1266/1 1268/1 688/1 686/1 
f 1268/1 1267/1 1269/1 1270/1 
f 1268/1 1270/1 1271/1 688/1 
f 1271/1 692/1 689/1 688/1 
f 1271/1 1270/1 1272/1 1273/1 
f 1271/1 1273/1 1274/1 692/1 
f 1274/1 697/1 693/1 692/1 
f 1274/1 1273/1 1275/1 1276/1 
f 1274/1 1276/1 1277/1 697/1 
f 1277/1 702/1 698/1 697/1 
f 1277/1 1276/1 1278/1 1279/1 
f 1277/1 1279/1 1280/1 702/1 
f 1280/1 707/1 703/1 702/1 
f 1280/1 1279/1 1281/1 1282/1 
f 1280/1 1282/1 1283/1 707/1 
f 1283/1 712/1 708/1 707/1 
f 1283/1 1282/1 1284/1 1285/1 
f 1283/1 1285/1 1286/1 712/1 
f 1286/1 717/1 713/1 712/1 
f 1286/1 1285/1 1287/1 147/1 
f 1286/1 147/1 146/1 717/1 
f 1287/1 1285/1 1284/1 1288/1 
f 1287/1 1288/1 1191/1 1190/1 
f 1287/1 1190/1 16/1 147/1 
f 1288/1 1284/1 1289/1 1198/1 
f 1288/1 1198/1 1195/1 1191/1 
f 1289/1 1284/1 1282/1 1281/1 
f 1289/1 1281/1 1290/1 1201/1 
f 1289/1 1201/1 1199/1 1198/1 
f 1290/1 1281/1 1279/1 1278/1 
f 1290/1 1278/1 1291/1 1292/1 
f 1290/1 1292/1 1202/1 1201/1 
f 1292/1 1291/1 1293/1 1294/1 
f 1292/1 1294/1 1203/1 1202/1 
f 1294/1 1293/1 1295/1 1296/1 
f 1294/1 1296/1 1205/1 1203/1 
f 1296/1 1295/1 1297/1 1298/1 
f 1296/1 1298/1 1299/1 1205/1 
f 1299/1 1298/1 1300/1 1301/1 
f 1299/1 1301/1 1302/1 1208/1 
f 1299/1 1208/1 1206/1 1205/1 
f 1302/1 1301/1 1303/1 1304/1 
f 1302/1 1304/1 1305/1 1306/1 
f 1302/1 1306/1 1209/1 1208/1 
f 1306/1 1305/1 1307/1 1308/1 
f 1306/1 1308/1 1210/1 1209/1 
f 1308/1 1307/1 1309/1 1310/1 
f 1308/1 1310/1 1212/1 1210/1 
f 1310/1 1309/1 1311/1 1312/1 
f 1310/1 1312/1 1214/1 1212/1 
f 1312/1 1311/1 1313/1 1314/1 
f 1312/1 1314/1 1315/1 1214/1 
f 1315/1 1218/1 1215/1 1214/1 
f 1315/1 1314/1 1316/1 1317/1 
f 1315/1 1317/1 1318/1 1218/1 
f 1318/1 1223/1 1219/1 1218/1 
f 1318/1 1317/1 1319/1 1320/1 
f 1318/1 1320/1 1321/1 1223/1 
f 1321/1 1228/1 1224/1 1223/1 
f 1321/1 1320/1 1322/1 1323/1 
f 1321/1 1323/1 1324/1 1228/1 
f 1324/1 1233/1 1229/1 1228/1 
f 1324/1 1323/1 1325/1 1326/1 
f 1324/1 1326/1 1327/1 1233/1 
f 1327/1 1238/1 1234/1 1233/1 
f 1327/1 1326/1 1253/1 1251/1 
f 1327/1 1251/1 1249/1 1238/1 
f 1326/1 1325/1 1328/1 1253/1 
f 1328/1 1325/1 1329/1 1330/1 
f 1328/1 1330/1 1331/1 1256/1 
f 1328/1 1256/1 1254/1 1253/1 
f 1331/1 1330/1 1332/1 1333/1 
f 1331/1 1333/1 1334/1 1259/1 
f 1331/1 1259/1 1257/1 1256/1 
f 1334/1 1333/1 1335/1 1336/1 
f 1334/1 1336/1 1337/1 1338/1 
f 1334/1 1338/1 1260/1 1259/1 
f 1338/1 1337/1 1339/1 1340/1 
f 1338/1 1340/1 1261/1 1260/1 
f 1340/1 1339/1 1341/1 1342/1 
f 1340/1 1342/1 1263/1 1261/1 
f 1342/1 1341/1 1343/1 1344/1 
f 1342/1 1344/1 1265/1 1263/1 
f 1344/1 1343/1 1345/1 1346/1 
f 1344/1 1346/1 1267/1 1265/1 
f 1346/1 1345/1 1347/1 1348/1 
f 1346/1 1348/1 1269/1 1267/1 
f 1348/1 1347/1 1349/1 1350/1 
f 1348/1 1350/1 1351/1 1269/1 
f 1351/1 1272/1 1270/1 1269/1 
f 1351/1 1350/1 1352/1 1353/1 
f 1351/1 1353/1 1354/1 1272/1 
f 1354/1 1275/1 1273/1 1272/1 
f 1354/1 1353/1 1295/1 1293/1 
f 1354/1 1293/1 1291/1 1275/1 
f 1353/1 1352/1 1297/1 1295/1 
f 1352/1 1350/1 1349/1 1355/1 
f 1352/1 1355/1 1356/1 1297/1 
f 1356/1 1355/1 1357/1 1358/1 
f 1356/1 1358/1 1359/1 1300/1 
f 1356/1 1300/1 1298/1 1297/1 
f 1359/1 1358/1 1360/1 1361/1 
f 1359/1 1361/1 1362/1 1303/1 
f 1359/1 1303/1 1301/1 1300/1 
f 1362/1 1361/1 1363/1 1364/1 
f 1362/1 1364/1 1365/1 1366/1 
f 1362/1 1366/1 1304/1 1303/1 
f 1366/1 1365/1 52/1 56/1 
f 1366/1 56/1 1305/1 1304/1 
f 1365/1 1364/1 1367/1 1368/1 
f 1365/1 1368/1 53/1 52/1 
f 1368/1 1367/1 1369/1 1370/1 
f 1368/1 1370/1 1371/1 53/1 
f 1371/1 1372/1 54/1 53/1 
f 1371/1 1370/1 1373/1 1374/1 
f 1371/1 1374/1 1375/1 1372/1 
f 1375/1 1376/1 1377/1 1372/1 
f 1375/1 1374/1 1378/1 1379/1 
f 1375/1 1379/1 1380/1 1376/1 
f 1380/1 1381/1 1313/1 1376/1 
f 1380/1 1379/1 1382/1 1383/1 
f 1380/1 1383/1 1384/1 1381/1 
f 1384/1 1385/1 1316/1 1381/1 
f 1384/1 1383/1 1386/1 1387/1 
f 1384/1 1387/1 1388/1 1385/1 
f 1388/1 1389/1 1319/1 1385/1 
f 1388/1 1387/1 1390/1 1391/1 
f 1388/1 1391/1 1392/1 1389/1 
f 1392/1 1329/1 1322/1 1389/1 
f 1392/1 1391/1 1393/1 1332/1 
f 1392/1 1332/1 1330/1 1329/1 
f 1393/1 1391/1 1390/1 1394/1 
f 1393/1 1394/1 1395/1 1335/1 
f 1393/1 1335/1 1333/1 1332/1 
f 1395/1 1394/1 60/1 59/1 
f 1395/1 59/1 1396/1 1397/1 
f 1395/1 1397/1 1336/1 1335/1 
f 1397/1 1396/1 1398/1 1399/1 
f 1397/1 1399/1 1337/1 1336/1 
f 1399/1 1398/1 1400/1 1401/1 
f 1399/1 1401/1 1339/1 1337/1 
f 1401/1 1400/1 1402/1 1403/1 
f 1401/1 1403/1 1341/1 1339/1 
f 1403/1 1402/1 1404/1 1405/1 
f 1403/1 1405/1 1343/1 1341/1 
f 1405/1 1404/1 1406/1 1407/1 
f 1405/1 1407/1 1345/1 1343/1 
f 1407/1 1406/1 152/1 1408/1 
f 1407/1 1408/1 1347/1 1345/1 
f 1408/1 152/1 151/1 1409/1 
f 1408/1 1409/1 1349/1 1347/1 
f 1409/1 151/1 153/1 1357/1 
f 1409/1 1357/1 1355/1 1349/1 
f 1406/1 1404/1 1410/1 1411/1 
f 1406/1 1411/1 148/1 152/1 
f 1411/1 1410/1 1412/1 1413/1 
f 1411/1 1413/1 149/1 148/1 
f 1413/1 1412/1 1414/1 1415/1 
f 1413/1 1415/1 1416/1 149/1 
f 1416/1 1417/1 150/1 149/1 
f 1416/1 1415/1 1418/1 1419/1 
f 1416/1 1419/1 1363/1 1417/1 
f 1419/1 1418/1 1369/1 1367/1 
f 1419/1 1367/1 1364/1 1363/1 
f 1418/1 1415/1 1414/1 1420/1 
f 1418/1 1420/1 1421/1 1369/1 
f 1421/1 1420/1 138/1 137/1 
f 1421/1 137/1 1422/1 1373/1 
f 1421/1 1373/1 1370/1 1369/1 
f 1422/1 1378/1 1374/1 1373/1 
f 1422/1 137/1 136/1 1423/1 
f 1422/1 1423/1 1424/1 1378/1 
f 1424/1 1382/1 1379/1 1378/1 
f 1424/1 1423/1 1425/1 1426/1 
f 1424/1 1426/1 1427/1 1382/1 
f 1427/1 1386/1 1383/1 1382/1 
f 1427/1 1426/1 62/1 61/1 
f 1427/1 61/1 63/1 1386/1 
f 1426/1 1425/1 1428/1 62/1 
f 1428/1 1429/1 58/1 62/1 
f 1428/1 1425/1 141/1 1430/1 
f 1428/1 1430/1 1431/1 1429/1 
f 1431/1 1398/1 1396/1 1429/1 
f 1431/1 1430/1 1432/1 1433/1 
f 1431/1 1433/1 1400/1 1398/1 
f 1433/1 1432/1 1434/1 1435/1 
f 1433/1 1435/1 1402/1 1400/1 
f 1435/1 1434/1 1412/1 1410/1 
f 1435/1 1410/1 1404/1 1402/1 
f 1434/1 1432/1 140/1 139/1 
f 1434/1 139/1 1414/1 1412/1 
f 1432/1 1430/1 141/1 140/1 
f 1429/1 1396/1 59/1 58/1 
f 1425/1 1423/1 136/1 141/1 
f 1420/1 1414/1 139/1 138/1 
f 1417/1 1360/1 153/1 150/1 
f 1417/1 1363/1 1361/1 1360/1 
f 1394/1 1390/1 63/1 60/1 
f 1390/1 1387/1 1386/1 63/1 
f 1389/1 1322/1 1320/1 1319/1 
f 1385/1 1319/1 1317/1 1316/1 
f 1381/1 1316/1 1314/1 1313/1 
f 1377/1 1311/1 1309/1 57/1 
f 1377/1 57/1 54/1 1372/1 
f 1377/1 1376/1 1313/1 1311/1 
f 1360/1 1358/1 1357/1 153/1 
f 1329/1 1325/1 1323/1 1322/1 
f 1309/1 1307/1 55/1 57/1 
f 1307/1 1305/1 56/1 55/1 
f 1291/1 1278/1 1276/1 1275/1 
f 1249/1 1243/1 1239/1 1238/1 
f 1242/1 410/1 406/1 405/1 
f 1242/1 405/1 1237/1 1236/1 
f 1237/1 405/1 401/1 400/1 
f 1237/1 400/1 1232/1 1231/1 
f 1232/1 400/1 397/1 396/1 
f 1232/1 396/1 1227/1 1226/1 
f 1227/1 396/1 394/1 1436/1 
f 1227/1 1436/1 1222/1 1221/1 
f 1436/1 394/1 392/1 1437/1 
f 1436/1 1437/1 1438/1 1222/1 
f 1438/1 1437/1 1439/1 1440/1 
f 1438/1 1440/1 84/1 83/1 
f 1438/1 83/1 1217/1 1222/1 
f 1440/1 1439/1 340/1 335/1 
f 1440/1 335/1 88/1 84/1 
f 1439/1 391/1 390/1 340/1 
f 1439/1 1437/1 392/1 391/1 
f 883/1 159/1 156/1 214/1 
f 880/1 878/1 283/1 282/1 
f 877/1 876/1 210/1 209/1 
f 846/1 842/1 823/1 822/1 
f 815/1 811/1 274/1 276/1 
f 815/1 276/1 384/1 383/1 
f 795/1 638/1 645/1 120/1 
f 767/1 765/1 734/1 733/1 
f 765/1 764/1 736/1 734/1 
f 764/1 294/1 131/1 736/1 
f 760/1 748/1 746/1 745/1 
f 742/1 740/1 129/1 128/1 
f 737/1 736/1 131/1 130/1 
f 727/1 723/1 722/1 241/1 
f 722/1 718/1 717/1 146/1 
f 722/1 146/1 143/1 241/1 
f 696/1 177/1 176/1 691/1 
f 667/1 422/1 419/1 418/1 
f 665/1 425/1 423/1 422/1 
f 665/1 663/1 427/1 425/1 
f 663/1 661/1 660/1 427/1 
f 660/1 431/1 428/1 427/1 
f 660/1 658/1 1441/1 431/1 
f 1441/1 436/1 432/1 431/1 
f 1441/1 658/1 657/1 1442/1 
f 1441/1 1442/1 1443/1 436/1 
f 1443/1 439/1 437/1 436/1 
f 1443/1 1442/1 50/1 49/1 
f 1443/1 49/1 1444/1 439/1 
f 1444/1 49/1 48/1 1445/1 
f 1444/1 1445/1 161/1 160/1 
f 1444/1 160/1 164/1 439/1 
f 1445/1 48/1 47/1 1446/1 
f 1445/1 1446/1 461/1 161/1 
f 1446/1 47/1 466/1 464/1 
f 1446/1 464/1 462/1 461/1 
f 1442/1 657/1 51/1 50/1 
f 645/1 290/1 121/1 120/1 
f 628/1 627/1 480/1 479/1 
f 618/1 614/1 613/1 485/1 
f 613/1 609/1 608/1 488/1 
f 613/1 488/1 486/1 485/1 
f 608/1 604/1 603/1 492/1 
f 608/1 492/1 489/1 488/1 
f 603/1 599/1 598/1 495/1 
f 603/1 495/1 493/1 492/1 
f 598/1 594/1 593/1 1447/1 
f 598/1 1447/1 496/1 495/1 
f 1447/1 593/1 1448/1 1449/1 
f 1447/1 1449/1 497/1 496/1 
f 1449/1 1448/1 1450/1 502/1 
f 1449/1 502/1 499/1 497/1 
f 1450/1 1448/1 588/1 1451/1 
f 1450/1 1451/1 1452/1 505/1 
f 1450/1 505/1 503/1 502/1 
f 1452/1 1451/1 583/1 1453/1 
f 1452/1 1453/1 1454/1 508/1 
f 1452/1 508/1 506/1 505/1 
f 1454/1 1453/1 578/1 1455/1 
f 1454/1 1455/1 513/1 511/1 
f 1454/1 511/1 509/1 508/1 
f 1455/1 578/1 574/1 573/1 
f 1455/1 573/1 515/1 513/1 
f 1453/1 583/1 579/1 578/1 
f 1451/1 588/1 584/1 583/1 
f 1448/1 593/1 589/1 588/1 
f 573/1 569/1 517/1 515/1 
f 565/1 520/1 518/1 517/1 
f 461/1 459/1 162/1 161/1 
f 459/1 457/1 165/1 162/1 
f 457/1 455/1 442/1 165/1 
f 455/1 453/1 443/1 442/1 
f 453/1 451/1 444/1 443/1 
f 442/1 440/1 163/1 165/1 
f 435/1 235/1 234/1 430/1 
f 421/1 237/1 75/1 74/1 
f 404/1 196/1 195/1 399/1 
f 390/1 388/1 166/1 170/1 
f 390/1 170/1 341/1 340/1 
f 385/1 384/1 276/1 273/1 
f 385/1 273/1 168/1 167/1 
f 364/1 92/1 94/1 115/1 
f 345/1 304/1 185/1 184/1 
f 342/1 169/1 171/1 270/1 
f 342/1 341/1 170/1 169/1 
f 339/1 154/1 158/1 336/1 
f 339/1 215/1 155/1 154/1 
f 333/1 330/1 325/1 327/1 
f 330/1 329/1 326/1 325/1 
f 257/1 256/1 64/1 68/1 
f 225/1 224/1 67/1 69/1 
f 204/1 203/1 80/1 79/1 
# 1455 polygons

#
# object VertebraeUpper2
#

v  -34.956566 17.213226 5.131134
v  -25.343977 2.279663 10.799622
v  -26.094885 3.465698 11.586243
v  -29.039009 19.054596 0.343781
v  -34.692738 13.977509 6.470856
v  -21.764986 19.101532 0.377655
v  -25.397776 7.458099 5.681610
v  -31.875904 11.952911 -1.256836
v  -14.556309 15.306061 4.033310
v  -19.720938 14.031219 -1.445999
v  -31.207003 13.932922 -1.667145
v  -25.532887 15.917236 4.381470
v  -15.103905 14.196259 6.622559
v  -18.929075 12.124268 -1.446045
v  -25.514328 2.647552 11.792282
v  -19.803131 11.967560 1.675323
v  -24.683460 3.674927 11.589386
v  -22.467293 10.703613 1.431778
v  -36.395283 15.404144 4.157455
v  -28.379740 10.639832 1.414352
v  -24.770817 14.618713 5.383118
v  -25.837160 10.400208 -9.093048
v  -24.758915 10.398163 -9.006744
v  -31.346365 12.516235 1.823471
v  -22.482790 17.512390 -1.341797
v  -23.240910 12.299438 2.138855
v  -28.988991 11.641388 -0.364838
v  -27.526926 17.051575 1.418396
v  -36.049740 14.982758 6.677704
v  -19.100019 13.847351 1.632645
v  -23.467978 16.798950 1.564728
v  -28.641273 17.634583 -1.283646
v  -32.011528 14.054779 1.718079
v  -27.688883 12.358185 2.074020
v  -21.788816 11.380524 -0.506287
v  -27.999159 16.406891 4.367050
v  -15.094826 14.856140 6.875473
v  -22.597408 16.406219 4.416870
v  -25.814186 10.372650 -10.316437
v  -30.937090 16.815033 0.327393
v  -20.020290 17.033844 0.289062
v  -26.128242 16.289185 -9.399139
v  -24.138226 16.265778 -8.924301
v  -25.481691 9.594849 4.003525
v  -26.834101 10.397308 -8.564880
v  -34.166679 17.229553 4.748932
v  -34.423969 16.847107 4.235931
v  -35.280331 16.775421 4.828033
v  -35.754513 16.792725 5.212830
v  -35.152618 17.412445 5.481110
v  -34.020119 17.477234 5.191101
v  -25.206442 2.649109 10.761551
v  -25.336548 2.389496 11.016174
v  -25.562019 2.461060 10.710556
v  -25.352169 3.101227 10.121185
v  -25.181765 3.241302 10.246826
v  -25.568924 3.127106 10.128189
v  -25.980030 3.372131 11.753159
v  -26.145067 4.140137 11.723450
v  -26.210125 4.066284 11.449219
v  -26.032129 3.237854 11.474167
v  -25.914673 3.095123 11.642151
v  -26.196997 3.944733 11.177811
v  -29.135569 18.620239 -0.056870
v  -29.500212 18.713562 -0.027588
v  -29.232656 19.220062 0.497269
v  -28.658192 18.768066 0.467316
v  -28.689039 18.358490 0.055832
v  -28.746441 19.032990 0.785355
v  -35.092918 13.851807 6.233627
v  -33.998848 13.788513 5.664520
v  -33.708286 14.041290 6.087540
v  -33.492828 14.521912 6.460327
v  -34.805393 14.280518 6.823639
v  -35.559814 14.090515 6.670990
v  -22.103897 18.874634 0.474350
v  -21.967417 19.083069 0.808807
v  -21.560835 19.215637 0.590057
v  -21.709225 18.646820 -0.038147
v  -22.123739 18.421326 0.054169
v  -21.327368 18.747711 0.009109
v  -25.850845 7.269440 5.983902
v  -26.210258 7.945160 5.192108
v  -25.846561 8.105072 4.937912
v  -24.978897 8.093445 4.946594
v  -24.592445 7.943451 5.207642
v  -24.921936 7.278442 6.012604
v  -25.424910 8.437500 4.620285
v  -31.676699 11.476715 -1.079147
v  -31.381083 12.132019 -0.637589
v  -31.713768 12.547577 -1.103912
v  -32.004776 11.772308 -1.968872
v  -31.854233 11.074646 -1.877228
v  -31.827007 12.603119 -1.911057
v  -15.253338 15.200409 3.457275
v  -15.277103 15.714264 3.536743
v  -14.481571 15.675171 4.260620
v  -14.285271 15.465668 4.631958
v  -14.415131 15.026672 4.250519
v  -15.263592 14.721222 3.532257
v  -19.920824 13.398163 -0.630447
v  -19.437691 12.527222 -0.761047
v  -19.170624 12.832123 -1.454132
v  -19.223455 12.733032 -2.409973
v  -19.699614 13.842346 -2.529633
v  -19.699390 14.905914 -2.787949
v  -19.558895 15.239197 -1.745544
v  -19.732843 14.758270 -0.471100
v  -20.010595 13.966675 -0.064957
v  -19.478180 15.656830 -0.679672
v  -31.099571 13.425873 -0.907501
v  -30.903791 14.107422 -0.228592
v  -31.179880 14.897400 -0.570038
v  -31.216881 13.368896 -2.937378
v  -31.665377 12.311157 -3.014572
v  -31.415621 15.809448 -0.723572
v  -31.277975 15.157898 -1.885971
v  -31.115326 14.592499 -3.038803
v  -25.487074 16.119019 3.900406
v  -26.794621 16.734222 3.653687
v  -27.168745 16.643616 3.923981
v  -26.412287 15.554321 4.775146
v  -25.542980 14.417877 5.570786
v  -24.232681 16.283630 4.179184
v  -24.468252 16.427490 3.872894
v  -23.800634 15.677765 4.706238
v  -15.013012 14.539093 6.754333
v  -15.805195 14.365967 6.902328
v  -15.697433 13.966003 6.550995
v  -14.785496 14.214539 6.351471
v  -14.671669 14.689789 6.539795
v  -15.417305 13.837463 6.014221
v  -19.043966 11.711182 -1.185974
v  -18.904844 11.321716 -2.266983
v  -18.898527 11.936981 -2.371414
v  -25.605089 2.682098 11.664688
v  -25.508926 2.561371 11.568863
v  -25.393078 2.671997 11.701004
v  -25.345720 2.865540 11.820877
v  -25.497486 2.848450 11.851410
v  -25.639380 2.850464 11.786362
v  -19.959105 12.921631 1.524261
v  -18.929167 13.062561 2.081223
v  -20.335766 11.756561 1.390366
v  -20.395370 12.507965 1.411682
v  -18.656530 12.582275 2.583038
v  -19.451933 11.482147 2.216919
v  -24.762762 3.564972 11.781326
v  -24.836180 3.256958 11.659744
v  -24.713573 3.459259 11.454605
v  -24.650883 4.134399 11.415833
v  -24.702831 4.208191 11.683533
v  -24.667942 4.015991 11.153061
v  -23.139294 10.500549 2.292542
v  -23.224184 11.247070 2.275604
v  -22.338400 11.447510 1.314011
v  -21.946764 10.545746 1.343872
v  -22.894318 9.972351 2.303802
v  -21.571133 11.535156 1.130066
v  -36.366997 15.822388 4.406876
v  -35.860291 15.926147 3.885498
v  -35.972340 15.365906 3.702515
v  -36.516830 15.142181 4.369247
v  -36.561832 15.651062 4.762756
v  -36.012302 14.848175 3.755646
v  -28.873388 10.440552 1.386139
v  -29.289557 11.387787 1.134109
v  -28.498264 11.401764 1.325851
v  -27.734226 10.470428 2.303848
v  -27.960089 9.926605 2.325897
v  -27.664944 11.239044 2.232681
v  -16.344584 17.263275 4.957886
v  -16.196312 17.481628 5.417877
v  -15.307964 16.991058 5.260345
v  -15.937859 16.903900 4.740250
v  -24.154814 13.963074 5.503891
v  -23.344990 14.915894 4.970261
v  -25.014751 12.951050 6.434814
v  -24.596272 12.648132 6.313187
v  -25.464483 12.974823 6.527939
v  -24.496782 10.361176 -8.030304
v  -25.744873 10.341034 -7.712189
v  -26.964144 10.353943 -7.631470
v  -27.691402 10.418365 -9.128098
v  -26.693104 10.400970 -9.927063
v  -25.042900 10.374756 -10.219894
v  -23.985207 10.408569 -9.679001
v  -23.307146 10.407227 -8.539703
v  -31.090830 13.208984 1.510239
v  -30.560081 12.763397 1.425430
v  -30.653090 12.258453 1.483490
v  -32.292210 13.412415 2.208481
v  -30.933702 11.168182 1.636215
v  -31.174227 11.003510 2.075607
v  -31.773167 12.180695 2.296066
v  -32.569565 13.026825 2.664780
v  -30.507420 11.268463 1.369217
v  -21.631632 17.688995 -1.448669
v  -21.490660 17.331909 -2.284714
v  -22.210941 17.293457 -2.234085
v  -23.100258 17.225403 -2.286392
v  -23.290998 17.283752 -1.727341
v  -22.200687 17.937897 -0.492355
v  -21.689470 18.134186 -0.641769
v  -22.874798 17.268097 -0.852844
v  -22.550001 17.600891 -0.247147
v  -23.443897 17.092865 -1.278412
v  -23.714615 13.521149 2.244797
v  -23.261930 13.712219 1.844376
v  -22.777130 12.843597 1.684875
v  -24.371443 12.242767 3.024612
v  -24.527901 13.453979 2.838516
v  -22.086399 12.549255 1.322632
v  -22.220022 12.098724 1.384476
v  -24.318438 11.160065 3.237686
v  -29.233356 10.777771 -0.840088
v  -28.301554 10.479156 -1.008789
v  -28.102055 11.045868 -0.776413
v  -27.803413 11.882172 -0.627090
v  -28.405075 12.483459 -0.053741
v  -29.952421 12.012695 -0.229111
v  -30.167366 11.153046 -0.690582
v  -27.783337 16.973969 1.056152
v  -28.168848 18.056580 0.684402
v  -28.096661 18.246704 0.976547
v  -27.516165 17.715607 1.696625
v  -26.888737 17.055817 2.255478
v  -26.939884 16.572113 2.029266
v  -26.987835 15.983124 1.971207
v  -27.420717 16.094025 1.514618
v  -27.606838 16.108093 1.259323
v  -35.645485 15.163696 6.884644
v  -35.736980 15.684296 6.717468
v  -36.228821 15.239319 6.461639
v  -36.401337 14.707336 6.194992
v  -36.129105 14.569611 6.562729
v  -35.637672 14.607422 6.875473
v  -20.098413 13.300629 1.217392
v  -19.660564 14.060913 1.026855
v  -17.796297 14.273987 2.341278
v  -17.744297 13.736755 2.651596
v  -18.830626 14.882843 1.441406
v  -17.738804 14.972229 2.199753
v  -19.399172 14.955231 0.849747
v  -23.163752 16.632416 1.142746
v  -23.287270 15.808563 1.272110
v  -23.508547 15.852814 1.603943
v  -24.161184 16.361298 2.249878
v  -24.263208 16.770508 2.521545
v  -23.637672 17.406067 1.957275
v  -24.054115 15.756348 2.130478
v  -23.017853 18.103180 1.508881
v  -23.024164 17.775391 1.156601
v  -22.947315 17.513092 0.915710
v  -29.474873 17.721558 -1.447906
v  -29.256451 18.161774 -0.641724
v  -28.714161 17.992218 -0.474457
v  -29.070917 17.314636 -2.267136
v  -29.712831 17.312744 -2.373581
v  -28.255644 17.569122 -0.114639
v  -28.088980 17.337524 -0.631226
v  -27.788284 17.164520 -1.027130
v  -28.111273 17.407928 -1.562836
v  -28.460323 17.290070 -2.225815
v  -32.366978 15.116150 1.671112
v  -31.609661 15.179993 0.972794
v  -31.309353 14.223236 1.052567
v  -30.896774 13.503235 1.159592
v  -26.604443 12.273071 2.941528
v  -26.604546 11.148163 3.201523
v  -27.184259 13.656982 2.187637
v  -26.470972 13.519470 2.741409
v  -28.612268 12.081787 1.389511
v  -28.074966 12.879486 1.673523
v  -27.537048 13.879272 1.851898
v  -28.713621 12.532471 1.357605
v  -22.583866 10.803406 -0.839478
v  -22.296913 10.168213 -1.238647
v  -21.388033 10.422333 -1.118622
v  -20.504679 10.652130 -1.103821
v  -20.837156 11.504578 -0.500595
v  -21.565506 12.387665 0.154236
v  -22.052542 12.720306 0.315598
v  -22.372452 12.129883 -0.208023
v  -21.001001 12.443237 0.067841
v  -22.891823 11.444733 -0.686295
v  -28.593315 17.105042 3.719421
v  -29.499510 16.908600 4.227219
v  -29.334702 16.493805 4.683334
v  -28.057737 17.267883 3.418579
v  -29.387112 15.912415 4.920288
v  -28.193022 15.623291 4.761642
v  -15.771610 14.864807 7.031235
v  -14.886307 15.108612 6.729630
v  -15.649734 15.381775 6.997269
v  -22.020472 17.089813 3.763245
v  -22.532711 17.363403 3.313980
v  -23.237305 16.804138 3.863174
v  -22.301048 15.509308 4.821686
v  -21.108215 16.426453 4.905975
v  -20.900595 16.873871 4.494766
v  -25.847761 10.264313 -10.945206
v  -24.668554 10.286072 -10.867432
v  -27.138151 10.327942 -10.547134
v  -30.786106 17.383636 0.089172
v  -31.264723 16.884247 -0.816177
v  -31.374691 16.490692 -0.759308
v  -30.635771 17.455536 1.200668
v  -30.452353 17.913666 0.860977
v  -31.304926 15.992218 0.212173
v  -31.630423 15.937439 1.065460
v  -31.390800 16.583344 1.389923
v  -20.141899 17.592010 0.070053
v  -20.479832 18.144196 0.808853
v  -20.333620 17.671875 1.103271
v  -19.762522 16.803711 1.248337
v  -19.473728 16.271606 0.954102
v  -19.667036 16.380676 0.186951
v  -19.458839 16.343781 -0.686234
v  -19.588425 16.826874 -0.753387
v  -19.692162 17.175934 -0.847809
v  -26.420542 16.292236 -10.032349
v  -27.353518 16.259277 -9.265930
v  -26.564060 16.265991 -8.685410
v  -25.477291 16.302856 -9.337830
v  -25.458105 16.313202 -10.262955
v  -25.697901 16.279327 -8.222580
v  -23.657652 16.264679 -9.513657
v  -24.498112 16.293976 -10.078735
v  -24.799011 16.288239 -9.123871
v  -23.834578 16.246155 -8.267334
v  -23.006628 16.243469 -8.711151
v  -24.817535 16.266205 -8.046066
v  -24.846535 8.934784 4.195862
v  -26.060694 8.965851 4.165421
v  -24.016096 9.782654 3.428909
v  -23.761700 9.367401 3.515198
v  -25.480396 10.312653 3.808578
v  -24.209467 10.348114 3.361618
v  -27.088045 9.381042 3.491302
v  -26.865519 9.770264 3.403946
v  -26.688749 10.335205 3.334290
v  -28.270418 10.379517 -7.964783
v  -29.035070 10.296234 -8.315399
v  -28.287075 10.379761 -9.618286
v  -27.110378 10.296143 -6.454224
v  -28.519461 10.327454 -6.658249
v  -29.410130 10.263550 -6.856766
v  -29.973139 10.153198 -7.014420
v  -29.528759 10.175568 -8.570236
v  -28.565870 10.267914 -5.235397
v  -29.538574 10.259033 -5.352051
v  -30.194778 10.174927 -5.464035
v  -30.708559 10.254486 -5.566406
v  -30.477934 10.129913 -7.158463
v  -29.598507 10.179993 -3.867416
v  -30.342371 10.228241 -3.984268
v  -30.899277 10.388367 -4.099106
v  -31.296993 10.773193 -4.225327
v  -31.065228 10.603333 -5.675003
v  -30.552992 10.212799 -2.750839
v  -31.215195 10.432220 -2.842789
v  -31.699556 10.871338 -2.974014
v  -31.828627 11.549408 -3.042816
v  -31.414766 11.337921 -4.319626
v  -31.326916 10.582550 -1.803696
v  -30.559378 10.270233 -1.820511
v  -30.399616 10.577606 -1.172623
v  -31.172985 10.965210 -1.052017
v  -30.903612 11.597290 -0.563126
v  -30.490074 12.458649 -0.270599
v  -30.819817 12.912079 -0.470200
v  -30.258381 13.015594 0.283630
v  -30.593403 13.453430 0.105896
v  -30.311941 13.112762 0.773956
v  -30.681074 13.598358 0.695190
v  -31.025837 14.305511 0.457748
v  -31.275505 15.163727 0.253723
v  -30.428774 13.041748 1.178925
v  -29.883148 12.856934 0.790710
v  -29.928656 12.781036 1.100388
v  -29.997097 12.519257 1.247818
v  -29.394550 12.692993 1.087128
v  -29.396933 12.419342 1.169937
v  -29.379383 12.037872 1.188980
v  -30.060871 12.102844 1.258148
v  -29.964512 11.315460 1.172638
v  -29.318014 10.230011 1.582413
v  -29.686523 10.019989 1.747437
v  -28.199104 9.587311 2.445038
v  -28.451517 9.342865 2.632828
v  -28.689531 9.179565 2.873047
v  -29.993681 9.799744 1.979126
v  -28.877991 9.161194 3.187119
v  -30.207649 9.655243 2.352188
v  -28.975859 9.321564 3.514771
v  -30.271591 9.735474 2.812836
v  -31.191360 10.937073 2.582077
v  -31.919613 11.990875 2.834259
v  -30.184618 9.992615 3.263046
v  -31.078077 10.976166 3.102737
v  -31.850937 11.918549 3.382584
v  -32.651428 12.683228 3.735016
v  -32.711967 12.773468 3.196869
v  -30.811926 11.154205 3.600555
v  -31.600874 12.028870 3.861679
v  -32.421631 12.777161 4.218933
v  -33.339653 13.335297 4.684769
v  -33.600708 13.273804 4.170181
v  -31.262306 12.311768 4.218903
v  -32.101440 13.032806 4.618195
v  -33.028244 13.560974 5.137192
v  -34.287376 13.649170 5.182770
v  -31.749531 13.415375 4.961670
v  -32.704948 13.883240 5.541367
v  -31.346090 13.975647 5.265411
v  -32.365158 14.412384 5.891769
v  -30.960558 14.732758 5.473343
v  -32.134136 15.067261 6.153336
v  -33.442841 15.088013 6.697861
v  -34.750546 14.814606 6.967087
v  -32.020626 15.734833 6.287796
v  -33.483227 15.716309 6.836105
v  -34.774323 15.437592 7.014236
v  -33.559525 16.325531 6.797256
v  -34.879696 16.061646 6.909546
v  -33.636284 16.841217 6.594376
v  -34.988716 16.569092 6.633774
v  -35.861076 16.118835 6.440369
v  -36.363361 15.554413 6.133255
v  -35.080456 16.957397 6.358383
v  -35.963005 16.445129 6.128723
v  -36.452156 15.825043 5.787247
v  -36.648190 15.198700 5.428558
v  -36.577957 14.948364 5.794983
v  -35.990227 16.629791 5.807617
v  -36.453392 16.041229 5.452042
v  -36.643581 15.440430 5.076477
v  -36.327946 16.196960 5.107056
v  -36.574764 14.861938 4.625092
v  -36.542404 14.593781 4.968872
v  -36.016113 14.415833 3.980438
v  -35.918037 14.135193 4.344559
v  -35.747932 13.937561 4.798141
v  -36.459129 14.331055 5.370804
v  -35.543232 13.801727 5.272430
v  -36.269230 14.109070 5.840927
v  -35.306183 13.803192 5.773743
v  -35.981892 14.066284 6.318375
v  -34.555405 13.641235 4.666687
v  -34.777405 13.745605 4.172592
v  -33.733601 13.386505 3.635315
v  -34.912701 13.948151 3.691391
v  -33.733479 13.650482 3.179596
v  -34.920864 14.315125 3.362808
v  -33.655571 14.044830 2.835815
v  -34.920265 14.783569 3.148514
v  -33.556889 14.556763 2.545517
v  -34.917942 15.361816 3.106125
v  -33.694462 15.280090 2.474075
v  -34.887894 15.970856 3.288666
v  -33.700283 15.967529 2.645233
v  -32.467110 15.909851 1.883484
v  -33.576790 16.478851 3.004166
v  -32.352955 16.472321 2.246490
v  -33.305729 16.870117 3.519363
v  -32.121521 16.878876 2.712051
v  -31.179085 17.092804 1.925705
v  -31.811588 17.123352 3.212418
v  -30.915018 17.369080 2.390106
v  -30.470430 17.808807 1.778534
v  -30.576359 17.442078 2.814896
v  -30.109259 17.905518 2.179443
v  -29.810289 18.318634 1.745895
v  -30.262943 18.247498 1.414246
v  -29.576790 18.652802 1.480652
v  -30.120710 18.669830 1.187881
v  -30.329489 18.294464 0.645950
v  -29.895220 19.001282 1.000137
v  -30.187815 18.564514 0.441467
v  -30.581493 18.001587 -0.237350
v  -30.714970 17.731750 -0.050995
v  -31.004969 17.499603 -1.082657
v  -31.163530 17.223114 -0.927963
v  -31.204960 16.940125 -2.277603
v  -31.334166 16.668427 -2.198700
v  -31.369734 16.306519 -2.112946
v  -31.193277 16.134155 -3.419678
v  -31.177671 15.734619 -3.336365
v  -31.152594 15.268036 -3.211380
v  -31.356556 15.849762 -2.024155
v  -30.966255 15.353790 -4.578705
v  -30.952421 14.851715 -4.492004
v  -30.954737 14.040894 -4.384491
v  -30.784138 14.474152 -5.965927
v  -30.818768 13.523682 -5.890198
v  -30.952148 12.453918 -5.831589
v  -31.126368 12.843170 -4.333679
v  -31.069139 11.749329 -5.801346
v  -31.332264 11.994141 -4.339706
v  -31.152405 11.137482 -5.756226
v  -30.825914 11.512695 -7.437057
v  -30.925066 10.948425 -7.396011
v  -30.845533 10.434326 -7.298889
v  -30.404947 10.758972 -9.106812
v  -30.286093 10.313873 -8.981415
v  -29.952988 10.099548 -8.789169
v  -29.319777 10.193695 -10.574051
v  -29.009747 10.110809 -10.268250
v  -28.672016 10.231781 -9.954269
v  -27.629240 10.109924 -11.357681
v  -27.404558 10.219391 -10.979095
v  -25.985331 10.024048 -11.913193
v  -25.923878 10.127258 -11.465820
v  -24.288330 10.040955 -11.788101
v  -24.463581 10.148285 -11.371338
v  -22.724384 10.126221 -10.958084
v  -23.017254 10.258362 -10.625092
v  -23.407829 10.382141 -10.216385
v  -21.960756 10.266510 -9.323441
v  -22.465698 10.374237 -9.011810
v  -21.394367 10.223175 -7.747421
v  -21.990644 10.324310 -7.517929
v  -23.004583 10.345703 -7.176041
v  -21.843245 10.290344 -5.930267
v  -22.926006 10.276978 -5.677261
v  -24.286219 10.240509 -5.376465
v  -24.327509 10.305511 -6.767349
v  -25.723824 10.226715 -5.170349
v  -25.705465 10.287720 -6.504440
v  -27.199078 10.228546 -5.126099
v  -25.788183 10.095001 -3.774292
v  -27.235376 10.094727 -3.715256
v  -28.550413 10.132080 -3.763138
v  -27.240799 9.896118 -2.759460
v  -28.539597 9.929962 -2.698288
v  -29.634985 10.027283 -2.699478
v  -28.499435 9.878784 -1.962936
v  -29.621580 10.011993 -1.895935
v  -28.431946 10.060822 -1.392441
v  -29.482157 10.276123 -1.273956
v  -27.209978 9.913239 -1.551224
v  -27.155109 10.295502 -1.201462
v  -27.232172 9.818726 -2.101776
v  -25.892376 9.787231 -2.170242
v  -25.916483 9.871124 -1.658157
v  -25.852657 9.879303 -2.849030
v  -24.466499 9.891174 -2.856888
v  -24.552248 9.784576 -2.161316
v  -24.353352 10.114594 -3.900803
v  -23.020088 10.161102 -4.075851
v  -23.157457 9.928894 -2.838318
v  -22.014254 9.983765 -2.893234
v  -22.129404 9.898376 -1.968597
v  -23.278870 9.822296 -2.052017
v  -21.879717 10.204346 -4.255478
v  -21.128141 10.222595 -4.448380
v  -21.086527 10.079163 -2.997482
v  -21.168438 10.235413 -6.097260
v  -20.639286 10.167969 -6.243027
v  -20.534716 10.213470 -4.615387
v  -20.931564 10.155579 -7.930161
v  -20.543221 10.243988 -8.097534
v  -20.181347 10.220337 -6.377502
v  -21.566816 10.143280 -9.581390
v  -21.206276 10.117432 -9.822113
v  -20.963114 10.448120 -10.004562
v  -20.267401 10.530640 -8.234085
v  -22.454483 10.078766 -11.285004
v  -22.272202 10.383392 -11.525360
v  -22.220308 10.798492 -11.606674
v  -20.921453 10.903809 -10.078568
v  -24.142887 10.072205 -12.210800
v  -24.058529 10.352722 -12.473984
v  -24.022736 10.750824 -12.549988
v  -24.027817 11.197327 -12.509216
v  -22.261286 11.263519 -11.591278
v  -26.039196 10.335815 -12.636520
v  -26.019182 10.748810 -12.709930
v  -25.987755 11.206573 -12.672913
v  -25.941879 11.781616 -12.578445
v  -24.034235 11.760071 -12.418747
v  -27.910612 10.860474 -12.074692
v  -27.862186 11.315948 -12.071609
v  -27.772970 11.927643 -12.011597
v  -27.664358 12.791687 -11.932465
v  -25.881327 12.635284 -12.474884
v  -29.333235 11.518127 -10.797852
v  -29.211725 12.165619 -10.767914
v  -29.077757 13.047791 -10.727173
v  -28.970898 13.985870 -10.684006
v  -27.564575 13.825989 -11.863998
v  -30.104769 12.543060 -9.164215
v  -29.990652 13.437378 -9.174316
v  -29.949020 14.223236 -9.189957
v  -29.948990 14.781372 -9.211288
v  -28.970842 14.691162 -10.696518
v  -30.503916 13.993988 -7.551529
v  -30.518539 14.587921 -7.593689
v  -30.530016 15.025818 -7.617966
v  -30.522020 15.408569 -7.635590
v  -29.947714 15.201813 -9.219223
v  -30.803055 14.994446 -6.022675
v  -30.819021 15.381775 -6.065216
v  -30.823215 15.729553 -6.090042
v  -30.779388 16.059692 -6.100510
v  -30.463663 15.761658 -7.631592
v  -30.970436 15.735016 -4.640213
v  -30.938475 16.061493 -4.678055
v  -30.815683 16.323975 -4.688095
v  -30.587025 16.502380 -4.658035
v  -30.551493 16.300964 -6.060959
v  -31.126045 16.473480 -3.468979
v  -30.937162 16.749268 -3.486771
v  -30.653482 16.877777 -3.457275
v  -30.268772 16.910706 -3.391495
v  -30.267250 16.570190 -4.588852
v  -30.959038 17.179138 -2.350174
v  -30.636395 17.284332 -2.396744
v  -30.227758 17.319916 -2.419556
v  -29.823376 16.895020 -3.299637
v  -30.410275 17.726227 -1.370148
v  -30.026110 17.734314 -1.455490
v  -30.067852 18.212250 -0.554993
v  -29.710115 18.218262 -0.643784
v  -29.783922 18.731720 0.081482
v  -30.006571 18.681793 0.230164
v  -29.664415 19.229675 0.769943
v  -29.441338 19.289307 0.622772
v  -30.353905 18.144867 -0.405563
v  -30.753664 17.650909 -1.239166
v  -29.087393 19.027496 1.177658
v  -28.887434 19.095215 1.011185
v  -28.435123 18.589996 1.474472
v  -28.210287 18.557068 1.241318
v  -27.723791 17.998016 2.008926
v  -28.036932 18.001251 2.256958
v  -27.323921 17.439331 2.902756
v  -27.033319 17.326385 2.586746
v  -28.707396 18.504333 1.627823
v  -28.993927 18.378448 1.750626
v  -28.357161 17.914734 2.437561
v  -29.329823 18.900421 1.305176
v  -28.699604 17.778564 2.637375
v  -27.670460 17.395233 3.161026
v  -29.286634 18.137756 2.006851
v  -29.645134 17.794922 2.487488
v  -29.114098 17.529877 3.009460
v  -29.840099 17.207947 3.685837
v  -30.218086 17.380188 3.224335
v  -31.227503 17.202789 4.143784
v  -30.955986 17.111969 4.591675
v  -31.505947 17.222839 3.690277
v  -32.747044 17.322662 4.574646
v  -32.488945 17.421295 5.032425
v  -33.017502 17.150208 4.079239
v  -33.884754 17.563538 5.598251
v  -33.795696 17.472229 5.977493
v  -32.290936 17.339691 5.464432
v  -33.718987 17.228516 6.336777
v  -32.155853 17.131775 5.804459
v  -30.740492 16.906738 4.994247
v  -32.040352 16.794952 6.110107
v  -30.630589 16.563019 5.327179
v  -31.988068 16.318298 6.285751
v  -30.633579 16.090088 5.498871
v  -30.737988 15.488922 5.535645
v  -29.587561 15.189758 5.011856
v  -29.942015 14.329742 4.952652
v  -28.968580 13.854706 4.758545
v  -28.497850 14.784790 4.864197
v  -28.105881 13.305298 4.966125
v  -27.484713 14.200348 5.129623
v  -26.910051 14.955475 5.063080
v  -26.801189 13.465942 5.608475
v  -26.181833 14.064911 5.667740
v  -26.411825 12.416107 6.255096
v  -25.937038 12.786072 6.473557
v  -26.131535 11.343109 6.933655
v  -25.824562 11.612732 7.186295
v  -25.482346 11.758484 7.321884
v  -25.756922 10.542358 7.916885
v  -25.489450 10.669861 8.067520
v  -25.194544 10.614777 7.998383
v  -25.143461 11.705933 7.260498
v  -24.978958 10.415710 7.761414
v  -24.848114 11.477142 7.026627
v  -24.804554 10.154755 7.474686
v  -24.559671 11.170959 6.731094
v  -24.192013 12.238770 6.033981
v  -23.620409 13.270081 5.398743
v  -24.254255 10.739899 6.378784
v  -23.731478 11.615723 5.671677
v  -23.031219 12.370026 5.093109
v  -22.251345 13.013763 4.738113
v  -22.820232 14.007111 4.973572
v  -23.286913 10.891113 5.318649
v  -22.496040 11.468567 4.733047
v  -21.678587 12.061218 4.416641
v  -20.817709 12.712189 4.422775
v  -21.352091 13.613434 4.675613
v  -22.118353 10.752716 4.420059
v  -21.215553 11.301605 4.114136
v  -20.353380 12.039459 4.171417
v  -19.476322 12.827057 4.515610
v  -19.908089 13.356232 4.802246
v  -20.828081 10.748169 3.806091
v  -19.948017 11.595947 3.876053
v  -19.096811 12.484528 4.182999
v  -18.206806 13.161713 4.640076
v  -18.566355 13.480621 5.034622
v  -19.604280 11.346375 3.405197
v  -18.765425 12.287903 3.744247
v  -17.871231 12.994080 4.152969
v  -16.941288 13.465363 4.584534
v  -17.281176 13.578583 5.132538
v  -18.596655 12.318054 3.189224
v  -17.680744 13.055267 3.592438
v  -16.664860 13.545502 4.015869
v  -15.682461 13.829376 4.517197
v  -15.993378 13.731506 5.041214
v  -17.656672 13.302948 3.070099
v  -16.555441 13.765289 3.526474
v  -15.431740 14.009552 4.047623
v  -14.552586 14.289673 4.691360
v  -14.773636 14.021820 5.051620
v  -16.536276 14.121307 3.163239
v  -15.292675 14.293121 3.711792
v  -14.397533 14.655914 4.414459
v  -14.212269 15.212006 4.918976
v  -14.223824 14.909363 5.225922
v  -14.296524 15.760345 5.276215
v  -14.281769 15.499329 5.617615
v  -14.340027 15.220245 5.938675
v  -14.297977 14.588806 5.556244
v  -14.455357 14.934174 6.259979
v  -14.463856 14.360138 5.955032
v  -15.073814 13.824341 5.504898
v  -16.348623 13.774719 5.597702
v  -16.696493 13.960175 6.140991
v  -17.637285 13.845734 5.626953
v  -16.901854 14.380585 6.573059
v  -17.970892 14.310150 6.043076
v  -18.954313 13.943085 5.393311
v  -18.145302 14.927124 6.360825
v  -19.348394 14.628510 5.668091
v  -20.381144 14.131897 5.051529
v  -19.575472 15.363007 5.811096
v  -20.773632 15.009766 5.173584
v  -21.862770 14.582489 4.854401
v  -21.000517 15.794037 5.118607
v  -19.669876 16.024353 5.839386
v  -19.674749 16.560181 5.741623
v  -18.095627 16.725189 6.467606
v  -17.994549 17.125244 6.192093
v  -19.563324 16.941467 5.437897
v  -18.171118 16.195374 6.590408
v  -16.632452 16.105652 6.926331
v  -16.486189 16.611938 6.725815
v  -18.190720 15.589294 6.539902
v  -16.778723 15.519897 6.939560
v  -15.520329 15.854828 6.839050
v  -16.892563 14.908966 6.813950
v  -14.782764 15.453644 6.548553
v  -14.686577 15.796082 6.289993
v  -15.384953 16.267548 6.596298
v  -14.620525 16.088165 5.984756
v  -15.274128 16.599152 6.301743
v  -16.365305 17.014496 6.467346
v  -15.188644 16.835938 5.973694
v  -16.280205 17.304901 6.146027
v  -17.875593 17.371185 5.843323
v  -16.212509 17.482666 5.779556
v  -17.711199 17.492462 5.428253
v  -19.100374 17.271973 4.634933
v  -19.355904 17.166779 5.053345
v  -20.260302 17.234009 3.631866
v  -20.583151 17.109253 4.034378
v  -21.010077 17.636017 2.743134
v  -21.450363 17.450867 3.137650
v  -21.378338 18.032562 2.131134
v  -21.887966 17.803772 2.553238
v  -21.663177 18.349762 1.774429
v  -22.220932 18.014679 2.251831
v  -22.873501 17.551941 3.019653
v  -22.506134 18.147461 2.056335
v  -23.221523 17.671326 2.724655
v  -23.948877 17.078705 3.216705
v  -23.614407 17.012146 3.526672
v  -24.673704 16.456116 3.593048
v  -24.201405 17.013580 2.872253
v  -24.813835 16.390198 3.272430
v  -25.477331 16.104889 3.433899
v  -25.477829 16.125580 3.669708
v  -26.517334 16.732422 3.404907
v  -26.302128 16.617004 3.126495
v  -25.471922 15.964081 3.216019
v  -26.230169 16.386902 2.834778
v  -25.499792 15.762909 3.053146
v  -26.269135 16.091095 2.643860
v  -25.512962 15.432251 2.902267
v  -26.312807 15.648468 2.541031
v  -25.518414 14.632568 2.897964
v  -26.353632 14.773590 2.574951
v  -26.991356 14.988220 2.081558
v  -27.352646 15.086487 1.715088
v  -27.550611 15.134338 1.388885
v  -27.787481 14.106903 1.497421
v  -27.895031 14.222534 1.088669
v  -27.661234 15.153229 1.019562
v  -28.230408 13.263519 1.389725
v  -28.297722 13.470306 1.018051
v  -28.218779 13.468811 0.605148
v  -27.824797 14.229889 0.674637
v  -28.798311 12.865997 1.210571
v  -28.829697 13.034027 0.894257
v  -28.731966 12.918488 0.483368
v  -27.943705 13.298584 0.132889
v  -29.381739 12.797577 0.813660
v  -29.295485 12.605164 0.359665
v  -29.859890 12.737732 0.376129
v  -27.463068 13.027344 -0.450378
v  -27.249407 14.086975 -0.299240
v  -27.625195 14.183289 0.237595
v  -27.229218 15.063263 -0.250244
v  -27.497339 15.103333 0.230804
v  -27.647820 15.136017 0.640823
v  -27.596556 15.968384 0.087143
v  -27.743868 15.999542 0.503677
v  -27.732756 16.046600 0.891510
v  -27.931480 16.814758 0.283310
v  -27.916628 16.902618 0.714325
v  -28.247601 17.813751 0.332443
v  -27.771935 16.729645 -0.168823
v  -27.518063 16.641846 -0.595261
v  -27.340191 15.940552 -0.342697
v  -26.830744 15.938080 -0.802460
v  -26.990646 16.612427 -0.983093
v  -26.693035 15.048889 -0.756927
v  -25.996876 15.113953 -1.012436
v  -26.098848 16.012665 -1.030090
v  -26.646463 13.976349 -0.893082
v  -25.915899 13.951172 -1.151001
v  -25.168327 14.027527 -1.160553
v  -25.224880 15.201080 -1.054169
v  -26.789293 12.701019 -1.008102
v  -25.919828 12.581329 -1.271805
v  -25.047201 12.678406 -1.265747
v  -24.243435 12.998840 -1.049149
v  -24.416567 14.182220 -0.974091
v  -25.932787 11.467468 -1.245148
v  -24.875664 11.572479 -1.247635
v  -23.943949 11.895966 -1.025589
v  -23.270525 12.346741 -0.598190
v  -23.594296 13.387848 -0.524490
v  -24.775290 10.861542 -1.225235
v  -23.713047 11.060303 -1.017197
v  -24.701885 10.304504 -1.300629
v  -23.563231 10.466797 -1.090073
v  -24.626417 9.881744 -1.613007
v  -23.407013 9.979218 -1.425827
v  -25.930141 10.245575 -1.339966
v  -25.934031 10.775238 -1.243378
v  -27.076303 10.847290 -1.062347
v  -26.977203 11.567810 -1.033569
v  -23.169819 13.704315 0.096832
v  -23.394987 14.596588 0.127335
v  -23.782494 14.396973 -0.450623
v  -22.779491 12.860107 -0.017075
v  -22.519310 13.211884 0.458633
v  -22.939480 13.892914 0.574310
v  -22.847443 13.979828 1.028381
v  -23.147713 14.813812 0.999435
v  -23.208302 14.727783 0.580261
v  -22.419176 13.359100 0.902359
v  -22.522738 13.215820 1.336685
v  -22.970890 13.910858 1.475937
v  -21.941275 12.963562 0.750229
v  -21.971169 12.883270 1.135071
v  -21.466213 12.778534 0.631378
v  -21.447931 12.748688 0.962555
v  -21.472586 12.502869 1.141541
v  -21.493196 12.124542 1.189911
v  -21.013586 12.812866 0.916489
v  -20.964445 12.614166 1.184677
v  -20.899776 12.251831 1.243134
v  -20.890650 11.621857 1.187347
v  -20.523195 12.864044 1.236526
v  -20.618341 13.039948 0.893768
v  -20.253284 13.445740 0.801315
v  -20.670971 13.007538 0.448990
v  -20.349495 13.374268 0.267120
v  -19.912077 14.121735 0.510925
v  -19.653118 14.954193 0.238007
v  -19.542419 15.700806 0.141098
v  -19.347776 15.658997 0.824677
v  -18.747997 15.622528 1.490494
v  -18.830053 16.199707 1.696960
v  -17.768587 16.193268 2.464737
v  -17.706491 15.635803 2.233307
v  -19.037645 16.663239 2.037643
v  -17.928370 16.620331 2.815125
v  -16.712523 16.615326 3.559677
v  -16.520880 16.200043 3.153015
v  -19.303509 17.038513 2.444946
v  -18.212496 16.943848 3.283981
v  -16.978771 16.952606 4.056030
v  -15.669033 16.522217 4.298981
v  -18.526583 17.139038 3.763733
v  -17.251524 17.242706 4.525879
v  -18.814917 17.248535 4.198059
v  -17.483862 17.430420 4.992874
v  -19.611973 17.235718 2.856995
v  -19.937134 17.296082 3.252823
v  -20.278227 17.601837 2.105453
v  -20.639673 17.687408 2.452286
v  -20.515656 18.040405 1.620407
v  -20.919344 18.133484 1.925140
v  -20.689796 18.482178 1.298706
v  -21.126278 18.523163 1.555984
v  -20.902266 18.883453 1.085052
v  -21.383514 18.824554 1.346344
v  -21.949394 18.553284 1.578522
v  -21.616594 19.002228 1.203445
v  -22.199017 18.677948 1.449005
v  -22.800598 18.217773 1.834946
v  -22.430773 18.735016 1.232285
v  -23.530733 17.677216 2.383682
v  -21.811058 19.101929 1.020462
v  -22.567377 18.594330 0.909698
v  -22.554115 18.318878 0.609528
v  -22.518600 17.977875 0.245361
v  -22.832163 17.258240 0.525024
v  -22.848471 17.060883 0.044495
v  -23.057495 16.369843 0.284470
v  -23.026720 16.493835 0.747101
v  -23.230877 15.601898 0.467911
v  -23.185732 15.705688 0.890732
v  -23.265139 14.841064 1.413284
v  -23.511660 14.821991 1.774307
v  -23.948435 14.754150 2.169479
v  -24.669184 14.648651 2.674820
v  -24.745922 15.510712 2.668182
v  -24.815722 15.940491 2.811920
v  -24.846521 16.213257 3.018539
v  -25.503067 13.485321 3.080673
v  -25.492313 12.296143 3.286545
v  -25.467924 11.195831 3.577255
v  -23.285500 16.273926 -0.174789
v  -23.411642 15.494446 0.035599
v  -23.712021 16.174652 -0.650665
v  -23.796900 15.375916 -0.482834
v  -24.440792 16.115509 -0.992203
v  -24.457159 15.279572 -0.894043
v  -25.277733 16.073395 -1.082047
v  -24.408974 16.703522 -1.176056
v  -25.316774 16.699493 -1.231628
v  -26.204554 16.637848 -1.193436
v  -25.352436 17.108887 -1.570923
v  -26.331047 17.083344 -1.518829
v  -27.183952 17.067139 -1.341782
v  -26.454340 17.251923 -2.008530
v  -27.403357 17.286407 -1.839645
v  -26.580547 17.165161 -2.522781
v  -27.628923 17.212280 -2.350693
v  -26.738352 16.920105 -3.075592
v  -27.866333 16.882538 -2.995956
v  -28.779083 16.882294 -3.049942
v  -28.118029 16.451202 -4.048279
v  -28.964186 16.484650 -4.246384
v  -29.454618 16.535828 -4.380447
v  -29.333199 16.883881 -3.178391
v  -29.883556 16.573792 -4.494476
v  -29.469191 16.375946 -5.750107
v  -29.875736 16.408783 -5.879837
v  -30.234985 16.395447 -5.982422
v  -29.712435 16.308716 -7.344864
v  -30.049799 16.241608 -7.486084
v  -30.318419 16.057739 -7.589905
v  -29.570063 16.153748 -9.018112
v  -29.814199 15.923553 -9.151337
v  -29.918879 15.580444 -9.208054
v  -28.926979 15.925751 -10.626526
v  -28.986441 15.568726 -10.690643
v  -28.990177 15.174622 -10.707413
v  -27.549078 15.621826 -11.881241
v  -27.546791 15.204315 -11.888336
v  -27.541412 14.656158 -11.870300
v  -25.756269 15.207153 -12.441299
v  -25.777620 14.615784 -12.407562
v  -25.823214 13.706909 -12.400543
v  -23.993969 14.585693 -12.179092
v  -24.033768 13.667633 -12.202225
v  -24.035763 12.599548 -12.305008
v  -22.478664 13.676971 -11.314651
v  -22.407934 12.640106 -11.421478
v  -22.327309 11.818176 -11.521194
v  -21.239613 12.736603 -10.029236
v  -21.118927 11.932129 -10.063583
v  -21.003586 11.374359 -10.087982
v  -20.405392 12.071686 -8.381332
v  -20.276489 11.490936 -8.358597
v  -20.197136 10.979370 -8.315842
v  -19.891737 11.553741 -6.651352
v  -19.813911 11.011536 -6.592178
v  -19.871162 10.542023 -6.501556
v  -19.620779 11.080963 -5.003159
v  -19.741035 10.629364 -4.886383
v  -20.066839 10.325317 -4.751953
v  -19.412395 10.673218 -3.440552
v  -19.844440 10.382172 -3.260132
v  -20.385143 10.212738 -3.124756
v  -19.671034 10.467804 -1.994659
v  -20.334589 10.245361 -1.917618
v  -21.135899 10.051788 -1.917038
v  -19.825886 10.903168 -1.055649
v  -19.284357 11.284821 -1.081482
v  -19.740034 12.122528 -0.518250
v  -20.186176 11.734100 -0.474121
v  -19.127893 10.762238 -2.109833
v  -19.241781 11.171936 -3.577087
v  -19.262358 11.777985 -3.651932
v  -19.657618 11.636810 -5.072998
v  -19.767319 12.290436 -5.128525
v  -19.473593 12.474426 -3.669800
v  -20.008133 12.174011 -6.698624
v  -20.137302 13.054108 -6.756775
v  -19.938429 13.271790 -5.215790
v  -20.532696 12.871674 -8.404709
v  -20.607677 13.842102 -8.434692
v  -20.204981 14.106659 -6.851166
v  -21.337839 13.693481 -9.980957
v  -21.344873 14.469391 -9.960327
v  -20.598919 14.509583 -8.466141
v  -22.467243 14.538422 -11.261154
v  -22.420696 15.104645 -11.249664
v  -21.321547 15.005463 -9.954651
v  -23.948332 15.184937 -12.186325
v  -23.922104 15.614471 -12.143967
v  -22.387669 15.519470 -11.217133
v  -25.747063 15.656403 -12.429932
v  -25.719465 16.021210 -12.327301
v  -23.913860 15.977020 -12.053421
v  -27.515863 16.001068 -11.797974
v  -27.396938 16.287933 -11.596207
v  -25.686594 16.294189 -12.118103
v  -28.741289 16.188293 -10.451279
v  -28.467621 16.270081 -10.206192
v  -27.197918 16.323151 -11.250229
v  -29.254519 16.235779 -8.838272
v  -28.885363 16.255646 -8.613831
v  -28.136953 16.271210 -9.917130
v  -29.307478 16.292236 -7.180725
v  -28.832088 16.261017 -6.985809
v  -28.459944 16.248901 -8.366516
v  -28.988211 16.326355 -5.600479
v  -28.233871 16.264221 -5.395645
v  -28.196476 16.228271 -6.737366
v  -27.102392 16.213837 -6.364777
v  -26.984688 16.231903 -7.596161
v  -27.951950 16.233307 -8.085083
v  -27.079094 16.228149 -5.119202
v  -25.661167 16.303955 -4.926208
v  -25.767393 16.223999 -6.044662
v  -26.922163 16.495453 -3.915955
v  -25.554544 16.663422 -3.912491
v  -24.141048 16.559967 -3.821869
v  -24.188929 16.246704 -4.901733
v  -25.476933 16.965027 -3.182693
v  -24.175716 16.932129 -3.057541
v  -22.964079 16.910522 -2.937927
v  -22.903517 16.499573 -3.876358
v  -25.422279 17.192932 -2.593475
v  -24.237265 17.154297 -2.509903
v  -25.387161 17.255554 -2.049622
v  -24.291340 17.232391 -1.988174
v  -24.344360 17.082886 -1.520996
v  -23.603622 16.743896 -0.908691
v  -23.124050 16.885773 -0.470169
v  -22.028440 16.918213 -2.987183
v  -21.956564 16.527893 -4.033081
v  -21.993547 16.338501 -5.256424
v  -22.946640 16.270447 -5.058578
v  -22.166162 16.262848 -6.492065
v  -23.109213 16.221375 -6.256409
v  -24.339186 16.213287 -6.038361
v  -23.412399 16.220825 -7.362366
v  -24.584127 16.232178 -7.073029
v  -25.814270 16.241791 -7.143051
v  -22.504770 16.243591 -7.683075
v  -21.631460 16.305725 -6.649170
v  -21.984392 16.261475 -7.903732
v  -22.510489 16.251892 -9.036255
v  -21.549946 16.267731 -8.091888
v  -22.116997 16.258179 -9.304474
v  -22.969738 16.286316 -10.356750
v  -23.278488 16.271606 -9.976288
v  -24.173170 16.320984 -11.099396
v  -24.323887 16.306702 -10.635834
v  -25.578583 16.346741 -11.319138
v  -25.528742 16.327118 -10.833939
v  -26.985592 16.314911 -10.913925
v  -26.726868 16.297974 -10.501648
v  -27.793785 16.264587 -9.629120
v  -25.625000 16.360107 -11.719681
v  -24.048836 16.329620 -11.504196
v  -23.963272 16.283478 -11.842316
v  -22.689775 16.296570 -10.703308
v  -22.487625 16.203949 -10.989059
v  -22.392069 15.894928 -11.152237
v  -21.480890 16.108765 -9.753128
v  -21.330154 15.801910 -9.890335
v  -21.304684 15.422455 -9.939468
v  -20.662893 15.809357 -8.464127
v  -20.589537 15.425018 -8.497925
v  -20.586737 15.002563 -8.487762
v  -20.170519 15.548645 -6.999878
v  -20.175436 15.142639 -6.966125
v  -20.189533 14.694183 -6.919067
v  -19.995995 15.366028 -5.540222
v  -20.010256 14.940460 -5.465683
v  -20.017496 14.368988 -5.353638
v  -19.846365 15.172760 -4.127914
v  -19.851007 14.617493 -3.975357
v  -19.789764 13.547180 -3.775146
v  -19.654402 15.474182 -2.989624
v  -19.631458 15.927551 -3.132309
v  -19.481533 16.377838 -2.000946
v  -19.484867 15.922180 -1.892441
v  -19.841854 15.609863 -4.243607
v  -19.862791 15.994568 -4.328125
v  -19.639332 16.327576 -3.230560
v  -19.998070 15.744354 -5.586197
v  -20.063942 16.085785 -5.611618
v  -19.964382 16.322510 -4.379547
v  -20.220634 15.933533 -7.012085
v  -20.458567 16.209625 -6.971954
v  -20.317936 16.326752 -5.602737
v  -20.845791 16.117371 -8.387268
v  -21.165878 16.229675 -8.253784
v  -20.809940 16.315613 -6.887497
v  -21.771215 16.242676 -9.545990
v  -21.200993 16.336853 -6.780533
v  -21.045229 16.439819 -5.478790
v  -20.662754 16.442810 -5.560120
v  -20.952723 16.630676 -4.251953
v  -20.548136 16.635406 -4.331848
v  -20.207273 16.538300 -4.381332
v  -20.434105 16.979126 -3.276443
v  -20.042036 16.900116 -3.304337
v  -19.767900 16.663544 -3.284241
v  -19.996191 17.267639 -2.263519
v  -19.690287 17.046539 -2.172195
v  -19.533558 16.750061 -2.089752
v  -19.854263 17.509705 -1.027206
v  -20.141251 17.683899 -1.213226
v  -20.485283 18.148346 -0.359406
v  -20.249823 17.944092 -0.151962
v  -20.804777 18.679688 0.307297
v  -20.623386 18.491547 0.546967
v  -21.099112 19.125031 0.894287
v  -21.038729 18.757263 0.132599
v  -21.363808 19.229431 0.714020
v  -20.817970 18.216309 -0.547806
v  -21.209051 18.204376 -0.639709
v  -20.545654 17.744415 -1.366562
v  -21.025543 17.733856 -1.461166
v  -20.411726 17.336639 -2.319412
v  -20.909344 17.346558 -2.337585
v  -20.904367 16.944733 -3.197281
v  -21.420671 16.926880 -3.094482
v  -21.402693 16.584259 -4.156845
v  -21.476049 16.396454 -5.376785
v  -20.572613 12.646332 -0.075684
v  -20.238691 12.954437 -0.266724
v  -21.037821 12.798126 0.554688
v  -20.018513 17.329865 1.703857
v  -15.008190 16.504974 4.858017
v  -14.684883 16.113098 4.489334
v  -15.414463 16.158325 3.858734
v  -16.471428 15.680756 2.899841
v  -16.487526 15.103699 2.834412
v  -16.517269 14.560883 2.948822
v  -14.412701 15.965759 4.916214
v  -14.723316 16.450256 5.254303
v  -15.161129 16.969299 5.631424
v  -14.616528 16.311462 5.630310
v  -21.445145 10.406525 1.481735
v  -21.051674 10.209900 1.628479
v  -20.712210 10.004486 1.826477
v  -22.100695 9.145813 2.828781
v  -22.364216 9.347626 2.573868
v  -22.638981 9.624847 2.396179
v  -23.503763 9.079529 3.655884
v  -23.251825 8.911255 3.856781
v  -24.080223 8.472778 4.620834
v  -24.431503 8.622437 4.400742
v  -23.002947 8.916077 4.125031
v  -23.744467 8.480774 4.881271
v  -24.217825 7.934723 5.514633
v  -23.506287 8.655212 5.166229
v  -23.973679 8.089630 5.846619
v  -24.290749 7.416229 6.662018
v  -24.553486 7.275848 6.344391
v  -24.549990 6.704041 7.647049
v  -24.749540 6.502228 7.416626
v  -25.044046 6.400177 7.230942
v  -24.823240 5.689606 8.340149
v  -25.050497 5.546783 8.158691
v  -25.342485 5.491821 8.081436
v  -25.365957 6.423370 7.097885
v  -25.648783 5.508026 8.105530
v  -25.683992 6.386444 7.196732
v  -25.897980 5.604095 8.235184
v  -25.984411 6.436737 7.349701
v  -26.219847 7.248230 6.293518
v  -26.581781 7.894379 5.475739
v  -26.218842 6.597992 7.562637
v  -26.504101 7.353882 6.595016
v  -26.857470 8.007599 5.781815
v  -27.324772 8.561279 5.100906
v  -27.085608 8.419495 4.810074
v  -26.623644 7.591736 6.887726
v  -26.962328 8.256775 6.073822
v  -27.414278 8.832581 5.369247
v  -28.050970 9.303894 4.644302
v  -27.980986 9.037506 4.388840
v  -26.898464 8.581146 6.318817
v  -27.367805 9.172272 5.595428
v  -28.010124 9.651184 4.857941
v  -28.925577 9.981689 4.125427
v  -29.001291 9.602936 3.858353
v  -27.233406 9.542542 5.781647
v  -27.891602 10.045502 5.043320
v  -28.743988 10.447296 4.385193
v  -29.643507 10.910278 4.008881
v  -29.977310 10.409149 3.672836
v  -27.666567 10.540009 5.252869
v  -28.440939 11.020111 4.645416
v  -29.237423 11.524017 4.298599
v  -30.025879 12.129578 4.237823
v  -30.437716 11.536865 3.985275
v  -27.995384 11.779846 4.984146
v  -28.734425 12.331787 4.637360
v  -29.534597 12.908661 4.508423
v  -30.410200 13.465698 4.743439
v  -30.862471 12.786438 4.487930
v  -27.407291 12.678162 5.369278
v  -27.294968 11.191467 5.546524
v  -26.857100 11.882812 5.923828
v  -26.753811 10.462982 6.244827
v  -26.427549 10.949280 6.586884
v  -26.334961 9.650696 7.016068
v  -26.138929 10.001251 7.337372
v  -25.954491 10.306427 7.657150
v  -26.004856 9.042847 8.122269
v  -25.881296 9.272095 8.395981
v  -25.722864 9.460754 8.649994
v  -25.843945 8.236847 9.153992
v  -25.684858 8.400452 9.370789
v  -25.489462 8.529327 9.545715
v  -25.492287 9.577606 8.808685
v  -25.244553 8.483978 9.482666
v  -25.238640 9.523773 8.731400
v  -25.065256 8.324066 9.268494
v  -25.056330 9.359100 8.506088
v  -24.946121 8.141754 9.037781
v  -24.910448 9.154449 8.241837
v  -24.833466 7.946594 8.810181
v  -24.793600 8.903137 7.963867
v  -24.621407 9.834900 7.156067
v  -24.660355 8.628754 7.702576
v  -24.408653 9.475708 6.854324
v  -23.934069 10.230652 6.071121
v  -24.194931 9.109955 6.609909
v  -23.682571 9.743988 5.832779
v  -22.991749 10.294830 5.059219
v  -23.518990 9.335999 5.647690
v  -22.824841 9.824615 4.867371
v  -21.873182 10.207306 4.150894
v  -22.760157 9.428680 4.665085
v  -21.757055 9.744598 3.867401
v  -20.559225 10.286865 3.400787
v  -21.773891 9.390015 3.522568
v  -20.382605 9.971100 2.881454
v  -19.428675 11.334900 2.830475
v  -20.400785 9.853577 2.291397
v  -21.870947 9.164825 3.164215
v  -22.812719 9.098022 4.415405
v  -23.436632 8.961182 5.434113
v  -24.015396 8.740387 6.399094
v  -23.915318 8.383362 6.156067
v  -24.332369 8.043701 7.215912
v  -24.253754 7.723175 6.959717
v  -24.534233 7.256134 8.136673
v  -24.490669 6.967682 7.905014
v  -24.665998 6.370544 9.047089
v  -24.662395 6.137360 8.805435
v  -24.707819 5.894806 8.564026
v  -24.801222 5.267059 9.634460
v  -24.834589 5.062012 9.392075
v  -24.920986 4.855865 9.152145
v  -24.929039 4.261414 10.059982
v  -25.030907 4.077026 9.859848
v  -25.149792 3.916138 9.678574
v  -25.099865 4.702209 8.970718
v  -25.353703 3.800323 9.542542
v  -25.343517 4.619934 8.863632
v  -25.585775 3.816467 9.553650
v  -25.613480 4.633911 8.874863
v  -25.757423 3.965820 9.711563
v  -25.828691 4.761078 9.020386
v  -25.872374 4.144379 9.903564
v  -25.968830 4.947296 9.228821
v  -26.066277 5.786377 8.447845
v  -26.043304 5.153442 9.460815
v  -26.167835 6.011719 8.680511
v  -26.338385 6.829163 7.810135
v  -26.195353 6.258179 8.924271
v  -26.346479 7.112244 8.046890
v  -26.576715 7.885773 7.128036
v  -26.282822 7.387726 8.256622
v  -26.440084 8.206757 7.351807
v  -26.747143 8.935577 6.529221
v  -26.270926 8.502502 7.592422
v  -26.545685 9.300995 6.754730
v  -27.036022 9.967621 5.978531
v  -26.131861 8.771301 7.848907
v  -26.186172 7.623718 8.471024
v  -26.077305 7.844025 8.698090
v  -25.965183 8.054474 8.928619
v  -26.097773 6.885101 9.597244
v  -26.008545 7.075165 9.808304
v  -25.894817 7.260498 10.018326
v  -26.051805 6.106201 10.692383
v  -25.931732 6.265564 10.903030
v  -25.750881 6.404388 11.101669
v  -25.731682 7.429230 10.214813
v  -25.523056 6.483185 11.221329
v  -25.511232 7.536560 10.344315
v  -25.247438 6.469604 11.199509
v  -25.260553 7.486145 10.286133
v  -25.034781 6.346527 11.031372
v  -25.045702 7.351929 10.129181
v  -24.864056 6.199463 10.836960
v  -24.901573 7.172516 9.925507
v  -24.781652 6.025085 10.618637
v  -24.810896 6.987091 9.719131
v  -24.730482 5.836182 10.367218
v  -24.734564 6.786224 9.496994
v  -24.728386 7.729553 8.583542
v  -24.683096 6.577545 9.269745
v  -24.618027 7.499146 8.352646
v  -24.501480 8.360107 7.457977
v  -24.743101 5.646027 10.116669
v  -24.774342 5.461060 9.874771
v  -24.738743 4.751312 10.769348
v  -24.797741 4.591888 10.525925
v  -24.863173 4.430481 10.287430
v  -24.744631 3.865723 10.933548
v  -24.828264 3.709412 10.730301
v  -24.923574 3.558228 10.550217
v  -24.847660 3.158051 11.089203
v  -24.965027 3.012360 10.937653
v  -25.089409 2.851837 10.819122
v  -25.039392 3.399506 10.387878
v  -25.097763 2.735168 11.211548
v  -25.208122 2.550201 11.111343
v  -25.230108 2.616425 11.366074
v  -25.352449 2.485901 11.242203
v  -25.519869 2.415741 11.091217
v  -25.666386 2.639618 10.776199
v  -25.503635 2.498718 11.337952
v  -25.642529 2.560852 11.162079
v  -25.779985 2.810211 10.875061
v  -25.834555 3.403961 10.438492
v  -25.706236 3.260071 10.280945
v  -25.738403 2.699005 11.258667
v  -25.882256 2.939819 11.005508
v  -25.940212 3.548584 10.610855
v  -25.962833 4.328827 10.113464
v  -25.967848 3.061035 11.154602
v  -26.037411 3.677734 10.782242
v  -26.026037 4.488342 10.336731
v  -26.078529 5.360077 9.706238
v  -26.124361 3.814636 10.973953
v  -26.075596 4.642334 10.579849
v  -26.105906 5.551300 9.951080
v  -26.188335 6.480377 9.155945
v  -26.128500 4.798035 10.831451
v  -26.127356 5.735199 10.196686
v  -26.156645 6.680511 9.373215
v  -26.117105 5.919006 10.442535
v  -26.159395 4.959473 11.110184
v  -26.110348 5.088196 11.387756
v  -25.990400 4.195862 11.959885
v  -25.993088 5.196228 11.636658
v  -25.763126 4.234863 12.115952
v  -25.809202 5.284729 11.832062
v  -25.510736 4.261993 12.207672
v  -25.532339 5.333618 11.945480
v  -25.240709 4.275574 12.200821
v  -25.254333 5.323730 11.905334
v  -25.007822 4.270325 12.101273
v  -25.020123 5.261475 11.762161
v  -24.824144 4.253326 11.919235
v  -24.832891 5.168945 11.558411
v  -24.730438 5.056152 11.316483
v  -24.697714 4.919800 11.039841
v  -25.071850 3.500549 12.076935
v  -24.890921 3.536469 11.948517
v  -25.145195 3.132568 11.908966
v  -24.988859 3.189240 11.796188
v  -25.209110 2.908661 11.739517
v  -25.061489 2.959564 11.646759
v  -24.911648 3.068787 11.494965
v  -24.765734 3.307373 11.262482
v  -25.142670 2.781433 11.496231
v  -24.995686 2.900360 11.341415
v  -25.270330 2.715729 11.606934
v  -25.368696 2.566010 11.477646
v  -25.613338 2.608856 11.422241
v  -25.696524 2.740997 11.534149
v  -25.818172 2.827148 11.381607
v  -25.758156 2.881653 11.665359
v  -25.877499 2.953796 11.513885
v  -26.008314 3.156036 11.311615
v  -25.793497 3.078033 11.796783
v  -25.875463 3.436584 11.929276
v  -25.660067 3.079285 11.918640
v  -25.714636 3.458618 12.085876
v  -25.493889 3.093475 11.976120
v  -25.494444 3.484253 12.149277
v  -25.319561 3.114319 11.956543
v  -25.266556 3.491058 12.145859
v  -27.806528 8.915161 4.110596
v  -27.570248 8.926575 3.848129
v  -26.771435 8.476898 4.569061
v  -27.330166 9.075409 3.638290
v  -26.444759 8.648285 4.365463
v  -35.140442 17.241058 6.074448
v  -35.165428 17.413330 5.766159
v  -35.932053 16.738464 5.519592
v  -36.087864 16.303497 4.772827
v  -35.573540 16.362244 4.337692
v  -34.703365 16.453186 3.714554
v  -30.566328 13.010468 -7.498093
v  -30.223293 11.820862 -9.153549
v  -30.692694 12.141571 -7.462769
v  -30.342138 11.274139 -9.142349
v  -29.439833 11.031830 -10.805008
v  -29.447550 10.578217 -10.749222
v  -27.918755 10.433105 -11.999939
v  -27.823648 10.118927 -11.739822
v  -26.018768 10.035889 -12.314697
# 1455 vertices

vt 0.000000 0.000000 0.000000
# 1 texture coords

o VertebraeUpper2
g VertebraeUpper2
usemtl default
f 1456/2 1501/2 1502/2 1503/2 
f 1456/2 1503/2 1504/2 1505/2 
f 1456/2 1505/2 1506/2 1501/2 
f 1457/2 1507/2 1508/2 1509/2 
f 1457/2 1510/2 1511/2 1507/2 
f 1457/2 1509/2 1512/2 1510/2 
f 1458/2 1513/2 1514/2 1515/2 
f 1458/2 1516/2 1517/2 1513/2 
f 1458/2 1515/2 1518/2 1516/2 
f 1459/2 1519/2 1520/2 1521/2 
f 1459/2 1522/2 1523/2 1519/2 
f 1459/2 1521/2 1524/2 1522/2 
f 1460/2 1525/2 1526/2 1527/2 
f 1460/2 1527/2 1528/2 1529/2 
f 1460/2 1529/2 1530/2 1525/2 
f 1461/2 1531/2 1532/2 1533/2 
f 1461/2 1534/2 1535/2 1531/2 
f 1461/2 1533/2 1536/2 1534/2 
f 1462/2 1537/2 1538/2 1539/2 
f 1462/2 1540/2 1541/2 1542/2 
f 1462/2 1539/2 1543/2 1540/2 
f 1463/2 1544/2 1545/2 1546/2 
f 1463/2 1547/2 1548/2 1544/2 
f 1463/2 1546/2 1549/2 1547/2 
f 1464/2 1550/2 1551/2 1552/2 
f 1464/2 1552/2 1553/2 1554/2 
f 1464/2 1554/2 1555/2 1550/2 
f 1465/2 1556/2 1557/2 1558/2 
f 1465/2 1558/2 1559/2 1560/2 
f 1465/2 1560/2 1561/2 1562/2 
f 1465/2 1563/2 1564/2 1556/2 
f 1465/2 1562/2 1565/2 1563/2 
f 1466/2 1566/2 1567/2 1568/2 
f 1466/2 1549/2 1546/2 1566/2 
f 1466/2 1569/2 1570/2 1549/2 
f 1466/2 1568/2 1571/2 1572/2 
f 1466/2 1572/2 1573/2 1569/2 
f 1467/2 1574/2 1575/2 1576/2 
f 1467/2 1577/2 1578/2 1476/2 
f 1467/2 1576/2 1491/2 1577/2 
f 1467/2 1579/2 1580/2 1574/2 
f 1467/2 1476/2 1581/2 1579/2 
f 1468/2 1582/2 1583/2 1584/2 
f 1468/2 1585/2 1586/2 1582/2 
f 1468/2 1584/2 1587/2 1585/2 
f 1469/2 1588/2 1589/2 1590/2 
f 1469/2 1590/2 1559/2 1558/2 
f 1469/2 1558/2 1557/2 1588/2 
f 1470/2 1591/2 1592/2 1593/2 
f 1470/2 1593/2 1594/2 1595/2 
f 1470/2 1595/2 1596/2 1591/2 
f 1471/2 1597/2 1485/2 1598/2 
f 1471/2 1599/2 1600/2 1597/2 
f 1471/2 1598/2 1601/2 1602/2 
f 1472/2 1603/2 1604/2 1605/2 
f 1472/2 1606/2 1607/2 1603/2 
f 1472/2 1605/2 1608/2 1606/2 
f 1473/2 1609/2 1610/2 1611/2 
f 1473/2 1612/2 1613/2 1609/2 
f 1473/2 1611/2 1614/2 1612/2 
f 1474/2 1615/2 1616/2 1617/2 
f 1474/2 1618/2 1619/2 1615/2 
f 1474/2 1617/2 1620/2 1618/2 
f 1475/2 1621/2 1622/2 1623/2 
f 1475/2 1624/2 1625/2 1621/2 
f 1475/2 1623/2 1626/2 1624/2 
f 1627/2 1628/2 1629/2 1630/2 
f 1476/2 1631/2 1632/2 1581/2 
f 1476/2 1633/2 1634/2 1631/2 
f 1476/2 1578/2 1635/2 1633/2 
f 1477/2 1478/2 1636/2 1637/2 
f 1477/2 1637/2 1638/2 1500/2 
f 1477/2 1500/2 1639/2 1640/2 
f 1477/2 1641/2 1642/2 1478/2 
f 1477/2 1640/2 1494/2 1641/2 
f 1478/2 1642/2 1643/2 1636/2 
f 1479/2 1644/2 1645/2 1646/2 
f 1479/2 1647/2 1488/2 1644/2 
f 1479/2 1648/2 1649/2 1650/2 
f 1479/2 1650/2 1651/2 1647/2 
f 1479/2 1646/2 1652/2 1648/2 
f 1480/2 1653/2 1654/2 1655/2 
f 1480/2 1655/2 1656/2 1657/2 
f 1480/2 1658/2 1659/2 1653/2 
f 1480/2 1660/2 1661/2 1658/2 
f 1480/2 1657/2 1662/2 1660/2 
f 1481/2 1663/2 1664/2 1665/2 
f 1481/2 1666/2 1667/2 1663/2 
f 1481/2 1665/2 1668/2 1669/2 
f 1481/2 1669/2 1611/2 1610/2 
f 1481/2 1610/2 1670/2 1666/2 
f 1482/2 1671/2 1672/2 1673/2 
f 1482/2 1673/2 1674/2 1675/2 
f 1482/2 1676/2 1677/2 1671/2 
f 1483/2 1678/2 1679/2 1680/2 
f 1483/2 1681/2 1682/2 1683/2 
f 1483/2 1683/2 1684/2 1685/2 
f 1483/2 1685/2 1686/2 1678/2 
f 1484/2 1687/2 1688/2 1689/2 
f 1484/2 1689/2 1690/2 1691/2 
f 1484/2 1691/2 1692/2 1687/2 
f 1485/2 1597/2 1693/2 1694/2 
f 1485/2 1695/2 1696/2 1598/2 
f 1485/2 1697/2 1698/2 1695/2 
f 1485/2 1694/2 1699/2 1697/2 
f 1486/2 1700/2 1701/2 1702/2 
f 1486/2 1703/2 1704/2 1705/2 
f 1486/2 1702/2 1706/2 1703/2 
f 1486/2 1705/2 1707/2 1708/2 
f 1486/2 1708/2 1709/2 1700/2 
f 1487/2 1710/2 1711/2 1712/2 
f 1487/2 1713/2 1714/2 1710/2 
f 1487/2 1712/2 1715/2 1716/2 
f 1487/2 1716/2 1717/2 1718/2 
f 1487/2 1718/2 1719/2 1713/2 
f 1488/2 1720/2 1721/2 1722/2 
f 1488/2 1722/2 1723/2 1644/2 
f 1489/2 1724/2 1725/2 1626/2 
f 1489/2 1726/2 1727/2 1724/2 
f 1489/2 1626/2 1623/2 1728/2 
f 1489/2 1729/2 1730/2 1726/2 
f 1489/2 1728/2 1731/2 1729/2 
f 1490/2 1732/2 1733/2 1734/2 
f 1490/2 1734/2 1735/2 1736/2 
f 1490/2 1737/2 1738/2 1739/2 
f 1490/2 1736/2 1740/2 1737/2 
f 1490/2 1739/2 1741/2 1732/2 
f 1491/2 1742/2 1743/2 1744/2 
f 1491/2 1576/2 1745/2 1742/2 
f 1491/2 1744/2 1746/2 1747/2 
f 1492/2 1748/2 1583/2 1582/2 
f 1492/2 1582/2 1586/2 1749/2 
f 1492/2 1749/2 1750/2 1748/2 
f 1493/2 1751/2 1752/2 1753/2 
f 1493/2 1753/2 1579/2 1581/2 
f 1493/2 1581/2 1632/2 1754/2 
f 1493/2 1755/2 1756/2 1751/2 
f 1494/2 1757/2 1758/2 1641/2 
f 1494/2 1640/2 1759/2 1757/2 
f 1495/2 1760/2 1761/2 1762/2 
f 1495/2 1763/2 1764/2 1760/2 
f 1495/2 1765/2 1766/2 1767/2 
f 1495/2 1762/2 1571/2 1765/2 
f 1496/2 1768/2 1769/2 1770/2 
f 1496/2 1771/2 1772/2 1773/2 
f 1496/2 1773/2 1774/2 1775/2 
f 1496/2 1775/2 1776/2 1768/2 
f 1497/2 1777/2 1778/2 1779/2 
f 1497/2 1780/2 1781/2 1777/2 
f 1497/2 1779/2 1782/2 1780/2 
f 1498/2 1783/2 1784/2 1785/2 
f 1498/2 1786/2 1787/2 1783/2 
f 1498/2 1785/2 1788/2 1786/2 
f 1499/2 1789/2 1543/2 1790/2 
f 1499/2 1791/2 1792/2 1789/2 
f 1499/2 1793/2 1794/2 1791/2 
f 1499/2 1790/2 1795/2 1796/2 
f 1499/2 1796/2 1797/2 1793/2 
f 1500/2 1638/2 1798/2 1639/2 
f 1798/2 1799/2 1800/2 1639/2 
f 1798/2 1638/2 1801/2 1802/2 
f 1798/2 1802/2 1803/2 1799/2 
f 1803/2 1804/2 1805/2 1799/2 
f 1803/2 1802/2 1806/2 1807/2 
f 1803/2 1807/2 1808/2 1804/2 
f 1808/2 1809/2 1810/2 1804/2 
f 1808/2 1807/2 1811/2 1812/2 
f 1808/2 1812/2 1813/2 1809/2 
f 1813/2 1814/2 1815/2 1809/2 
f 1813/2 1812/2 1816/2 1817/2 
f 1813/2 1817/2 1818/2 1814/2 
f 1818/2 1819/2 1820/2 1814/2 
f 1818/2 1817/2 1821/2 1548/2 
f 1818/2 1548/2 1547/2 1819/2 
f 1821/2 1817/2 1816/2 1822/2 
f 1821/2 1822/2 1823/2 1824/2 
f 1821/2 1824/2 1544/2 1548/2 
f 1824/2 1823/2 1677/2 1825/2 
f 1824/2 1825/2 1545/2 1544/2 
f 1825/2 1677/2 1676/2 1826/2 
f 1825/2 1826/2 1827/2 1545/2 
f 1827/2 1826/2 1828/2 1829/2 
f 1827/2 1829/2 1567/2 1566/2 
f 1827/2 1566/2 1546/2 1545/2 
f 1829/2 1828/2 1830/2 1831/2 
f 1829/2 1831/2 1832/2 1567/2 
f 1832/2 1833/2 1568/2 1567/2 
f 1832/2 1831/2 1723/2 1722/2 
f 1832/2 1722/2 1721/2 1833/2 
f 1833/2 1765/2 1571/2 1568/2 
f 1833/2 1721/2 1766/2 1765/2 
f 1831/2 1830/2 1834/2 1723/2 
f 1834/2 1830/2 1835/2 1836/2 
f 1834/2 1836/2 1837/2 1645/2 
f 1834/2 1645/2 1644/2 1723/2 
f 1837/2 1836/2 1838/2 1839/2 
f 1837/2 1839/2 1840/2 1841/2 
f 1837/2 1841/2 1646/2 1645/2 
f 1841/2 1840/2 1622/2 1842/2 
f 1841/2 1842/2 1652/2 1646/2 
f 1842/2 1622/2 1621/2 1843/2 
f 1842/2 1843/2 1844/2 1652/2 
f 1844/2 1843/2 1845/2 1846/2 
f 1844/2 1846/2 1847/2 1848/2 
f 1844/2 1848/2 1648/2 1652/2 
f 1848/2 1847/2 1849/2 1850/2 
f 1848/2 1850/2 1649/2 1648/2 
f 1850/2 1849/2 1851/2 1852/2 
f 1850/2 1852/2 1853/2 1649/2 
f 1853/2 1854/2 1650/2 1649/2 
f 1853/2 1852/2 1855/2 1856/2 
f 1853/2 1856/2 1857/2 1854/2 
f 1857/2 1858/2 1859/2 1854/2 
f 1857/2 1856/2 1860/2 1861/2 
f 1857/2 1861/2 1862/2 1858/2 
f 1862/2 1863/2 1864/2 1858/2 
f 1862/2 1861/2 1865/2 1866/2 
f 1862/2 1866/2 1867/2 1863/2 
f 1867/2 1526/2 1868/2 1863/2 
f 1867/2 1866/2 1869/2 1870/2 
f 1867/2 1870/2 1527/2 1526/2 
f 1870/2 1869/2 1871/2 1872/2 
f 1870/2 1872/2 1528/2 1527/2 
f 1872/2 1871/2 1873/2 1874/2 
f 1872/2 1874/2 1875/2 1528/2 
f 1875/2 1876/2 1529/2 1528/2 
f 1875/2 1874/2 1877/2 1878/2 
f 1875/2 1878/2 1879/2 1876/2 
f 1879/2 1687/2 1692/2 1876/2 
f 1879/2 1878/2 1880/2 1881/2 
f 1879/2 1881/2 1688/2 1687/2 
f 1881/2 1880/2 1882/2 1883/2 
f 1881/2 1883/2 1884/2 1688/2 
f 1884/2 1885/2 1689/2 1688/2 
f 1884/2 1883/2 1886/2 1887/2 
f 1884/2 1887/2 1888/2 1885/2 
f 1888/2 1889/2 1890/2 1885/2 
f 1888/2 1887/2 1891/2 1892/2 
f 1888/2 1892/2 1893/2 1889/2 
f 1893/2 1892/2 1894/2 1619/2 
f 1893/2 1619/2 1618/2 1895/2 
f 1893/2 1895/2 1896/2 1889/2 
f 1896/2 1895/2 1897/2 1898/2 
f 1896/2 1898/2 1899/2 1900/2 
f 1896/2 1900/2 1890/2 1889/2 
f 1900/2 1899/2 1901/2 1902/2 
f 1900/2 1902/2 1690/2 1890/2 
f 1902/2 1901/2 1903/2 1904/2 
f 1902/2 1904/2 1691/2 1690/2 
f 1904/2 1903/2 1525/2 1530/2 
f 1904/2 1530/2 1692/2 1691/2 
f 1903/2 1901/2 1905/2 1868/2 
f 1903/2 1868/2 1526/2 1525/2 
f 1905/2 1901/2 1899/2 1906/2 
f 1905/2 1906/2 1907/2 1864/2 
f 1905/2 1864/2 1863/2 1868/2 
f 1907/2 1906/2 1908/2 1909/2 
f 1907/2 1909/2 1651/2 1859/2 
f 1907/2 1859/2 1858/2 1864/2 
f 1909/2 1908/2 1910/2 1911/2 
f 1909/2 1911/2 1647/2 1651/2 
f 1911/2 1910/2 1912/2 1913/2 
f 1911/2 1913/2 1488/2 1647/2 
f 1913/2 1912/2 1914/2 1915/2 
f 1913/2 1915/2 1720/2 1488/2 
f 1915/2 1914/2 1916/2 1917/2 
f 1915/2 1917/2 1918/2 1720/2 
f 1918/2 1917/2 1919/2 1920/2 
f 1918/2 1920/2 1767/2 1766/2 
f 1918/2 1766/2 1721/2 1720/2 
f 1920/2 1919/2 1921/2 1922/2 
f 1920/2 1922/2 1923/2 1767/2 
f 1923/2 1922/2 1924/2 1925/2 
f 1923/2 1925/2 1926/2 1763/2 
f 1923/2 1763/2 1495/2 1767/2 
f 1926/2 1925/2 1927/2 1928/2 
f 1926/2 1928/2 1929/2 1930/2 
f 1926/2 1930/2 1764/2 1763/2 
f 1930/2 1929/2 1931/2 1932/2 
f 1930/2 1932/2 1933/2 1764/2 
f 1933/2 1932/2 1934/2 1935/2 
f 1933/2 1935/2 1936/2 1937/2 
f 1933/2 1937/2 1760/2 1764/2 
f 1937/2 1936/2 1938/2 1939/2 
f 1937/2 1939/2 1761/2 1760/2 
f 1939/2 1938/2 1940/2 1941/2 
f 1939/2 1941/2 1942/2 1761/2 
f 1942/2 1941/2 1943/2 1944/2 
f 1942/2 1944/2 1945/2 1946/2 
f 1942/2 1946/2 1762/2 1761/2 
f 1946/2 1945/2 1573/2 1572/2 
f 1946/2 1572/2 1571/2 1762/2 
f 1945/2 1944/2 1947/2 1948/2 
f 1945/2 1948/2 1949/2 1573/2 
f 1949/2 1948/2 1950/2 1951/2 
f 1949/2 1951/2 1952/2 1953/2 
f 1949/2 1953/2 1569/2 1573/2 
f 1953/2 1952/2 1954/2 1955/2 
f 1953/2 1955/2 1570/2 1569/2 
f 1955/2 1954/2 1956/2 1820/2 
f 1955/2 1820/2 1819/2 1570/2 
f 1956/2 1954/2 1957/2 1958/2 
f 1956/2 1958/2 1959/2 1815/2 
f 1956/2 1815/2 1814/2 1820/2 
f 1959/2 1958/2 1960/2 1961/2 
f 1959/2 1961/2 1962/2 1810/2 
f 1959/2 1810/2 1809/2 1815/2 
f 1962/2 1961/2 1963/2 1964/2 
f 1962/2 1964/2 1965/2 1805/2 
f 1962/2 1805/2 1804/2 1810/2 
f 1965/2 1964/2 1966/2 1967/2 
f 1965/2 1967/2 1759/2 1800/2 
f 1965/2 1800/2 1799/2 1805/2 
f 1967/2 1966/2 1968/2 1969/2 
f 1967/2 1969/2 1757/2 1759/2 
f 1969/2 1968/2 1970/2 1971/2 
f 1969/2 1971/2 1758/2 1757/2 
f 1971/2 1970/2 1972/2 1973/2 
f 1971/2 1973/2 1974/2 1758/2 
f 1974/2 1973/2 1975/2 1976/2 
f 1974/2 1976/2 1643/2 1642/2 
f 1974/2 1642/2 1641/2 1758/2 
f 1976/2 1975/2 1977/2 1978/2 
f 1976/2 1978/2 1979/2 1643/2 
f 1979/2 1978/2 1980/2 1981/2 
f 1979/2 1981/2 1982/2 1983/2 
f 1979/2 1983/2 1636/2 1643/2 
f 1983/2 1982/2 1984/2 1985/2 
f 1983/2 1985/2 1637/2 1636/2 
f 1985/2 1984/2 1986/2 1801/2 
f 1985/2 1801/2 1638/2 1637/2 
f 1986/2 1984/2 1987/2 1988/2 
f 1986/2 1988/2 1989/2 1806/2 
f 1986/2 1806/2 1802/2 1801/2 
f 1989/2 1811/2 1807/2 1806/2 
f 1989/2 1988/2 1990/2 1991/2 
f 1989/2 1991/2 1992/2 1811/2 
f 1992/2 1816/2 1812/2 1811/2 
f 1992/2 1991/2 1993/2 1994/2 
f 1992/2 1994/2 1822/2 1816/2 
f 1994/2 1993/2 1995/2 1996/2 
f 1994/2 1996/2 1823/2 1822/2 
f 1996/2 1995/2 1672/2 1671/2 
f 1996/2 1671/2 1677/2 1823/2 
f 1995/2 1997/2 1998/2 1672/2 
f 1995/2 1993/2 1999/2 1997/2 
f 1999/2 2000/2 2001/2 1997/2 
f 1999/2 1993/2 1991/2 1990/2 
f 1999/2 1990/2 2002/2 2000/2 
f 2002/2 2003/2 2004/2 2000/2 
f 2002/2 1990/2 1988/2 1987/2 
f 2002/2 1987/2 2005/2 2003/2 
f 2005/2 2006/2 2007/2 2003/2 
f 2005/2 1987/2 1984/2 1982/2 
f 2005/2 1982/2 1981/2 2006/2 
f 2007/2 2008/2 2009/2 2010/2 
f 2007/2 2010/2 2004/2 2003/2 
f 2007/2 2006/2 2011/2 2008/2 
f 2011/2 2012/2 2013/2 2008/2 
f 2011/2 2006/2 1981/2 1980/2 
f 2011/2 1980/2 2014/2 2012/2 
f 2014/2 2015/2 2016/2 2012/2 
f 2014/2 1980/2 1978/2 1977/2 
f 2014/2 1977/2 2017/2 2015/2 
f 2017/2 2018/2 2019/2 2015/2 
f 2017/2 1977/2 1975/2 2020/2 
f 2017/2 2020/2 2021/2 2018/2 
f 2021/2 2022/2 2023/2 2018/2 
f 2021/2 2020/2 1972/2 2024/2 
f 2021/2 2024/2 2025/2 2022/2 
f 2025/2 2026/2 2027/2 2022/2 
f 2025/2 2024/2 2028/2 2029/2 
f 2025/2 2029/2 2030/2 2026/2 
f 2030/2 2031/2 2032/2 2026/2 
f 2030/2 2029/2 2033/2 2034/2 
f 2030/2 2034/2 2035/2 2031/2 
f 2035/2 2036/2 2037/2 2031/2 
f 2035/2 2034/2 2038/2 2039/2 
f 2035/2 2039/2 2040/2 2036/2 
f 2040/2 2041/2 2042/2 2036/2 
f 2040/2 2039/2 2043/2 2044/2 
f 2040/2 2044/2 2045/2 2041/2 
f 2045/2 2046/2 2047/2 2041/2 
f 2045/2 2044/2 2048/2 2049/2 
f 2045/2 2049/2 2050/2 2046/2 
f 2050/2 2051/2 2052/2 2046/2 
f 2050/2 2049/2 2053/2 2054/2 
f 2050/2 2054/2 2055/2 2051/2 
f 2055/2 2056/2 2057/2 2051/2 
f 2055/2 2054/2 2058/2 2059/2 
f 2055/2 2059/2 2060/2 2056/2 
f 2060/2 2061/2 2062/2 2056/2 
f 2060/2 2059/2 2063/2 2064/2 
f 2060/2 2064/2 2065/2 2061/2 
f 2065/2 2066/2 2067/2 2061/2 
f 2065/2 2064/2 2068/2 2069/2 
f 2065/2 2069/2 2070/2 2066/2 
f 2070/2 2071/2 2072/2 2066/2 
f 2070/2 2069/2 2073/2 2074/2 
f 2070/2 2074/2 2075/2 2071/2 
f 2075/2 1714/2 2076/2 2071/2 
f 2075/2 2074/2 2077/2 2078/2 
f 2075/2 2078/2 1710/2 1714/2 
f 2078/2 2077/2 2079/2 2080/2 
f 2078/2 2080/2 1711/2 1710/2 
f 2080/2 2079/2 2081/2 1520/2 
f 2080/2 1520/2 1519/2 1711/2 
f 2081/2 2082/2 2083/2 2084/2 
f 2081/2 2084/2 1521/2 1520/2 
f 2081/2 2079/2 2085/2 2082/2 
f 2085/2 2079/2 2077/2 2086/2 
f 2085/2 2086/2 1938/2 1936/2 
f 2085/2 1936/2 1935/2 2082/2 
f 2086/2 2077/2 2074/2 2073/2 
f 2086/2 2073/2 1940/2 1938/2 
f 2084/2 2083/2 2087/2 2088/2 
f 2084/2 2088/2 1524/2 1521/2 
f 2088/2 2087/2 2089/2 2090/2 
f 2088/2 2090/2 1680/2 1524/2 
f 2090/2 2089/2 2091/2 1681/2 
f 2090/2 1681/2 1483/2 1680/2 
f 2091/2 2092/2 2093/2 2094/2 
f 2091/2 2094/2 1682/2 1681/2 
f 2091/2 2089/2 2095/2 2092/2 
f 2095/2 2096/2 2097/2 2092/2 
f 2095/2 2089/2 2087/2 2098/2 
f 2095/2 2098/2 1931/2 2096/2 
f 2098/2 2087/2 2083/2 1934/2 
f 2098/2 1934/2 1932/2 1931/2 
f 2097/2 2099/2 1745/2 2100/2 
f 2097/2 2100/2 2093/2 2092/2 
f 2097/2 2096/2 2101/2 2099/2 
f 2101/2 2102/2 2103/2 2099/2 
f 2101/2 2096/2 1931/2 1929/2 
f 2101/2 1929/2 1928/2 2102/2 
f 2103/2 2104/2 1743/2 1742/2 
f 2103/2 1742/2 1745/2 2099/2 
f 2103/2 2102/2 2105/2 2104/2 
f 2105/2 2106/2 2107/2 2104/2 
f 2105/2 2102/2 1928/2 1927/2 
f 2105/2 1927/2 2108/2 2106/2 
f 2108/2 2109/2 2110/2 2106/2 
f 2108/2 1927/2 1925/2 1924/2 
f 2108/2 1924/2 2111/2 2109/2 
f 2111/2 1501/2 1506/2 2109/2 
f 2111/2 1924/2 1922/2 1921/2 
f 2111/2 1921/2 1502/2 1501/2 
f 2110/2 2112/2 2113/2 2114/2 
f 2110/2 2114/2 2107/2 2106/2 
f 2110/2 2109/2 1506/2 2112/2 
f 2114/2 2113/2 2115/2 2116/2 
f 2114/2 2116/2 2117/2 2107/2 
f 2117/2 2116/2 2118/2 2119/2 
f 2117/2 2119/2 1744/2 1743/2 
f 2117/2 1743/2 2104/2 2107/2 
f 2119/2 2118/2 2120/2 2121/2 
f 2119/2 2121/2 1746/2 1744/2 
f 2121/2 2120/2 1877/2 2122/2 
f 2121/2 2122/2 2123/2 1746/2 
f 2123/2 2122/2 1873/2 2124/2 
f 2123/2 2124/2 2125/2 2126/2 
f 2123/2 2126/2 1747/2 1746/2 
f 2126/2 2125/2 2127/2 2128/2 
f 2126/2 2128/2 2129/2 1747/2 
f 2129/2 2128/2 2130/2 2131/2 
f 2129/2 2131/2 1578/2 1577/2 
f 2129/2 1577/2 1491/2 1747/2 
f 2131/2 2130/2 2132/2 2133/2 
f 2131/2 2133/2 1635/2 1578/2 
f 2133/2 2132/2 2134/2 2135/2 
f 2133/2 2135/2 2136/2 1635/2 
f 2136/2 2135/2 2137/2 2138/2 
f 2136/2 2138/2 2139/2 2140/2 
f 2136/2 2140/2 1633/2 1635/2 
f 2140/2 2139/2 2141/2 2142/2 
f 2140/2 2142/2 1634/2 1633/2 
f 2142/2 2141/2 2143/2 2144/2 
f 2142/2 2144/2 2145/2 1634/2 
f 2145/2 2146/2 1631/2 1634/2 
f 2145/2 2144/2 2147/2 2148/2 
f 2145/2 2148/2 2149/2 2146/2 
f 2149/2 2150/2 2151/2 2146/2 
f 2149/2 2148/2 2152/2 2153/2 
f 2149/2 2153/2 2154/2 2150/2 
f 2154/2 2155/2 2156/2 2150/2 
f 2154/2 2153/2 2157/2 2158/2 
f 2154/2 2158/2 2159/2 2155/2 
f 2159/2 2160/2 2161/2 2155/2 
f 2159/2 2158/2 2162/2 2163/2 
f 2159/2 2163/2 2164/2 2160/2 
f 2164/2 2165/2 2166/2 2160/2 
f 2164/2 2163/2 2167/2 2168/2 
f 2164/2 2168/2 2169/2 2165/2 
f 2169/2 2170/2 2171/2 2165/2 
f 2169/2 2168/2 2172/2 2173/2 
f 2169/2 2173/2 2174/2 2170/2 
f 2174/2 2175/2 2176/2 2170/2 
f 2174/2 2173/2 2177/2 2178/2 
f 2174/2 2178/2 2179/2 2175/2 
f 2179/2 2180/2 2181/2 2175/2 
f 2179/2 2178/2 2182/2 2183/2 
f 2179/2 2183/2 2184/2 2180/2 
f 2184/2 2185/2 2186/2 2180/2 
f 2184/2 2183/2 1555/2 1554/2 
f 2184/2 1554/2 1553/2 2185/2 
f 2186/2 2185/2 2187/2 2188/2 
f 2186/2 2188/2 2189/2 2190/2 
f 2186/2 2190/2 2181/2 2180/2 
f 2190/2 2189/2 2191/2 2192/2 
f 2190/2 2192/2 2193/2 2181/2 
f 2193/2 2192/2 1585/2 1587/2 
f 2193/2 1587/2 2194/2 2176/2 
f 2193/2 2176/2 2175/2 2181/2 
f 2194/2 1587/2 1584/2 2195/2 
f 2194/2 2195/2 2196/2 2171/2 
f 2194/2 2171/2 2170/2 2176/2 
f 2196/2 2195/2 2197/2 2198/2 
f 2196/2 2198/2 2199/2 2166/2 
f 2196/2 2166/2 2165/2 2171/2 
f 2199/2 2198/2 2200/2 2201/2 
f 2199/2 2201/2 2202/2 2161/2 
f 2199/2 2161/2 2160/2 2166/2 
f 2202/2 2201/2 2203/2 2204/2 
f 2202/2 2204/2 2205/2 2156/2 
f 2202/2 2156/2 2155/2 2161/2 
f 2205/2 2204/2 2206/2 1754/2 
f 2205/2 1754/2 1632/2 2151/2 
f 2205/2 2151/2 2150/2 2156/2 
f 2206/2 2207/2 2208/2 1755/2 
f 2206/2 1755/2 1493/2 1754/2 
f 2206/2 2204/2 2203/2 2207/2 
f 2208/2 2209/2 2210/2 2211/2 
f 2208/2 2211/2 1756/2 1755/2 
f 2208/2 2207/2 2212/2 2209/2 
f 2212/2 2213/2 2214/2 2209/2 
f 2212/2 2207/2 2203/2 2215/2 
f 2212/2 2215/2 2216/2 2213/2 
f 2216/2 1750/2 2217/2 2213/2 
f 2216/2 2215/2 2200/2 2218/2 
f 2216/2 2218/2 1748/2 1750/2 
f 2218/2 2200/2 2198/2 2197/2 
f 2218/2 2197/2 1583/2 1748/2 
f 2217/2 2219/2 2220/2 2221/2 
f 2217/2 2221/2 2214/2 2213/2 
f 2217/2 1750/2 1749/2 2219/2 
f 2221/2 2220/2 2222/2 2223/2 
f 2221/2 2223/2 2224/2 2214/2 
f 2224/2 2223/2 2225/2 2226/2 
f 2224/2 2226/2 2227/2 2210/2 
f 2224/2 2210/2 2209/2 2214/2 
f 2227/2 2226/2 2228/2 2229/2 
f 2227/2 2229/2 2230/2 2231/2 
f 2227/2 2231/2 2211/2 2210/2 
f 2231/2 2230/2 2232/2 2233/2 
f 2231/2 2233/2 1756/2 2211/2 
f 2233/2 2232/2 2234/2 2235/2 
f 2233/2 2235/2 1751/2 1756/2 
f 2235/2 2234/2 2236/2 2237/2 
f 2235/2 2237/2 1752/2 1751/2 
f 2237/2 2236/2 2238/2 2239/2 
f 2237/2 2239/2 2240/2 1752/2 
f 2240/2 2239/2 2241/2 2242/2 
f 2240/2 2242/2 2243/2 2244/2 
f 2240/2 2244/2 1753/2 1752/2 
f 2244/2 2243/2 2245/2 1580/2 
f 2244/2 1580/2 1579/2 1753/2 
f 2245/2 2243/2 2246/2 2247/2 
f 2245/2 2247/2 2248/2 2249/2 
f 2245/2 2249/2 1574/2 1580/2 
f 2249/2 2250/2 1575/2 1574/2 
f 2249/2 2248/2 2251/2 2250/2 
f 2251/2 2248/2 2252/2 2253/2 
f 2251/2 2253/2 1682/2 2094/2 
f 2251/2 2094/2 2093/2 2250/2 
f 2253/2 2252/2 2254/2 2255/2 
f 2253/2 2255/2 1683/2 1682/2 
f 2255/2 2254/2 2256/2 2257/2 
f 2255/2 2257/2 1684/2 1683/2 
f 2257/2 2256/2 2258/2 2259/2 
f 2257/2 2259/2 2260/2 1684/2 
f 2260/2 2261/2 1685/2 1684/2 
f 2260/2 2259/2 1727/2 1726/2 
f 2260/2 1726/2 1730/2 2261/2 
f 2261/2 2262/2 1686/2 1685/2 
f 2261/2 1730/2 2263/2 2262/2 
f 2263/2 2264/2 2265/2 2262/2 
f 2263/2 1730/2 1729/2 2266/2 
f 2263/2 2266/2 2267/2 2264/2 
f 2267/2 2268/2 2269/2 2264/2 
f 2267/2 2266/2 2270/2 2271/2 
f 2267/2 2271/2 2272/2 2268/2 
f 2272/2 1675/2 2273/2 2268/2 
f 2272/2 2271/2 2274/2 2275/2 
f 2272/2 2275/2 1482/2 1675/2 
f 2275/2 2274/2 1835/2 2276/2 
f 2275/2 2276/2 1676/2 1482/2 
f 2276/2 1835/2 1830/2 1828/2 
f 2276/2 1828/2 1826/2 1676/2 
f 2274/2 2271/2 2270/2 1838/2 
f 2274/2 1838/2 1836/2 1835/2 
f 2273/2 2277/2 2278/2 2279/2 
f 2273/2 2279/2 2269/2 2268/2 
f 2273/2 1675/2 1674/2 2277/2 
f 2279/2 2278/2 2280/2 2281/2 
f 2279/2 2281/2 2282/2 2269/2 
f 2282/2 2281/2 2283/2 2284/2 
f 2282/2 2284/2 2285/2 2265/2 
f 2282/2 2265/2 2264/2 2269/2 
f 2285/2 2284/2 2286/2 2287/2 
f 2285/2 2287/2 1678/2 1686/2 
f 2285/2 1686/2 2262/2 2265/2 
f 2287/2 2286/2 1715/2 2288/2 
f 2287/2 2288/2 1679/2 1678/2 
f 2288/2 1715/2 1712/2 1523/2 
f 2288/2 1523/2 1522/2 1679/2 
f 2286/2 2289/2 1716/2 1715/2 
f 2286/2 2284/2 2283/2 2289/2 
f 2289/2 2290/2 1717/2 1716/2 
f 2289/2 2283/2 2291/2 2290/2 
f 2291/2 2292/2 2293/2 2290/2 
f 2291/2 2283/2 2281/2 2280/2 
f 2291/2 2280/2 2294/2 2292/2 
f 2294/2 2295/2 2296/2 2292/2 
f 2294/2 2280/2 2278/2 2297/2 
f 2294/2 2297/2 2298/2 2295/2 
f 2298/2 2299/2 2300/2 2295/2 
f 2298/2 2297/2 2301/2 2302/2 
f 2298/2 2302/2 2303/2 2299/2 
f 2303/2 2304/2 2305/2 2299/2 
f 2303/2 2302/2 2306/2 2307/2 
f 2303/2 2307/2 2308/2 2304/2 
f 2308/2 2309/2 2310/2 2304/2 
f 2308/2 2307/2 2311/2 2312/2 
f 2308/2 2312/2 1741/2 2309/2 
f 2312/2 2311/2 2313/2 2314/2 
f 2312/2 2314/2 1732/2 1741/2 
f 2314/2 2313/2 2315/2 2316/2 
f 2314/2 2316/2 1733/2 1732/2 
f 2316/2 2315/2 2004/2 2010/2 
f 2316/2 2010/2 2009/2 1733/2 
f 2315/2 2313/2 2317/2 2001/2 
f 2315/2 2001/2 2000/2 2004/2 
f 2317/2 2313/2 2311/2 2318/2 
f 2317/2 2318/2 2319/2 1998/2 
f 2317/2 1998/2 1997/2 2001/2 
f 2319/2 2318/2 2306/2 2320/2 
f 2319/2 2320/2 1674/2 1673/2 
f 2319/2 1673/2 1672/2 1998/2 
f 2320/2 2306/2 2302/2 2301/2 
f 2320/2 2301/2 2277/2 1674/2 
f 2318/2 2311/2 2307/2 2306/2 
f 2310/2 2321/2 2322/2 2323/2 
f 2310/2 2323/2 2305/2 2304/2 
f 2310/2 2309/2 2324/2 2321/2 
f 2324/2 2325/2 2326/2 2321/2 
f 2324/2 2309/2 1741/2 1739/2 
f 2324/2 1739/2 1738/2 2325/2 
f 2326/2 2327/2 2328/2 2329/2 
f 2326/2 2329/2 2322/2 2321/2 
f 2326/2 2325/2 2330/2 2327/2 
f 2330/2 2331/2 2332/2 2327/2 
f 2330/2 2325/2 1738/2 2333/2 
f 2330/2 2333/2 2334/2 2331/2 
f 2334/2 1668/2 1665/2 2331/2 
f 2334/2 2333/2 2335/2 2336/2 
f 2334/2 2336/2 2337/2 1668/2 
f 2337/2 2338/2 1669/2 1668/2 
f 2337/2 2336/2 2339/2 2340/2 
f 2337/2 2340/2 2341/2 2338/2 
f 2341/2 2342/2 1614/2 2338/2 
f 2341/2 2340/2 2343/2 1600/2 
f 2341/2 1600/2 1599/2 2342/2 
f 2343/2 2340/2 2339/2 2344/2 
f 2343/2 2344/2 2345/2 1693/2 
f 2343/2 1693/2 1597/2 1600/2 
f 2345/2 2344/2 2346/2 2347/2 
f 2345/2 2347/2 1564/2 2348/2 
f 2345/2 2348/2 1694/2 1693/2 
f 2348/2 1564/2 1563/2 2349/2 
f 2348/2 2349/2 1699/2 1694/2 
f 2349/2 2350/2 2351/2 1699/2 
f 2349/2 1563/2 1565/2 2350/2 
f 2351/2 2352/2 1697/2 1699/2 
f 2351/2 2350/2 1773/2 1772/2 
f 2351/2 1772/2 2353/2 2352/2 
f 2353/2 2354/2 2355/2 2352/2 
f 2353/2 1772/2 1771/2 2356/2 
f 2353/2 2356/2 2357/2 2354/2 
f 2357/2 2358/2 2359/2 2354/2 
f 2357/2 2356/2 2360/2 2361/2 
f 2357/2 2361/2 2362/2 2358/2 
f 2362/2 1630/2 2363/2 2358/2 
f 2362/2 2361/2 2364/2 2365/2 
f 2362/2 2365/2 1627/2 1630/2 
f 2365/2 2364/2 2366/2 2367/2 
f 2365/2 2367/2 1628/2 1627/2 
f 2367/2 2366/2 2230/2 2229/2 
f 2367/2 2229/2 2228/2 1628/2 
f 2366/2 2364/2 2368/2 2369/2 
f 2366/2 2369/2 2232/2 2230/2 
f 2369/2 2368/2 2370/2 2371/2 
f 2369/2 2371/2 2234/2 2232/2 
f 2371/2 2370/2 2372/2 2373/2 
f 2371/2 2373/2 2236/2 2234/2 
f 2373/2 2372/2 2374/2 2375/2 
f 2373/2 2375/2 2238/2 2236/2 
f 2375/2 2374/2 2376/2 2377/2 
f 2375/2 2377/2 2378/2 2238/2 
f 2378/2 2377/2 2379/2 2380/2 
f 2378/2 2380/2 2381/2 2241/2 
f 2378/2 2241/2 2239/2 2238/2 
f 2381/2 2380/2 2382/2 1707/2 
f 2381/2 1707/2 1705/2 2383/2 
f 2381/2 2383/2 2242/2 2241/2 
f 2383/2 1705/2 1704/2 2246/2 
f 2383/2 2246/2 2243/2 2242/2 
f 2382/2 2380/2 2379/2 2384/2 
f 2382/2 2384/2 1532/2 2385/2 
f 2382/2 2385/2 1708/2 1707/2 
f 2385/2 1532/2 1531/2 2386/2 
f 2385/2 2386/2 1709/2 1708/2 
f 2386/2 1531/2 1535/2 2387/2 
f 2386/2 2387/2 2388/2 1709/2 
f 2388/2 2387/2 1661/2 2389/2 
f 2388/2 2389/2 2390/2 2391/2 
f 2388/2 2391/2 1700/2 1709/2 
f 2391/2 2390/2 2392/2 2393/2 
f 2391/2 2393/2 1701/2 1700/2 
f 2393/2 2392/2 2329/2 2328/2 
f 2393/2 2328/2 2394/2 1701/2 
f 2394/2 2395/2 1702/2 1701/2 
f 2394/2 2328/2 2327/2 2332/2 
f 2394/2 2332/2 1664/2 2395/2 
f 2395/2 2396/2 1706/2 1702/2 
f 2395/2 1664/2 1663/2 2396/2 
f 2396/2 2397/2 2398/2 1706/2 
f 2396/2 1663/2 1667/2 2397/2 
f 2398/2 2256/2 2254/2 2399/2 
f 2398/2 2399/2 1703/2 1706/2 
f 2398/2 2397/2 2258/2 2256/2 
f 2399/2 2254/2 2252/2 2400/2 
f 2399/2 2400/2 1704/2 1703/2 
f 2400/2 2252/2 2248/2 2247/2 
f 2400/2 2247/2 2246/2 1704/2 
f 2397/2 1667/2 2401/2 2258/2 
f 2401/2 1727/2 2259/2 2258/2 
f 2401/2 1667/2 1666/2 2402/2 
f 2401/2 2402/2 1724/2 1727/2 
f 2402/2 1666/2 1670/2 2403/2 
f 2402/2 2403/2 1725/2 1724/2 
f 2403/2 1670/2 1794/2 1793/2 
f 2403/2 1793/2 1797/2 1725/2 
f 2392/2 2390/2 2404/2 2405/2 
f 2392/2 2405/2 2322/2 2329/2 
f 2405/2 2404/2 2406/2 2407/2 
f 2405/2 2407/2 2323/2 2322/2 
f 2407/2 2406/2 2408/2 2409/2 
f 2407/2 2409/2 2305/2 2323/2 
f 2409/2 2408/2 2410/2 2300/2 
f 2409/2 2300/2 2299/2 2305/2 
f 2410/2 2408/2 2411/2 2412/2 
f 2410/2 2412/2 2413/2 2296/2 
f 2410/2 2296/2 2295/2 2300/2 
f 2413/2 2412/2 2414/2 2415/2 
f 2413/2 2415/2 2416/2 2293/2 
f 2413/2 2293/2 2292/2 2296/2 
f 2416/2 2415/2 2417/2 2418/2 
f 2416/2 2418/2 1718/2 1717/2 
f 2416/2 1717/2 2290/2 2293/2 
f 2418/2 2417/2 2419/2 2420/2 
f 2418/2 2420/2 1719/2 1718/2 
f 2420/2 2419/2 2421/2 2422/2 
f 2420/2 2422/2 2423/2 1719/2 
f 2423/2 2422/2 2424/2 2425/2 
f 2423/2 2425/2 2426/2 2427/2 
f 2423/2 2427/2 1713/2 1719/2 
f 2427/2 2426/2 2428/2 2076/2 
f 2427/2 2076/2 1714/2 1713/2 
f 2428/2 2426/2 2429/2 2430/2 
f 2428/2 2430/2 2431/2 2072/2 
f 2428/2 2072/2 2071/2 2076/2 
f 2431/2 2430/2 2432/2 2433/2 
f 2431/2 2433/2 2434/2 2067/2 
f 2431/2 2067/2 2066/2 2072/2 
f 2434/2 2433/2 2435/2 2436/2 
f 2434/2 2436/2 2437/2 2062/2 
f 2434/2 2062/2 2061/2 2067/2 
f 2437/2 2436/2 2438/2 2439/2 
f 2437/2 2439/2 2440/2 2057/2 
f 2437/2 2057/2 2056/2 2062/2 
f 2440/2 2439/2 2441/2 2442/2 
f 2440/2 2442/2 2443/2 2052/2 
f 2440/2 2052/2 2051/2 2057/2 
f 2443/2 2442/2 2444/2 2445/2 
f 2443/2 2445/2 2446/2 2047/2 
f 2443/2 2047/2 2046/2 2052/2 
f 2446/2 2445/2 2447/2 2448/2 
f 2446/2 2448/2 2449/2 2042/2 
f 2446/2 2042/2 2041/2 2047/2 
f 2449/2 2448/2 2450/2 2451/2 
f 2449/2 2451/2 2452/2 2037/2 
f 2449/2 2037/2 2036/2 2042/2 
f 2452/2 2451/2 2453/2 2454/2 
f 2452/2 2454/2 2455/2 2032/2 
f 2452/2 2032/2 2031/2 2037/2 
f 2455/2 2454/2 2456/2 2457/2 
f 2455/2 2457/2 2458/2 2027/2 
f 2455/2 2027/2 2026/2 2032/2 
f 2458/2 2457/2 2459/2 2460/2 
f 2458/2 2460/2 2461/2 2023/2 
f 2458/2 2023/2 2022/2 2027/2 
f 2461/2 2460/2 2462/2 2463/2 
f 2461/2 2463/2 2464/2 2019/2 
f 2461/2 2019/2 2018/2 2023/2 
f 2464/2 2463/2 2465/2 2466/2 
f 2464/2 2466/2 2467/2 2016/2 
f 2464/2 2016/2 2015/2 2019/2 
f 2467/2 2466/2 2468/2 2469/2 
f 2467/2 2469/2 2470/2 2013/2 
f 2467/2 2013/2 2012/2 2016/2 
f 2470/2 2469/2 1735/2 1734/2 
f 2470/2 1734/2 1733/2 2009/2 
f 2470/2 2009/2 2008/2 2013/2 
f 2469/2 2468/2 2471/2 1735/2 
f 2471/2 2472/2 2473/2 2474/2 
f 2471/2 2474/2 1736/2 1735/2 
f 2471/2 2468/2 2475/2 2472/2 
f 2475/2 1589/2 1588/2 2472/2 
f 2475/2 2468/2 2466/2 2465/2 
f 2475/2 2465/2 2476/2 1589/2 
f 2476/2 2477/2 1590/2 1589/2 
f 2476/2 2465/2 2463/2 2462/2 
f 2476/2 2462/2 2478/2 2477/2 
f 2478/2 2479/2 2480/2 2477/2 
f 2478/2 2462/2 2460/2 2459/2 
f 2478/2 2459/2 2481/2 2479/2 
f 2481/2 2482/2 2483/2 2479/2 
f 2481/2 2459/2 2457/2 2456/2 
f 2481/2 2456/2 2484/2 2482/2 
f 2484/2 2485/2 2486/2 2482/2 
f 2484/2 2456/2 2454/2 2453/2 
f 2484/2 2453/2 2487/2 2485/2 
f 2487/2 2488/2 2489/2 2485/2 
f 2487/2 2453/2 2451/2 2450/2 
f 2487/2 2450/2 2490/2 2488/2 
f 2490/2 2491/2 2492/2 2488/2 
f 2490/2 2450/2 2448/2 2447/2 
f 2490/2 2447/2 2493/2 2491/2 
f 2493/2 2494/2 2495/2 2491/2 
f 2493/2 2447/2 2445/2 2444/2 
f 2493/2 2444/2 2496/2 2494/2 
f 2496/2 2497/2 2498/2 2494/2 
f 2496/2 2444/2 2442/2 2441/2 
f 2496/2 2441/2 2499/2 2497/2 
f 2499/2 2500/2 2501/2 2497/2 
f 2499/2 2441/2 2439/2 2438/2 
f 2499/2 2438/2 2502/2 2500/2 
f 2502/2 2503/2 2504/2 2500/2 
f 2502/2 2438/2 2436/2 2435/2 
f 2502/2 2435/2 2505/2 2503/2 
f 2505/2 2506/2 2507/2 2503/2 
f 2505/2 2435/2 2433/2 2432/2 
f 2505/2 2432/2 2508/2 2506/2 
f 2508/2 2509/2 2510/2 2506/2 
f 2508/2 2432/2 2430/2 2429/2 
f 2508/2 2429/2 2511/2 2509/2 
f 2511/2 2512/2 2513/2 2509/2 
f 2511/2 2429/2 2426/2 2425/2 
f 2511/2 2425/2 2424/2 2512/2 
f 2513/2 2514/2 2515/2 2516/2 
f 2513/2 2516/2 2510/2 2509/2 
f 2513/2 2512/2 2517/2 2514/2 
f 2517/2 2518/2 2519/2 2514/2 
f 2517/2 2512/2 2424/2 2520/2 
f 2517/2 2520/2 2521/2 2518/2 
f 2521/2 2522/2 2523/2 2518/2 
f 2521/2 2520/2 2421/2 2524/2 
f 2521/2 2524/2 2525/2 2522/2 
f 2525/2 2526/2 2527/2 2522/2 
f 2525/2 2524/2 2528/2 2529/2 
f 2525/2 2529/2 1656/2 2526/2 
f 2529/2 2528/2 2530/2 2531/2 
f 2529/2 2531/2 1657/2 1656/2 
f 2531/2 2530/2 2414/2 2532/2 
f 2531/2 2532/2 1662/2 1657/2 
f 2532/2 2414/2 2412/2 2411/2 
f 2532/2 2411/2 2533/2 1662/2 
f 2533/2 2534/2 1660/2 1662/2 
f 2533/2 2411/2 2408/2 2406/2 
f 2533/2 2406/2 2404/2 2534/2 
f 2534/2 2389/2 1661/2 1660/2 
f 2534/2 2404/2 2390/2 2389/2 
f 2530/2 2528/2 2419/2 2417/2 
f 2530/2 2417/2 2415/2 2414/2 
f 2528/2 2524/2 2421/2 2419/2 
f 2527/2 2526/2 2535/2 2536/2 
f 2527/2 2536/2 2537/2 2538/2 
f 2527/2 2538/2 2523/2 2522/2 
f 2538/2 2537/2 2539/2 2540/2 
f 2538/2 2540/2 2541/2 2523/2 
f 2541/2 2540/2 2542/2 2543/2 
f 2541/2 2543/2 2544/2 2519/2 
f 2541/2 2519/2 2518/2 2523/2 
f 2544/2 2543/2 1788/2 1782/2 
f 2544/2 1782/2 1779/2 2515/2 
f 2544/2 2515/2 2514/2 2519/2 
f 2543/2 2542/2 1786/2 1788/2 
f 2542/2 2540/2 2539/2 2545/2 
f 2542/2 2545/2 1787/2 1786/2 
f 2545/2 2539/2 2546/2 2547/2 
f 2545/2 2547/2 2548/2 1787/2 
f 2548/2 2547/2 2549/2 2550/2 
f 2548/2 2550/2 2551/2 2552/2 
f 2548/2 2552/2 1783/2 1787/2 
f 2552/2 2551/2 2553/2 2554/2 
f 2552/2 2554/2 1784/2 1783/2 
f 2554/2 2553/2 2555/2 2556/2 
f 2554/2 2556/2 1781/2 1784/2 
f 2556/2 2555/2 2557/2 2558/2 
f 2556/2 2558/2 1777/2 1781/2 
f 2558/2 2557/2 2507/2 2559/2 
f 2558/2 2559/2 1778/2 1777/2 
f 2559/2 2507/2 2506/2 2510/2 
f 2559/2 2510/2 2516/2 1778/2 
f 2557/2 2555/2 2560/2 2504/2 
f 2557/2 2504/2 2503/2 2507/2 
f 2560/2 2555/2 2553/2 2561/2 
f 2560/2 2561/2 2562/2 2501/2 
f 2560/2 2501/2 2500/2 2504/2 
f 2562/2 2561/2 2563/2 2564/2 
f 2562/2 2564/2 2565/2 2498/2 
f 2562/2 2498/2 2497/2 2501/2 
f 2565/2 2564/2 2566/2 2567/2 
f 2565/2 2567/2 2568/2 2495/2 
f 2565/2 2495/2 2494/2 2498/2 
f 2568/2 2567/2 2569/2 2570/2 
f 2568/2 2570/2 2571/2 2492/2 
f 2568/2 2492/2 2491/2 2495/2 
f 2571/2 2570/2 2572/2 2573/2 
f 2571/2 2573/2 2574/2 2489/2 
f 2571/2 2489/2 2488/2 2492/2 
f 2574/2 2573/2 2575/2 2576/2 
f 2574/2 2576/2 2577/2 2486/2 
f 2574/2 2486/2 2485/2 2489/2 
f 2577/2 2576/2 2578/2 2579/2 
f 2577/2 2579/2 2580/2 2483/2 
f 2577/2 2483/2 2482/2 2486/2 
f 2580/2 2579/2 1561/2 1560/2 
f 2580/2 1560/2 1559/2 2480/2 
f 2580/2 2480/2 2479/2 2483/2 
f 2579/2 2578/2 2581/2 1561/2 
f 2581/2 2582/2 2583/2 2584/2 
f 2581/2 2584/2 1562/2 1561/2 
f 2581/2 2578/2 2585/2 2582/2 
f 2585/2 2586/2 2587/2 2582/2 
f 2585/2 2578/2 2576/2 2575/2 
f 2585/2 2575/2 2588/2 2586/2 
f 2588/2 2589/2 2590/2 2586/2 
f 2588/2 2575/2 2573/2 2572/2 
f 2588/2 2572/2 2591/2 2589/2 
f 2591/2 2592/2 2593/2 2589/2 
f 2591/2 2572/2 2570/2 2569/2 
f 2591/2 2569/2 2594/2 2592/2 
f 2594/2 2595/2 2596/2 2592/2 
f 2594/2 2569/2 2567/2 2566/2 
f 2594/2 2566/2 2597/2 2595/2 
f 2597/2 2550/2 2549/2 2595/2 
f 2597/2 2566/2 2564/2 2563/2 
f 2597/2 2563/2 2551/2 2550/2 
f 2596/2 2598/2 2599/2 2600/2 
f 2596/2 2600/2 2593/2 2592/2 
f 2596/2 2595/2 2549/2 2598/2 
f 2600/2 2599/2 2601/2 2602/2 
f 2600/2 2602/2 2603/2 2593/2 
f 2603/2 2602/2 2604/2 2605/2 
f 2603/2 2605/2 2606/2 2590/2 
f 2603/2 2590/2 2589/2 2593/2 
f 2606/2 2605/2 2607/2 2608/2 
f 2606/2 2608/2 2609/2 2587/2 
f 2606/2 2587/2 2586/2 2590/2 
f 2609/2 2608/2 2610/2 1776/2 
f 2609/2 1776/2 1775/2 2583/2 
f 2609/2 2583/2 2582/2 2587/2 
f 2610/2 2611/2 2612/2 2613/2 
f 2610/2 2613/2 1768/2 1776/2 
f 2610/2 2608/2 2607/2 2611/2 
f 2613/2 2612/2 2614/2 2615/2 
f 2613/2 2615/2 1769/2 1768/2 
f 2615/2 2614/2 2616/2 2376/2 
f 2615/2 2376/2 2374/2 1769/2 
f 2616/2 2614/2 2617/2 2618/2 
f 2616/2 2618/2 2384/2 2379/2 
f 2616/2 2379/2 2377/2 2376/2 
f 2618/2 2617/2 1536/2 1533/2 
f 2618/2 1533/2 1532/2 2384/2 
f 2617/2 2614/2 2612/2 2619/2 
f 2617/2 2619/2 2620/2 1536/2 
f 2620/2 1659/2 1534/2 1536/2 
f 2620/2 2619/2 2621/2 2622/2 
f 2620/2 2622/2 1653/2 1659/2 
f 2622/2 2621/2 2623/2 2624/2 
f 2622/2 2624/2 1654/2 1653/2 
f 2624/2 2623/2 2604/2 2625/2 
f 2624/2 2625/2 2626/2 1654/2 
f 2626/2 2535/2 1655/2 1654/2 
f 2626/2 2625/2 2601/2 2627/2 
f 2626/2 2627/2 2536/2 2535/2 
f 2627/2 2601/2 2599/2 2628/2 
f 2627/2 2628/2 2537/2 2536/2 
f 2628/2 2599/2 2598/2 2546/2 
f 2628/2 2546/2 2539/2 2537/2 
f 2625/2 2604/2 2602/2 2601/2 
f 2623/2 2621/2 2611/2 2607/2 
f 2623/2 2607/2 2605/2 2604/2 
f 2621/2 2619/2 2612/2 2611/2 
f 2598/2 2549/2 2547/2 2546/2 
f 2584/2 2583/2 1775/2 1774/2 
f 2584/2 1774/2 1565/2 1562/2 
f 2563/2 2561/2 2553/2 2551/2 
f 2535/2 2526/2 1656/2 1655/2 
f 2520/2 2424/2 2422/2 2421/2 
f 2516/2 2515/2 1779/2 1778/2 
f 2480/2 1559/2 1590/2 2477/2 
f 2474/2 2629/2 1740/2 1736/2 
f 2474/2 2473/2 2630/2 2629/2 
f 2630/2 2347/2 2346/2 2629/2 
f 2630/2 2473/2 1557/2 1556/2 
f 2630/2 1556/2 1564/2 2347/2 
f 2629/2 2346/2 2631/2 1740/2 
f 2631/2 2339/2 2336/2 2335/2 
f 2631/2 2335/2 1737/2 1740/2 
f 2631/2 2346/2 2344/2 2339/2 
f 2473/2 2472/2 1588/2 1557/2 
f 2387/2 1535/2 1658/2 1661/2 
f 2374/2 2372/2 1770/2 1769/2 
f 2372/2 2370/2 2632/2 1770/2 
f 2632/2 2360/2 2356/2 1771/2 
f 2632/2 1771/2 1496/2 1770/2 
f 2632/2 2370/2 2368/2 2360/2 
f 2368/2 2364/2 2361/2 2360/2 
f 2363/2 2633/2 2634/2 2635/2 
f 2363/2 2635/2 2359/2 2358/2 
f 2363/2 1630/2 1629/2 2633/2 
f 2635/2 2634/2 1552/2 1551/2 
f 2635/2 1551/2 2636/2 2359/2 
f 2636/2 1551/2 1550/2 2637/2 
f 2636/2 2637/2 1698/2 2355/2 
f 2636/2 2355/2 2354/2 2359/2 
f 2637/2 1550/2 1555/2 2638/2 
f 2637/2 2638/2 1695/2 1698/2 
f 2638/2 1555/2 2183/2 2182/2 
f 2638/2 2182/2 1696/2 1695/2 
f 2634/2 2639/2 1553/2 1552/2 
f 2634/2 2633/2 2640/2 2639/2 
f 2640/2 2633/2 1629/2 2641/2 
f 2640/2 2641/2 2225/2 2642/2 
f 2640/2 2642/2 2187/2 2639/2 
f 2642/2 2225/2 2223/2 2222/2 
f 2642/2 2222/2 2188/2 2187/2 
f 2641/2 1629/2 1628/2 2228/2 
f 2641/2 2228/2 2226/2 2225/2 
f 2639/2 2187/2 2185/2 1553/2 
f 2355/2 1698/2 1697/2 2352/2 
f 2350/2 1565/2 1774/2 1773/2 
f 2342/2 2643/2 1612/2 1614/2 
f 2342/2 1599/2 2644/2 2643/2 
f 2644/2 1599/2 1471/2 2645/2 
f 2644/2 2645/2 2646/2 2647/2 
f 2644/2 2647/2 2648/2 2643/2 
f 2648/2 2647/2 2649/2 1792/2 
f 2648/2 1792/2 1791/2 1613/2 
f 2648/2 1613/2 1612/2 2643/2 
f 2649/2 2647/2 2646/2 2650/2 
f 2649/2 2650/2 2651/2 2652/2 
f 2649/2 2652/2 1789/2 1792/2 
f 2652/2 2651/2 1541/2 1540/2 
f 2652/2 1540/2 1543/2 1789/2 
f 2651/2 2650/2 2653/2 2654/2 
f 2651/2 2654/2 2655/2 1541/2 
f 2655/2 2654/2 2656/2 2657/2 
f 2655/2 2657/2 2658/2 2659/2 
f 2655/2 2659/2 1542/2 1541/2 
f 2659/2 2658/2 2660/2 2661/2 
f 2659/2 2661/2 2662/2 1542/2 
f 2662/2 2661/2 2663/2 2664/2 
f 2662/2 2664/2 2665/2 2666/2 
f 2662/2 2666/2 1462/2 1542/2 
f 2666/2 2665/2 2667/2 2668/2 
f 2666/2 2668/2 1537/2 1462/2 
f 2668/2 2667/2 2669/2 2670/2 
f 2668/2 2670/2 2671/2 1537/2 
f 2671/2 2672/2 1538/2 1537/2 
f 2671/2 2670/2 2673/2 2674/2 
f 2671/2 2674/2 2675/2 2672/2 
f 2675/2 2676/2 2677/2 2672/2 
f 2675/2 2674/2 2678/2 2679/2 
f 2675/2 2679/2 2680/2 2676/2 
f 2680/2 2681/2 2682/2 2676/2 
f 2680/2 2679/2 2683/2 2684/2 
f 2680/2 2684/2 2685/2 2681/2 
f 2685/2 2686/2 2687/2 2681/2 
f 2685/2 2684/2 2688/2 2689/2 
f 2685/2 2689/2 2690/2 2686/2 
f 2690/2 2691/2 2692/2 2686/2 
f 2690/2 2689/2 2693/2 2694/2 
f 2690/2 2694/2 2695/2 2691/2 
f 2695/2 2696/2 2697/2 2691/2 
f 2695/2 2694/2 2698/2 2699/2 
f 2695/2 2699/2 2700/2 2696/2 
f 2700/2 2701/2 2702/2 2696/2 
f 2700/2 2699/2 2127/2 2125/2 
f 2700/2 2125/2 2124/2 2701/2 
f 2702/2 1869/2 1866/2 1865/2 
f 2702/2 1865/2 2697/2 2696/2 
f 2702/2 2701/2 1871/2 1869/2 
f 2701/2 2124/2 1873/2 1871/2 
f 2699/2 2698/2 2703/2 2127/2 
f 2703/2 2698/2 2704/2 2705/2 
f 2703/2 2705/2 2132/2 2130/2 
f 2703/2 2130/2 2128/2 2127/2 
f 2705/2 2704/2 2706/2 2707/2 
f 2705/2 2707/2 2134/2 2132/2 
f 2707/2 2706/2 2708/2 2709/2 
f 2707/2 2709/2 2710/2 2134/2 
f 2710/2 2709/2 2711/2 2712/2 
f 2710/2 2712/2 2713/2 2137/2 
f 2710/2 2137/2 2135/2 2134/2 
f 2713/2 2712/2 2714/2 2715/2 
f 2713/2 2715/2 2716/2 2717/2 
f 2713/2 2717/2 2138/2 2137/2 
f 2717/2 2716/2 2718/2 2719/2 
f 2717/2 2719/2 2139/2 2138/2 
f 2719/2 2718/2 2720/2 2721/2 
f 2719/2 2721/2 2141/2 2139/2 
f 2721/2 2720/2 2722/2 2723/2 
f 2721/2 2723/2 2143/2 2141/2 
f 2723/2 2722/2 2724/2 2725/2 
f 2723/2 2725/2 2726/2 2143/2 
f 2726/2 2147/2 2144/2 2143/2 
f 2726/2 2725/2 2727/2 2728/2 
f 2726/2 2728/2 2729/2 2147/2 
f 2729/2 2152/2 2148/2 2147/2 
f 2729/2 2728/2 2730/2 2731/2 
f 2729/2 2731/2 2732/2 2152/2 
f 2732/2 2157/2 2153/2 2152/2 
f 2732/2 2731/2 2733/2 2734/2 
f 2732/2 2734/2 2735/2 2157/2 
f 2735/2 2162/2 2158/2 2157/2 
f 2735/2 2734/2 2736/2 2737/2 
f 2735/2 2737/2 2738/2 2162/2 
f 2738/2 2167/2 2163/2 2162/2 
f 2738/2 2737/2 2739/2 2740/2 
f 2738/2 2740/2 2741/2 2167/2 
f 2741/2 2172/2 2168/2 2167/2 
f 2741/2 2740/2 2742/2 1602/2 
f 2741/2 1602/2 1601/2 2172/2 
f 2742/2 2740/2 2739/2 2743/2 
f 2742/2 2743/2 2646/2 2645/2 
f 2742/2 2645/2 1471/2 1602/2 
f 2743/2 2739/2 2744/2 2653/2 
f 2743/2 2653/2 2650/2 2646/2 
f 2744/2 2739/2 2737/2 2736/2 
f 2744/2 2736/2 2745/2 2656/2 
f 2744/2 2656/2 2654/2 2653/2 
f 2745/2 2736/2 2734/2 2733/2 
f 2745/2 2733/2 2746/2 2747/2 
f 2745/2 2747/2 2657/2 2656/2 
f 2747/2 2746/2 2748/2 2749/2 
f 2747/2 2749/2 2658/2 2657/2 
f 2749/2 2748/2 2750/2 2751/2 
f 2749/2 2751/2 2660/2 2658/2 
f 2751/2 2750/2 2752/2 2753/2 
f 2751/2 2753/2 2754/2 2660/2 
f 2754/2 2753/2 2755/2 2756/2 
f 2754/2 2756/2 2757/2 2663/2 
f 2754/2 2663/2 2661/2 2660/2 
f 2757/2 2756/2 2758/2 2759/2 
f 2757/2 2759/2 2760/2 2761/2 
f 2757/2 2761/2 2664/2 2663/2 
f 2761/2 2760/2 2762/2 2763/2 
f 2761/2 2763/2 2665/2 2664/2 
f 2763/2 2762/2 2764/2 2765/2 
f 2763/2 2765/2 2667/2 2665/2 
f 2765/2 2764/2 2766/2 2767/2 
f 2765/2 2767/2 2669/2 2667/2 
f 2767/2 2766/2 2768/2 2769/2 
f 2767/2 2769/2 2770/2 2669/2 
f 2770/2 2673/2 2670/2 2669/2 
f 2770/2 2769/2 2771/2 2772/2 
f 2770/2 2772/2 2773/2 2673/2 
f 2773/2 2678/2 2674/2 2673/2 
f 2773/2 2772/2 2774/2 2775/2 
f 2773/2 2775/2 2776/2 2678/2 
f 2776/2 2683/2 2679/2 2678/2 
f 2776/2 2775/2 2777/2 2778/2 
f 2776/2 2778/2 2779/2 2683/2 
f 2779/2 2688/2 2684/2 2683/2 
f 2779/2 2778/2 2780/2 2781/2 
f 2779/2 2781/2 2782/2 2688/2 
f 2782/2 2693/2 2689/2 2688/2 
f 2782/2 2781/2 2708/2 2706/2 
f 2782/2 2706/2 2704/2 2693/2 
f 2781/2 2780/2 2783/2 2708/2 
f 2783/2 2780/2 2784/2 2785/2 
f 2783/2 2785/2 2786/2 2711/2 
f 2783/2 2711/2 2709/2 2708/2 
f 2786/2 2785/2 2787/2 2788/2 
f 2786/2 2788/2 2789/2 2714/2 
f 2786/2 2714/2 2712/2 2711/2 
f 2789/2 2788/2 2790/2 2791/2 
f 2789/2 2791/2 2792/2 2793/2 
f 2789/2 2793/2 2715/2 2714/2 
f 2793/2 2792/2 2794/2 2795/2 
f 2793/2 2795/2 2716/2 2715/2 
f 2795/2 2794/2 2796/2 2797/2 
f 2795/2 2797/2 2718/2 2716/2 
f 2797/2 2796/2 2798/2 2799/2 
f 2797/2 2799/2 2720/2 2718/2 
f 2799/2 2798/2 2800/2 2801/2 
f 2799/2 2801/2 2722/2 2720/2 
f 2801/2 2800/2 2802/2 2803/2 
f 2801/2 2803/2 2724/2 2722/2 
f 2803/2 2802/2 2804/2 2805/2 
f 2803/2 2805/2 2806/2 2724/2 
f 2806/2 2727/2 2725/2 2724/2 
f 2806/2 2805/2 2807/2 2808/2 
f 2806/2 2808/2 2809/2 2727/2 
f 2809/2 2730/2 2728/2 2727/2 
f 2809/2 2808/2 2750/2 2748/2 
f 2809/2 2748/2 2746/2 2730/2 
f 2808/2 2807/2 2752/2 2750/2 
f 2807/2 2805/2 2804/2 2810/2 
f 2807/2 2810/2 2811/2 2752/2 
f 2811/2 2810/2 2812/2 2813/2 
f 2811/2 2813/2 2814/2 2755/2 
f 2811/2 2755/2 2753/2 2752/2 
f 2814/2 2813/2 2815/2 2816/2 
f 2814/2 2816/2 2817/2 2758/2 
f 2814/2 2758/2 2756/2 2755/2 
f 2817/2 2816/2 2818/2 2819/2 
f 2817/2 2819/2 2820/2 2821/2 
f 2817/2 2821/2 2759/2 2758/2 
f 2821/2 2820/2 1507/2 1511/2 
f 2821/2 1511/2 2760/2 2759/2 
f 2820/2 2819/2 2822/2 2823/2 
f 2820/2 2823/2 1508/2 1507/2 
f 2823/2 2822/2 2824/2 2825/2 
f 2823/2 2825/2 2826/2 1508/2 
f 2826/2 2827/2 1509/2 1508/2 
f 2826/2 2825/2 2828/2 2829/2 
f 2826/2 2829/2 2830/2 2827/2 
f 2830/2 2831/2 2832/2 2827/2 
f 2830/2 2829/2 2833/2 2834/2 
f 2830/2 2834/2 2835/2 2831/2 
f 2835/2 2836/2 2768/2 2831/2 
f 2835/2 2834/2 2837/2 2838/2 
f 2835/2 2838/2 2839/2 2836/2 
f 2839/2 2840/2 2771/2 2836/2 
f 2839/2 2838/2 2841/2 2842/2 
f 2839/2 2842/2 2843/2 2840/2 
f 2843/2 2844/2 2774/2 2840/2 
f 2843/2 2842/2 2845/2 2846/2 
f 2843/2 2846/2 2847/2 2844/2 
f 2847/2 2784/2 2777/2 2844/2 
f 2847/2 2846/2 2848/2 2787/2 
f 2847/2 2787/2 2785/2 2784/2 
f 2848/2 2846/2 2845/2 2849/2 
f 2848/2 2849/2 2850/2 2790/2 
f 2848/2 2790/2 2788/2 2787/2 
f 2850/2 2849/2 1515/2 1514/2 
f 2850/2 1514/2 2851/2 2852/2 
f 2850/2 2852/2 2791/2 2790/2 
f 2852/2 2851/2 2853/2 2854/2 
f 2852/2 2854/2 2792/2 2791/2 
f 2854/2 2853/2 2855/2 2856/2 
f 2854/2 2856/2 2794/2 2792/2 
f 2856/2 2855/2 2857/2 2858/2 
f 2856/2 2858/2 2796/2 2794/2 
f 2858/2 2857/2 2859/2 2860/2 
f 2858/2 2860/2 2798/2 2796/2 
f 2860/2 2859/2 2861/2 2862/2 
f 2860/2 2862/2 2800/2 2798/2 
f 2862/2 2861/2 1607/2 2863/2 
f 2862/2 2863/2 2802/2 2800/2 
f 2863/2 1607/2 1606/2 2864/2 
f 2863/2 2864/2 2804/2 2802/2 
f 2864/2 1606/2 1608/2 2812/2 
f 2864/2 2812/2 2810/2 2804/2 
f 2861/2 2859/2 2865/2 2866/2 
f 2861/2 2866/2 1603/2 1607/2 
f 2866/2 2865/2 2867/2 2868/2 
f 2866/2 2868/2 1604/2 1603/2 
f 2868/2 2867/2 2869/2 2870/2 
f 2868/2 2870/2 2871/2 1604/2 
f 2871/2 2872/2 1605/2 1604/2 
f 2871/2 2870/2 2873/2 2874/2 
f 2871/2 2874/2 2818/2 2872/2 
f 2874/2 2873/2 2824/2 2822/2 
f 2874/2 2822/2 2819/2 2818/2 
f 2873/2 2870/2 2869/2 2875/2 
f 2873/2 2875/2 2876/2 2824/2 
f 2876/2 2875/2 1593/2 1592/2 
f 2876/2 1592/2 2877/2 2828/2 
f 2876/2 2828/2 2825/2 2824/2 
f 2877/2 2833/2 2829/2 2828/2 
f 2877/2 1592/2 1591/2 2878/2 
f 2877/2 2878/2 2879/2 2833/2 
f 2879/2 2837/2 2834/2 2833/2 
f 2879/2 2878/2 2880/2 2881/2 
f 2879/2 2881/2 2882/2 2837/2 
f 2882/2 2841/2 2838/2 2837/2 
f 2882/2 2881/2 1517/2 1516/2 
f 2882/2 1516/2 1518/2 2841/2 
f 2881/2 2880/2 2883/2 1517/2 
f 2883/2 2884/2 1513/2 1517/2 
f 2883/2 2880/2 1596/2 2885/2 
f 2883/2 2885/2 2886/2 2884/2 
f 2886/2 2853/2 2851/2 2884/2 
f 2886/2 2885/2 2887/2 2888/2 
f 2886/2 2888/2 2855/2 2853/2 
f 2888/2 2887/2 2889/2 2890/2 
f 2888/2 2890/2 2857/2 2855/2 
f 2890/2 2889/2 2867/2 2865/2 
f 2890/2 2865/2 2859/2 2857/2 
f 2889/2 2887/2 1595/2 1594/2 
f 2889/2 1594/2 2869/2 2867/2 
f 2887/2 2885/2 1596/2 1595/2 
f 2884/2 2851/2 1514/2 1513/2 
f 2880/2 2878/2 1591/2 1596/2 
f 2875/2 2869/2 1594/2 1593/2 
f 2872/2 2815/2 1608/2 1605/2 
f 2872/2 2818/2 2816/2 2815/2 
f 2849/2 2845/2 1518/2 1515/2 
f 2845/2 2842/2 2841/2 1518/2 
f 2844/2 2777/2 2775/2 2774/2 
f 2840/2 2774/2 2772/2 2771/2 
f 2836/2 2771/2 2769/2 2768/2 
f 2832/2 2766/2 2764/2 1512/2 
f 2832/2 1512/2 1509/2 2827/2 
f 2832/2 2831/2 2768/2 2766/2 
f 2815/2 2813/2 2812/2 1608/2 
f 2784/2 2780/2 2778/2 2777/2 
f 2764/2 2762/2 1510/2 1512/2 
f 2762/2 2760/2 1511/2 1510/2 
f 2746/2 2733/2 2731/2 2730/2 
f 2704/2 2698/2 2694/2 2693/2 
f 2697/2 1865/2 1861/2 1860/2 
f 2697/2 1860/2 2692/2 2691/2 
f 2692/2 1860/2 1856/2 1855/2 
f 2692/2 1855/2 2687/2 2686/2 
f 2687/2 1855/2 1852/2 1851/2 
f 2687/2 1851/2 2682/2 2681/2 
f 2682/2 1851/2 1849/2 2891/2 
f 2682/2 2891/2 2677/2 2676/2 
f 2891/2 1849/2 1847/2 2892/2 
f 2891/2 2892/2 2893/2 2677/2 
f 2893/2 2892/2 2894/2 2895/2 
f 2893/2 2895/2 1539/2 1538/2 
f 2893/2 1538/2 2672/2 2677/2 
f 2895/2 2894/2 1795/2 1790/2 
f 2895/2 1790/2 1543/2 1539/2 
f 2894/2 1846/2 1845/2 1795/2 
f 2894/2 2892/2 1847/2 1846/2 
f 2338/2 1614/2 1611/2 1669/2 
f 2335/2 2333/2 1738/2 1737/2 
f 2332/2 2331/2 1665/2 1664/2 
f 2301/2 2297/2 2278/2 2277/2 
f 2270/2 2266/2 1729/2 1731/2 
f 2270/2 1731/2 1839/2 1838/2 
f 2250/2 2093/2 2100/2 1575/2 
f 2222/2 2220/2 2189/2 2188/2 
f 2220/2 2219/2 2191/2 2189/2 
f 2219/2 1749/2 1586/2 2191/2 
f 2215/2 2203/2 2201/2 2200/2 
f 2197/2 2195/2 1584/2 1583/2 
f 2192/2 2191/2 1586/2 1585/2 
f 2182/2 2178/2 2177/2 1696/2 
f 2177/2 2173/2 2172/2 1601/2 
f 2177/2 1601/2 1598/2 1696/2 
f 2151/2 1632/2 1631/2 2146/2 
f 2122/2 1877/2 1874/2 1873/2 
f 2120/2 1880/2 1878/2 1877/2 
f 2120/2 2118/2 1882/2 1880/2 
f 2118/2 2116/2 2115/2 1882/2 
f 2115/2 1886/2 1883/2 1882/2 
f 2115/2 2113/2 2896/2 1886/2 
f 2896/2 1891/2 1887/2 1886/2 
f 2896/2 2113/2 2112/2 2897/2 
f 2896/2 2897/2 2898/2 1891/2 
f 2898/2 1894/2 1892/2 1891/2 
f 2898/2 2897/2 1505/2 1504/2 
f 2898/2 1504/2 2899/2 1894/2 
f 2899/2 1504/2 1503/2 2900/2 
f 2899/2 2900/2 1616/2 1615/2 
f 2899/2 1615/2 1619/2 1894/2 
f 2900/2 1503/2 1502/2 2901/2 
f 2900/2 2901/2 1916/2 1616/2 
f 2901/2 1502/2 1921/2 1919/2 
f 2901/2 1919/2 1917/2 1916/2 
f 2897/2 2112/2 1506/2 1505/2 
f 2100/2 1745/2 1576/2 1575/2 
f 2083/2 2082/2 1935/2 1934/2 
f 2073/2 2069/2 2068/2 1940/2 
f 2068/2 2064/2 2063/2 1943/2 
f 2068/2 1943/2 1941/2 1940/2 
f 2063/2 2059/2 2058/2 1947/2 
f 2063/2 1947/2 1944/2 1943/2 
f 2058/2 2054/2 2053/2 1950/2 
f 2058/2 1950/2 1948/2 1947/2 
f 2053/2 2049/2 2048/2 2902/2 
f 2053/2 2902/2 1951/2 1950/2 
f 2902/2 2048/2 2903/2 2904/2 
f 2902/2 2904/2 1952/2 1951/2 
f 2904/2 2903/2 2905/2 1957/2 
f 2904/2 1957/2 1954/2 1952/2 
f 2905/2 2903/2 2043/2 2906/2 
f 2905/2 2906/2 2907/2 1960/2 
f 2905/2 1960/2 1958/2 1957/2 
f 2907/2 2906/2 2038/2 2908/2 
f 2907/2 2908/2 2909/2 1963/2 
f 2907/2 1963/2 1961/2 1960/2 
f 2909/2 2908/2 2033/2 2910/2 
f 2909/2 2910/2 1968/2 1966/2 
f 2909/2 1966/2 1964/2 1963/2 
f 2910/2 2033/2 2029/2 2028/2 
f 2910/2 2028/2 1970/2 1968/2 
f 2908/2 2038/2 2034/2 2033/2 
f 2906/2 2043/2 2039/2 2038/2 
f 2903/2 2048/2 2044/2 2043/2 
f 2028/2 2024/2 1972/2 1970/2 
f 2020/2 1975/2 1973/2 1972/2 
f 1916/2 1914/2 1617/2 1616/2 
f 1914/2 1912/2 1620/2 1617/2 
f 1912/2 1910/2 1897/2 1620/2 
f 1910/2 1908/2 1898/2 1897/2 
f 1908/2 1906/2 1899/2 1898/2 
f 1897/2 1895/2 1618/2 1620/2 
f 1890/2 1690/2 1689/2 1885/2 
f 1876/2 1692/2 1530/2 1529/2 
f 1859/2 1651/2 1650/2 1854/2 
f 1845/2 1843/2 1621/2 1625/2 
f 1845/2 1625/2 1796/2 1795/2 
f 1840/2 1839/2 1731/2 1728/2 
f 1840/2 1728/2 1623/2 1622/2 
f 1819/2 1547/2 1549/2 1570/2 
f 1800/2 1759/2 1640/2 1639/2 
f 1797/2 1624/2 1626/2 1725/2 
f 1797/2 1796/2 1625/2 1624/2 
f 1794/2 1609/2 1613/2 1791/2 
f 1794/2 1670/2 1610/2 1609/2 
f 1788/2 1785/2 1780/2 1782/2 
f 1785/2 1784/2 1781/2 1780/2 
f 1712/2 1711/2 1519/2 1523/2 
f 1680/2 1679/2 1522/2 1524/2 
f 1659/2 1658/2 1535/2 1534/2 
# 1455 polygons

#
# object SpinalCord2
#

v  -26.873617 2.180897 1.138102
v  -26.460960 2.069532 1.307229
v  -26.002848 2.069531 1.548360
v  -25.539690 2.069531 1.646683
v  -25.056347 2.069532 1.526620
v  -24.623466 2.069530 1.340085
v  -24.215857 2.180896 1.123304
v  -27.301813 2.126934 0.700308
v  -26.767050 1.991814 0.756621
v  -26.155893 1.991814 0.812910
v  -25.544016 1.991814 0.829658
v  -24.929255 1.991814 0.810444
v  -24.321703 1.991814 0.763960
v  -23.787661 2.126934 0.708229
v  -27.511839 2.192514 0.274480
v  -26.913155 2.057235 0.233320
v  -26.228947 2.057235 0.219445
v  -25.544737 2.057235 0.193384
v  -24.860527 2.057235 0.231407
v  -24.176319 2.057235 0.247276
v  -23.577635 2.195493 0.346252
v  -27.511839 2.258093 -0.134445
v  -26.913155 2.122654 -0.277387
v  -26.228947 2.122654 -0.358436
v  -25.544737 2.122654 -0.514582
v  -24.860527 2.122654 -0.286664
v  -24.176319 2.122654 -0.263431
v  -23.577635 2.275970 -0.122483
v  -27.301813 2.323673 -0.549806
v  -26.767050 2.188074 -0.789013
v  -26.155893 2.188074 -0.881872
v  -25.544737 2.188074 -0.915814
v  -24.933580 2.188074 -0.869909
v  -24.322424 2.188074 -0.787657
v  -23.787661 2.326652 -0.554272
v  -26.873617 2.480270 -0.920117
v  -26.460960 2.381076 -1.217569
v  -26.002848 2.381076 -1.333037
v  -25.544737 2.381076 -1.345063
v  -25.086626 2.381076 -1.333037
v  -24.628513 2.381076 -1.222036
v  -24.215857 2.480270 -0.943935
v  -26.873617 18.579317 1.537314
v  -26.460960 18.685186 1.793461
v  -26.002848 18.685186 2.023436
v  -25.539690 18.685186 2.138838
v  -25.056347 18.685186 2.018495
v  -24.623466 18.685186 1.802976
v  -24.215857 18.579317 1.514549
v  -27.301813 18.686033 1.090253
v  -26.767050 18.821550 1.235564
v  -26.155893 18.821550 1.315394
v  -25.544016 18.821550 1.336699
v  -24.929255 18.821550 1.314866
v  -24.321703 18.821550 1.236944
v  -23.787661 18.686033 1.085477
v  -27.511839 18.686882 0.660744
v  -26.913155 18.821550 0.705028
v  -26.228947 18.821550 0.725783
v  -25.544737 18.821550 0.727830
v  -24.860527 18.821550 0.725783
v  -24.176319 18.821550 0.705028
v  -23.577635 18.686882 0.660743
v  -27.511839 18.687731 0.248801
v  -26.913155 18.821550 0.190557
v  -26.228918 18.821550 0.171065
v  -25.544535 18.821550 0.169142
v  -24.860325 18.821550 0.171065
v  -24.176289 18.821550 0.190556
v  -23.577635 18.687731 0.248801
v  -27.301813 18.688576 -0.169578
v  -26.767050 18.821550 -0.324836
v  -26.155720 18.821550 -0.383654
v  -25.543524 18.821550 -0.389547
v  -24.932367 18.821550 -0.383653
v  -24.322250 18.821550 -0.325474
v  -23.787661 18.688580 -0.174044
v  -26.873617 18.586473 -0.542262
v  -26.460960 18.689426 -0.769305
v  -26.002819 18.689426 -0.856944
v  -25.544535 18.689426 -0.866225
v  -25.086424 18.689426 -0.856944
v  -24.628485 18.689426 -0.773770
v  -24.215857 18.586475 -0.566082
v  -26.864826 5.543340 1.515682
v  -26.412663 5.535000 1.842450
v  -25.978699 5.534999 2.112690
v  -25.538969 5.534999 2.232399
v  -25.076170 5.535000 2.094270
v  -24.671045 5.535000 1.853205
v  -24.228273 5.541435 1.482324
v  -23.733023 5.590296 1.009514
v  -23.495735 5.666553 0.599219
v  -23.492109 5.735188 0.191844
v  -23.711267 5.799958 -0.180813
v  -24.224648 5.848552 -0.612876
v  -24.676811 5.866687 -0.852411
v  -25.110775 5.868646 -0.933709
v  -25.544737 5.868646 -0.942517
v  -25.978699 5.868646 -0.933276
v  -26.412663 5.868646 -0.845280
v  -26.864826 5.860305 -0.586001
v  -27.378208 5.801917 -0.175995
v  -27.597364 5.735188 0.222125
v  -27.597364 5.668458 0.614567
v  -27.378208 5.601727 1.025300
v  -26.864826 8.373583 1.725513
v  -26.412663 8.367064 2.093492
v  -25.978699 8.367062 2.407731
v  -25.538969 8.367063 2.497289
v  -25.076170 8.367063 2.351550
v  -24.671045 8.367063 2.096971
v  -24.224648 8.373583 1.684361
v  -23.711267 8.419215 1.159648
v  -23.492109 8.471369 0.747858
v  -23.492109 8.523521 0.383970
v  -23.711267 8.575672 0.044322
v  -24.224648 8.621306 -0.416066
v  -24.676811 8.627351 -0.613175
v  -25.110508 8.624383 -0.681122
v  -25.543091 8.623457 -0.689054
v  -25.978155 8.625217 -0.681122
v  -26.412615 8.627490 -0.596879
v  -26.864826 8.621306 -0.323705
v  -27.378208 8.575673 0.034126
v  -27.597364 8.523521 0.423664
v  -27.597364 8.471369 0.817039
v  -27.378208 8.419215 1.228705
v  -26.935543 12.235769 1.847004
v  -26.412663 12.327356 2.265009
v  -25.978699 12.327355 2.566966
v  -25.538969 12.327355 2.680711
v  -25.076170 12.327355 2.538160
v  -24.671045 12.327354 2.269996
v  -24.167658 12.230506 1.838907
v  -23.630445 12.265537 1.341871
v  -23.492107 12.400625 0.952465
v  -23.492109 12.437260 0.557871
v  -23.713146 12.473895 0.159079
v  -24.137238 12.406605 -0.203048
v  -24.567795 12.409991 -0.429129
v  -25.109341 12.511964 -0.501388
v  -25.544533 12.510756 -0.508123
v  -25.978699 12.510529 -0.501388
v  -26.509325 12.411382 -0.431126
v  -26.963531 12.408451 -0.231479
v  -27.377819 12.473894 0.153470
v  -27.597301 12.437260 0.557376
v  -27.597364 12.400623 0.952465
v  -27.472755 12.271265 1.312456
v  -26.864826 15.143574 1.776475
v  -26.412663 15.140779 2.145410
v  -25.978699 15.140779 2.414218
v  -25.538969 15.140779 2.551207
v  -25.076170 15.140779 2.414516
v  -24.671045 15.140779 2.156056
v  -24.224648 15.143574 1.743961
v  -23.711266 15.163144 1.270523
v  -23.492107 15.185513 0.862965
v  -23.492109 15.207884 0.467809
v  -23.711535 15.230254 0.061373
v  -24.226259 15.249825 -0.372437
v  -24.677080 15.252623 -0.562997
v  -25.110775 15.252623 -0.629276
v  -25.544737 15.252623 -0.636927
v  -25.978699 15.252623 -0.629276
v  -26.412663 15.252623 -0.559074
v  -26.864437 15.249827 -0.351863
v  -27.375877 15.230254 0.047472
v  -27.596977 15.207886 0.464838
v  -27.597364 15.185513 0.862966
v  -27.378206 15.163144 1.276413
v  -27.597366 11.092310 0.536846
v  -27.378208 11.135769 0.139519
v  -26.964005 11.164288 -0.234204
v  -26.510733 11.167550 -0.466171
v  -25.978155 11.176620 -0.529805
v  -25.541862 11.176230 -0.536745
v  -25.101908 11.184395 -0.529806
v  -24.557871 11.166754 -0.471881
v  -24.135582 11.159934 -0.236668
v  -23.713146 11.135769 0.143078
v  -23.492109 11.092310 0.537620
v  -23.492107 11.048852 0.931059
v  -23.639891 11.001360 1.317473
v  -24.177101 10.960767 1.808445
v  -24.671045 10.961931 2.242553
v  -25.076170 10.961931 2.507624
v  -25.538969 10.961931 2.655871
v  -25.978699 10.961934 2.572667
v  -26.412663 10.961934 2.241618
v  -26.935543 10.953550 1.816315
v  -27.472755 10.994650 1.282757
v  -27.597364 11.048850 0.931059
v  -27.597364 9.911880 0.491846
v  -27.378208 9.960653 0.099631
v  -26.864826 10.003331 -0.267410
v  -26.412384 10.007413 -0.515394
v  -25.975435 9.993778 -0.591858
v  -25.534653 9.983447 -0.599242
v  -25.107740 9.990206 -0.591859
v  -24.675648 10.007198 -0.528295
v  -24.226055 10.003396 -0.339397
v  -23.711535 9.960653 0.118348
v  -23.492109 9.911881 0.490418
v  -23.492109 9.863107 0.874264
v  -23.711266 9.814331 1.281392
v  -24.224648 9.771656 1.763683
v  -24.671045 9.765557 2.183167
v  -25.076170 9.765558 2.443447
v  -25.538969 9.765557 2.591043
v  -25.978699 9.765557 2.507433
v  -26.412663 9.765559 2.181403
v  -26.864826 9.771655 1.797386
v  -27.378208 9.814332 1.297809
v  -27.597364 9.863107 0.885682
v  -26.984905 3.244468 -0.784860
v  -26.549379 3.252393 -1.114472
v  -25.978699 3.333362 -1.232385
v  -25.544737 3.333362 -1.243950
v  -25.110775 3.333362 -1.232817
v  -24.542837 3.260022 -1.107234
v  -24.118362 3.245094 -0.800249
v  -23.711267 3.282590 -0.386324
v  -23.492109 3.307242 0.018403
v  -23.495735 3.149265 0.420996
v  -23.631872 3.003461 0.751073
v  -24.124138 2.948613 1.217008
v  -24.671045 2.999916 1.580206
v  -25.076170 2.999916 1.798131
v  -25.538969 2.999916 1.934611
v  -25.978699 2.999915 1.819559
v  -26.412663 2.999916 1.564551
v  -26.985544 2.942237 1.250219
v  -27.485523 3.000467 0.744600
v  -27.597364 3.133294 0.408928
v  -27.597364 3.199984 0.016409
v  -27.378206 3.266672 -0.383465
v  -26.994991 4.329374 -0.675522
v  -26.551395 4.335327 -0.976467
v  -25.978699 4.400945 -1.082566
v  -25.544737 4.400945 -1.093056
v  -25.110775 4.400945 -1.085162
v  -24.542309 4.333851 -0.979192
v  -24.115139 4.253315 -0.611357
v  -23.711267 4.324228 -0.269233
v  -23.492109 4.282935 0.118798
v  -23.513865 4.188662 0.515197
v  -23.764803 4.010251 0.859085
v  -24.135719 4.018916 1.329103
v  -24.671045 4.061228 1.717427
v  -25.076170 4.061228 1.946025
v  -25.538969 4.061227 2.059253
v  -25.978699 4.061227 1.822333
v  -26.412663 4.061228 1.682081
v  -26.990788 4.023831 1.355254
v  -27.493639 4.082409 0.843551
v  -27.597364 4.197114 0.515238
v  -27.597364 4.265059 0.122833
v  -27.378206 4.333002 -0.276926
v  -27.378206 16.571049 1.199843
v  -27.597364 16.585125 0.786223
v  -27.597301 16.599203 0.390398
v  -27.377819 16.613281 -0.014762
v  -26.864761 16.625599 -0.429835
v  -26.412663 16.627357 -0.659568
v  -25.978699 16.627357 -0.737632
v  -25.544737 16.627357 -0.746059
v  -25.110775 16.627357 -0.737632
v  -24.676811 16.627357 -0.664672
v  -24.224648 16.625599 -0.459965
v  -23.711267 16.613281 -0.016896
v  -23.492109 16.599203 0.390893
v  -23.492109 16.585125 0.786223
v  -23.711267 16.571051 1.193953
v  -24.224648 16.558735 1.664538
v  -24.671045 16.556976 2.057842
v  -25.076170 16.556974 2.308566
v  -25.538969 16.556974 2.439928
v  -25.978699 16.556974 2.280906
v  -26.412663 16.556976 2.041901
v  -26.864826 16.558735 1.696926
v  -27.378206 17.726311 1.126779
v  -27.597364 17.733160 0.713056
v  -27.597364 17.740011 0.317623
v  -27.378206 17.746864 -0.085164
v  -26.864826 17.752859 -0.505854
v  -26.412663 17.753716 -0.755138
v  -25.978699 17.753716 -0.840679
v  -25.544737 17.753716 -0.849843
v  -25.110775 17.753716 -0.840679
v  -24.676811 17.753716 -0.760243
v  -24.224648 17.752859 -0.536479
v  -23.711267 17.746862 -0.090269
v  -23.492109 17.740011 0.317623
v  -23.492109 17.733160 0.713056
v  -23.711267 17.726311 1.120889
v  -24.224648 17.720318 1.588666
v  -24.671045 17.719460 1.963870
v  -25.076170 17.719460 2.207380
v  -25.538969 17.719460 2.343841
v  -25.978699 17.719461 2.213596
v  -26.412663 17.719461 1.952849
v  -26.864826 17.720318 1.620929
v  -19.407356 2.496546 -0.458022
v  -19.366451 2.830268 -0.463820
v  -19.314178 2.823096 -0.281049
v  -19.355066 2.494207 -0.282942
v  -31.719055 3.128865 -0.181984
v  -31.660990 2.666373 -0.197810
v  -31.661243 2.649596 -0.010742
v  -31.715389 3.105603 0.011953
v  -28.475716 3.511564 0.587938
v  -28.403337 2.435648 0.542771
v  -28.454384 2.457176 0.104475
v  -28.551777 3.525238 0.112876
v  -29.437754 3.239909 0.358817
v  -29.279041 2.379229 0.304768
v  -29.401140 2.426317 -0.062035
v  -29.560133 3.288081 -0.072293
v  -30.318184 3.115031 0.244996
v  -30.216217 2.462620 0.211146
v  -30.283365 2.492007 -0.140314
v  -30.426041 3.206429 -0.143255
v  -31.148537 3.183831 0.171058
v  -31.062782 2.551289 0.147557
v  -31.083197 2.586096 -0.198199
v  -31.176416 3.233159 -0.194056
v  -22.813961 3.531496 0.630279
v  -22.746033 3.576252 0.235983
v  -22.773163 2.558338 0.164811
v  -22.840191 2.506770 0.526448
v  -21.530624 3.244531 0.216253
v  -21.651611 3.268928 -0.142544
v  -21.715565 2.490463 -0.158327
v  -21.595896 2.463190 0.205758
v  -20.492008 3.109798 0.082517
v  -20.616545 3.134064 -0.296388
v  -20.693947 2.543377 -0.297364
v  -20.592907 2.498638 0.081494
v  -19.669638 2.948539 -0.054902
v  -19.741894 2.975120 -0.406425
v  -19.805649 2.500034 -0.398587
v  -19.737274 2.472968 -0.065720
v  -19.493387 2.460816 -0.826154
v  -19.451548 2.822317 -0.829825
v  -19.393450 2.842343 -0.649322
v  -19.449207 2.479518 -0.651266
v  -31.616892 2.635709 -0.384105
v  -31.706825 3.138935 -0.378535
v  -31.705173 3.146827 -0.562643
v  -31.624538 2.639105 -0.569748
v  -19.755148 3.009250 -0.594038
v  -19.805977 2.990990 -0.952331
v  -19.860003 2.428974 -0.914010
v  -19.844170 2.452096 -0.581596
v  -20.630838 3.136632 -0.497473
v  -20.588640 3.127482 -0.917820
v  -20.644783 2.541903 -0.906747
v  -20.714710 2.524968 -0.495488
v  -21.694216 3.279000 -0.360663
v  -21.652407 3.274822 -0.766941
v  -21.692680 2.527738 -0.777898
v  -21.752424 2.498933 -0.374693
v  -22.882200 3.624951 -0.381461
v  -22.986315 3.644564 -0.723669
v  -22.996628 2.642217 -0.790483
v  -22.919466 2.617058 -0.434555
v  -28.140209 3.590222 -0.808013
v  -28.419563 3.585174 -0.427271
v  -28.309809 2.537621 -0.501910
v  -28.104931 2.562860 -0.893764
v  -29.411762 3.281930 -0.724912
v  -29.538713 3.279324 -0.348534
v  -29.407593 2.455528 -0.361905
v  -29.291315 2.465907 -0.733833
v  -30.381485 3.253145 -0.672171
v  -30.448393 3.245209 -0.325838
v  -30.268856 2.524910 -0.324813
v  -30.234867 2.530435 -0.709929
v  -31.171278 3.288611 -0.668392
v  -31.192209 3.265026 -0.353042
v  -31.038158 2.523164 -0.356069
v  -31.046036 2.528998 -0.689149
v  -31.714027 11.548041 0.123830
v  -31.459888 11.548041 0.018310
v  -31.459888 10.979312 -0.005428
v  -31.714027 10.979313 0.112234
v  -31.451305 11.003765 0.434155
v  -31.451305 11.585936 0.444099
v  -31.773293 11.607977 0.248419
v  -31.773293 11.026971 0.227114
v  -27.651773 12.096350 -0.330743
v  -28.075127 12.096350 0.016901
v  -28.079185 11.089157 -0.003142
v  -27.665239 11.089157 -0.397233
v  -28.719048 11.861358 -0.139130
v  -29.176884 11.861358 0.176296
v  -29.177561 10.924182 0.152318
v  -28.721291 10.924182 -0.218676
v  -29.842800 11.778916 -0.005967
v  -30.296452 11.778915 0.229617
v  -30.296452 10.987231 0.210734
v  -29.842800 10.987231 -0.068608
v  -27.884855 12.012576 1.365985
v  -27.883747 10.900658 1.324169
v  -28.301296 10.945690 0.751688
v  -28.302399 12.053906 0.793277
v  -28.870388 11.922951 0.803777
v  -28.863745 10.889179 0.778220
v  -29.195623 10.931046 0.362053
v  -29.202230 11.961373 0.387471
v  -29.950216 11.769210 0.587393
v  -29.949108 10.949656 0.570501
v  -30.366659 10.982848 0.290500
v  -30.367760 11.799671 0.313704
v  -30.855413 11.710072 0.523881
v  -30.855413 10.923617 0.519311
v  -31.290096 10.955468 0.209673
v  -31.290096 11.739302 0.252639
v  -31.060986 11.700208 0.280284
v  -31.060986 10.931625 0.266479
v  -30.674160 10.931626 0.062239
v  -30.674160 11.700208 0.108038
v  -19.558239 11.483765 0.121736
v  -19.424669 11.486971 0.315780
v  -19.408482 11.016078 0.274302
v  -19.541498 11.012416 0.084967
v  -19.422962 11.528497 0.524765
v  -19.693333 11.510001 0.728293
v  -19.693333 11.021205 0.706412
v  -19.422962 11.040700 0.500006
v  -23.020027 12.098923 0.126634
v  -23.308884 12.099639 -0.303668
v  -23.289896 11.052706 -0.412899
v  -23.009325 11.049124 0.030645
v  -22.018768 11.986654 0.399995
v  -22.290384 11.987536 0.009849
v  -22.259527 10.927255 -0.053768
v  -21.988476 10.922846 0.319858
v  -21.297356 11.853198 0.041127
v  -21.253468 10.923479 -0.041576
v  -20.942732 10.916473 0.296185
v  -21.033443 11.851798 0.374736
v  -20.151323 11.697328 0.347556
v  -20.378607 11.696163 0.008984
v  -20.378658 10.934254 -0.054665
v  -20.138664 10.936828 0.264033
v  -23.357344 11.962479 1.673644
v  -22.922661 11.999366 1.142299
v  -23.011198 11.010242 1.147380
v  -23.445881 10.970048 1.628866
v  -22.431995 11.913424 1.280875
v  -21.997314 11.950966 0.729587
v  -22.012070 10.944344 0.692818
v  -22.446753 10.903440 1.235589
v  -21.498318 11.783255 0.984926
v  -21.063635 11.815995 0.588221
v  -21.063635 10.938017 0.555971
v  -21.498318 10.902341 0.952500
v  -20.582087 11.672879 0.889000
v  -20.159847 11.701677 0.536248
v  -20.159847 10.929683 0.505085
v  -20.582087 10.898321 0.859332
v  -26.871134 1.959104 0.982208
v  -26.340576 1.959104 1.128684
v  -25.810017 1.959103 1.246000
v  -25.267923 1.959104 1.236457
v  -24.737364 1.959104 1.136951
v  -24.218340 1.959103 0.988238
v  -27.194132 2.024524 0.473400
v  -26.534374 2.024524 0.496802
v  -25.874615 2.024524 0.501357
v  -25.214859 2.024524 0.501357
v  -24.555099 2.024524 0.496802
v  -23.895342 2.024524 0.505299
v  -27.275637 2.089944 0.015548
v  -26.583277 2.089944 -0.042033
v  -25.890917 2.089944 -0.140354
v  -25.198557 2.089944 -0.108456
v  -24.506197 2.089944 -0.010134
v  -23.813837 2.089944 0.047447
v  -27.194132 2.155364 -0.442305
v  -26.534374 2.155364 -0.580868
v  -25.874615 2.155364 -0.694954
v  -25.214859 2.155364 -0.663055
v  -24.555099 2.155364 -0.548969
v  -23.895342 2.155364 -0.442305
v  -26.871134 2.220785 -0.914868
v  -26.340576 2.220785 -1.119703
v  -25.810017 2.220785 -1.162441
v  -25.279457 2.220785 -1.162441
v  -24.748898 2.220785 -1.119703
v  -24.218340 2.220785 -0.925076
v  -26.871134 18.821550 1.430997
v  -26.340576 18.821550 1.629277
v  -25.810017 18.821550 1.747031
v  -25.267923 18.821550 1.744615
v  -24.737364 18.821550 1.632907
v  -24.218340 18.821550 1.425263
v  -27.194132 18.821550 0.908185
v  -26.534374 18.821550 0.991044
v  -25.874615 18.821550 1.007174
v  -25.214857 18.821550 1.007174
v  -24.555099 18.821550 0.991044
v  -23.895342 18.821550 0.908185
v  -27.275637 18.821550 0.446957
v  -26.583277 18.821550 0.448237
v  -25.890917 18.821550 0.448486
v  -25.198557 18.821550 0.448486
v  -24.506197 18.821550 0.448237
v  -23.813837 18.821550 0.446957
v  -27.194132 18.821550 -0.014272
v  -26.534374 18.821550 -0.094571
v  -25.874153 18.821550 -0.110202
v  -25.213934 18.821550 -0.110202
v  -24.554638 18.821550 -0.094571
v  -23.895342 18.821550 -0.014272
v  -26.871134 18.821550 -0.490211
v  -26.340576 18.821550 -0.637379
v  -25.809553 18.821550 -0.668891
v  -25.278532 18.821550 -0.668891
v  -24.748436 18.821550 -0.637378
v  -24.218340 18.821550 -0.500419
v  -26.629642 2.466236 1.359923
v  -26.195681 2.466235 1.610093
v  -25.761719 2.466235 1.823974
v  -25.304686 2.466235 1.794683
v  -24.870724 2.466235 1.605947
v  -24.459831 2.466234 1.361508
v  -26.629642 6.959467 1.810916
v  -26.195681 6.959466 2.139866
v  -25.761719 6.959466 2.356006
v  -25.304686 6.959467 2.319783
v  -24.870724 6.959467 2.116800
v  -24.459831 6.959466 1.800514
v  -26.629642 9.200755 1.974998
v  -26.195681 9.200754 2.329634
v  -25.761719 9.200753 2.549173
v  -25.304686 9.200753 2.506860
v  -24.870724 9.200753 2.299992
v  -24.459831 9.200754 1.964108
v  -26.629642 13.729237 2.037420
v  -26.195681 13.729237 2.371251
v  -25.761719 13.729237 2.591731
v  -25.304686 13.729237 2.580589
v  -24.870724 13.729237 2.370990
v  -24.459831 13.729236 2.024741
v  -26.629642 15.986887 1.930543
v  -26.195681 15.986887 2.224011
v  -25.761719 15.986886 2.441038
v  -25.304686 15.986885 2.451680
v  -24.870724 15.986886 2.246231
v  -24.459831 15.986887 1.918561
v  -23.953060 2.499264 0.975440
v  -23.565464 2.565322 0.565158
v  -23.467657 2.679052 0.172581
v  -23.565464 2.745110 -0.251894
v  -23.953060 2.763498 -0.694308
v  -23.953060 6.989238 1.332631
v  -23.565464 7.048783 0.866086
v  -23.467657 7.108327 0.472265
v  -23.565464 7.167871 0.115833
v  -23.953060 7.227415 -0.301877
v  -23.953060 9.225566 1.480127
v  -23.565464 9.275187 1.012803
v  -23.467657 9.324809 0.628963
v  -23.565464 9.374430 0.284137
v  -23.953060 9.424050 -0.145111
v  -23.953060 13.744040 1.556571
v  -23.565464 13.773652 1.112077
v  -23.467657 13.803266 0.717187
v  -23.565464 13.832877 0.322298
v  -23.957357 13.862489 -0.103549
v  -23.953060 15.995695 1.464626
v  -23.565464 16.013313 1.019743
v  -23.467657 16.030933 0.624464
v  -23.565464 16.048555 0.229186
v  -23.953060 16.066175 -0.215931
v  -24.459831 2.796528 -1.090951
v  -24.893793 2.796528 -1.289898
v  -25.327755 2.796528 -1.338328
v  -25.761719 2.796528 -1.338328
v  -26.195681 2.796528 -1.289898
v  -26.629642 2.796528 -1.070534
v  -24.459831 7.257187 -0.651921
v  -24.893793 7.257187 -0.777442
v  -25.327755 7.257187 -0.811579
v  -25.761719 7.257187 -0.811579
v  -26.195681 7.257187 -0.777442
v  -26.629642 7.257187 -0.604672
v  -24.459831 9.448862 -0.492377
v  -24.893793 9.441262 -0.598588
v  -25.323488 9.431776 -0.628966
v  -25.756712 9.434002 -0.628966
v  -26.194941 9.443487 -0.598588
v  -26.629642 9.448862 -0.427045
v  -24.464128 13.877296 -0.418886
v  -24.893793 13.877296 -0.534318
v  -25.327755 13.877296 -0.562816
v  -25.761719 13.877296 -0.562816
v  -26.195681 13.877296 -0.534318
v  -26.629642 13.877296 -0.417350
v  -24.459831 16.074986 -0.547026
v  -24.893793 16.074986 -0.662903
v  -25.327755 16.074986 -0.695162
v  -25.761719 16.074986 -0.695162
v  -26.195681 16.074986 -0.662903
v  -26.629642 16.074986 -0.526609
v  -27.136414 2.763498 -0.673892
v  -27.524010 2.697439 -0.251894
v  -27.621817 2.631381 0.140682
v  -27.524010 2.565322 0.533259
v  -27.136414 2.499264 0.999000
v  -27.136414 7.227415 -0.267012
v  -27.524010 7.167872 0.128455
v  -27.621817 7.108327 0.521334
v  -27.524010 7.048783 0.914212
v  -27.136414 6.989238 1.380254
v  -27.136414 9.424051 -0.104546
v  -27.524010 9.374429 0.273615
v  -27.621817 9.324808 0.667272
v  -27.524010 9.275187 1.060929
v  -27.136414 9.225565 1.527750
v  -27.135378 13.862490 -0.109935
v  -27.522974 13.832877 0.314376
v  -27.621817 13.803266 0.717187
v  -27.524010 13.773652 1.112077
v  -27.136414 13.744040 1.580130
v  -27.135378 16.066175 -0.203436
v  -27.522974 16.048555 0.221263
v  -27.621817 16.030933 0.624464
v  -27.524010 16.013311 1.019743
v  -27.136414 15.995695 1.488186
v  -26.629642 11.510238 2.079304
v  -26.195681 11.510239 2.444064
v  -25.761719 11.510238 2.666401
v  -25.304686 11.510238 2.631888
v  -24.870724 11.510238 2.420905
v  -24.459831 11.510236 2.067100
v  -19.318760 11.269073 0.588683
v  -23.565464 11.571320 1.149019
v  -23.961655 11.693485 -0.046213
v  -19.252735 11.230142 0.220586
v  -24.887239 11.718546 -0.481198
v  -25.324478 11.717499 -0.508142
v  -25.761719 11.713846 -0.508142
v  -26.195681 11.713846 -0.481198
v  -31.801998 11.249566 0.016509
v  -27.136414 11.693485 -0.055261
v  -27.524010 11.571320 1.149019
v  -31.757235 11.299190 0.328197
v  -26.629642 10.366497 2.027639
v  -26.195681 10.366497 2.396318
v  -25.761719 10.366495 2.617431
v  -25.304686 10.366494 2.570148
v  -24.870724 10.366494 2.361480
v  -24.459831 10.366495 2.016525
v  -23.953060 10.389711 1.549149
v  -23.565464 10.436142 1.105519
v  -23.467657 10.482574 0.711493
v  -23.565464 10.529005 0.329851
v  -23.957357 10.575436 -0.095131
v  -24.460852 10.599699 -0.423006
v  -24.887239 10.595752 -0.539167
v  -25.320211 10.585218 -0.567806
v  -25.756712 10.583792 -0.567806
v  -26.194941 10.593278 -0.539167
v  -26.629642 10.598653 -0.395090
v  -27.136414 10.575436 -0.079599
v  -27.524010 10.529005 0.317468
v  -27.621817 10.482574 0.711493
v  -27.524010 10.436142 1.105519
v  -27.136414 10.389711 1.572708
v  -26.629642 3.521274 1.517879
v  -26.195681 3.521274 1.720412
v  -25.761719 3.521273 1.927785
v  -25.304686 3.521274 1.967443
v  -24.870724 3.521275 1.774480
v  -24.459831 3.521274 1.508729
v  -19.270863 2.644403 -0.414240
v  -23.623478 3.591747 0.665250
v  -23.953060 3.792806 -0.527739
v  -19.357809 2.633320 -0.729567
v  -24.893793 3.857801 -1.126413
v  -25.327755 3.857801 -1.163642
v  -25.761719 3.857801 -1.163642
v  -26.195681 3.857801 -1.119493
v  -31.818325 2.885713 -0.457928
v  -27.136414 3.824148 -0.543242
v  -27.524010 3.622231 0.663566
v  -31.849482 2.883031 -0.118525
v  -26.629642 4.650694 1.624841
v  -26.195681 4.650694 1.846704
v  -25.761719 4.650694 2.058034
v  -25.304686 4.650695 2.101177
v  -24.870724 4.650696 1.903691
v  -24.459831 4.650694 1.615126
v  -24.011076 4.654530 1.195484
v  -23.623478 4.723169 0.753540
v  -23.467657 4.822296 0.348755
v  -23.565464 4.890936 -0.043585
v  -23.953060 4.928234 -0.439083
v  -24.459831 4.962554 -0.805861
v  -24.893793 4.993896 -0.995199
v  -25.327755 4.993896 -1.027845
v  -25.761719 4.993896 -1.027845
v  -26.195681 4.993896 -0.988278
v  -26.629642 4.993896 -0.814445
v  -27.136414 4.959576 -0.454587
v  -27.524010 4.890936 -0.032825
v  -27.621817 4.822296 0.359515
v  -27.524010 4.753654 0.751855
v  -27.136414 4.685013 1.217360
v  -26.629642 17.140459 1.846230
v  -26.195681 17.140459 2.129643
v  -25.761719 17.140459 2.344327
v  -25.304686 17.140459 2.350768
v  -24.870724 17.140459 2.148187
v  -24.459831 17.140459 1.834773
v  -23.953060 17.145683 1.392173
v  -23.565464 17.156134 0.947189
v  -23.467657 17.166582 0.551807
v  -23.565464 17.177032 0.156426
v  -23.953060 17.187483 -0.288792
v  -24.459831 17.192709 -0.632049
v  -24.893793 17.192709 -0.762964
v  -25.327755 17.192709 -0.798151
v  -25.761719 17.192709 -0.798151
v  -26.195681 17.192709 -0.762964
v  -26.629642 17.192709 -0.611632
v  -27.136414 17.187485 -0.268375
v  -27.524010 17.177032 0.156426
v  -27.621817 17.166582 0.551808
v  -27.524010 17.156134 0.947189
v  -27.136414 17.145683 1.415733
v  -26.629642 18.276096 1.763115
v  -26.195681 18.276096 2.046613
v  -25.761719 18.276096 2.259103
v  -25.304686 18.276096 2.250926
v  -24.870724 18.276096 2.050697
v  -24.459831 18.276096 1.751817
v  -23.953060 18.277792 1.320848
v  -23.565464 18.281181 0.875762
v  -23.467657 18.284573 0.480281
v  -23.565464 18.287962 0.084799
v  -23.953060 18.291353 -0.360520
v  -24.459831 18.293051 -0.715749
v  -24.893793 18.293051 -0.861469
v  -25.327755 18.293051 -0.899538
v  -25.761719 18.293051 -0.899538
v  -26.195681 18.293051 -0.861469
v  -26.629642 18.293051 -0.695333
v  -27.136414 18.291353 -0.340103
v  -27.524010 18.287962 0.084799
v  -27.621817 18.284573 0.480281
v  -27.524010 18.281181 0.875762
v  -27.136414 18.277792 1.344407
v  -23.467657 11.612042 0.754634
v  -23.565464 11.652764 0.360248
v  -23.565464 3.804514 -0.121360
v  -23.467657 3.737208 0.271103
v  -27.621817 3.689537 0.271103
v  -27.524010 3.756843 -0.121359
v  -27.524010 11.652764 0.360248
v  -27.621817 11.612041 0.754633
v  -23.265051 3.281472 0.470691
v  -23.415821 3.873856 0.781825
v  -23.534935 3.238027 0.970837
v  -23.384165 2.645643 0.659703
v  -27.977015 3.253052 0.390870
v  -27.808544 2.589753 0.652248
v  -27.695738 3.215097 0.977772
v  -27.864210 3.878395 0.716394
v  -29.022020 2.888458 -0.104507
v  -28.888964 2.201071 0.170690
v  -28.930298 2.849752 0.474189
v  -29.063354 3.537139 0.198993
v  -29.949596 2.853309 -0.168207
v  -29.770994 2.311751 0.071120
v  -29.790308 2.775603 0.336104
v  -29.968910 3.317161 0.096777
v  -30.761589 2.889369 -0.234587
v  -30.657154 2.419007 0.004820
v  -30.690413 2.818189 0.261181
v  -30.794847 3.288550 0.021774
v  -31.493340 2.914166 -0.259447
v  -31.435997 2.476083 -0.079179
v  -31.484219 2.872497 0.129853
v  -31.541561 3.310580 -0.050416
v  -22.226751 2.949146 -0.077511
v  -22.161274 3.546015 0.202832
v  -22.164316 2.896838 0.414184
v  -22.229794 2.299970 0.133840
v  -21.182411 2.860942 -0.298716
v  -21.040136 3.293286 -0.051782
v  -21.005283 2.823587 0.194474
v  -21.147560 2.391243 -0.052460
v  -20.189520 2.799090 -0.412989
v  -20.076981 3.129463 -0.163037
v  -20.071438 2.753731 0.084565
v  -20.183977 2.423358 -0.165387
v  -19.518606 2.690593 -0.501595
v  -19.434925 2.982482 -0.318729
v  -19.427673 2.673030 -0.134367
v  -19.511356 2.381141 -0.317232
v  -23.817204 3.465165 -0.928605
v  -23.674860 4.051355 -0.659565
v  -23.548151 3.420467 -0.517470
v  -23.690495 2.834277 -0.786510
v  -27.663284 3.409428 -0.563120
v  -27.496731 4.049077 -0.717138
v  -27.279751 3.422382 -0.993307
v  -27.446302 2.782733 -0.839291
v  -19.599285 2.656579 -0.933501
v  -19.513039 3.015842 -0.758408
v  -19.517235 2.690737 -0.568717
v  -19.603481 2.331475 -0.743811
v  -20.180408 2.773974 -1.007001
v  -20.141048 3.164144 -0.758742
v  -20.198803 2.785338 -0.484124
v  -20.238165 2.395168 -0.732384
v  -21.101912 2.867076 -0.913747
v  -21.107521 3.300134 -0.633739
v  -21.194826 2.854321 -0.356290
v  -21.189217 2.421264 -0.636298
v  -22.293919 2.978262 -0.796362
v  -22.266535 3.579052 -0.520645
v  -22.287844 2.956993 -0.287741
v  -22.315228 2.356203 -0.563458
v  -28.996979 2.903958 -0.323017
v  -28.943512 3.549129 -0.554764
v  -28.755442 2.919950 -0.845236
v  -28.808910 2.274779 -0.613488
v  -29.948681 2.867693 -0.271050
v  -29.994892 3.367696 -0.510844
v  -29.841547 2.874180 -0.763291
v  -29.795338 2.374178 -0.523499
v  -30.752747 2.891009 -0.279605
v  -30.840422 3.391518 -0.503404
v  -30.719425 2.906618 -0.749956
v  -30.631752 2.406108 -0.526157
v  -31.468056 2.888580 -0.310878
v  -31.551128 3.368669 -0.487438
v  -31.471241 2.902785 -0.676212
v  -31.388168 2.422695 -0.499652
v  -27.259802 12.271340 -0.249026
v  -27.012825 11.663013 -0.454411
v  -27.267590 11.054688 -0.293314
v  -27.514566 11.663013 -0.087930
v  -27.329557 11.478972 1.679804
v  -27.619347 12.157532 1.361003
v  -27.909136 11.529785 0.990931
v  -27.619347 10.851226 1.309732
v  -28.408239 12.151138 -0.052938
v  -28.116127 11.483639 -0.339652
v  -28.416027 10.816139 -0.119459
v  -28.708139 11.483639 0.167254
v  -29.529608 11.948908 0.076654
v  -29.221306 11.377250 -0.155297
v  -29.529608 10.805593 0.013247
v  -29.837908 11.377250 0.245198
v  -30.483505 11.869075 0.176329
v  -30.200768 11.356233 0.006221
v  -30.483505 10.843391 0.129828
v  -30.766241 11.356233 0.299935
v  -28.304302 11.423295 1.136869
v  -28.551336 12.193398 0.814688
v  -28.792482 11.480965 0.445966
v  -28.545448 10.710860 0.768147
v  -29.350492 11.376436 0.702507
v  -29.597527 12.011769 0.496681
v  -29.838673 11.424014 0.263028
v  -29.591639 10.788681 0.468853
v  -30.360054 11.332096 0.589926
v  -30.649841 11.875886 0.420271
v  -30.939632 11.372818 0.221265
v  -30.649841 10.829028 0.390920
v  -31.141340 11.294516 0.538298
v  -31.431129 11.838305 0.366137
v  -31.720917 11.335237 0.164223
v  -31.431129 10.791447 0.336384
v  -31.318157 11.793312 0.136361
v  -31.081604 11.281314 0.012236
v  -31.318157 10.769315 0.102430
v  -31.554708 11.281314 0.226556
v  -23.792576 12.262720 -0.208249
v  -23.588615 11.642664 -0.044910
v  -23.779274 11.025145 -0.311444
v  -23.983236 11.645200 -0.474783
v  -23.546085 12.110205 1.531390
v  -23.875223 11.485577 1.812414
v  -23.624784 10.907724 1.502247
v  -23.295645 11.532351 1.221222
v  -22.641687 12.233410 0.091047
v  -22.445900 11.509037 0.319427
v  -22.615917 10.787630 -0.030629
v  -22.811705 11.512002 -0.259009
v  -21.663710 12.089266 0.243911
v  -21.438480 11.415012 0.428481
v  -21.589388 10.746003 0.146561
v  -21.814617 11.420256 -0.038010
v  -20.721210 11.919085 0.198572
v  -20.517628 11.351870 0.369616
v  -20.670914 10.786751 0.090990
v  -20.874496 11.353964 -0.080055
v  -19.779552 11.722357 0.212271
v  -19.640779 11.277074 0.361726
v  -19.763113 10.826420 0.132648
v  -19.901884 11.271702 -0.016807
v  -22.676682 12.141240 1.214430
v  -23.005821 11.431952 1.560169
v  -22.755383 10.775777 1.173797
v  -22.426243 11.485067 0.828058
v  -21.743589 12.027538 0.875426
v  -22.033379 11.369656 1.166815
v  -21.743589 10.761038 0.823691
v  -21.453800 11.418922 0.532302
v  -20.834467 11.879300 0.749143
v  -21.124256 11.306079 0.975817
v  -20.834467 10.775783 0.708898
v  -20.544678 11.349003 0.482224
v  -19.857384 11.746089 0.668343
v  -20.113991 11.264604 0.849880
v  -19.857384 10.819177 0.626862
v  -19.600779 11.300662 0.445324
v  -27.070093 2.094144 0.955479
v  -27.072628 1.991814 0.715065
v  -26.605854 1.959104 1.049754
v  -26.690016 2.069532 1.216577
v  -26.461472 1.991814 0.789481
v  -26.075296 1.959103 1.200324
v  -26.231905 2.069531 1.430269
v  -25.850315 1.991814 0.826168
v  -25.541853 1.959104 1.259961
v  -25.773792 2.069531 1.624165
v  -25.236275 1.991814 0.823782
v  -24.996876 1.959104 1.190463
v  -25.295496 2.069532 1.604914
v  -24.625118 1.991814 0.791548
v  -24.480736 1.959103 1.071138
v  -24.837383 2.069531 1.439566
v  -24.016846 1.991814 0.724548
v  -24.019381 2.094144 0.939317
v  -24.399458 2.069530 1.224511
v  -27.441540 2.159724 0.478942
v  -27.255260 2.057235 0.244474
v  -26.864252 2.024524 0.488674
v  -26.571051 2.057235 0.227384
v  -26.204494 2.024524 0.500218
v  -25.886841 2.057235 0.202279
v  -25.544737 2.024524 0.501357
v  -25.202633 2.057235 0.210254
v  -24.884979 2.024524 0.500218
v  -24.518423 2.057235 0.235359
v  -24.225222 2.024524 0.496648
v  -23.834213 2.057235 0.292322
v  -23.647934 2.159724 0.526790
v  -27.535273 2.225304 0.070017
v  -27.255260 2.122654 -0.213378
v  -26.929457 2.089944 -0.022033
v  -26.571051 2.122654 -0.311450
v  -26.237097 2.089944 -0.072218
v  -25.886841 2.122654 -0.461210
v  -25.544737 2.089944 -0.175936
v  -25.202633 2.122654 -0.413362
v  -24.852377 2.089944 -0.024370
v  -24.518423 2.122654 -0.263602
v  -24.160017 2.089944 -0.006083
v  -23.834213 2.122654 -0.205403
v  -23.554201 2.237221 0.117866
v  -27.441540 2.290883 -0.338907
v  -27.072628 2.188074 -0.674909
v  -26.864252 2.155364 -0.532740
v  -26.461472 2.188074 -0.850286
v  -26.204494 2.155364 -0.622876
v  -25.850315 2.188074 -0.906919
v  -25.544737 2.155364 -0.730536
v  -25.239159 2.188074 -0.898945
v  -24.884979 2.155364 -0.575027
v  -24.628002 2.188074 -0.842311
v  -24.225222 2.155364 -0.524765
v  -24.016846 2.188074 -0.677461
v  -23.647934 2.302800 -0.338907
v  -27.070093 2.356463 -0.773576
v  -26.690016 2.381076 -1.075603
v  -26.605854 2.220785 -1.047125
v  -26.231905 2.381076 -1.296960
v  -26.075296 2.220785 -1.151756
v  -25.773792 2.381076 -1.345062
v  -25.544737 2.220785 -1.162441
v  -25.315681 2.381076 -1.345062
v  -25.014177 2.220785 -1.151756
v  -24.857569 2.381076 -1.296960
v  -24.483620 2.220785 -1.049677
v  -24.399458 2.381076 -1.093467
v  -24.019381 2.356463 -0.791440
v  -26.690016 18.685188 1.660125
v  -26.605854 18.821550 1.540991
v  -27.072628 18.821550 1.154195
v  -27.070093 18.685610 1.348926
v  -26.231905 18.685188 1.917027
v  -26.075296 18.821550 1.697433
v  -26.461472 18.821550 1.286304
v  -25.773792 18.685188 2.105305
v  -25.541853 18.821550 1.766587
v  -25.850315 18.821550 1.331810
v  -25.295496 18.685188 2.100240
v  -24.996876 18.821550 1.695320
v  -25.236275 18.821550 1.331206
v  -24.837383 18.685188 1.922585
v  -24.480736 18.821550 1.546511
v  -24.625118 18.821550 1.287211
v  -24.399458 18.685188 1.650134
v  -24.019381 18.685610 1.329823
v  -24.016846 18.821550 1.152761
v  -26.864252 18.821550 0.962264
v  -27.255260 18.821550 0.677571
v  -27.441540 18.686459 0.866715
v  -26.204494 18.821550 1.003141
v  -26.571051 18.821550 0.719640
v  -25.544737 18.821550 1.007174
v  -25.886841 18.821550 0.727830
v  -24.884979 18.821550 1.003141
v  -25.202633 18.821550 0.727830
v  -24.225222 18.821550 0.962264
v  -24.518423 18.821550 0.719640
v  -23.647934 18.686459 0.866715
v  -23.834213 18.821550 0.677571
v  -26.929457 18.821550 0.447792
v  -27.255260 18.821550 0.216343
v  -27.535273 18.687305 0.454772
v  -26.237097 18.821550 0.448424
v  -26.571051 18.821550 0.176833
v  -25.544737 18.821550 0.448486
v  -25.886726 18.821550 0.169142
v  -24.852377 18.821550 0.448424
v  -25.202400 18.821550 0.169142
v  -24.160017 18.821550 0.447792
v  -24.518307 18.821550 0.176833
v  -23.554201 18.687305 0.454772
v  -23.834213 18.821550 0.216343
v  -26.864252 18.821550 -0.066680
v  -27.072628 18.821550 -0.248564
v  -27.441540 18.688154 0.042830
v  -26.204378 18.821550 -0.106295
v  -26.461472 18.821550 -0.365975
v  -25.543928 18.821550 -0.110202
v  -25.849621 18.821550 -0.389546
v  -24.884171 18.821550 -0.106295
v  -25.237772 18.821550 -0.389546
v  -24.225105 18.821550 -0.066680
v  -24.627308 18.821550 -0.365974
v  -23.647934 18.688154 0.042830
v  -24.016846 18.821550 -0.251116
v  -26.605854 18.821550 -0.584830
v  -26.690016 18.689425 -0.664153
v  -27.070093 18.689001 -0.394855
v  -26.075180 18.821550 -0.661013
v  -26.231905 18.689425 -0.829103
v  -25.543928 18.821550 -0.668891
v  -25.773678 18.689425 -0.866225
v  -25.013369 18.821550 -0.661013
v  -25.315451 18.689425 -0.866225
v  -24.483503 18.821550 -0.587382
v  -24.857454 18.689425 -0.829103
v  -24.019381 18.689001 -0.412721
v  -24.399458 18.689425 -0.682018
v  -26.412663 2.466235 1.468202
v  -26.629642 5.534999 1.694781
v  -26.864826 4.659274 1.453897
v  -25.978699 2.466235 1.742913
v  -26.195681 5.534999 1.987453
v  -25.538969 2.466235 1.844242
v  -25.761719 5.534999 2.201062
v  -25.076170 2.466235 1.705263
v  -25.304686 5.535000 2.186529
v  -24.671045 2.466234 1.492705
v  -24.870724 5.535000 1.986439
v  -24.224648 2.474492 1.194903
v  -24.459831 5.534999 1.684740
v  -26.412663 6.959467 1.973684
v  -26.629642 8.367064 1.921554
v  -26.864826 6.966910 1.622721
v  -25.978699 6.959466 2.277847
v  -26.195681 8.367063 2.266431
v  -25.538969 6.959466 2.371075
v  -25.761719 8.367062 2.484749
v  -25.076170 6.959467 2.226801
v  -25.304686 8.367063 2.445155
v  -24.671045 6.959467 1.978473
v  -24.870724 8.367063 2.239682
v  -24.224648 6.966910 1.584655
v  -24.459831 8.367063 1.910839
v  -26.412663 9.200755 2.152285
v  -26.629642 12.327355 2.080769
v  -26.913113 11.502421 1.883239
v  -25.978699 9.200753 2.473209
v  -26.195681 12.327356 2.432152
v  -25.538969 9.200753 2.559675
v  -25.761719 12.327355 2.654222
v  -25.076170 9.200753 2.412907
v  -25.304686 12.327355 2.633226
v  -24.671045 9.200753 2.154822
v  -24.870724 12.327355 2.421907
v  -24.224648 9.206957 1.736370
v  -24.459831 12.327355 2.067960
v  -26.412663 13.729237 2.214218
v  -26.629642 15.140779 1.977822
v  -26.864826 13.732938 1.829757
v  -25.978699 13.729237 2.499946
v  -26.195681 15.140779 2.291743
v  -25.538969 13.729237 2.625610
v  -25.761719 15.140779 2.510234
v  -25.076170 13.729237 2.485953
v  -25.304686 15.140779 2.508549
v  -24.671045 13.729237 2.221864
v  -24.870724 15.140779 2.301362
v  -24.224648 13.732938 1.797137
v  -24.459831 15.140779 1.965567
v  -26.412663 15.986887 2.089688
v  -26.864826 18.276520 1.584536
v  -25.978699 15.986887 2.339225
v  -25.538969 15.986885 2.491256
v  -25.076170 15.986885 2.358081
v  -24.671045 15.986887 2.103825
v  -24.224648 15.989089 1.701731
v  -23.711267 2.532293 0.749923
v  -23.967564 5.560742 1.247239
v  -23.492107 2.610270 0.384819
v  -23.579967 5.627471 0.799177
v  -23.492107 2.735916 -0.047631
v  -23.467657 5.701823 0.392629
v  -23.711267 2.742386 -0.460642
v  -23.565464 5.768552 0.009299
v  -24.224648 2.788270 -0.916532
v  -23.953060 5.827446 -0.404299
v  -23.711266 7.019011 1.080942
v  -23.953060 8.393140 1.420610
v  -23.492107 7.078555 0.669411
v  -23.565464 8.445292 0.941536
v  -23.492109 7.138100 0.284466
v  -23.467657 8.497445 0.560197
v  -23.711266 7.197643 -0.068119
v  -23.565464 8.549597 0.224588
v  -24.224648 7.249744 -0.518718
v  -23.953060 8.601748 -0.194565
v  -23.711266 9.250377 1.228048
v  -23.851316 12.490574 1.578555
v  -23.492109 9.299998 0.818429
v  -23.565464 12.382306 1.149762
v  -23.492109 9.349620 0.449251
v  -23.467657 12.418942 0.755168
v  -23.711267 9.399240 0.097918
v  -23.565464 12.455577 0.360574
v  -24.224648 9.442658 -0.367643
v  -23.960581 12.492211 -0.050816
v  -23.711266 13.758845 1.321923
v  -23.953060 15.151962 1.505304
v  -23.492107 13.788459 0.914632
v  -23.565464 15.174329 1.060544
v  -23.492107 13.818071 0.519742
v  -23.467657 15.196699 0.665387
v  -23.712341 13.847683 0.117114
v  -23.565464 15.219069 0.270231
v  -24.231094 13.873594 -0.296584
v  -23.954134 15.241438 -0.170043
v  -23.711266 16.004503 1.229784
v  -23.492107 16.022123 0.822104
v  -23.492107 16.039745 0.426825
v  -23.711267 16.057365 0.019086
v  -24.224648 16.072783 -0.422443
v  -24.676811 2.796528 -1.215946
v  -24.459831 5.860810 -0.758261
v  -25.110775 2.796528 -1.326221
v  -24.893793 5.868646 -0.907284
v  -25.544737 2.796528 -1.338328
v  -25.327755 5.868646 -0.942517
v  -25.978699 2.796528 -1.326221
v  -25.761719 5.868646 -0.942517
v  -26.412663 2.796528 -1.210842
v  -26.195681 5.868646 -0.905554
v  -26.864826 2.788270 -0.885907
v  -26.629642 5.868646 -0.738387
v  -24.676811 7.257188 -0.728993
v  -24.459831 8.627825 -0.544179
v  -25.110775 7.257188 -0.803044
v  -24.893793 8.625925 -0.657326
v  -25.544737 7.257188 -0.811579
v  -25.326689 8.623553 -0.689054
v  -25.978699 7.257188 -0.803044
v  -25.760466 8.624109 -0.689054
v  -26.412663 7.257188 -0.717181
v  -26.195496 8.626481 -0.657326
v  -26.864826 7.249744 -0.450940
v  -26.629642 8.627825 -0.478993
v  -24.676811 9.446962 -0.556847
v  -24.298389 12.647748 -0.322918
v  -25.109707 9.435091 -0.621372
v  -24.892155 12.511705 -0.481180
v  -25.538151 9.431390 -0.628966
v  -25.326937 12.511442 -0.508123
v  -25.976524 9.438430 -0.621372
v  -25.761719 12.510529 -0.508123
v  -26.412477 9.447518 -0.540514
v  -26.195681 12.510529 -0.481180
v  -26.864826 9.442658 -0.275837
v  -26.787182 12.649902 -0.341401
v  -24.677887 13.877295 -0.491212
v  -24.460905 15.252623 -0.494229
v  -25.110775 13.877295 -0.555691
v  -24.893793 15.252623 -0.606323
v  -25.544737 13.877295 -0.562816
v  -25.327755 15.252623 -0.636927
v  -25.978699 13.877295 -0.555691
v  -25.761719 15.252623 -0.636927
v  -26.412663 13.877295 -0.490828
v  -26.195681 15.252623 -0.606323
v  -26.864567 13.873594 -0.296260
v  -26.629642 15.252623 -0.478533
v  -24.676811 16.074986 -0.617804
v  -25.110775 16.074986 -0.687098
v  -25.544737 16.074986 -0.695162
v  -25.978699 16.074986 -0.687098
v  -26.412663 16.074986 -0.612700
v  -26.864567 16.072783 -0.393799
v  -27.378206 2.730469 -0.455538
v  -27.136414 5.835281 -0.389250
v  -27.597366 2.664410 -0.055606
v  -27.524010 5.768552 0.025905
v  -27.597366 2.598352 0.336970
v  -27.621817 5.701823 0.418346
v  -27.378206 2.532293 0.747839
v  -27.524010 5.635093 0.810788
v  -27.136414 5.568363 1.276393
v  -27.378208 7.197643 -0.068631
v  -27.136414 8.601748 -0.151050
v  -27.597366 7.138100 0.324894
v  -27.524010 8.549596 0.226976
v  -27.597366 7.078555 0.717773
v  -27.621817 8.497444 0.620351
v  -27.378208 7.019011 1.128942
v  -27.524010 8.445292 1.013726
v  -27.136414 8.393140 1.480265
v  -27.378208 9.399240 0.080661
v  -27.136154 12.492211 -0.063346
v  -27.597364 9.349618 0.470444
v  -27.523750 12.455577 0.358594
v  -27.597364 9.299998 0.864101
v  -27.621817 12.418942 0.755168
v  -27.378208 9.250377 1.276049
v  -27.524010 12.382306 1.149762
v  -27.257147 12.502406 1.553628
v  -27.376654 13.847684 0.105615
v  -27.134859 15.241438 -0.166230
v  -27.597107 13.818071 0.517762
v  -27.522457 15.219069 0.258348
v  -27.597366 13.788459 0.914632
v  -27.621817 15.196699 0.665387
v  -27.378208 13.758845 1.327813
v  -27.524010 15.174329 1.060544
v  -27.136414 15.151962 1.528864
v  -27.376654 16.057367 0.012307
v  -27.597107 16.039745 0.424844
v  -27.597366 16.022123 0.822104
v  -27.378206 16.004503 1.235673
v  -27.378208 11.673124 0.157774
v  -27.086058 11.696048 -0.172586
v  -26.508457 11.701138 -0.461029
v  -25.978699 11.713846 -0.501406
v  -25.543919 11.714759 -0.508142
v  -25.105040 11.719587 -0.501406
v  -24.552748 11.698907 -0.466122
v  -24.017588 11.690960 -0.150522
v  -23.713415 11.673124 0.160037
v  -23.492107 11.632403 0.557441
v  -23.492107 11.591681 0.951826
v  -23.546913 11.551395 1.265666
v  -24.205189 11.504071 1.889781
v  -24.671045 11.510238 2.269198
v  -25.076170 11.510238 2.536906
v  -25.538969 11.510238 2.682752
v  -25.978699 11.510239 2.585838
v  -26.412663 11.510238 2.266684
v  -26.864826 10.372300 1.821529
v  -27.571388 11.550755 1.208093
v  -27.597366 11.591680 0.951826
v  -26.629642 10.961933 2.054452
v  -26.195681 10.961934 2.425836
v  -25.761719 10.961934 2.647671
v  -25.304686 10.961931 2.602290
v  -24.870724 10.961931 2.392569
v  -24.459831 10.961931 2.043006
v  -23.870991 10.827944 1.549292
v  -23.565464 11.027121 1.128165
v  -23.467657 11.070581 0.733953
v  -23.565464 11.114039 0.342835
v  -23.960581 11.157498 -0.068173
v  -24.290968 11.008360 -0.372346
v  -24.883965 11.184377 -0.508988
v  -25.321774 11.180435 -0.536745
v  -25.760466 11.175512 -0.536745
v  -26.195496 11.177883 -0.508988
v  -26.789129 11.014438 -0.361210
v  -27.136414 11.157498 -0.066929
v  -27.524010 11.114039 0.339739
v  -27.621817 11.070581 0.733953
v  -27.524010 11.027121 1.128165
v  -27.257147 10.813818 1.518833
v  -27.597364 10.505790 0.514481
v  -27.378208 10.552219 0.119695
v  -26.864826 10.592849 -0.258499
v  -26.412477 10.597309 -0.488828
v  -25.976524 10.588220 -0.560647
v  -25.537331 10.582092 -0.567806
v  -25.103973 10.590622 -0.560647
v  -24.672152 10.599236 -0.495807
v  -24.230274 10.593109 -0.297276
v  -23.712341 10.552219 0.131291
v  -23.492109 10.505790 0.517576
v  -23.492109 10.459358 0.908506
v  -23.711266 10.412925 1.314933
v  -24.224648 10.372300 1.789301
v  -24.671045 10.366494 2.213143
v  -25.076170 10.366494 2.475745
v  -25.538969 10.366494 2.624205
v  -25.978699 10.366497 2.543559
v  -26.412663 10.366497 2.212186
v  -26.864826 9.206957 1.774558
v  -27.378208 10.412925 1.320823
v  -27.597364 10.459358 0.908506
v  -26.629642 9.765560 2.000582
v  -26.195681 9.765559 2.362066
v  -25.761719 9.765557 2.582370
v  -25.304686 9.765558 2.537619
v  -24.870724 9.765558 2.329875
v  -24.459831 9.765558 1.989583
v  -23.953060 9.789947 1.520024
v  -23.565464 9.838719 1.070569
v  -23.467657 9.887493 0.679187
v  -23.565464 9.936266 0.313038
v  -23.954134 9.985041 -0.122354
v  -24.460087 10.009689 -0.463118
v  -24.892155 9.999203 -0.569709
v  -25.320536 9.984713 -0.599242
v  -25.754208 9.987137 -0.599242
v  -26.194572 10.001367 -0.569709
v  -26.629642 10.009428 -0.411514
v  -27.136414 9.985041 -0.092422
v  -27.524010 9.936266 0.294928
v  -27.621817 9.887493 0.688764
v  -27.524010 9.838719 1.082600
v  -27.136414 9.789946 1.549600
v  -27.123238 3.737294 -0.661037
v  -26.575188 3.748946 -1.065871
v  -25.978699 3.857801 -1.152605
v  -25.544737 3.857801 -1.163642
v  -25.110775 3.857801 -1.154335
v  -24.516155 3.759642 -1.058346
v  -23.996727 3.700877 -0.630245
v  -23.711267 3.794578 -0.321070
v  -23.492109 3.794696 0.074872
v  -23.506613 3.660181 0.467756
v  -23.611782 3.482109 0.715568
v  -24.120115 3.450462 1.295625
v  -24.671045 3.521274 1.653798
v  -25.076170 3.521275 1.876966
v  -25.538969 3.521274 1.999764
v  -25.978699 3.521273 1.813877
v  -26.412663 3.521274 1.628157
v  -26.864826 2.474493 1.223957
v  -27.588358 3.513109 0.693508
v  -27.597364 3.655884 0.467335
v  -27.378206 3.790495 -0.324946
v  -26.629642 2.999916 1.448329
v  -26.195681 2.999915 1.697145
v  -25.761719 2.999915 1.905242
v  -25.304686 2.999916 1.888086
v  -24.870724 2.999916 1.697212
v  -24.459831 2.999915 1.441993
v  -23.810837 2.805939 0.935829
v  -23.579967 3.092327 0.613584
v  -23.467657 3.238145 0.220644
v  -23.565464 3.304834 -0.179851
v  -23.953060 3.292182 -0.613226
v  -24.267496 3.077481 -0.970856
v  -24.893793 3.333362 -1.199416
v  -25.327755 3.333362 -1.243951
v  -25.761719 3.333362 -1.243951
v  -26.195681 3.333362 -1.197685
v  -26.833809 3.064595 -0.968738
v  -27.136414 3.300017 -0.601790
v  -27.524010 3.233328 -0.179851
v  -27.621817 3.166639 0.212669
v  -27.524010 3.099949 0.605188
v  -27.304445 2.791967 0.951635
v  -26.864826 4.985316 -0.657347
v  -26.412663 4.993896 -0.925036
v  -25.978699 4.993896 -1.017953
v  -25.544737 4.993896 -1.027845
v  -25.110775 4.993896 -1.019684
v  -24.676811 4.986060 -0.931541
v  -24.224648 4.938303 -0.635820
v  -23.711267 4.917420 -0.235165
v  -23.492107 4.856616 0.147205
v  -23.506613 4.780354 0.553416
v  -23.798288 4.673608 0.962953
v  -24.239151 4.651653 1.422440
v  -24.671045 4.650694 1.775043
v  -25.076170 4.650696 2.009569
v  -25.538969 4.650694 2.132627
v  -25.978699 4.650694 1.941395
v  -26.412663 4.650694 1.749380
v  -27.004658 3.444730 1.323206
v  -27.378208 4.719333 0.966317
v  -27.597366 4.787974 0.555685
v  -27.597366 4.856616 0.163344
v  -27.378206 4.925256 -0.236351
v  -26.629642 4.061227 1.574679
v  -26.195681 4.061227 1.747673
v  -25.761719 4.061227 1.956938
v  -25.304686 4.061228 2.037043
v  -24.870724 4.061228 1.841918
v  -24.459831 4.061227 1.565259
v  -23.891270 4.136826 1.074601
v  -23.652487 4.117415 0.713966
v  -23.467657 4.243004 0.316346
v  -23.565464 4.310948 -0.076059
v  -23.953060 4.319961 -0.461729
v  -24.263588 4.410156 -0.778401
v  -24.893793 4.400945 -1.061479
v  -25.327755 4.400945 -1.093057
v  -25.761719 4.400945 -1.093057
v  -26.195681 4.400945 -1.051097
v  -26.846415 4.448764 -0.813732
v  -27.136414 4.366973 -0.495194
v  -27.524010 4.299030 -0.073369
v  -27.621817 4.231087 0.319036
v  -27.524010 4.163142 0.711440
v  -27.318363 4.176065 1.073808
v  -27.378206 17.150908 1.163170
v  -27.597366 17.161358 0.749498
v  -27.597366 17.171806 0.354117
v  -27.378206 17.182257 -0.048619
v  -26.864826 17.191402 -0.467745
v  -26.412663 17.192709 -0.707538
v  -25.978699 17.192709 -0.789354
v  -25.544737 17.192709 -0.798151
v  -25.110775 17.192709 -0.789354
v  -24.676811 17.192709 -0.712642
v  -24.224648 17.191402 -0.498370
v  -23.711267 17.182257 -0.053723
v  -23.492107 17.171806 0.354117
v  -23.492107 17.161358 0.749498
v  -23.711267 17.150908 1.157280
v  -24.224648 17.141766 1.626471
v  -24.671045 17.140459 2.010780
v  -25.076170 17.140459 2.257887
v  -25.538969 17.140459 2.391394
v  -25.978699 17.140459 2.245200
v  -26.412663 17.140459 1.996904
v  -26.864826 15.989089 1.734177
v  -26.629642 16.556976 1.888905
v  -26.195681 16.556976 2.169498
v  -25.761719 16.556974 2.385338
v  -25.304686 16.556973 2.401810
v  -24.870724 16.556974 2.197778
v  -24.459831 16.556976 1.877154
v  -23.953060 16.564011 1.428820
v  -23.565464 16.578087 0.983887
v  -23.467657 16.592165 0.588558
v  -23.565464 16.606241 0.193229
v  -23.953060 16.620319 -0.251938
v  -24.459831 16.627356 -0.589044
v  -24.893793 16.627356 -0.712353
v  -25.327755 16.627356 -0.746058
v  -25.761719 16.627356 -0.746058
v  -26.195681 16.627356 -0.712353
v  -26.629642 16.627356 -0.568627
v  -27.136154 16.620319 -0.233502
v  -27.523750 16.606241 0.191248
v  -27.621817 16.592165 0.588558
v  -27.524010 16.578087 0.983887
v  -27.136414 16.564013 1.452380
v  -27.378208 18.279486 1.091794
v  -27.597366 18.282877 0.678021
v  -27.597366 18.286268 0.282540
v  -27.378208 18.289660 -0.120297
v  -26.864826 18.292627 -0.542491
v  -26.412663 18.293051 -0.800900
v  -25.978699 18.293051 -0.890021
v  -25.544737 18.293051 -0.899538
v  -25.110775 18.293051 -0.890021
v  -24.676811 18.293051 -0.806005
v  -24.224648 18.292627 -0.573116
v  -23.711266 18.289660 -0.125401
v  -23.492107 18.286268 0.282540
v  -23.492107 18.282877 0.678021
v  -23.711266 18.279486 1.085904
v  -24.224648 18.276520 1.552262
v  -24.671045 18.276096 1.918349
v  -25.076170 18.276096 2.158382
v  -25.538969 18.276096 2.295456
v  -25.978699 18.276096 2.167583
v  -26.412663 18.276096 1.907891
v  -26.864826 17.141766 1.658784
v  -26.629642 17.719460 1.803854
v  -26.195681 17.719460 2.092623
v  -25.761719 17.719460 2.306189
v  -25.304686 17.719460 2.299994
v  -24.870724 17.719460 2.098735
v  -24.459831 17.719460 1.792601
v  -23.953060 17.722885 1.355808
v  -23.565464 17.729734 0.910772
v  -23.467657 17.736586 0.515340
v  -23.565464 17.743437 0.119907
v  -23.953060 17.750288 -0.325362
v  -24.459831 17.753716 -0.674723
v  -24.893793 17.753716 -0.813187
v  -25.327755 17.753716 -0.849843
v  -25.761719 17.753716 -0.849843
v  -26.195681 17.753716 -0.813187
v  -26.629642 17.753716 -0.654306
v  -27.136414 17.750288 -0.304945
v  -27.524010 17.743437 0.119907
v  -27.621817 17.736586 0.515340
v  -27.524010 17.729734 0.910772
v  -27.136414 17.722885 1.379368
v  -27.597364 3.723190 0.074872
v  -27.597366 11.632403 0.557441
v  -19.357515 2.654715 -0.499660
v  -19.294531 2.876139 -0.391998
v  -19.285347 2.652797 -0.280691
v  -19.348333 2.431372 -0.388353
v  -23.274977 2.822896 0.492804
v  -23.322596 3.729186 0.573615
v  -23.501133 3.711472 0.959505
v  -23.501265 2.775442 0.857132
v  -31.758945 2.897710 -0.222083
v  -31.722580 2.577575 -0.119570
v  -31.759666 2.873502 0.011897
v  -31.796032 3.193637 -0.090616
v  -27.967215 3.730536 0.483707
v  -27.916496 2.766079 0.444758
v  -27.714506 2.735588 0.875774
v  -27.747288 3.704094 0.933044
v  -29.004570 3.358101 0.426304
v  -28.878956 2.351078 0.377400
v  -28.942568 2.385081 -0.028945
v  -29.078541 3.382160 -0.035394
v  -28.513672 2.994141 0.032562
v  -28.414713 2.267747 0.319159
v  -28.428934 2.970672 0.641468
v  -28.527893 3.697066 0.354871
v  -29.879169 3.153185 0.296152
v  -29.741270 2.417448 0.249979
v  -29.850197 2.457407 -0.101325
v  -30.009172 3.229785 -0.109012
v  -29.501009 2.865138 -0.133657
v  -29.313616 2.259236 0.117717
v  -29.338024 2.801630 0.398285
v  -29.525417 3.407532 0.146912
v  -30.744162 3.142544 0.212038
v  -30.654457 2.511628 0.186382
v  -30.694275 2.543772 -0.172503
v  -30.811111 3.217170 -0.172728
v  -30.369286 2.859283 -0.203427
v  -30.229404 2.363411 0.032841
v  -30.252617 2.778760 0.289714
v  -30.392498 3.274632 0.053446
v  -31.522739 3.186994 0.095840
v  -31.447977 2.568417 0.066540
v  -31.450409 2.592373 -0.217707
v  -31.533991 3.225542 -0.203862
v  -31.133831 2.916639 -0.255366
v  -31.058075 2.462059 -0.027625
v  -31.101635 2.860548 0.218547
v  -31.177391 3.315128 -0.009195
v  -22.148998 3.370460 0.382590
v  -22.190680 3.410059 0.005827
v  -22.247215 2.475157 -0.037926
v  -22.195244 2.436294 0.322854
v  -22.748350 3.075322 0.137403
v  -22.775551 3.724094 0.447715
v  -22.838324 3.011106 0.641358
v  -22.811125 2.362334 0.331045
v  -20.983229 3.169881 0.131085
v  -21.123899 3.191181 -0.234818
v  -21.196642 2.521364 -0.239316
v  -21.071621 2.486632 0.134565
v  -21.703642 2.884001 -0.210676
v  -21.580349 3.386714 0.039044
v  -21.543205 2.849555 0.271245
v  -21.666498 2.346843 0.021526
v  -20.042160 3.027577 0.025980
v  -20.138548 3.054823 -0.352642
v  -20.210970 2.532017 -0.348948
v  -20.130234 2.491225 0.018761
v  -20.674044 2.844471 -0.360023
v  -20.539419 3.222085 -0.106769
v  -20.523659 2.798468 0.145152
v  -20.658283 2.420853 -0.108102
v  -19.410389 2.898010 -0.176506
v  -19.478569 2.916619 -0.460578
v  -19.535912 2.460176 -0.450804
v  -19.467693 2.452441 -0.184034
v  -19.785490 2.742048 -0.459538
v  -19.694817 3.041051 -0.230415
v  -19.691736 2.706283 -0.003278
v  -19.782410 2.407279 -0.232401
v  -19.444939 2.630159 -0.843664
v  -19.375633 2.879746 -0.732274
v  -19.370903 2.656650 -0.626240
v  -19.440208 2.407064 -0.737631
v  -23.785225 2.996801 -0.920157
v  -23.781918 3.922354 -0.834269
v  -23.571711 3.876086 -0.516598
v  -23.591856 2.976022 -0.621127
v  -31.728579 2.885407 -0.350181
v  -31.786360 3.220370 -0.462756
v  -31.733730 2.891004 -0.583483
v  -31.675951 2.556041 -0.470908
v  -27.583824 2.932930 -0.658692
v  -27.646860 3.889165 -0.575095
v  -27.333996 3.892403 -0.889719
v  -27.321388 2.949122 -0.989350
v  -19.485748 2.943851 -0.616631
v  -19.562943 2.916742 -0.896536
v  -19.615116 2.404957 -0.879271
v  -19.569237 2.429085 -0.612000
v  -19.838543 2.706533 -0.990729
v  -19.768641 3.093384 -0.777415
v  -19.794104 2.734121 -0.530258
v  -19.864006 2.347271 -0.743573
v  -20.151812 3.074280 -0.554344
v  -20.154564 3.061764 -0.956551
v  -20.210852 2.489024 -0.926733
v  -20.241198 2.493556 -0.544624
v  -20.607368 2.835341 -0.981585
v  -20.598072 3.231827 -0.708735
v  -20.682117 2.830151 -0.427180
v  -20.691414 2.433666 -0.700030
v  -21.147329 3.193993 -0.423351
v  -21.088137 3.186557 -0.844766
v  -21.138914 2.544406 -0.843364
v  -21.219093 2.517839 -0.428593
v  -21.664080 2.903332 -0.839876
v  -21.665104 3.404173 -0.561720
v  -21.731783 2.886914 -0.300221
v  -21.730759 2.386073 -0.578378
v  -22.264437 3.424288 -0.338092
v  -22.280806 3.428105 -0.713901
v  -22.305513 2.523102 -0.751667
v  -22.312767 2.495017 -0.364545
v  -23.006577 3.147121 -0.815254
v  -22.930292 3.802278 -0.542573
v  -22.885727 3.117273 -0.349830
v  -22.962011 2.462117 -0.622512
v  -28.824669 3.391834 -0.758218
v  -29.028704 3.387836 -0.365991
v  -28.904871 2.424078 -0.410597
v  -28.746599 2.444067 -0.801699
v  -28.405039 3.058874 -0.400208
v  -28.291971 3.760607 -0.604277
v  -28.082218 3.079065 -0.915272
v  -28.195284 2.377331 -0.711203
v  -29.925875 3.245201 -0.692672
v  -30.014019 3.241812 -0.332179
v  -29.856560 2.495197 -0.332982
v  -29.784002 2.501538 -0.710851
v  -29.493422 2.866344 -0.292860
v  -29.496202 3.417278 -0.534865
v  -29.331270 2.875000 -0.791731
v  -29.328489 2.324066 -0.549726
v  -30.793076 3.277257 -0.674079
v  -30.835598 3.259427 -0.338418
v  -30.661564 2.526492 -0.338381
v  -30.654106 2.532076 -0.708246
v  -30.367033 2.883938 -0.264371
v  -30.442120 3.369427 -0.495942
v  -30.299767 2.892912 -0.752004
v  -30.224682 2.407423 -0.520432
v  -31.526722 3.258278 -0.625102
v  -31.534794 3.242567 -0.352828
v  -31.402115 2.538144 -0.360261
v  -31.414963 2.543740 -0.635989
v  -31.116272 2.891643 -0.300519
v  -31.205017 3.401941 -0.508735
v  -31.107569 2.911256 -0.732806
v  -31.018822 2.400958 -0.524591
v  -31.681038 11.641323 0.053623
v  -31.513409 11.257504 -0.029728
v  -31.681038 10.873682 0.030838
v  -31.848665 11.257504 0.114190
v  -27.450497 12.119259 -0.126046
v  -27.071054 12.119259 -0.383078
v  -27.080030 11.206770 -0.434123
v  -27.453201 11.206770 -0.141434
v  -31.458366 11.287840 0.466974
v  -31.675709 11.695682 0.344101
v  -31.893049 11.318382 0.200951
v  -31.675709 10.910541 0.323824
v  -27.402004 10.994642 1.574415
v  -27.402004 11.976006 1.612974
v  -27.836689 12.012483 1.096215
v  -27.836689 11.034387 1.057866
v  -28.185640 11.984263 -0.237953
v  -28.632786 11.984263 0.115447
v  -28.635490 10.983014 0.092336
v  -28.194618 10.983014 -0.314623
v  -27.861990 12.264215 -0.149710
v  -27.588732 11.592753 -0.425799
v  -27.873672 10.921292 -0.207398
v  -28.146931 11.592753 0.068690
v  -29.298382 11.805994 -0.068695
v  -29.760834 11.805994 0.206151
v  -29.760834 10.948506 0.184122
v  -29.298382 10.948506 -0.141775
v  -28.947721 12.017554 0.027210
v  -28.643993 11.392770 -0.236105
v  -28.949669 10.767987 -0.041806
v  -29.253397 11.392770 0.221508
v  -30.271452 11.740865 0.069733
v  -30.695557 11.740865 0.271298
v  -30.695557 10.971601 0.255143
v  -30.271452 10.971601 0.016138
v  -30.069626 11.910863 0.118619
v  -29.767191 11.383074 -0.080197
v  -30.069626 10.855284 0.064270
v  -30.372059 11.383074 0.263086
v  -28.367538 11.987382 1.068007
v  -28.363110 10.873626 1.033006
v  -28.729258 10.918731 0.514924
v  -28.733662 12.028780 0.549734
v  -27.814709 11.449420 1.440510
v  -28.093811 12.218252 1.086581
v  -28.371439 11.506995 0.677050
v  -28.092339 10.738164 1.030979
v  -29.413729 11.841807 0.658036
v  -29.409302 10.922960 0.637108
v  -29.775448 10.960173 0.307556
v  -29.779854 11.875959 0.328370
v  -28.811756 11.399374 0.860371
v  -29.037413 12.114171 0.599872
v  -29.254238 11.452901 0.305389
v  -29.028580 10.738105 0.565889
v  -30.432501 11.730412 0.548459
v  -30.432501 10.943960 0.539228
v  -30.867184 10.975810 0.249950
v  -30.867184 11.759644 0.284745
v  -29.880072 11.354128 0.625087
v  -30.159172 11.920803 0.453890
v  -30.436800 11.396564 0.255961
v  -30.157700 10.829888 0.427159
v  -31.213787 11.692831 0.496305
v  -31.213787 10.906380 0.486771
v  -31.648470 10.938229 0.193434
v  -31.648470 11.722063 0.228530
v  -30.782967 11.311753 0.570003
v  -31.072756 11.855543 0.392221
v  -31.362545 11.352474 0.182749
v  -31.072756 10.808684 0.360531
v  -31.495571 11.665313 0.205660
v  -31.495571 10.897315 0.193871
v  -31.140741 10.897315 0.019472
v  -31.140741 11.665313 0.058579
v  -30.867573 11.828305 0.199128
v  -30.609688 11.315916 0.053764
v  -30.867573 10.803530 0.159391
v  -31.125458 11.315916 0.304755
v  -19.396797 11.547229 0.232662
v  -19.297707 11.243723 0.329572
v  -19.367971 10.935177 0.184446
v  -19.467064 11.238683 0.087536
v  -23.940756 12.108339 -0.378887
v  -23.641071 12.107707 -0.063410
v  -23.634813 11.178256 -0.133879
v  -23.927061 11.181427 -0.463211
v  -19.453415 11.590068 0.619277
v  -19.629278 11.260107 0.732862
v  -19.453415 10.954858 0.587548
v  -19.277552 11.284819 0.473964
v  -23.338581 11.976682 1.297729
v  -23.773264 11.943106 1.757765
v  -23.832289 11.039742 1.719265
v  -23.397606 11.076326 1.292514
v  -22.499023 12.052317 0.293609
v  -22.777908 12.053058 -0.141933
v  -22.754049 10.970205 -0.231476
v  -22.484230 10.966499 0.200637
v  -23.166929 12.274009 -0.071415
v  -22.967224 11.573665 0.151460
v  -23.147137 10.876187 -0.208229
v  -23.346842 11.576530 -0.431104
v  -21.519978 11.920703 0.408276
v  -21.788862 11.922012 0.055208
v  -21.746340 10.917189 -0.014605
v  -21.451017 10.910634 0.332063
v  -22.159672 12.164104 0.216901
v  -21.958401 11.454310 0.423573
v  -22.118906 10.748043 0.121065
v  -22.320177 11.457836 -0.085607
v  -20.839878 11.777803 0.014586
v  -20.819899 10.929602 -0.062278
v  -20.534500 10.926983 0.271152
v  -20.589970 11.777281 0.355662
v  -21.176617 12.007919 0.221370
v  -20.940201 11.383436 0.391408
v  -21.086884 10.764557 0.113866
v  -21.323299 11.389039 -0.056173
v  -19.679272 11.612123 0.346917
v  -19.875721 11.608606 0.057719
v  -19.862772 10.936140 0.003301
v  -19.667564 10.940681 0.281902
v  -20.266016 11.823612 0.190534
v  -20.106054 11.317390 0.360567
v  -20.257610 10.808674 0.092421
v  -20.417572 11.314896 -0.077613
v  -22.903860 11.951494 1.492226
v  -22.469177 11.989623 0.926476
v  -22.528202 10.967234 0.912668
v  -22.962887 10.925688 1.445085
v  -23.125246 12.146052 1.411280
v  -23.474060 11.459841 1.735658
v  -23.243296 10.825014 1.384815
v  -22.894482 11.511228 1.060437
v  -21.960932 11.851543 1.106955
v  -21.526249 11.886909 0.630964
v  -21.526249 10.938618 0.592269
v  -21.960932 10.900084 1.068048
v  -22.212194 12.100245 1.012069
v  -22.511822 11.401895 1.349403
v  -22.231871 10.755841 0.957365
v  -21.932243 11.454192 0.620031
v  -21.051807 11.725955 0.929251
v  -20.617125 11.756766 0.558974
v  -20.617125 10.930510 0.528872
v  -21.051807 10.896934 0.898984
v  -21.280975 11.946199 0.791963
v  -21.570766 11.337096 1.034816
v  -21.280975 10.773604 0.748846
v  -20.991188 11.382708 0.505993
v  -20.049839 11.617266 0.813247
v  -19.664930 11.643184 0.513068
v  -19.664930 10.949125 0.478720
v  -20.049839 10.920957 0.785374
v  -20.370968 11.816157 0.717693
v  -20.652460 11.280587 0.933083
v  -20.370968 10.785122 0.677139
v  -20.089474 11.320693 0.461750
# 1850 vertices

vt 1.000000 0.000000 0.000000
vt 0.833333 0.000000 0.000000
vt 0.666667 0.000000 0.000000
vt 0.500000 0.000000 0.000000
vt 0.333333 0.000000 0.000000
vt 0.166667 0.000000 0.000000
vt -0.000000 0.000000 0.000000
vt 1.000000 0.200000 0.000000
vt 0.833333 0.200000 0.000000
vt 0.666667 0.200000 0.000000
vt 0.500000 0.200000 0.000000
vt 0.333333 0.200000 0.000000
vt 0.166667 0.200000 0.000000
vt -0.000000 0.200000 0.000000
vt 1.000000 0.400000 0.000000
vt 0.833333 0.400000 0.000000
vt 0.666667 0.400000 0.000000
vt 0.500000 0.400000 0.000000
vt 0.333333 0.400000 0.000000
vt 0.166667 0.400000 0.000000
vt -0.000000 0.400000 0.000000
vt 1.000000 0.600000 0.000000
vt 0.833333 0.600000 0.000000
vt 0.666667 0.600000 0.000000
vt 0.500000 0.600000 0.000000
vt 0.333333 0.600000 0.000000
vt 0.166667 0.600000 0.000000
vt -0.000000 0.600000 0.000000
vt 1.000000 0.800000 0.000000
vt 0.833333 0.800000 0.000000
vt 0.666667 0.800000 0.000000
vt 0.500000 0.800000 0.000000
vt 0.333333 0.800000 0.000000
vt 0.166667 0.800000 0.000000
vt -0.000000 0.800000 0.000000
vt 1.000000 1.000000 0.000000
vt 0.833333 1.000000 0.000000
vt 0.666667 1.000000 0.000000
vt 0.500000 1.000000 0.000000
vt 0.333333 1.000000 0.000000
vt 0.166667 1.000000 0.000000
vt -0.000000 1.000000 0.000000
vt 0.000000 0.000000 0.000000
vt 0.166667 0.000000 0.000000
vt 0.333333 0.000000 0.000000
vt 0.500000 0.000000 0.000000
vt 0.666667 0.000000 0.000000
vt 0.833333 0.000000 0.000000
vt 1.000000 0.000000 0.000000
vt 0.000000 0.200000 0.000000
vt 0.166667 0.200000 0.000000
vt 0.333333 0.200000 0.000000
vt 0.500000 0.200000 0.000000
vt 0.666667 0.200000 0.000000
vt 0.833333 0.200000 0.000000
vt 1.000000 0.200000 0.000000
vt 0.000000 0.400000 0.000000
vt 0.166667 0.400000 0.000000
vt 0.333333 0.400000 0.000000
vt 0.500000 0.400000 0.000000
vt 0.666667 0.400000 0.000000
vt 0.833333 0.400000 0.000000
vt 1.000000 0.400000 0.000000
vt 0.000000 0.600000 0.000000
vt 0.166667 0.600000 0.000000
vt 0.333333 0.600000 0.000000
vt 0.500000 0.600000 0.000000
vt 0.666667 0.600000 0.000000
vt 0.833333 0.600000 0.000000
vt 1.000000 0.600000 0.000000
vt 0.000000 0.800000 0.000000
vt 0.166667 0.800000 0.000000
vt 0.333333 0.800000 0.000000
vt 0.500000 0.800000 0.000000
vt 0.666667 0.800000 0.000000
vt 0.833333 0.800000 0.000000
vt 1.000000 0.800000 0.000000
vt 0.000000 1.000000 0.000000
vt 0.166667 1.000000 0.000000
vt 0.333333 1.000000 0.000000
vt 0.500000 1.000000 0.000000
vt 0.666667 1.000000 0.000000
vt 0.833333 1.000000 0.000000
vt 1.000000 1.000000 0.000000
vt 0.000000 0.000000 0.000000
vt 0.166667 0.000000 0.000000
vt 0.333333 0.000000 0.000000
vt 0.500000 0.000000 0.000000
vt 0.666667 0.000000 0.000000
vt 0.833333 0.000000 0.000000
vt 1.000000 0.000000 0.000000
vt 0.000000 0.200000 0.000000
vt 0.166667 0.215801 0.000000
vt 0.333333 0.215801 0.000000
vt 0.500000 0.215801 0.000000
vt 0.666667 0.215801 0.000000
vt 0.833333 0.215801 0.000000
vt 1.000000 0.200000 0.000000
vt 0.000000 0.400000 0.000000
vt 0.166667 0.383152 0.000000
vt 0.333333 0.383152 0.000000
vt 0.500000 0.383152 0.000000
vt 0.666667 0.383152 0.000000
vt 0.833333 0.383152 0.000000
vt 1.000000 0.400000 0.000000
vt 0.000000 0.600000 0.000000
vt 0.166667 0.617270 0.000000
vt 0.333333 0.617270 0.000000
vt 0.500000 0.617270 0.000000
vt 0.666667 0.617270 0.000000
vt 0.833333 0.617270 0.000000
vt 1.000000 0.600000 0.000000
vt 0.000000 0.800000 0.000000
vt 0.166667 0.783290 0.000000
vt 0.333333 0.783290 0.000000
vt 0.500000 0.783290 0.000000
vt 0.666667 0.783290 0.000000
vt 0.833333 0.783290 0.000000
vt 1.000000 0.800000 0.000000
vt 0.000000 1.000000 0.000000
vt 0.166667 1.000000 0.000000
vt 0.333333 1.000000 0.000000
vt 0.500000 1.000000 0.000000
vt 0.666667 1.000000 0.000000
vt 0.833333 1.000000 0.000000
vt 1.000000 1.000000 0.000000
vt 0.000000 0.000000 0.000000
vt 0.200000 0.000000 0.000000
vt 0.400000 0.000000 0.000000
vt 0.600000 0.000000 0.000000
vt 0.800000 0.000000 0.000000
vt 1.000000 0.000000 0.000000
vt 0.000000 0.200000 0.000000
vt 0.200000 0.215801 0.000000
vt 0.400000 0.215801 0.000000
vt 0.600000 0.215801 0.000000
vt 0.800000 0.215801 0.000000
vt 1.000000 0.200000 0.000000
vt 0.000000 0.400000 0.000000
vt 0.200000 0.383152 0.000000
vt 0.400000 0.383152 0.000000
vt 0.600000 0.383152 0.000000
vt 0.800000 0.383152 0.000000
vt 1.000000 0.400000 0.000000
vt 0.000000 0.600000 0.000000
vt 0.200000 0.611053 0.000000
vt 0.400000 0.617270 0.000000
vt 0.600000 0.617270 0.000000
vt 0.800000 0.617270 0.000000
vt 1.000000 0.600000 0.000000
vt 0.000000 0.800000 0.000000
vt 0.200000 0.783290 0.000000
vt 0.400000 0.783290 0.000000
vt 0.600000 0.783290 0.000000
vt 0.800000 0.783290 0.000000
vt 1.000000 0.800000 0.000000
vt 0.000000 1.000000 0.000000
vt 0.200000 1.000000 0.000000
vt 0.400000 1.000000 0.000000
vt 0.600000 1.000000 0.000000
vt 0.800000 1.000000 0.000000
vt 1.000000 1.000000 0.000000
vt 0.000000 0.000000 0.000000
vt 0.166667 0.000000 0.000000
vt 0.333333 0.000000 0.000000
vt 0.500000 0.000000 0.000000
vt 0.666667 0.000000 0.000000
vt 0.833333 0.000000 0.000000
vt 1.000000 0.000000 0.000000
vt 0.000000 0.200000 0.000000
vt 0.166667 0.215801 0.000000
vt 0.333333 0.215801 0.000000
vt 0.500000 0.215801 0.000000
vt 0.666667 0.215801 0.000000
vt 0.833333 0.215801 0.000000
vt 1.000000 0.200000 0.000000
vt 0.000000 0.400000 0.000000
vt 0.166667 0.383152 0.000000
vt 0.333333 0.383152 0.000000
vt 0.500000 0.383152 0.000000
vt 0.666667 0.383152 0.000000
vt 0.833333 0.383152 0.000000
vt 1.000000 0.400000 0.000000
vt 0.000000 0.600000 0.000000
vt 0.166667 0.611053 0.000000
vt 0.333333 0.617270 0.000000
vt 0.500000 0.617270 0.000000
vt 0.666667 0.617270 0.000000
vt 0.833333 0.611053 0.000000
vt 1.000000 0.600000 0.000000
vt 0.000000 0.800000 0.000000
vt 0.166667 0.783290 0.000000
vt 0.333333 0.783290 0.000000
vt 0.500000 0.783290 0.000000
vt 0.666667 0.783290 0.000000
vt 0.833333 0.783290 0.000000
vt 1.000000 0.800000 0.000000
vt 0.000000 1.000000 0.000000
vt 0.166667 1.000000 0.000000
vt 0.333333 1.000000 0.000000
vt 0.500000 1.000000 0.000000
vt 0.666667 1.000000 0.000000
vt 0.833333 1.000000 0.000000
vt 1.000000 1.000000 0.000000
vt 0.000000 0.000000 0.000000
vt 0.200000 0.000000 0.000000
vt 0.400000 0.000000 0.000000
vt 0.600000 0.000000 0.000000
vt 0.800000 0.000000 0.000000
vt 1.000000 0.000000 0.000000
vt 0.000000 0.200000 0.000000
vt 0.200000 0.215801 0.000000
vt 0.400000 0.215801 0.000000
vt 0.600000 0.215801 0.000000
vt 0.800000 0.215801 0.000000
vt 1.000000 0.200000 0.000000
vt 0.000000 0.400000 0.000000
vt 0.200000 0.383152 0.000000
vt 0.400000 0.383152 0.000000
vt 0.600000 0.383152 0.000000
vt 0.800000 0.383152 0.000000
vt 1.000000 0.400000 0.000000
vt 0.000000 0.600000 0.000000
vt 0.200000 0.617270 0.000000
vt 0.400000 0.617270 0.000000
vt 0.600000 0.617270 0.000000
vt 0.800000 0.611053 0.000000
vt 1.000000 0.600000 0.000000
vt 0.000000 0.800000 0.000000
vt 0.200000 0.783290 0.000000
vt 0.400000 0.783290 0.000000
vt 0.600000 0.783290 0.000000
vt 0.800000 0.783290 0.000000
vt 1.000000 0.800000 0.000000
vt 0.000000 1.000000 0.000000
vt 0.200000 1.000000 0.000000
vt 0.400000 1.000000 0.000000
vt 0.600000 1.000000 0.000000
vt 0.800000 1.000000 0.000000
vt 1.000000 1.000000 0.000000
vt 0.400000 0.536773 0.000000
vt 0.200000 0.536773 0.000000
vt 1.000000 0.538162 0.000000
vt 0.000000 0.538162 0.000000
vt 0.833333 0.537273 0.000000
vt 0.666667 0.536773 0.000000
vt 0.500000 0.536773 0.000000
vt 0.333333 0.536773 0.000000
vt 0.166667 0.537273 0.000000
vt 1.000000 0.538162 0.000000
vt 0.000000 0.538162 0.000000
vt 0.800000 0.536773 0.000000
vt 0.600000 0.536773 0.000000
vt 0.400000 0.536773 0.000000
vt 0.200000 0.537273 0.000000
vt 1.000000 0.538162 0.000000
vt 0.000000 0.538162 0.000000
vt 0.833333 0.536773 0.000000
vt 0.666667 0.536773 0.000000
vt 0.500000 0.536773 0.000000
vt 0.333333 0.536773 0.000000
vt 0.166667 0.536773 0.000000
vt 0.000000 0.538162 0.000000
vt 1.000000 0.538162 0.000000
vt 0.800000 0.537273 0.000000
vt 0.600000 0.536773 0.000000
vt 0.400000 0.466182 0.000000
vt 0.200000 0.466182 0.000000
vt 1.000000 0.465215 0.000000
vt 0.000000 0.465215 0.000000
vt 0.833333 0.466182 0.000000
vt 0.666667 0.466182 0.000000
vt 0.500000 0.466182 0.000000
vt 0.333333 0.466182 0.000000
vt 0.166667 0.466182 0.000000
vt 1.000000 0.465215 0.000000
vt 0.000000 0.465215 0.000000
vt 0.800000 0.466182 0.000000
vt 0.600000 0.466182 0.000000
vt 0.400000 0.466182 0.000000
vt 0.200000 0.466182 0.000000
vt 1.000000 0.465215 0.000000
vt 0.000000 0.465215 0.000000
vt 0.833333 0.466182 0.000000
vt 0.666667 0.466182 0.000000
vt 0.500000 0.466182 0.000000
vt 0.333333 0.466182 0.000000
vt 0.166667 0.466182 0.000000
vt 0.000000 0.465215 0.000000
vt 1.000000 0.465215 0.000000
vt 0.800000 0.466182 0.000000
vt 0.600000 0.466182 0.000000
vt 1.000000 0.064680 0.000000
vt 0.000000 0.064680 0.000000
vt 0.833333 0.064444 0.000000
vt 0.666667 0.064311 0.000000
vt 0.500000 0.064311 0.000000
vt 0.333333 0.064311 0.000000
vt 0.166667 0.064444 0.000000
vt 1.000000 0.064680 0.000000
vt 0.000000 0.064680 0.000000
vt 0.800000 0.064311 0.000000
vt 0.600000 0.064311 0.000000
vt 0.400000 0.064311 0.000000
vt 0.200000 0.064444 0.000000
vt 1.000000 0.064680 0.000000
vt 0.000000 0.064680 0.000000
vt 0.833333 0.064311 0.000000
vt 0.666667 0.064311 0.000000
vt 0.500000 0.064311 0.000000
vt 0.333333 0.064311 0.000000
vt 0.166667 0.064311 0.000000
vt 0.000000 0.064680 0.000000
vt 1.000000 0.064680 0.000000
vt 0.800000 0.064444 0.000000
vt 0.600000 0.064311 0.000000
vt 0.400000 0.064311 0.000000
vt 0.200000 0.064311 0.000000
vt 1.000000 0.126408 0.000000
vt 0.000000 0.126408 0.000000
vt 0.833333 0.127357 0.000000
vt 0.666667 0.127891 0.000000
vt 0.500000 0.127891 0.000000
vt 0.333333 0.127891 0.000000
vt 0.166667 0.127357 0.000000
vt 1.000000 0.126408 0.000000
vt 0.000000 0.126408 0.000000
vt 0.800000 0.127891 0.000000
vt 0.600000 0.127891 0.000000
vt 0.400000 0.127891 0.000000
vt 0.200000 0.127357 0.000000
vt 1.000000 0.126408 0.000000
vt 0.000000 0.126408 0.000000
vt 0.833333 0.127891 0.000000
vt 0.666667 0.127891 0.000000
vt 0.500000 0.127891 0.000000
vt 0.333333 0.127891 0.000000
vt 0.166667 0.127891 0.000000
vt 0.000000 0.126408 0.000000
vt 1.000000 0.126408 0.000000
vt 0.800000 0.127357 0.000000
vt 0.600000 0.127891 0.000000
vt 0.400000 0.127891 0.000000
vt 0.200000 0.127891 0.000000
vt 0.800000 0.866713 0.000000
vt 0.600000 0.866713 0.000000
vt 0.400000 0.866713 0.000000
vt 0.200000 0.866713 0.000000
vt 1.000000 0.866319 0.000000
vt 0.000000 0.866319 0.000000
vt 0.833333 0.866713 0.000000
vt 0.666667 0.866713 0.000000
vt 0.500000 0.866713 0.000000
vt 0.333333 0.866713 0.000000
vt 0.166667 0.866713 0.000000
vt 1.000000 0.866319 0.000000
vt 0.000000 0.866319 0.000000
vt 0.800000 0.866713 0.000000
vt 0.600000 0.866713 0.000000
vt 0.400000 0.866713 0.000000
vt 0.200000 0.866713 0.000000
vt 1.000000 0.866319 0.000000
vt 0.000000 0.866319 0.000000
vt 0.833333 0.866713 0.000000
vt 0.666667 0.866713 0.000000
vt 0.500000 0.866713 0.000000
vt 0.333333 0.866713 0.000000
vt 0.166667 0.866713 0.000000
vt 0.000000 0.866319 0.000000
vt 1.000000 0.866319 0.000000
vt 0.800000 0.935134 0.000000
vt 0.600000 0.935134 0.000000
vt 0.400000 0.935134 0.000000
vt 0.200000 0.935134 0.000000
vt 1.000000 0.935792 0.000000
vt 0.000000 0.935792 0.000000
vt 0.833333 0.935134 0.000000
vt 0.666667 0.935134 0.000000
vt 0.500000 0.935134 0.000000
vt 0.333333 0.935134 0.000000
vt 0.166667 0.935134 0.000000
vt 1.000000 0.935792 0.000000
vt 0.000000 0.935792 0.000000
vt 0.800000 0.935134 0.000000
vt 0.600000 0.935134 0.000000
vt 0.400000 0.935134 0.000000
vt 0.200000 0.935134 0.000000
vt 1.000000 0.935792 0.000000
vt 0.000000 0.935792 0.000000
vt 0.833333 0.935134 0.000000
vt 0.666667 0.935134 0.000000
vt 0.500000 0.935134 0.000000
vt 0.333333 0.935134 0.000000
vt 0.166667 0.935134 0.000000
vt 0.000000 0.935792 0.000000
vt 1.000000 0.935792 0.000000
vt 0.155556 0.078398 0.000000
vt 0.155556 0.112691 0.000000
vt 0.044444 0.112691 0.000000
vt 0.044444 0.078398 0.000000
vt 0.844445 0.112691 0.000000
vt 0.844445 0.078398 0.000000
vt 0.955556 0.078398 0.000000
vt 0.955556 0.112691 0.000000
vt 0.975000 0.118692 0.000000
vt 0.975000 0.072396 0.000000
vt 0.825000 0.072396 0.000000
vt 0.825000 0.118692 0.000000
vt 0.975000 0.118692 0.000000
vt 0.975000 0.072396 0.000000
vt 0.825000 0.072396 0.000000
vt 0.825000 0.118692 0.000000
vt 0.975000 0.118692 0.000000
vt 0.975000 0.072396 0.000000
vt 0.825000 0.072396 0.000000
vt 0.825000 0.118692 0.000000
vt 0.975000 0.118692 0.000000
vt 0.975000 0.072396 0.000000
vt 0.825000 0.072396 0.000000
vt 0.825000 0.118692 0.000000
vt 0.025000 0.118692 0.000000
vt 0.175000 0.118692 0.000000
vt 0.175000 0.072396 0.000000
vt 0.025000 0.072396 0.000000
vt 0.025000 0.118692 0.000000
vt 0.175000 0.118692 0.000000
vt 0.175000 0.072396 0.000000
vt 0.025000 0.072396 0.000000
vt 0.025000 0.118692 0.000000
vt 0.175000 0.118692 0.000000
vt 0.175000 0.072396 0.000000
vt 0.025000 0.072396 0.000000
vt 0.025000 0.118692 0.000000
vt 0.175000 0.118692 0.000000
vt 0.175000 0.072396 0.000000
vt 0.025000 0.072396 0.000000
vt 0.129630 0.078398 0.000000
vt 0.129630 0.112691 0.000000
vt 0.037037 0.112691 0.000000
vt 0.037037 0.078398 0.000000
vt 0.962963 0.078398 0.000000
vt 0.962963 0.112691 0.000000
vt 0.870371 0.112691 0.000000
vt 0.870371 0.078398 0.000000
vt 0.020833 0.118692 0.000000
vt 0.145833 0.118692 0.000000
vt 0.145833 0.072396 0.000000
vt 0.020833 0.072396 0.000000
vt 0.020833 0.118692 0.000000
vt 0.145833 0.118692 0.000000
vt 0.145833 0.072396 0.000000
vt 0.020833 0.072396 0.000000
vt 0.020833 0.118692 0.000000
vt 0.145833 0.118692 0.000000
vt 0.145833 0.072396 0.000000
vt 0.020833 0.072396 0.000000
vt 0.020833 0.118692 0.000000
vt 0.145833 0.118692 0.000000
vt 0.145833 0.072396 0.000000
vt 0.020833 0.072396 0.000000
vt 0.854167 0.118692 0.000000
vt 0.979167 0.118692 0.000000
vt 0.979167 0.072396 0.000000
vt 0.854167 0.072396 0.000000
vt 0.854167 0.118692 0.000000
vt 0.979167 0.118692 0.000000
vt 0.979167 0.072396 0.000000
vt 0.854167 0.072396 0.000000
vt 0.854167 0.118692 0.000000
vt 0.979167 0.118692 0.000000
vt 0.979167 0.072396 0.000000
vt 0.854167 0.072396 0.000000
vt 0.854167 0.118692 0.000000
vt 0.979167 0.118692 0.000000
vt 0.979167 0.072396 0.000000
vt 0.854167 0.072396 0.000000
vt 0.962963 0.586258 0.000000
vt 0.870371 0.586258 0.000000
vt 0.870371 0.551904 0.000000
vt 0.962963 0.551904 0.000000
vt 0.955556 0.551904 0.000000
vt 0.955556 0.586258 0.000000
vt 0.844445 0.586258 0.000000
vt 0.844445 0.551904 0.000000
vt 0.854167 0.592270 0.000000
vt 0.979167 0.592270 0.000000
vt 0.979167 0.545892 0.000000
vt 0.854167 0.545892 0.000000
vt 0.854167 0.592270 0.000000
vt 0.979167 0.592270 0.000000
vt 0.979167 0.545892 0.000000
vt 0.854167 0.545892 0.000000
vt 0.854167 0.592270 0.000000
vt 0.979167 0.592270 0.000000
vt 0.979167 0.545892 0.000000
vt 0.854167 0.545892 0.000000
vt 0.975000 0.592270 0.000000
vt 0.975000 0.545892 0.000000
vt 0.825000 0.545892 0.000000
vt 0.825000 0.592270 0.000000
vt 0.975000 0.592270 0.000000
vt 0.975000 0.545892 0.000000
vt 0.825000 0.545892 0.000000
vt 0.825000 0.592270 0.000000
vt 0.975000 0.592270 0.000000
vt 0.975000 0.545892 0.000000
vt 0.825000 0.545892 0.000000
vt 0.825000 0.592270 0.000000
vt 0.975000 0.592270 0.000000
vt 0.975000 0.545892 0.000000
vt 0.825000 0.545892 0.000000
vt 0.825000 0.592270 0.000000
vt 0.979167 0.592270 0.000000
vt 0.979167 0.545892 0.000000
vt 0.854167 0.545892 0.000000
vt 0.854167 0.592270 0.000000
vt 0.129630 0.586258 0.000000
vt 0.037037 0.586258 0.000000
vt 0.037037 0.551904 0.000000
vt 0.129630 0.551904 0.000000
vt 0.155556 0.586258 0.000000
vt 0.044444 0.586258 0.000000
vt 0.044444 0.551904 0.000000
vt 0.155556 0.551904 0.000000
vt 0.020833 0.592270 0.000000
vt 0.145833 0.592270 0.000000
vt 0.145833 0.545892 0.000000
vt 0.020833 0.545892 0.000000
vt 0.020833 0.592270 0.000000
vt 0.145833 0.592270 0.000000
vt 0.145833 0.545892 0.000000
vt 0.020833 0.545892 0.000000
vt 0.145833 0.592270 0.000000
vt 0.145833 0.545892 0.000000
vt 0.020833 0.545892 0.000000
vt 0.020833 0.592270 0.000000
vt 0.020833 0.592270 0.000000
vt 0.145833 0.592270 0.000000
vt 0.145833 0.545892 0.000000
vt 0.020833 0.545892 0.000000
vt 0.025000 0.592270 0.000000
vt 0.175000 0.592270 0.000000
vt 0.175000 0.545892 0.000000
vt 0.025000 0.545892 0.000000
vt 0.025000 0.592270 0.000000
vt 0.175000 0.592270 0.000000
vt 0.175000 0.545892 0.000000
vt 0.025000 0.545892 0.000000
vt 0.025000 0.592270 0.000000
vt 0.175000 0.592270 0.000000
vt 0.175000 0.545892 0.000000
vt 0.025000 0.545892 0.000000
vt 0.025000 0.592270 0.000000
vt 0.175000 0.592270 0.000000
vt 0.175000 0.545892 0.000000
vt 0.025000 0.545892 0.000000
vt 0.916667 0.100000 0.000000
vt 0.750000 0.100000 0.000000
vt 0.583333 0.100000 0.000000
vt 0.416667 0.100000 0.000000
vt 0.250000 0.100000 0.000000
vt 0.083333 0.100000 0.000000
vt 0.916667 0.300000 0.000000
vt 0.750000 0.300000 0.000000
vt 0.583333 0.300000 0.000000
vt 0.416667 0.300000 0.000000
vt 0.250000 0.300000 0.000000
vt 0.083333 0.300000 0.000000
vt 0.916667 0.500000 0.000000
vt 0.750000 0.500000 0.000000
vt 0.583333 0.500000 0.000000
vt 0.416667 0.500000 0.000000
vt 0.250000 0.500000 0.000000
vt 0.083333 0.500000 0.000000
vt 0.916667 0.700000 0.000000
vt 0.750000 0.700000 0.000000
vt 0.583333 0.700000 0.000000
vt 0.416667 0.700000 0.000000
vt 0.250000 0.700000 0.000000
vt 0.083333 0.700000 0.000000
vt 0.916667 0.900000 0.000000
vt 0.750000 0.900000 0.000000
vt 0.583333 0.900000 0.000000
vt 0.416667 0.900000 0.000000
vt 0.250000 0.900000 0.000000
vt 0.083333 0.900000 0.000000
vt 0.083333 0.100000 0.000000
vt 0.250000 0.100000 0.000000
vt 0.416667 0.100000 0.000000
vt 0.583333 0.100000 0.000000
vt 0.750000 0.100000 0.000000
vt 0.916667 0.100000 0.000000
vt 0.083333 0.300000 0.000000
vt 0.250000 0.300000 0.000000
vt 0.416667 0.300000 0.000000
vt 0.583333 0.300000 0.000000
vt 0.750000 0.300000 0.000000
vt 0.916667 0.300000 0.000000
vt 0.083333 0.500000 0.000000
vt 0.250000 0.500000 0.000000
vt 0.416667 0.500000 0.000000
vt 0.583333 0.500000 0.000000
vt 0.750000 0.500000 0.000000
vt 0.916667 0.500000 0.000000
vt 0.083333 0.700000 0.000000
vt 0.250000 0.700000 0.000000
vt 0.416667 0.700000 0.000000
vt 0.583333 0.700000 0.000000
vt 0.750000 0.700000 0.000000
vt 0.916667 0.700000 0.000000
vt 0.083333 0.900000 0.000000
vt 0.250000 0.900000 0.000000
vt 0.416667 0.900000 0.000000
vt 0.583333 0.900000 0.000000
vt 0.750000 0.900000 0.000000
vt 0.916667 0.900000 0.000000
vt 0.083333 0.032340 0.000000
vt 0.250000 0.032340 0.000000
vt 0.416667 0.032340 0.000000
vt 0.583333 0.032340 0.000000
vt 0.750000 0.032340 0.000000
vt 0.916667 0.032340 0.000000
vt 0.083333 0.300000 0.000000
vt 0.250000 0.300000 0.000000
vt 0.416667 0.300000 0.000000
vt 0.583333 0.300000 0.000000
vt 0.750000 0.300000 0.000000
vt 0.916667 0.300000 0.000000
vt 0.083333 0.432608 0.000000
vt 0.250000 0.432608 0.000000
vt 0.416667 0.432608 0.000000
vt 0.583333 0.432608 0.000000
vt 0.750000 0.432608 0.000000
vt 0.916667 0.432608 0.000000
vt 0.083333 0.700000 0.000000
vt 0.250000 0.700000 0.000000
vt 0.416667 0.700000 0.000000
vt 0.583333 0.700000 0.000000
vt 0.750000 0.700000 0.000000
vt 0.916667 0.700000 0.000000
vt 0.083333 0.833160 0.000000
vt 0.250000 0.833160 0.000000
vt 0.416667 0.833160 0.000000
vt 0.583333 0.833160 0.000000
vt 0.750000 0.833160 0.000000
vt 0.916667 0.833160 0.000000
vt 0.100000 0.032340 0.000000
vt 0.300000 0.032340 0.000000
vt 0.500000 0.032340 0.000000
vt 0.700000 0.032340 0.000000
vt 0.900000 0.032340 0.000000
vt 0.100000 0.300000 0.000000
vt 0.300000 0.300000 0.000000
vt 0.500000 0.300000 0.000000
vt 0.700000 0.300000 0.000000
vt 0.900000 0.300000 0.000000
vt 0.100000 0.432608 0.000000
vt 0.300000 0.432608 0.000000
vt 0.500000 0.432608 0.000000
vt 0.700000 0.432608 0.000000
vt 0.900000 0.432608 0.000000
vt 0.100000 0.700000 0.000000
vt 0.300000 0.700000 0.000000
vt 0.500000 0.700000 0.000000
vt 0.700000 0.700000 0.000000
vt 0.900000 0.700000 0.000000
vt 0.100000 0.833160 0.000000
vt 0.300000 0.833160 0.000000
vt 0.500000 0.833160 0.000000
vt 0.700000 0.833160 0.000000
vt 0.900000 0.833160 0.000000
vt 0.083333 0.032340 0.000000
vt 0.250000 0.032340 0.000000
vt 0.416667 0.032340 0.000000
vt 0.583333 0.032340 0.000000
vt 0.750000 0.032340 0.000000
vt 0.916667 0.032340 0.000000
vt 0.083333 0.300000 0.000000
vt 0.250000 0.300000 0.000000
vt 0.416667 0.300000 0.000000
vt 0.583333 0.300000 0.000000
vt 0.750000 0.300000 0.000000
vt 0.916667 0.300000 0.000000
vt 0.083333 0.432608 0.000000
vt 0.250000 0.432608 0.000000
vt 0.416667 0.432608 0.000000
vt 0.583333 0.432608 0.000000
vt 0.750000 0.432608 0.000000
vt 0.916667 0.432608 0.000000
vt 0.083333 0.700000 0.000000
vt 0.250000 0.700000 0.000000
vt 0.416667 0.700000 0.000000
vt 0.583333 0.700000 0.000000
vt 0.750000 0.700000 0.000000
vt 0.916667 0.700000 0.000000
vt 0.083333 0.833160 0.000000
vt 0.250000 0.833160 0.000000
vt 0.416667 0.833160 0.000000
vt 0.583333 0.833160 0.000000
vt 0.750000 0.833160 0.000000
vt 0.916667 0.833160 0.000000
vt 0.100000 0.032340 0.000000
vt 0.300000 0.032340 0.000000
vt 0.500000 0.032340 0.000000
vt 0.700000 0.032340 0.000000
vt 0.900000 0.032340 0.000000
vt 0.100000 0.300000 0.000000
vt 0.300000 0.300000 0.000000
vt 0.500000 0.300000 0.000000
vt 0.700000 0.300000 0.000000
vt 0.900000 0.300000 0.000000
vt 0.100000 0.432608 0.000000
vt 0.300000 0.432608 0.000000
vt 0.500000 0.432608 0.000000
vt 0.700000 0.432608 0.000000
vt 0.900000 0.432608 0.000000
vt 0.100000 0.700000 0.000000
vt 0.300000 0.700000 0.000000
vt 0.500000 0.700000 0.000000
vt 0.700000 0.700000 0.000000
vt 0.900000 0.700000 0.000000
vt 0.100000 0.833160 0.000000
vt 0.300000 0.833160 0.000000
vt 0.500000 0.833160 0.000000
vt 0.700000 0.833160 0.000000
vt 0.900000 0.833160 0.000000
vt 0.083333 0.569081 0.000000
vt 0.250000 0.569081 0.000000
vt 0.416667 0.569081 0.000000
vt 0.583333 0.569081 0.000000
vt 0.750000 0.569081 0.000000
vt 0.916667 0.569081 0.000000
vt 0.100000 0.569081 0.000000
vt 0.300000 0.569081 0.000000
vt 0.900000 0.569081 0.000000
vt 0.083333 0.569081 0.000000
vt 0.250000 0.569081 0.000000
vt 0.416667 0.569081 0.000000
vt 0.583333 0.569081 0.000000
vt 0.750000 0.569081 0.000000
vt 0.916667 0.569081 0.000000
vt 0.100000 0.569081 0.000000
vt 0.700000 0.569081 0.000000
vt 0.900000 0.569081 0.000000
vt 0.083333 0.501688 0.000000
vt 0.250000 0.501688 0.000000
vt 0.416667 0.501688 0.000000
vt 0.583333 0.501688 0.000000
vt 0.750000 0.501688 0.000000
vt 0.916667 0.501688 0.000000
vt 0.100000 0.501688 0.000000
vt 0.300000 0.501688 0.000000
vt 0.500000 0.501688 0.000000
vt 0.700000 0.501688 0.000000
vt 0.900000 0.501688 0.000000
vt 0.083333 0.501688 0.000000
vt 0.250000 0.501688 0.000000
vt 0.416667 0.501688 0.000000
vt 0.583333 0.501688 0.000000
vt 0.750000 0.501688 0.000000
vt 0.916667 0.501688 0.000000
vt 0.100000 0.501688 0.000000
vt 0.300000 0.501688 0.000000
vt 0.500000 0.501688 0.000000
vt 0.700000 0.501688 0.000000
vt 0.900000 0.501688 0.000000
vt 0.083333 0.095544 0.000000
vt 0.250000 0.095544 0.000000
vt 0.416667 0.095544 0.000000
vt 0.583333 0.095544 0.000000
vt 0.750000 0.095544 0.000000
vt 0.916667 0.095544 0.000000
vt 0.100000 0.095544 0.000000
vt 0.300000 0.095544 0.000000
vt 0.900000 0.095544 0.000000
vt 0.083333 0.095544 0.000000
vt 0.250000 0.095544 0.000000
vt 0.416667 0.095544 0.000000
vt 0.583333 0.095544 0.000000
vt 0.750000 0.095544 0.000000
vt 0.916667 0.095544 0.000000
vt 0.100000 0.095544 0.000000
vt 0.700000 0.095544 0.000000
vt 0.900000 0.095544 0.000000
vt 0.083333 0.163204 0.000000
vt 0.250000 0.163204 0.000000
vt 0.416667 0.163204 0.000000
vt 0.583333 0.163204 0.000000
vt 0.750000 0.163204 0.000000
vt 0.916667 0.163204 0.000000
vt 0.100000 0.163204 0.000000
vt 0.300000 0.163204 0.000000
vt 0.500000 0.163204 0.000000
vt 0.700000 0.163204 0.000000
vt 0.900000 0.163204 0.000000
vt 0.083333 0.163204 0.000000
vt 0.250000 0.163204 0.000000
vt 0.416667 0.163204 0.000000
vt 0.583333 0.163204 0.000000
vt 0.750000 0.163204 0.000000
vt 0.916667 0.163204 0.000000
vt 0.100000 0.163204 0.000000
vt 0.300000 0.163204 0.000000
vt 0.500000 0.163204 0.000000
vt 0.700000 0.163204 0.000000
vt 0.900000 0.163204 0.000000
vt 0.083333 0.901056 0.000000
vt 0.250000 0.901056 0.000000
vt 0.416667 0.901056 0.000000
vt 0.583333 0.901056 0.000000
vt 0.750000 0.901056 0.000000
vt 0.916667 0.901056 0.000000
vt 0.100000 0.901056 0.000000
vt 0.300000 0.901056 0.000000
vt 0.500000 0.901056 0.000000
vt 0.700000 0.901056 0.000000
vt 0.900000 0.901056 0.000000
vt 0.083333 0.901056 0.000000
vt 0.250000 0.901056 0.000000
vt 0.416667 0.901056 0.000000
vt 0.583333 0.901056 0.000000
vt 0.750000 0.901056 0.000000
vt 0.916667 0.901056 0.000000
vt 0.100000 0.901056 0.000000
vt 0.300000 0.901056 0.000000
vt 0.500000 0.901056 0.000000
vt 0.700000 0.901056 0.000000
vt 0.900000 0.901056 0.000000
vt 0.083333 0.967896 0.000000
vt 0.250000 0.967896 0.000000
vt 0.416667 0.967896 0.000000
vt 0.583333 0.967896 0.000000
vt 0.750000 0.967896 0.000000
vt 0.916667 0.967896 0.000000
vt 0.100000 0.967896 0.000000
vt 0.300000 0.967896 0.000000
vt 0.500000 0.967896 0.000000
vt 0.700000 0.967896 0.000000
vt 0.900000 0.967896 0.000000
vt 0.083333 0.967896 0.000000
vt 0.250000 0.967896 0.000000
vt 0.416667 0.967896 0.000000
vt 0.583333 0.967896 0.000000
vt 0.750000 0.967896 0.000000
vt 0.916667 0.967896 0.000000
vt 0.100000 0.967896 0.000000
vt 0.300000 0.967896 0.000000
vt 0.500000 0.967896 0.000000
vt 0.700000 0.967896 0.000000
vt 0.900000 0.967896 0.000000
vt 0.500000 0.569081 0.000000
vt 0.700000 0.569081 0.000000
vt 0.700000 0.095544 0.000000
vt 0.500000 0.095544 0.000000
vt 0.500000 0.095544 0.000000
vt 0.300000 0.095544 0.000000
vt 0.300000 0.569081 0.000000
vt 0.500000 0.569081 0.000000
vt 0.200000 0.095544 0.000000
vt 0.100000 0.126408 0.000000
vt 0.000000 0.095544 0.000000
vt 0.100000 0.064680 0.000000
vt 0.800000 0.095544 0.000000
vt 0.900000 0.064680 0.000000
vt 1.000000 0.095544 0.000000
vt 0.900000 0.126408 0.000000
vt 0.800000 0.095544 0.000000
vt 0.900000 0.064680 0.000000
vt 1.000000 0.095544 0.000000
vt 0.900000 0.126408 0.000000
vt 0.800000 0.095544 0.000000
vt 0.900000 0.064680 0.000000
vt 1.000000 0.095544 0.000000
vt 0.900000 0.126408 0.000000
vt 0.800000 0.095544 0.000000
vt 0.900000 0.064680 0.000000
vt 1.000000 0.095544 0.000000
vt 0.900000 0.126408 0.000000
vt 0.800000 0.095544 0.000000
vt 0.900000 0.064680 0.000000
vt 1.000000 0.095544 0.000000
vt 0.900000 0.126408 0.000000
vt 0.200000 0.095544 0.000000
vt 0.100000 0.126408 0.000000
vt 0.000000 0.095544 0.000000
vt 0.100000 0.064680 0.000000
vt 0.200000 0.095544 0.000000
vt 0.100000 0.126408 0.000000
vt 0.000000 0.095544 0.000000
vt 0.100000 0.064680 0.000000
vt 0.200000 0.095544 0.000000
vt 0.100000 0.126408 0.000000
vt 0.000000 0.095544 0.000000
vt 0.100000 0.064680 0.000000
vt 0.200000 0.095544 0.000000
vt 0.100000 0.126408 0.000000
vt 0.000000 0.095544 0.000000
vt 0.100000 0.064680 0.000000
vt 0.166667 0.095544 0.000000
vt 0.083333 0.126408 0.000000
vt 0.000000 0.095544 0.000000
vt 0.083333 0.064680 0.000000
vt 1.000000 0.095544 0.000000
vt 0.916667 0.126408 0.000000
vt 0.833333 0.095544 0.000000
vt 0.916667 0.064680 0.000000
vt 0.166667 0.095544 0.000000
vt 0.083333 0.126408 0.000000
vt 0.000000 0.095544 0.000000
vt 0.083333 0.064680 0.000000
vt 0.166667 0.095544 0.000000
vt 0.083333 0.126408 0.000000
vt 0.000000 0.095544 0.000000
vt 0.083333 0.064680 0.000000
vt 0.166667 0.095544 0.000000
vt 0.083333 0.126408 0.000000
vt 0.000000 0.095544 0.000000
vt 0.083333 0.064680 0.000000
vt 0.166667 0.095544 0.000000
vt 0.083333 0.126408 0.000000
vt 0.000000 0.095544 0.000000
vt 0.083333 0.064680 0.000000
vt 1.000000 0.095544 0.000000
vt 0.916667 0.126408 0.000000
vt 0.833333 0.095544 0.000000
vt 0.916667 0.064680 0.000000
vt 1.000000 0.095544 0.000000
vt 0.916667 0.126408 0.000000
vt 0.833333 0.095544 0.000000
vt 0.916667 0.064680 0.000000
vt 1.000000 0.095544 0.000000
vt 0.916667 0.126408 0.000000
vt 0.833333 0.095544 0.000000
vt 0.916667 0.064680 0.000000
vt 1.000000 0.095544 0.000000
vt 0.916667 0.126408 0.000000
vt 0.833333 0.095544 0.000000
vt 0.916667 0.064680 0.000000
vt 0.916667 0.600000 0.000000
vt 0.833333 0.569081 0.000000
vt 0.916667 0.538162 0.000000
vt 1.000000 0.569081 0.000000
vt 1.000000 0.569081 0.000000
vt 0.900000 0.600000 0.000000
vt 0.800000 0.569081 0.000000
vt 0.900000 0.538162 0.000000
vt 0.916667 0.600000 0.000000
vt 0.833333 0.569081 0.000000
vt 0.916667 0.538162 0.000000
vt 1.000000 0.569081 0.000000
vt 0.916667 0.600000 0.000000
vt 0.833333 0.569081 0.000000
vt 0.916667 0.538162 0.000000
vt 1.000000 0.569081 0.000000
vt 0.916667 0.600000 0.000000
vt 0.833333 0.569081 0.000000
vt 0.916667 0.538162 0.000000
vt 1.000000 0.569081 0.000000
vt 1.000000 0.569081 0.000000
vt 0.900000 0.600000 0.000000
vt 0.800000 0.569081 0.000000
vt 0.900000 0.538162 0.000000
vt 1.000000 0.569081 0.000000
vt 0.900000 0.600000 0.000000
vt 0.800000 0.569081 0.000000
vt 0.900000 0.538162 0.000000
vt 1.000000 0.569081 0.000000
vt 0.900000 0.600000 0.000000
vt 0.800000 0.569081 0.000000
vt 0.900000 0.538162 0.000000
vt 1.000000 0.569081 0.000000
vt 0.900000 0.600000 0.000000
vt 0.800000 0.569081 0.000000
vt 0.900000 0.538162 0.000000
vt 0.916667 0.600000 0.000000
vt 0.833333 0.569081 0.000000
vt 0.916667 0.538162 0.000000
vt 1.000000 0.569081 0.000000
vt 0.083333 0.600000 0.000000
vt 0.000000 0.569081 0.000000
vt 0.083333 0.538162 0.000000
vt 0.166667 0.569081 0.000000
vt 0.100000 0.600000 0.000000
vt 0.000000 0.569081 0.000000
vt 0.100000 0.538162 0.000000
vt 0.200000 0.569081 0.000000
vt 0.083333 0.600000 0.000000
vt 0.000000 0.569081 0.000000
vt 0.083333 0.538162 0.000000
vt 0.166667 0.569081 0.000000
vt 0.083333 0.600000 0.000000
vt 0.000000 0.569081 0.000000
vt 0.083333 0.538162 0.000000
vt 0.166667 0.569081 0.000000
vt 0.083333 0.600000 0.000000
vt 0.000000 0.569081 0.000000
vt 0.083333 0.538162 0.000000
vt 0.166667 0.569081 0.000000
vt 0.083333 0.600000 0.000000
vt 0.000000 0.569081 0.000000
vt 0.083333 0.538162 0.000000
vt 0.166667 0.569081 0.000000
vt 0.100000 0.600000 0.000000
vt 0.000000 0.569081 0.000000
vt 0.100000 0.538162 0.000000
vt 0.200000 0.569081 0.000000
vt 0.100000 0.600000 0.000000
vt 0.000000 0.569081 0.000000
vt 0.100000 0.538162 0.000000
vt 0.200000 0.569081 0.000000
vt 0.100000 0.600000 0.000000
vt 0.000000 0.569081 0.000000
vt 0.100000 0.538162 0.000000
vt 0.200000 0.569081 0.000000
vt 0.100000 0.600000 0.000000
vt 0.000000 0.569081 0.000000
vt 0.100000 0.538162 0.000000
vt 0.200000 0.569081 0.000000
vt 1.000000 0.100000 0.000000
vt 0.900000 0.000000 0.000000
vt 0.916667 0.200000 0.000000
vt 0.833333 0.100000 0.000000
vt 0.916667 0.000000 0.000000
vt 0.083333 0.000000 0.000000
vt 0.750000 0.200000 0.000000
vt 0.666667 0.100000 0.000000
vt 0.750000 0.000000 0.000000
vt 0.250000 0.000000 0.000000
vt 0.583333 0.200000 0.000000
vt 0.500000 0.100000 0.000000
vt 0.583333 0.000000 0.000000
vt 0.416667 0.000000 0.000000
vt 0.416667 0.200000 0.000000
vt 0.333333 0.100000 0.000000
vt 0.416667 0.000000 0.000000
vt 0.583333 0.000000 0.000000
vt 0.250000 0.200000 0.000000
vt 0.166667 0.100000 0.000000
vt 0.250000 0.000000 0.000000
vt 0.750000 0.000000 0.000000
vt 0.083333 0.200000 0.000000
vt -0.000000 0.100000 0.000000
vt 0.100000 0.000000 0.000000
vt 0.083333 0.000000 0.000000
vt 0.916667 0.000000 0.000000
vt 1.000000 0.300000 0.000000
vt 0.700000 0.000000 0.000000
vt 0.916667 0.400000 0.000000
vt 0.833333 0.300000 0.000000
vt 0.750000 0.400000 0.000000
vt 0.666667 0.300000 0.000000
vt 0.583333 0.400000 0.000000
vt 0.500000 0.300000 0.000000
vt 0.416667 0.400000 0.000000
vt 0.333333 0.300000 0.000000
vt 0.250000 0.400000 0.000000
vt 0.166667 0.300000 0.000000
vt 0.083333 0.400000 0.000000
vt -0.000000 0.300000 0.000000
vt 0.300000 0.000000 0.000000
vt 1.000000 0.500000 0.000000
vt 0.500000 0.000000 0.000000
vt 0.916667 0.600000 0.000000
vt 0.833333 0.500000 0.000000
vt 0.750000 0.600000 0.000000
vt 0.666667 0.500000 0.000000
vt 0.583333 0.600000 0.000000
vt 0.500000 0.500000 0.000000
vt 0.416667 0.600000 0.000000
vt 0.333333 0.500000 0.000000
vt 0.250000 0.600000 0.000000
vt 0.166667 0.500000 0.000000
vt 0.083333 0.600000 0.000000
vt -0.000000 0.500000 0.000000
vt 0.500000 0.000000 0.000000
vt 1.000000 0.700000 0.000000
vt 0.300000 0.000000 0.000000
vt 0.916667 0.800000 0.000000
vt 0.833333 0.700000 0.000000
vt 0.750000 0.800000 0.000000
vt 0.666667 0.700000 0.000000
vt 0.583333 0.800000 0.000000
vt 0.500000 0.700000 0.000000
vt 0.416667 0.800000 0.000000
vt 0.333333 0.700000 0.000000
vt 0.250000 0.800000 0.000000
vt 0.166667 0.700000 0.000000
vt 0.083333 0.800000 0.000000
vt -0.000000 0.700000 0.000000
vt 0.700000 0.000000 0.000000
vt 1.000000 0.900000 0.000000
vt 0.100000 0.000000 0.000000
vt 0.916667 1.000000 0.000000
vt 0.916667 0.000000 0.000000
vt 0.833333 0.900000 0.000000
vt 0.750000 1.000000 0.000000
vt 0.750000 0.000000 0.000000
vt 0.666667 0.900000 0.000000
vt 0.583333 1.000000 0.000000
vt 0.583333 0.000000 0.000000
vt 0.500000 0.900000 0.000000
vt 0.416667 1.000000 0.000000
vt 0.416667 0.000000 0.000000
vt 0.333333 0.900000 0.000000
vt 0.250000 1.000000 0.000000
vt 0.250000 0.000000 0.000000
vt 0.166667 0.900000 0.000000
vt 0.083333 1.000000 0.000000
vt 0.083333 0.000000 0.000000
vt -0.000000 0.900000 0.000000
vt 0.900000 0.000000 0.000000
vt 0.083333 0.000000 0.000000
vt 0.083333 1.000000 0.000000
vt 0.166667 0.100000 0.000000
vt 0.083333 0.200000 0.000000
vt 0.000000 0.100000 0.000000
vt 0.900000 1.000000 0.000000
vt 0.250000 0.000000 0.000000
vt 0.250000 1.000000 0.000000
vt 0.333333 0.100000 0.000000
vt 0.250000 0.200000 0.000000
vt 0.416667 0.000000 0.000000
vt 0.416667 1.000000 0.000000
vt 0.500000 0.100000 0.000000
vt 0.416667 0.200000 0.000000
vt 0.583333 0.000000 0.000000
vt 0.583333 1.000000 0.000000
vt 0.666667 0.100000 0.000000
vt 0.583333 0.200000 0.000000
vt 0.750000 0.000000 0.000000
vt 0.750000 1.000000 0.000000
vt 0.833333 0.100000 0.000000
vt 0.750000 0.200000 0.000000
vt 0.916667 0.000000 0.000000
vt 0.916667 1.000000 0.000000
vt 1.000000 0.100000 0.000000
vt 0.100000 1.000000 0.000000
vt 0.916667 0.200000 0.000000
vt 0.166667 0.300000 0.000000
vt 0.083333 0.400000 0.000000
vt 0.000000 0.300000 0.000000
vt 0.700000 1.000000 0.000000
vt 0.333333 0.300000 0.000000
vt 0.250000 0.400000 0.000000
vt 0.500000 0.300000 0.000000
vt 0.416667 0.400000 0.000000
vt 0.666667 0.300000 0.000000
vt 0.583333 0.400000 0.000000
vt 0.833333 0.300000 0.000000
vt 0.750000 0.400000 0.000000
vt 1.000000 0.300000 0.000000
vt 0.300000 1.000000 0.000000
vt 0.916667 0.400000 0.000000
vt 0.166667 0.500000 0.000000
vt 0.083333 0.600000 0.000000
vt 0.000000 0.500000 0.000000
vt 0.500000 1.000000 0.000000
vt 0.333333 0.500000 0.000000
vt 0.250000 0.600000 0.000000
vt 0.500000 0.500000 0.000000
vt 0.416667 0.600000 0.000000
vt 0.666667 0.500000 0.000000
vt 0.583333 0.600000 0.000000
vt 0.833333 0.500000 0.000000
vt 0.750000 0.600000 0.000000
vt 1.000000 0.500000 0.000000
vt 0.500000 1.000000 0.000000
vt 0.916667 0.600000 0.000000
vt 0.166667 0.700000 0.000000
vt 0.083333 0.800000 0.000000
vt 0.000000 0.700000 0.000000
vt 0.300000 1.000000 0.000000
vt 0.333333 0.700000 0.000000
vt 0.250000 0.800000 0.000000
vt 0.500000 0.700000 0.000000
vt 0.416667 0.800000 0.000000
vt 0.666667 0.700000 0.000000
vt 0.583333 0.800000 0.000000
vt 0.833333 0.700000 0.000000
vt 0.750000 0.800000 0.000000
vt 1.000000 0.700000 0.000000
vt 0.700000 1.000000 0.000000
vt 0.916667 0.800000 0.000000
vt 0.166667 0.900000 0.000000
vt 0.083333 1.000000 0.000000
vt 0.916667 1.000000 0.000000
vt 0.000000 0.900000 0.000000
vt 0.100000 1.000000 0.000000
vt 0.333333 0.900000 0.000000
vt 0.250000 1.000000 0.000000
vt 0.750000 1.000000 0.000000
vt 0.500000 0.900000 0.000000
vt 0.416667 1.000000 0.000000
vt 0.583333 1.000000 0.000000
vt 0.666667 0.900000 0.000000
vt 0.583333 1.000000 0.000000
vt 0.416667 1.000000 0.000000
vt 0.833333 0.900000 0.000000
vt 0.750000 1.000000 0.000000
vt 0.250000 1.000000 0.000000
vt 1.000000 0.900000 0.000000
vt 0.900000 1.000000 0.000000
vt 0.916667 1.000000 0.000000
vt 0.083333 1.000000 0.000000
vt 0.166667 0.032340 0.000000
vt 0.083333 0.215801 0.000000
vt 0.000000 0.163204 0.000000
vt 1.000000 0.163204 0.000000
vt 0.333333 0.032340 0.000000
vt 0.250000 0.215801 0.000000
vt 0.500000 0.032340 0.000000
vt 0.416667 0.215801 0.000000
vt 0.666667 0.032340 0.000000
vt 0.583333 0.215801 0.000000
vt 0.833333 0.032340 0.000000
vt 0.750000 0.215801 0.000000
vt 1.000000 0.032340 0.000000
vt 0.000000 0.032340 0.000000
vt 0.916667 0.215801 0.000000
vt 0.166667 0.300000 0.000000
vt 0.083333 0.383152 0.000000
vt 0.000000 0.300000 0.000000
vt 1.000000 0.300000 0.000000
vt 0.333333 0.300000 0.000000
vt 0.250000 0.383152 0.000000
vt 0.500000 0.300000 0.000000
vt 0.416667 0.383152 0.000000
vt 0.666667 0.300000 0.000000
vt 0.583333 0.383152 0.000000
vt 0.833333 0.300000 0.000000
vt 0.750000 0.383152 0.000000
vt 1.000000 0.300000 0.000000
vt 0.000000 0.300000 0.000000
vt 0.916667 0.383152 0.000000
vt 0.166667 0.432608 0.000000
vt 0.083333 0.617270 0.000000
vt 1.000000 0.569081 0.000000
vt 0.000000 0.569081 0.000000
vt 0.333333 0.432608 0.000000
vt 0.250000 0.617270 0.000000
vt 0.500000 0.432608 0.000000
vt 0.416667 0.617270 0.000000
vt 0.666667 0.432608 0.000000
vt 0.583333 0.617270 0.000000
vt 0.833333 0.432608 0.000000
vt 0.750000 0.617270 0.000000
vt 1.000000 0.432608 0.000000
vt 0.000000 0.432608 0.000000
vt 0.916667 0.617270 0.000000
vt 0.166667 0.700000 0.000000
vt 0.083333 0.783290 0.000000
vt 0.000000 0.700000 0.000000
vt 1.000000 0.700000 0.000000
vt 0.333333 0.700000 0.000000
vt 0.250000 0.783290 0.000000
vt 0.500000 0.700000 0.000000
vt 0.416667 0.783290 0.000000
vt 0.666667 0.700000 0.000000
vt 0.583333 0.783290 0.000000
vt 0.833333 0.700000 0.000000
vt 0.750000 0.783290 0.000000
vt 1.000000 0.700000 0.000000
vt 0.000000 0.700000 0.000000
vt 0.916667 0.783290 0.000000
vt 0.166667 0.833160 0.000000
vt 0.000000 0.967896 0.000000
vt 1.000000 0.967896 0.000000
vt 0.333333 0.833160 0.000000
vt 0.500000 0.833160 0.000000
vt 0.666667 0.833160 0.000000
vt 0.833333 0.833160 0.000000
vt 1.000000 0.833160 0.000000
vt 0.000000 0.833160 0.000000
vt 0.200000 0.032340 0.000000
vt 0.100000 0.215801 0.000000
vt 0.400000 0.032340 0.000000
vt 0.300000 0.215801 0.000000
vt 0.600000 0.032340 0.000000
vt 0.500000 0.215801 0.000000
vt 0.800000 0.032340 0.000000
vt 0.700000 0.215801 0.000000
vt 1.000000 0.032340 0.000000
vt 0.000000 0.032340 0.000000
vt 0.900000 0.215801 0.000000
vt 0.200000 0.300000 0.000000
vt 0.100000 0.383152 0.000000
vt 0.400000 0.300000 0.000000
vt 0.300000 0.383152 0.000000
vt 0.600000 0.300000 0.000000
vt 0.500000 0.383152 0.000000
vt 0.800000 0.300000 0.000000
vt 0.700000 0.383152 0.000000
vt 1.000000 0.300000 0.000000
vt 0.000000 0.300000 0.000000
vt 0.900000 0.383152 0.000000
vt 0.200000 0.432608 0.000000
vt 0.100000 0.625000 0.000000
vt 0.400000 0.432608 0.000000
vt 0.300000 0.617270 0.000000
vt 0.600000 0.432608 0.000000
vt 0.500000 0.617270 0.000000
vt 0.800000 0.432608 0.000000
vt 0.700000 0.617270 0.000000
vt 1.000000 0.432608 0.000000
vt 0.000000 0.432608 0.000000
vt 0.900000 0.617270 0.000000
vt 0.200000 0.700000 0.000000
vt 0.100000 0.783290 0.000000
vt 0.400000 0.700000 0.000000
vt 0.300000 0.783290 0.000000
vt 0.600000 0.700000 0.000000
vt 0.500000 0.783290 0.000000
vt 0.800000 0.700000 0.000000
vt 0.700000 0.783290 0.000000
vt 1.000000 0.700000 0.000000
vt 0.000000 0.700000 0.000000
vt 0.900000 0.783290 0.000000
vt 0.200000 0.833160 0.000000
vt 0.400000 0.833160 0.000000
vt 0.600000 0.833160 0.000000
vt 0.800000 0.833160 0.000000
vt 1.000000 0.833160 0.000000
vt 0.000000 0.833160 0.000000
vt 0.166667 0.032340 0.000000
vt 0.083333 0.215801 0.000000
vt 0.333333 0.032340 0.000000
vt 0.250000 0.215801 0.000000
vt 0.500000 0.032340 0.000000
vt 0.416667 0.215801 0.000000
vt 0.666667 0.032340 0.000000
vt 0.583333 0.215801 0.000000
vt 0.833333 0.032340 0.000000
vt 0.750000 0.215801 0.000000
vt 1.000000 0.032340 0.000000
vt 0.000000 0.032340 0.000000
vt 0.916667 0.215801 0.000000
vt 0.166667 0.300000 0.000000
vt 0.083333 0.383152 0.000000
vt 0.333333 0.300000 0.000000
vt 0.250000 0.383152 0.000000
vt 0.500000 0.300000 0.000000
vt 0.416667 0.383152 0.000000
vt 0.666667 0.300000 0.000000
vt 0.583333 0.383152 0.000000
vt 0.833333 0.300000 0.000000
vt 0.750000 0.383152 0.000000
vt 1.000000 0.300000 0.000000
vt 0.000000 0.300000 0.000000
vt 0.916667 0.383152 0.000000
vt 0.166667 0.432608 0.000000
vt 0.083333 0.625000 0.000000
vt 0.333333 0.432608 0.000000
vt 0.250000 0.617270 0.000000
vt 0.500000 0.432608 0.000000
vt 0.416667 0.617270 0.000000
vt 0.666667 0.432608 0.000000
vt 0.583333 0.617270 0.000000
vt 0.833333 0.432608 0.000000
vt 0.750000 0.617270 0.000000
vt 1.000000 0.432608 0.000000
vt 0.000000 0.432608 0.000000
vt 0.916667 0.625000 0.000000
vt 0.166667 0.700000 0.000000
vt 0.083333 0.783290 0.000000
vt 0.333333 0.700000 0.000000
vt 0.250000 0.783290 0.000000
vt 0.500000 0.700000 0.000000
vt 0.416667 0.783290 0.000000
vt 0.666667 0.700000 0.000000
vt 0.583333 0.783290 0.000000
vt 0.833333 0.700000 0.000000
vt 0.750000 0.783290 0.000000
vt 1.000000 0.700000 0.000000
vt 0.000000 0.700000 0.000000
vt 0.916667 0.783290 0.000000
vt 0.166667 0.833160 0.000000
vt 0.333333 0.833160 0.000000
vt 0.500000 0.833160 0.000000
vt 0.666667 0.833160 0.000000
vt 0.833333 0.833160 0.000000
vt 1.000000 0.833160 0.000000
vt 0.000000 0.833160 0.000000
vt 0.200000 0.032340 0.000000
vt 0.100000 0.215801 0.000000
vt 0.400000 0.032340 0.000000
vt 0.300000 0.215801 0.000000
vt 0.600000 0.032340 0.000000
vt 0.500000 0.215801 0.000000
vt 0.800000 0.032340 0.000000
vt 0.700000 0.215801 0.000000
vt 0.900000 0.215801 0.000000
vt 0.200000 0.300000 0.000000
vt 0.100000 0.383152 0.000000
vt 0.400000 0.300000 0.000000
vt 0.300000 0.383152 0.000000
vt 0.600000 0.300000 0.000000
vt 0.500000 0.383152 0.000000
vt 0.800000 0.300000 0.000000
vt 0.700000 0.383152 0.000000
vt 0.900000 0.383152 0.000000
vt 0.200000 0.432608 0.000000
vt 0.100000 0.617270 0.000000
vt 0.400000 0.432608 0.000000
vt 0.300000 0.617270 0.000000
vt 0.600000 0.432608 0.000000
vt 0.500000 0.617270 0.000000
vt 0.800000 0.432608 0.000000
vt 0.700000 0.617270 0.000000
vt 0.900000 0.625000 0.000000
vt 0.200000 0.700000 0.000000
vt 0.100000 0.783290 0.000000
vt 0.400000 0.700000 0.000000
vt 0.300000 0.783290 0.000000
vt 0.600000 0.700000 0.000000
vt 0.500000 0.783290 0.000000
vt 0.800000 0.700000 0.000000
vt 0.700000 0.783290 0.000000
vt 0.900000 0.783290 0.000000
vt 0.200000 0.833160 0.000000
vt 0.400000 0.833160 0.000000
vt 0.600000 0.833160 0.000000
vt 0.800000 0.833160 0.000000
vt 0.200000 0.569081 0.000000
vt 1.000000 0.569081 0.000000
vt 0.000000 0.569081 0.000000
vt 0.812500 0.569081 0.000000
vt 0.666667 0.569081 0.000000
vt 0.500000 0.569081 0.000000
vt 0.333333 0.569081 0.000000
vt 0.187500 0.569081 0.000000
vt 0.000000 0.569081 0.000000
vt 1.000000 0.569081 0.000000
vt 0.800000 0.569081 0.000000
vt 0.600000 0.569081 0.000000
vt 0.400000 0.569081 0.000000
vt 0.225000 0.569081 0.000000
vt 0.000000 0.569081 0.000000
vt 1.000000 0.569081 0.000000
vt 0.833333 0.569081 0.000000
vt 0.666667 0.569081 0.000000
vt 0.500000 0.569081 0.000000
vt 0.333333 0.569081 0.000000
vt 0.166667 0.569081 0.000000
vt 0.000000 0.501688 0.000000
vt 1.000000 0.501688 0.000000
vt 0.775000 0.569081 0.000000
vt 0.600000 0.569081 0.000000
vt 0.083333 0.536773 0.000000
vt 0.250000 0.536773 0.000000
vt 0.416667 0.536773 0.000000
vt 0.583333 0.536773 0.000000
vt 0.750000 0.536773 0.000000
vt 0.916667 0.536773 0.000000
vt 0.100000 0.529044 0.000000
vt 0.300000 0.536773 0.000000
vt 0.500000 0.536773 0.000000
vt 0.700000 0.536773 0.000000
vt 0.900000 0.536773 0.000000
vt 0.083333 0.529044 0.000000
vt 0.250000 0.536773 0.000000
vt 0.416667 0.536773 0.000000
vt 0.583333 0.536773 0.000000
vt 0.750000 0.536773 0.000000
vt 0.916667 0.529044 0.000000
vt 0.100000 0.536773 0.000000
vt 0.300000 0.536773 0.000000
vt 0.500000 0.536773 0.000000
vt 0.700000 0.536773 0.000000
vt 0.900000 0.529044 0.000000
vt 0.400000 0.501688 0.000000
vt 0.200000 0.501688 0.000000
vt 1.000000 0.501688 0.000000
vt 0.000000 0.501688 0.000000
vt 0.833333 0.501688 0.000000
vt 0.666667 0.501688 0.000000
vt 0.500000 0.501688 0.000000
vt 0.333333 0.501688 0.000000
vt 0.166667 0.501688 0.000000
vt 1.000000 0.501688 0.000000
vt 0.000000 0.501688 0.000000
vt 0.800000 0.501688 0.000000
vt 0.600000 0.501688 0.000000
vt 0.400000 0.501688 0.000000
vt 0.200000 0.501688 0.000000
vt 1.000000 0.501688 0.000000
vt 0.000000 0.501688 0.000000
vt 0.833333 0.501688 0.000000
vt 0.666667 0.501688 0.000000
vt 0.500000 0.501688 0.000000
vt 0.333333 0.501688 0.000000
vt 0.166667 0.501688 0.000000
vt 0.000000 0.432608 0.000000
vt 1.000000 0.432608 0.000000
vt 0.800000 0.501688 0.000000
vt 0.600000 0.501688 0.000000
vt 0.083333 0.466182 0.000000
vt 0.250000 0.466182 0.000000
vt 0.416667 0.466182 0.000000
vt 0.583333 0.466182 0.000000
vt 0.750000 0.466182 0.000000
vt 0.916667 0.466182 0.000000
vt 0.100000 0.466182 0.000000
vt 0.300000 0.466182 0.000000
vt 0.500000 0.466182 0.000000
vt 0.700000 0.466182 0.000000
vt 0.900000 0.466182 0.000000
vt 0.083333 0.466182 0.000000
vt 0.250000 0.466182 0.000000
vt 0.416667 0.466182 0.000000
vt 0.583333 0.466182 0.000000
vt 0.750000 0.466182 0.000000
vt 0.916667 0.466182 0.000000
vt 0.100000 0.466182 0.000000
vt 0.300000 0.466182 0.000000
vt 0.500000 0.466182 0.000000
vt 0.700000 0.466182 0.000000
vt 0.900000 0.466182 0.000000
vt 1.000000 0.095544 0.000000
vt 0.000000 0.095544 0.000000
vt 0.812500 0.095544 0.000000
vt 0.666667 0.095544 0.000000
vt 0.500000 0.095544 0.000000
vt 0.333333 0.095544 0.000000
vt 0.187500 0.095544 0.000000
vt 0.000000 0.095544 0.000000
vt 1.000000 0.095544 0.000000
vt 0.800000 0.095544 0.000000
vt 0.600000 0.095544 0.000000
vt 0.400000 0.095544 0.000000
vt 0.225000 0.095544 0.000000
vt 0.000000 0.095544 0.000000
vt 1.000000 0.095544 0.000000
vt 0.833333 0.095544 0.000000
vt 0.666667 0.095544 0.000000
vt 0.500000 0.095544 0.000000
vt 0.333333 0.095544 0.000000
vt 0.166667 0.095544 0.000000
vt 0.000000 0.032340 0.000000
vt 1.000000 0.032340 0.000000
vt 0.775000 0.095544 0.000000
vt 0.600000 0.095544 0.000000
vt 0.200000 0.095544 0.000000
vt 0.083333 0.064311 0.000000
vt 0.250000 0.064311 0.000000
vt 0.416667 0.064311 0.000000
vt 0.583333 0.064311 0.000000
vt 0.750000 0.064311 0.000000
vt 0.916667 0.064311 0.000000
vt 0.100000 0.056595 0.000000
vt 0.300000 0.064311 0.000000
vt 0.500000 0.064311 0.000000
vt 0.700000 0.064311 0.000000
vt 0.900000 0.064311 0.000000
vt 0.083333 0.056595 0.000000
vt 0.250000 0.064311 0.000000
vt 0.416667 0.064311 0.000000
vt 0.583333 0.064311 0.000000
vt 0.750000 0.064311 0.000000
vt 0.916667 0.056595 0.000000
vt 0.100000 0.064311 0.000000
vt 0.300000 0.064311 0.000000
vt 0.500000 0.064311 0.000000
vt 0.700000 0.064311 0.000000
vt 0.900000 0.056595 0.000000
vt 1.000000 0.163204 0.000000
vt 0.000000 0.163204 0.000000
vt 0.833333 0.163204 0.000000
vt 0.666667 0.163204 0.000000
vt 0.500000 0.163204 0.000000
vt 0.333333 0.163204 0.000000
vt 0.166667 0.163204 0.000000
vt 1.000000 0.163204 0.000000
vt 0.000000 0.163204 0.000000
vt 0.800000 0.163204 0.000000
vt 0.600000 0.163204 0.000000
vt 0.400000 0.163204 0.000000
vt 0.200000 0.163204 0.000000
vt 1.000000 0.163204 0.000000
vt 0.000000 0.163204 0.000000
vt 0.833333 0.163204 0.000000
vt 0.666667 0.163204 0.000000
vt 0.500000 0.163204 0.000000
vt 0.333333 0.163204 0.000000
vt 0.166667 0.163204 0.000000
vt 1.000000 0.095544 0.000000
vt 0.000000 0.095544 0.000000
vt 0.800000 0.163204 0.000000
vt 0.600000 0.163204 0.000000
vt 0.400000 0.163204 0.000000
vt 0.200000 0.163204 0.000000
vt 0.083333 0.127891 0.000000
vt 0.250000 0.127891 0.000000
vt 0.416667 0.127891 0.000000
vt 0.583333 0.127891 0.000000
vt 0.750000 0.127891 0.000000
vt 0.916667 0.127891 0.000000
vt 0.100000 0.135607 0.000000
vt 0.300000 0.127891 0.000000
vt 0.500000 0.127891 0.000000
vt 0.700000 0.127891 0.000000
vt 0.900000 0.127891 0.000000
vt 0.083333 0.135607 0.000000
vt 0.250000 0.127891 0.000000
vt 0.416667 0.127891 0.000000
vt 0.583333 0.127891 0.000000
vt 0.750000 0.127891 0.000000
vt 0.916667 0.135607 0.000000
vt 0.100000 0.127891 0.000000
vt 0.300000 0.127891 0.000000
vt 0.500000 0.127891 0.000000
vt 0.700000 0.127891 0.000000
vt 0.900000 0.135607 0.000000
vt 0.800000 0.901056 0.000000
vt 0.600000 0.901056 0.000000
vt 0.400000 0.901056 0.000000
vt 0.200000 0.901056 0.000000
vt 1.000000 0.901056 0.000000
vt 0.000000 0.901056 0.000000
vt 0.833333 0.901056 0.000000
vt 0.666667 0.901056 0.000000
vt 0.500000 0.901056 0.000000
vt 0.333333 0.901056 0.000000
vt 0.166667 0.901056 0.000000
vt 1.000000 0.901056 0.000000
vt 0.000000 0.901056 0.000000
vt 0.800000 0.901056 0.000000
vt 0.600000 0.901056 0.000000
vt 0.400000 0.901056 0.000000
vt 0.200000 0.901056 0.000000
vt 1.000000 0.901056 0.000000
vt 0.000000 0.901056 0.000000
vt 0.833333 0.901056 0.000000
vt 0.666667 0.901056 0.000000
vt 0.500000 0.901056 0.000000
vt 0.333333 0.901056 0.000000
vt 0.166667 0.901056 0.000000
vt 0.000000 0.833160 0.000000
vt 1.000000 0.833160 0.000000
vt 0.083333 0.866714 0.000000
vt 0.250000 0.866714 0.000000
vt 0.416667 0.866714 0.000000
vt 0.583333 0.866714 0.000000
vt 0.750000 0.866714 0.000000
vt 0.916667 0.866714 0.000000
vt 0.100000 0.866714 0.000000
vt 0.300000 0.866714 0.000000
vt 0.500000 0.866714 0.000000
vt 0.700000 0.866714 0.000000
vt 0.900000 0.866714 0.000000
vt 0.083333 0.866714 0.000000
vt 0.250000 0.866714 0.000000
vt 0.416667 0.866714 0.000000
vt 0.583333 0.866714 0.000000
vt 0.750000 0.866714 0.000000
vt 0.916667 0.866714 0.000000
vt 0.100000 0.866714 0.000000
vt 0.300000 0.866714 0.000000
vt 0.500000 0.866714 0.000000
vt 0.700000 0.866714 0.000000
vt 0.900000 0.866714 0.000000
vt 0.800000 0.967896 0.000000
vt 0.600000 0.967896 0.000000
vt 0.400000 0.967896 0.000000
vt 0.200000 0.967896 0.000000
vt 1.000000 0.967896 0.000000
vt 0.000000 0.967896 0.000000
vt 0.833333 0.967896 0.000000
vt 0.666667 0.967896 0.000000
vt 0.500000 0.967896 0.000000
vt 0.333333 0.967896 0.000000
vt 0.166667 0.967896 0.000000
vt 1.000000 0.967896 0.000000
vt 0.000000 0.967896 0.000000
vt 0.800000 0.967896 0.000000
vt 0.600000 0.967896 0.000000
vt 0.400000 0.967896 0.000000
vt 0.200000 0.967896 0.000000
vt 1.000000 0.967896 0.000000
vt 0.000000 0.967896 0.000000
vt 0.833333 0.967896 0.000000
vt 0.666667 0.967896 0.000000
vt 0.500000 0.967896 0.000000
vt 0.333333 0.967896 0.000000
vt 0.166667 0.967896 0.000000
vt 0.000000 0.901056 0.000000
vt 1.000000 0.901056 0.000000
vt 0.083333 0.935134 0.000000
vt 0.250000 0.935134 0.000000
vt 0.416667 0.935134 0.000000
vt 0.583333 0.935134 0.000000
vt 0.750000 0.935134 0.000000
vt 0.916667 0.935134 0.000000
vt 0.100000 0.935134 0.000000
vt 0.300000 0.935134 0.000000
vt 0.500000 0.935134 0.000000
vt 0.700000 0.935134 0.000000
vt 0.900000 0.935134 0.000000
vt 0.083333 0.935134 0.000000
vt 0.250000 0.935134 0.000000
vt 0.416667 0.935134 0.000000
vt 0.583333 0.935134 0.000000
vt 0.750000 0.935134 0.000000
vt 0.916667 0.935134 0.000000
vt 0.100000 0.935134 0.000000
vt 0.300000 0.935134 0.000000
vt 0.500000 0.935134 0.000000
vt 0.700000 0.935134 0.000000
vt 0.900000 0.935134 0.000000
vt 0.400000 0.095544 0.000000
vt 0.400000 0.569081 0.000000
vt 0.175000 0.095544 0.000000
vt 0.100000 0.118692 0.000000
vt 0.025000 0.095544 0.000000
vt 0.100000 0.072396 0.000000
vt 0.175000 0.072396 0.000000
vt 0.175000 0.118692 0.000000
vt 0.025000 0.118692 0.000000
vt 0.025000 0.072396 0.000000
vt 0.825000 0.095544 0.000000
vt 0.900000 0.072396 0.000000
vt 0.975000 0.095544 0.000000
vt 0.900000 0.118692 0.000000
vt 0.825000 0.118692 0.000000
vt 0.825000 0.072396 0.000000
vt 0.975000 0.072396 0.000000
vt 0.975000 0.118692 0.000000
vt 0.975000 0.118692 0.000000
vt 0.975000 0.072396 0.000000
vt 0.825000 0.072396 0.000000
vt 0.825000 0.118692 0.000000
vt 0.800000 0.095544 0.000000
vt 0.900000 0.064680 0.000000
vt 1.000000 0.095544 0.000000
vt 0.900000 0.126408 0.000000
vt 0.975000 0.118692 0.000000
vt 0.975000 0.072396 0.000000
vt 0.825000 0.072396 0.000000
vt 0.825000 0.118692 0.000000
vt 0.800000 0.095544 0.000000
vt 0.900000 0.064680 0.000000
vt 1.000000 0.095544 0.000000
vt 0.900000 0.126408 0.000000
vt 0.975000 0.118692 0.000000
vt 0.975000 0.072396 0.000000
vt 0.825000 0.072396 0.000000
vt 0.825000 0.118692 0.000000
vt 0.800000 0.095544 0.000000
vt 0.900000 0.064680 0.000000
vt 1.000000 0.095544 0.000000
vt 0.900000 0.126408 0.000000
vt 0.975000 0.118692 0.000000
vt 0.975000 0.072396 0.000000
vt 0.825000 0.072396 0.000000
vt 0.825000 0.118692 0.000000
vt 0.800000 0.095544 0.000000
vt 0.900000 0.064680 0.000000
vt 1.000000 0.095544 0.000000
vt 0.900000 0.126408 0.000000
vt 0.025000 0.118692 0.000000
vt 0.175000 0.118692 0.000000
vt 0.175000 0.072396 0.000000
vt 0.025000 0.072396 0.000000
vt 0.200000 0.095544 0.000000
vt 0.100000 0.126408 0.000000
vt 0.000000 0.095544 0.000000
vt 0.100000 0.064680 0.000000
vt 0.025000 0.118692 0.000000
vt 0.175000 0.118692 0.000000
vt 0.175000 0.072396 0.000000
vt 0.025000 0.072396 0.000000
vt 0.200000 0.095544 0.000000
vt 0.100000 0.126408 0.000000
vt 0.000000 0.095544 0.000000
vt 0.100000 0.064680 0.000000
vt 0.025000 0.118692 0.000000
vt 0.175000 0.118692 0.000000
vt 0.175000 0.072396 0.000000
vt 0.025000 0.072396 0.000000
vt 0.200000 0.095544 0.000000
vt 0.100000 0.126408 0.000000
vt 0.000000 0.095544 0.000000
vt 0.100000 0.064680 0.000000
vt 0.025000 0.118692 0.000000
vt 0.175000 0.118692 0.000000
vt 0.175000 0.072396 0.000000
vt 0.025000 0.072396 0.000000
vt 0.200000 0.095544 0.000000
vt 0.100000 0.126408 0.000000
vt 0.000000 0.095544 0.000000
vt 0.100000 0.064680 0.000000
vt 0.145833 0.095544 0.000000
vt 0.083333 0.118692 0.000000
vt 0.020833 0.095544 0.000000
vt 0.083333 0.072396 0.000000
vt 0.145833 0.072396 0.000000
vt 0.145833 0.118692 0.000000
vt 0.020833 0.118692 0.000000
vt 0.020833 0.072396 0.000000
vt 0.979167 0.095544 0.000000
vt 0.916667 0.118692 0.000000
vt 0.854167 0.095544 0.000000
vt 0.916667 0.072396 0.000000
vt 0.979167 0.072396 0.000000
vt 0.979167 0.118692 0.000000
vt 0.854167 0.118692 0.000000
vt 0.854167 0.072396 0.000000
vt 0.020833 0.118692 0.000000
vt 0.145833 0.118692 0.000000
vt 0.145833 0.072396 0.000000
vt 0.020833 0.072396 0.000000
vt 0.166667 0.095544 0.000000
vt 0.083333 0.126408 0.000000
vt 0.000000 0.095544 0.000000
vt 0.083333 0.064680 0.000000
vt 0.020833 0.118692 0.000000
vt 0.145833 0.118692 0.000000
vt 0.145833 0.072396 0.000000
vt 0.020833 0.072396 0.000000
vt 0.166667 0.095544 0.000000
vt 0.083333 0.126408 0.000000
vt 0.000000 0.095544 0.000000
vt 0.083333 0.064680 0.000000
vt 0.020833 0.118692 0.000000
vt 0.145833 0.118692 0.000000
vt 0.145833 0.072396 0.000000
vt 0.020833 0.072396 0.000000
vt 0.166667 0.095544 0.000000
vt 0.083333 0.126408 0.000000
vt 0.000000 0.095544 0.000000
vt 0.083333 0.064680 0.000000
vt 0.020833 0.118692 0.000000
vt 0.145833 0.118692 0.000000
vt 0.145833 0.072396 0.000000
vt 0.020833 0.072396 0.000000
vt 0.166667 0.095544 0.000000
vt 0.083333 0.126408 0.000000
vt 0.000000 0.095544 0.000000
vt 0.083333 0.064680 0.000000
vt 0.854167 0.118692 0.000000
vt 0.979167 0.118692 0.000000
vt 0.979167 0.072396 0.000000
vt 0.854167 0.072396 0.000000
vt 1.000000 0.095544 0.000000
vt 0.916667 0.126408 0.000000
vt 0.833333 0.095544 0.000000
vt 0.916667 0.064680 0.000000
vt 0.854167 0.118692 0.000000
vt 0.979167 0.118692 0.000000
vt 0.979167 0.072396 0.000000
vt 0.854167 0.072396 0.000000
vt 1.000000 0.095544 0.000000
vt 0.916667 0.126408 0.000000
vt 0.833333 0.095544 0.000000
vt 0.916667 0.064680 0.000000
vt 0.854167 0.118692 0.000000
vt 0.979167 0.118692 0.000000
vt 0.979167 0.072396 0.000000
vt 0.854167 0.072396 0.000000
vt 1.000000 0.095544 0.000000
vt 0.916667 0.126408 0.000000
vt 0.833333 0.095544 0.000000
vt 0.916667 0.064680 0.000000
vt 0.854167 0.118692 0.000000
vt 0.979167 0.118692 0.000000
vt 0.979167 0.072396 0.000000
vt 0.854167 0.072396 0.000000
vt 1.000000 0.095544 0.000000
vt 0.916667 0.126408 0.000000
vt 0.833333 0.095544 0.000000
vt 0.916667 0.064680 0.000000
vt 0.916667 0.592270 0.000000
vt 0.854167 0.569081 0.000000
vt 0.916667 0.545892 0.000000
vt 0.979167 0.569081 0.000000
vt 0.979167 0.592270 0.000000
vt 0.854167 0.592270 0.000000
vt 0.854167 0.545892 0.000000
vt 0.979167 0.545892 0.000000
vt 0.975000 0.569081 0.000000
vt 0.900000 0.592270 0.000000
vt 0.825000 0.569081 0.000000
vt 0.900000 0.545892 0.000000
vt 0.975000 0.545892 0.000000
vt 0.975000 0.592270 0.000000
vt 0.825000 0.592270 0.000000
vt 0.825000 0.545892 0.000000
vt 0.854167 0.592270 0.000000
vt 0.979167 0.592270 0.000000
vt 0.979167 0.545892 0.000000
vt 0.854167 0.545892 0.000000
vt 0.916667 0.600000 0.000000
vt 0.833333 0.569081 0.000000
vt 0.916667 0.538162 0.000000
vt 1.000000 0.569081 0.000000
vt 0.854167 0.592270 0.000000
vt 0.979167 0.592270 0.000000
vt 0.979167 0.545892 0.000000
vt 0.854167 0.545892 0.000000
vt 0.916667 0.600000 0.000000
vt 0.833333 0.569081 0.000000
vt 0.916667 0.538162 0.000000
vt 1.000000 0.569081 0.000000
vt 0.854167 0.592270 0.000000
vt 0.979167 0.592270 0.000000
vt 0.979167 0.545892 0.000000
vt 0.854167 0.545892 0.000000
vt 0.916667 0.600000 0.000000
vt 0.833333 0.569081 0.000000
vt 0.916667 0.538162 0.000000
vt 1.000000 0.569081 0.000000
vt 0.975000 0.592270 0.000000
vt 0.975000 0.545892 0.000000
vt 0.825000 0.545892 0.000000
vt 0.825000 0.592270 0.000000
vt 1.000000 0.569081 0.000000
vt 0.900000 0.600000 0.000000
vt 0.800000 0.569081 0.000000
vt 0.900000 0.538162 0.000000
vt 0.975000 0.592270 0.000000
vt 0.975000 0.545892 0.000000
vt 0.825000 0.545892 0.000000
vt 0.825000 0.592270 0.000000
vt 1.000000 0.569081 0.000000
vt 0.900000 0.600000 0.000000
vt 0.800000 0.569081 0.000000
vt 0.900000 0.538162 0.000000
vt 0.975000 0.592270 0.000000
vt 0.975000 0.545892 0.000000
vt 0.825000 0.545892 0.000000
vt 0.825000 0.592270 0.000000
vt 1.000000 0.569081 0.000000
vt 0.900000 0.600000 0.000000
vt 0.800000 0.569081 0.000000
vt 0.900000 0.538162 0.000000
vt 0.975000 0.592270 0.000000
vt 0.975000 0.545892 0.000000
vt 0.825000 0.545892 0.000000
vt 0.825000 0.592270 0.000000
vt 1.000000 0.569081 0.000000
vt 0.900000 0.600000 0.000000
vt 0.800000 0.569081 0.000000
vt 0.900000 0.538162 0.000000
vt 0.979167 0.592270 0.000000
vt 0.979167 0.545892 0.000000
vt 0.854167 0.545892 0.000000
vt 0.854167 0.592270 0.000000
vt 0.916667 0.600000 0.000000
vt 0.833333 0.569081 0.000000
vt 0.916667 0.538162 0.000000
vt 1.000000 0.569081 0.000000
vt 0.083333 0.592270 0.000000
vt 0.020833 0.569081 0.000000
vt 0.083333 0.545892 0.000000
vt 0.145833 0.569081 0.000000
vt 0.145833 0.592270 0.000000
vt 0.020833 0.592270 0.000000
vt 0.020833 0.545892 0.000000
vt 0.145833 0.545892 0.000000
vt 0.100000 0.592270 0.000000
vt 0.025000 0.569081 0.000000
vt 0.100000 0.545892 0.000000
vt 0.175000 0.569081 0.000000
vt 0.175000 0.592270 0.000000
vt 0.025000 0.592270 0.000000
vt 0.025000 0.545892 0.000000
vt 0.175000 0.545892 0.000000
vt 0.020833 0.592270 0.000000
vt 0.145833 0.592270 0.000000
vt 0.145833 0.545892 0.000000
vt 0.020833 0.545892 0.000000
vt 0.083333 0.600000 0.000000
vt 0.000000 0.569081 0.000000
vt 0.083333 0.538162 0.000000
vt 0.166667 0.569081 0.000000
vt 0.020833 0.592270 0.000000
vt 0.145833 0.592270 0.000000
vt 0.145833 0.545892 0.000000
vt 0.020833 0.545892 0.000000
vt 0.083333 0.600000 0.000000
vt 0.000000 0.569081 0.000000
vt 0.083333 0.538162 0.000000
vt 0.166667 0.569081 0.000000
vt 0.145833 0.592270 0.000000
vt 0.145833 0.545892 0.000000
vt 0.020833 0.545892 0.000000
vt 0.020833 0.592270 0.000000
vt 0.083333 0.600000 0.000000
vt 0.000000 0.569081 0.000000
vt 0.083333 0.538162 0.000000
vt 0.166667 0.569081 0.000000
vt 0.020833 0.592270 0.000000
vt 0.145833 0.592270 0.000000
vt 0.145833 0.545892 0.000000
vt 0.020833 0.545892 0.000000
vt 0.083333 0.600000 0.000000
vt 0.000000 0.569081 0.000000
vt 0.083333 0.538162 0.000000
vt 0.166667 0.569081 0.000000
vt 0.025000 0.592270 0.000000
vt 0.175000 0.592270 0.000000
vt 0.175000 0.545892 0.000000
vt 0.025000 0.545892 0.000000
vt 0.100000 0.600000 0.000000
vt 0.000000 0.569081 0.000000
vt 0.100000 0.538162 0.000000
vt 0.200000 0.569081 0.000000
vt 0.025000 0.592270 0.000000
vt 0.175000 0.592270 0.000000
vt 0.175000 0.545892 0.000000
vt 0.025000 0.545892 0.000000
vt 0.100000 0.600000 0.000000
vt 0.000000 0.569081 0.000000
vt 0.100000 0.538162 0.000000
vt 0.200000 0.569081 0.000000
vt 0.025000 0.592270 0.000000
vt 0.175000 0.592270 0.000000
vt 0.175000 0.545892 0.000000
vt 0.025000 0.545892 0.000000
vt 0.100000 0.600000 0.000000
vt 0.000000 0.569081 0.000000
vt 0.100000 0.538162 0.000000
vt 0.200000 0.569081 0.000000
vt 0.025000 0.592270 0.000000
vt 0.175000 0.592270 0.000000
vt 0.175000 0.545892 0.000000
vt 0.025000 0.545892 0.000000
vt 0.100000 0.600000 0.000000
vt 0.000000 0.569081 0.000000
vt 0.100000 0.538162 0.000000
vt 0.200000 0.569081 0.000000
# 2030 texture coords

o SpinalCord2
g SpinalCord2
usemtl wire_050124020
f 2911/3 3837/1021 3375/559 3840/1025 
f 2918/10 3838/1023 3375/559 3837/1021 
f 2919/11 3839/1024 3375/559 3838/1023 
f 2912/4 3840/1025 3375/559 3839/1024 
f 2912/4 3839/1024 3376/560 3843/1029 
f 2919/11 3841/1027 3376/560 3839/1024 
f 2920/12 3842/1028 3376/560 3841/1027 
f 2913/5 3843/1029 3376/560 3842/1028 
f 2913/5 3842/1028 3377/561 3846/1033 
f 2920/12 3844/1031 3377/561 3842/1028 
f 2921/13 3845/1032 3377/561 3844/1031 
f 2914/6 3846/1033 3377/561 3845/1032 
f 2914/6 3845/1032 3378/562 3849/1037 
f 2921/13 3847/1035 3378/562 3845/1032 
f 2922/14 3848/1036 3378/562 3847/1035 
f 2915/7 3849/1037 3378/562 3848/1036 
f 2915/7 3848/1036 3379/563 3852/1041 
f 2922/14 3850/1039 3379/563 3848/1036 
f 2923/15 3851/1040 3379/563 3850/1039 
f 2916/8 3852/1041 3379/563 3851/1040 
f 2916/8 3851/1040 3380/564 3855/1046 
f 2923/15 3853/1043 3380/564 3851/1040 
f 2924/16 3854/1044 3380/564 3853/1043 
f 2917/9 3855/1046 3380/564 3854/1044 
f 2918/10 3856/1048 3381/565 3838/1023 
f 2925/17 3857/1050 3381/565 3856/1048 
f 2926/18 3858/1051 3381/565 3857/1050 
f 2919/11 3838/1023 3381/565 3858/1051 
f 2919/11 3858/1051 3382/566 3841/1027 
f 2926/18 3859/1052 3382/566 3858/1051 
f 2927/19 3860/1053 3382/566 3859/1052 
f 2920/12 3841/1027 3382/566 3860/1053 
f 2920/12 3860/1053 3383/567 3844/1031 
f 2927/19 3861/1054 3383/567 3860/1053 
f 2928/20 3862/1055 3383/567 3861/1054 
f 2921/13 3844/1031 3383/567 3862/1055 
f 2921/13 3862/1055 3384/568 3847/1035 
f 2928/20 3863/1056 3384/568 3862/1055 
f 2929/21 3864/1057 3384/568 3863/1056 
f 2922/14 3847/1035 3384/568 3864/1057 
f 2922/14 3864/1057 3385/569 3850/1039 
f 2929/21 3865/1058 3385/569 3864/1057 
f 2930/22 3866/1059 3385/569 3865/1058 
f 2923/15 3850/1039 3385/569 3866/1059 
f 2923/15 3866/1059 3386/570 3853/1043 
f 2930/22 3867/1060 3386/570 3866/1059 
f 2931/23 3868/1061 3386/570 3867/1060 
f 2924/16 3853/1043 3386/570 3868/1061 
f 2925/17 3869/1063 3387/571 3857/1050 
f 2932/24 3870/1065 3387/571 3869/1063 
f 2933/25 3871/1066 3387/571 3870/1065 
f 2926/18 3857/1050 3387/571 3871/1066 
f 2926/18 3871/1066 3388/572 3859/1052 
f 2933/25 3872/1067 3388/572 3871/1066 
f 2934/26 3873/1068 3388/572 3872/1067 
f 2927/19 3859/1052 3388/572 3873/1068 
f 2927/19 3873/1068 3389/573 3861/1054 
f 2934/26 3874/1069 3389/573 3873/1068 
f 2935/27 3875/1070 3389/573 3874/1069 
f 2928/20 3861/1054 3389/573 3875/1070 
f 2928/20 3875/1070 3390/574 3863/1056 
f 2935/27 3876/1071 3390/574 3875/1070 
f 2936/28 3877/1072 3390/574 3876/1071 
f 2929/21 3863/1056 3390/574 3877/1072 
f 2929/21 3877/1072 3391/575 3865/1058 
f 2936/28 3878/1073 3391/575 3877/1072 
f 2937/29 3879/1074 3391/575 3878/1073 
f 2930/22 3865/1058 3391/575 3879/1074 
f 2930/22 3879/1074 3392/576 3867/1060 
f 2937/29 3880/1075 3392/576 3879/1074 
f 2938/30 3881/1076 3392/576 3880/1075 
f 2931/23 3867/1060 3392/576 3881/1076 
f 2932/24 3882/1078 3393/577 3870/1065 
f 2939/31 3883/1080 3393/577 3882/1078 
f 2940/32 3884/1081 3393/577 3883/1080 
f 2933/25 3870/1065 3393/577 3884/1081 
f 2933/25 3884/1081 3394/578 3872/1067 
f 2940/32 3885/1082 3394/578 3884/1081 
f 2941/33 3886/1083 3394/578 3885/1082 
f 2934/26 3872/1067 3394/578 3886/1083 
f 2934/26 3886/1083 3395/579 3874/1069 
f 2941/33 3887/1084 3395/579 3886/1083 
f 2942/34 3888/1085 3395/579 3887/1084 
f 2935/27 3874/1069 3395/579 3888/1085 
f 2935/27 3888/1085 3396/580 3876/1071 
f 2942/34 3889/1086 3396/580 3888/1085 
f 2943/35 3890/1087 3396/580 3889/1086 
f 2936/28 3876/1071 3396/580 3890/1087 
f 2936/28 3890/1087 3397/581 3878/1073 
f 2943/35 3891/1088 3397/581 3890/1087 
f 2944/36 3892/1089 3397/581 3891/1088 
f 2937/29 3878/1073 3397/581 3892/1089 
f 2937/29 3892/1089 3398/582 3880/1075 
f 2944/36 3893/1090 3398/582 3892/1089 
f 2945/37 3894/1091 3398/582 3893/1090 
f 2938/30 3880/1075 3398/582 3894/1091 
f 2939/31 3895/1093 3399/583 3883/1080 
f 2946/38 3896/1095 3399/583 3895/1093 
f 2947/39 3897/1097 3399/583 3896/1095 
f 2940/32 3883/1080 3399/583 3897/1097 
f 2940/32 3897/1097 3400/584 3885/1082 
f 2947/39 3898/1098 3400/584 3897/1097 
f 2948/40 3899/1100 3400/584 3898/1098 
f 2941/33 3885/1082 3400/584 3899/1100 
f 2941/33 3899/1100 3401/585 3887/1084 
f 2948/40 3900/1101 3401/585 3899/1100 
f 2949/41 3901/1103 3401/585 3900/1101 
f 2942/34 3887/1084 3401/585 3901/1103 
f 2942/34 3901/1103 3402/586 3889/1086 
f 2949/41 3902/1104 3402/586 3901/1103 
f 2950/42 3903/1106 3402/586 3902/1104 
f 2943/35 3889/1086 3402/586 3903/1106 
f 2943/35 3903/1106 3403/587 3891/1088 
f 2950/42 3904/1107 3403/587 3903/1106 
f 2951/43 3905/1109 3403/587 3904/1107 
f 2944/36 3891/1088 3403/587 3905/1109 
f 2944/36 3905/1109 3404/588 3893/1090 
f 2951/43 3906/1110 3404/588 3905/1109 
f 2952/44 3907/1112 3404/588 3906/1110 
f 2945/37 3893/1090 3404/588 3907/1112 
f 2953/45 3908/1114 3405/589 3911/1118 
f 2954/46 3909/1116 3405/589 3908/1114 
f 2961/53 3910/1117 3405/589 3909/1116 
f 2960/52 3911/1118 3405/589 3910/1117 
f 2954/46 3912/1120 3406/590 3909/1116 
f 2955/47 3913/1122 3406/590 3912/1120 
f 2962/54 3914/1123 3406/590 3913/1122 
f 2961/53 3909/1116 3406/590 3914/1123 
f 2955/47 3915/1124 3407/591 3913/1122 
f 2956/48 3916/1126 3407/591 3915/1124 
f 2963/55 3917/1127 3407/591 3916/1126 
f 2962/54 3913/1122 3407/591 3917/1127 
f 2956/48 3918/1128 3408/592 3916/1126 
f 2957/49 3919/1130 3408/592 3918/1128 
f 2964/56 3920/1131 3408/592 3919/1130 
f 2963/55 3916/1126 3408/592 3920/1131 
f 2957/49 3921/1132 3409/593 3919/1130 
f 2958/50 3922/1134 3409/593 3921/1132 
f 2965/57 3923/1135 3409/593 3922/1134 
f 2964/56 3919/1130 3409/593 3923/1135 
f 2958/50 3924/1136 3410/594 3922/1134 
f 2959/51 3925/1138 3410/594 3924/1136 
f 2966/58 3926/1140 3410/594 3925/1138 
f 2965/57 3922/1134 3410/594 3926/1140 
f 2960/52 3910/1117 3411/595 3929/1143 
f 2961/53 3927/1141 3411/595 3910/1117 
f 2968/60 3928/1142 3411/595 3927/1141 
f 2967/59 3929/1143 3411/595 3928/1142 
f 2961/53 3914/1123 3412/596 3927/1141 
f 2962/54 3930/1145 3412/596 3914/1123 
f 2969/61 3931/1146 3412/596 3930/1145 
f 2968/60 3927/1141 3412/596 3931/1146 
f 2962/54 3917/1127 3413/597 3930/1145 
f 2963/55 3932/1147 3413/597 3917/1127 
f 2970/62 3933/1148 3413/597 3932/1147 
f 2969/61 3930/1145 3413/597 3933/1148 
f 2963/55 3920/1131 3414/598 3932/1147 
f 2964/56 3934/1149 3414/598 3920/1131 
f 2971/63 3935/1150 3414/598 3934/1149 
f 2970/62 3932/1147 3414/598 3935/1150 
f 2964/56 3923/1135 3415/599 3934/1149 
f 2965/57 3936/1151 3415/599 3923/1135 
f 2972/64 3937/1152 3415/599 3936/1151 
f 2971/63 3934/1149 3415/599 3937/1152 
f 2965/57 3926/1140 3416/600 3936/1151 
f 2966/58 3938/1153 3416/600 3926/1140 
f 2973/65 3939/1155 3416/600 3938/1153 
f 2972/64 3936/1151 3416/600 3939/1155 
f 2967/59 3928/1142 3417/601 3942/1158 
f 2968/60 3940/1156 3417/601 3928/1142 
f 2975/67 3941/1157 3417/601 3940/1156 
f 2974/66 3942/1158 3417/601 3941/1157 
f 2968/60 3931/1146 3418/602 3940/1156 
f 2969/61 3943/1160 3418/602 3931/1146 
f 2976/68 3944/1161 3418/602 3943/1160 
f 2975/67 3940/1156 3418/602 3944/1161 
f 2969/61 3933/1148 3419/603 3943/1160 
f 2970/62 3945/1162 3419/603 3933/1148 
f 2977/69 3946/1163 3419/603 3945/1162 
f 2976/68 3943/1160 3419/603 3946/1163 
f 2970/62 3935/1150 3420/604 3945/1162 
f 2971/63 3947/1164 3420/604 3935/1150 
f 2978/70 3948/1165 3420/604 3947/1164 
f 2977/69 3945/1162 3420/604 3948/1165 
f 2971/63 3937/1152 3421/605 3947/1164 
f 2972/64 3949/1166 3421/605 3937/1152 
f 2979/71 3950/1167 3421/605 3949/1166 
f 2978/70 3947/1164 3421/605 3950/1167 
f 2972/64 3939/1155 3422/606 3949/1166 
f 2973/65 3951/1168 3422/606 3939/1155 
f 2980/72 3952/1170 3422/606 3951/1168 
f 2979/71 3949/1166 3422/606 3952/1170 
f 2974/66 3941/1157 3423/607 3955/1173 
f 2975/67 3953/1171 3423/607 3941/1157 
f 2982/74 3954/1172 3423/607 3953/1171 
f 2981/73 3955/1173 3423/607 3954/1172 
f 2975/67 3944/1161 3424/608 3953/1171 
f 2976/68 3956/1175 3424/608 3944/1161 
f 2983/75 3957/1176 3424/608 3956/1175 
f 2982/74 3953/1171 3424/608 3957/1176 
f 2976/68 3946/1163 3425/609 3956/1175 
f 2977/69 3958/1177 3425/609 3946/1163 
f 2984/76 3959/1178 3425/609 3958/1177 
f 2983/75 3956/1175 3425/609 3959/1178 
f 2977/69 3948/1165 3426/610 3958/1177 
f 2978/70 3960/1179 3426/610 3948/1165 
f 2985/77 3961/1180 3426/610 3960/1179 
f 2984/76 3958/1177 3426/610 3961/1180 
f 2978/70 3950/1167 3427/611 3960/1179 
f 2979/71 3962/1181 3427/611 3950/1167 
f 2986/78 3963/1182 3427/611 3962/1181 
f 2985/77 3960/1179 3427/611 3963/1182 
f 2979/71 3952/1170 3428/612 3962/1181 
f 2980/72 3964/1183 3428/612 3952/1170 
f 2987/79 3965/1185 3428/612 3964/1183 
f 2986/78 3962/1181 3428/612 3965/1185 
f 2981/73 3954/1172 3429/613 3968/1189 
f 2982/74 3966/1186 3429/613 3954/1172 
f 2989/81 3967/1187 3429/613 3966/1186 
f 2988/80 3968/1189 3429/613 3967/1187 
f 2982/74 3957/1176 3430/614 3966/1186 
f 2983/75 3969/1191 3430/614 3957/1176 
f 2990/82 3970/1192 3430/614 3969/1191 
f 2989/81 3966/1186 3430/614 3970/1192 
f 2983/75 3959/1178 3431/615 3969/1191 
f 2984/76 3971/1194 3431/615 3959/1178 
f 2991/83 3972/1195 3431/615 3971/1194 
f 2990/82 3969/1191 3431/615 3972/1195 
f 2984/76 3961/1180 3432/616 3971/1194 
f 2985/77 3973/1197 3432/616 3961/1180 
f 2992/84 3974/1198 3432/616 3973/1197 
f 2991/83 3971/1194 3432/616 3974/1198 
f 2985/77 3963/1182 3433/617 3973/1197 
f 2986/78 3975/1200 3433/617 3963/1182 
f 2993/85 3976/1201 3433/617 3975/1200 
f 2992/84 3973/1197 3433/617 3976/1201 
f 2986/78 3965/1185 3434/618 3975/1200 
f 2987/79 3977/1203 3434/618 3965/1185 
f 2994/86 3978/1205 3434/618 3977/1203 
f 2993/85 3975/1200 3434/618 3978/1205 
f 2911/87 3840/1026 3435/619 4281/1540 
f 2912/88 3979/1207 3435/619 3840/1026 
f 3143/314 4285/1545 3435/619 3979/1207 
f 3144/315 4281/1540 3435/619 4285/1545 
f 2912/88 3843/1030 3436/620 3979/1207 
f 2913/89 3982/1211 3436/620 3843/1030 
f 3142/313 4286/1546 3436/620 3982/1211 
f 3143/314 3979/1207 3436/620 4286/1546 
f 2913/89 3846/1034 3437/621 3982/1211 
f 2914/90 3984/1213 3437/621 3846/1034 
f 3141/312 4287/1547 3437/621 3984/1213 
f 3142/313 3982/1211 3437/621 4287/1547 
f 2914/90 3849/1038 3438/622 3984/1213 
f 2915/91 3986/1215 3438/622 3849/1038 
f 3140/311 4288/1548 3438/622 3986/1215 
f 3141/312 3984/1213 3438/622 4288/1548 
f 2915/91 3852/1042 3439/623 3986/1215 
f 2916/92 3988/1217 3439/623 3852/1042 
f 3139/310 4289/1549 3439/623 3988/1217 
f 3140/311 3986/1215 3439/623 4289/1549 
f 2916/92 3855/1047 3440/624 3988/1217 
f 2917/93 3990/1219 3440/624 3855/1047 
f 3138/308 4290/1550 3440/624 3990/1219 
f 3139/310 3988/1217 3440/624 4290/1550 
f 2995/94 3980/1208 3441/625 3994/1224 
f 2996/95 3992/1222 3441/625 3980/1208 
f 3018/102 3993/1223 3441/625 3992/1222 
f 3017/101 3994/1224 3441/625 3993/1223 
f 2996/95 3983/1212 3442/626 3992/1222 
f 2997/96 3995/1226 3442/626 3983/1212 
f 3019/103 3996/1227 3442/626 3995/1226 
f 3018/102 3992/1222 3442/626 3996/1227 
f 2997/96 3985/1214 3443/627 3995/1226 
f 2998/97 3997/1228 3443/627 3985/1214 
f 3020/104 3998/1229 3443/627 3997/1228 
f 3019/103 3995/1226 3443/627 3998/1229 
f 2998/97 3987/1216 3444/628 3997/1228 
f 2999/98 3999/1230 3444/628 3987/1216 
f 3021/105 4000/1231 3444/628 3999/1230 
f 3020/104 3997/1228 3444/628 4000/1231 
f 2999/98 3989/1218 3445/629 3999/1230 
f 3000/99 4001/1232 3445/629 3989/1218 
f 3022/106 4002/1233 3445/629 4001/1232 
f 3021/105 3999/1230 3445/629 4002/1233 
f 3000/99 3991/1221 3446/630 4001/1232 
f 3001/100 4003/1234 3446/630 3991/1221 
f 3023/107 4004/1236 3446/630 4003/1234 
f 3022/106 4001/1232 3446/630 4004/1236 
f 3017/101 3993/1223 3447/631 4239/1494 
f 3018/102 4005/1237 3447/631 3993/1223 
f 3123/290 4242/1498 3447/631 4005/1237 
f 3124/291 4239/1494 3447/631 4242/1498 
f 3018/102 3996/1227 3448/632 4005/1237 
f 3019/103 4008/1241 3448/632 3996/1227 
f 3122/289 4243/1499 3448/632 4008/1241 
f 3123/290 4005/1237 3448/632 4243/1499 
f 3019/103 3998/1229 3449/633 4008/1241 
f 3020/104 4010/1243 3449/633 3998/1229 
f 3121/288 4244/1500 3449/633 4010/1243 
f 3122/289 4008/1241 3449/633 4244/1500 
f 3020/104 4000/1231 3450/634 4010/1243 
f 3021/105 4012/1245 3450/634 4000/1231 
f 3120/287 4245/1501 3450/634 4012/1245 
f 3121/288 4010/1243 3450/634 4245/1501 
f 3021/105 4002/1233 3451/635 4012/1245 
f 3022/106 4014/1247 3451/635 4002/1233 
f 3119/286 4246/1502 3451/635 4014/1247 
f 3120/287 4012/1245 3451/635 4246/1502 
f 3022/106 4004/1236 3452/636 4014/1247 
f 3023/107 4016/1249 3452/636 4004/1236 
f 3118/284 4247/1503 3452/636 4016/1249 
f 3119/286 4014/1247 3452/636 4247/1503 
f 3039/108 4006/1238 3453/637 4020/1254 
f 3040/109 4018/1252 3453/637 4006/1238 
f 3062/116 4019/1253 3453/637 4018/1252 
f 3061/115 4020/1254 3453/637 4019/1253 
f 3040/109 4009/1242 3454/638 4018/1252 
f 3041/110 4021/1256 3454/638 4009/1242 
f 3063/117 4022/1257 3454/638 4021/1256 
f 3062/116 4018/1252 3454/638 4022/1257 
f 3041/110 4011/1244 3455/639 4021/1256 
f 3042/111 4023/1258 3455/639 4011/1244 
f 3064/118 4024/1259 3455/639 4023/1258 
f 3063/117 4021/1256 3455/639 4024/1259 
f 3042/111 4013/1246 3456/640 4023/1258 
f 3043/112 4025/1260 3456/640 4013/1246 
f 3065/119 4026/1261 3456/640 4025/1260 
f 3064/118 4023/1258 3456/640 4026/1261 
f 3043/112 4015/1248 3457/641 4025/1260 
f 3044/113 4027/1262 3457/641 4015/1248 
f 3066/120 4028/1263 3457/641 4027/1262 
f 3065/119 4025/1260 3457/641 4028/1263 
f 3044/113 4017/1251 3458/642 4027/1262 
f 3045/114 4029/1264 3458/642 4017/1251 
f 3067/121 4030/1266 3458/642 4029/1264 
f 3066/120 4027/1262 3458/642 4030/1266 
f 3061/115 4019/1253 3459/643 4372/1639 
f 3062/116 4031/1267 3459/643 4019/1253 
f 3191/370 4373/1641 3459/643 4031/1267 
f 3192/371 4372/1639 3459/643 4373/1641 
f 3062/116 4022/1257 3460/644 4031/1267 
f 3063/117 4033/1270 3460/644 4022/1257 
f 3190/369 4374/1642 3460/644 4033/1270 
f 3191/370 4031/1267 3460/644 4374/1642 
f 3063/117 4024/1259 3461/645 4033/1270 
f 3064/118 4034/1271 3461/645 4024/1259 
f 3189/368 4375/1643 3461/645 4034/1271 
f 3190/369 4033/1270 3461/645 4375/1643 
f 3064/118 4026/1261 3462/646 4034/1271 
f 3065/119 4035/1272 3462/646 4026/1261 
f 3188/367 4376/1644 3462/646 4035/1272 
f 3189/368 4034/1271 3462/646 4376/1644 
f 3065/119 4028/1263 3463/647 4035/1272 
f 3066/120 4036/1273 3463/647 4028/1263 
f 3187/366 4377/1645 3463/647 4036/1273 
f 3188/367 4035/1272 3463/647 4377/1645 
f 3066/120 4030/1266 3464/648 4036/1273 
f 3067/121 4037/1274 3464/648 4030/1266 
f 3186/364 4378/1646 3464/648 4037/1274 
f 3187/366 4036/1273 3464/648 4378/1646 
f 2917/129 3854/1045 3465/649 3990/1220 
f 2924/130 4038/1276 3465/649 3854/1045 
f 3137/307 4291/1551 3465/649 4038/1276 
f 3138/309 3990/1220 3465/649 4291/1551 
f 2924/130 3868/1062 3466/650 4038/1276 
f 2931/131 4040/1278 3466/650 3868/1062 
f 3136/306 4292/1552 3466/650 4040/1278 
f 3137/307 4038/1276 3466/650 4292/1552 
f 2931/131 3881/1077 3467/651 4040/1278 
f 2938/132 4042/1280 3467/651 3881/1077 
f 3135/305 4293/1553 3467/651 4042/1280 
f 3136/306 4040/1278 3467/651 4293/1553 
f 2938/132 3894/1092 3468/652 4042/1280 
f 2945/133 4044/1282 3468/652 3894/1092 
f 3134/304 4294/1554 3468/652 4044/1282 
f 3135/305 4042/1280 3468/652 4294/1554 
f 2945/133 3907/1113 3469/653 4044/1282 
f 2952/134 4046/1284 3469/653 3907/1113 
f 3133/302 4295/1555 3469/653 4046/1284 
f 3134/304 4044/1282 3469/653 4295/1555 
f 3001/135 4039/1277 3470/654 4003/1235 
f 3002/136 4048/1287 3470/654 4039/1277 
f 3024/142 4049/1288 3470/654 4048/1287 
f 3023/141 4003/1235 3470/654 4049/1288 
f 3002/136 4041/1279 3471/655 4048/1287 
f 3003/137 4050/1289 3471/655 4041/1279 
f 3025/143 4051/1290 3471/655 4050/1289 
f 3024/142 4048/1287 3471/655 4051/1290 
f 3003/137 4043/1281 3472/656 4050/1289 
f 3004/138 4052/1291 3472/656 4043/1281 
f 3026/144 4053/1292 3472/656 4052/1291 
f 3025/143 4050/1289 3472/656 4053/1292 
f 3004/138 4045/1283 3473/657 4052/1291 
f 3005/139 4054/1293 3473/657 4045/1283 
f 3027/145 4055/1294 3473/657 4054/1293 
f 3026/144 4052/1291 3473/657 4055/1294 
f 3005/139 4047/1286 3474/658 4054/1293 
f 3006/140 4056/1295 3474/658 4047/1286 
f 3028/146 4057/1297 3474/658 4056/1295 
f 3027/145 4054/1293 3474/658 4057/1297 
f 3023/141 4049/1288 3475/659 4016/1250 
f 3024/142 4058/1298 3475/659 4049/1288 
f 3117/283 4248/1504 3475/659 4058/1298 
f 3118/285 4016/1250 3475/659 4248/1504 
f 3024/142 4051/1290 3476/660 4058/1298 
f 3025/143 4060/1300 3476/660 4051/1290 
f 3116/282 4249/1505 3476/660 4060/1300 
f 3117/283 4058/1298 3476/660 4249/1505 
f 3025/143 4053/1292 3477/661 4060/1300 
f 3026/144 4062/1302 3477/661 4053/1292 
f 3115/281 4250/1506 3477/661 4062/1302 
f 3116/282 4060/1300 3477/661 4250/1506 
f 3026/144 4055/1294 3478/662 4062/1302 
f 3027/145 4064/1304 3478/662 4055/1294 
f 3114/280 4251/1507 3478/662 4064/1304 
f 3115/281 4062/1302 3478/662 4251/1507 
f 3027/145 4057/1297 3479/663 4064/1304 
f 3028/146 4066/1306 3479/663 4057/1297 
f 3113/278 4252/1508 3479/663 4066/1306 
f 3114/280 4064/1304 3479/663 4252/1508 
f 3045/147 4059/1299 3480/664 4029/1265 
f 3046/148 4068/1309 3480/664 4059/1299 
f 3068/154 4069/1310 3480/664 4068/1309 
f 3067/153 4029/1265 3480/664 4069/1310 
f 3046/148 4061/1301 3481/665 4068/1309 
f 3047/149 4070/1311 3481/665 4061/1301 
f 3069/155 4071/1312 3481/665 4070/1311 
f 3068/154 4068/1309 3481/665 4071/1312 
f 3047/149 4063/1303 3482/666 4070/1311 
f 3048/150 4072/1313 3482/666 4063/1303 
f 3070/156 4073/1314 3482/666 4072/1313 
f 3069/155 4070/1311 3482/666 4073/1314 
f 3048/150 4065/1305 3483/667 4072/1313 
f 3049/151 4074/1315 3483/667 4065/1305 
f 3071/157 4075/1316 3483/667 4074/1315 
f 3070/156 4072/1313 3483/667 4075/1316 
f 3049/151 4067/1308 3484/668 4074/1315 
f 3050/152 4076/1317 3484/668 4067/1308 
f 3072/158 4077/1319 3484/668 4076/1317 
f 3071/157 4074/1315 3484/668 4077/1319 
f 3067/153 4069/1310 3485/669 4037/1275 
f 3068/154 4078/1320 3485/669 4069/1310 
f 3185/363 4379/1647 3485/669 4078/1320 
f 3186/365 4037/1275 3485/669 4379/1647 
f 3068/154 4071/1312 3486/670 4078/1320 
f 3069/155 4079/1321 3486/670 4071/1312 
f 3184/362 4380/1648 3486/670 4079/1321 
f 3185/363 4078/1320 3486/670 4380/1648 
f 3069/155 4073/1314 3487/671 4079/1321 
f 3070/156 4080/1322 3487/671 4073/1314 
f 3183/361 4381/1649 3487/671 4080/1322 
f 3184/362 4079/1321 3487/671 4381/1649 
f 3070/156 4075/1316 3488/672 4080/1322 
f 3071/157 4081/1323 3488/672 4075/1316 
f 3182/360 4382/1650 3488/672 4081/1323 
f 3183/361 4080/1322 3488/672 4382/1650 
f 3071/157 4077/1319 3489/673 4081/1323 
f 3072/158 4082/1324 3489/673 4077/1319 
f 3181/358 4383/1651 3489/673 4082/1324 
f 3182/360 4081/1323 3489/673 4383/1651 
f 2952/165 3906/1111 3490/674 4046/1285 
f 2951/166 4083/1326 3490/674 3906/1111 
f 3132/301 4296/1556 3490/674 4083/1326 
f 3133/303 4046/1285 3490/674 4296/1556 
f 2951/166 3904/1108 3491/675 4083/1326 
f 2950/167 4085/1328 3491/675 3904/1108 
f 3131/300 4297/1557 3491/675 4085/1328 
f 3132/301 4083/1326 3491/675 4297/1557 
f 2950/167 3902/1105 3492/676 4085/1328 
f 2949/168 4087/1330 3492/676 3902/1105 
f 3130/299 4298/1558 3492/676 4087/1330 
f 3131/300 4085/1328 3492/676 4298/1558 
f 2949/168 3900/1102 3493/677 4087/1330 
f 2948/169 4089/1332 3493/677 3900/1102 
f 3129/298 4299/1559 3493/677 4089/1332 
f 3130/299 4087/1330 3493/677 4299/1559 
f 2948/169 3898/1099 3494/678 4089/1332 
f 2947/170 4091/1334 3494/678 3898/1099 
f 3128/297 4300/1560 3494/678 4091/1334 
f 3129/298 4089/1332 3494/678 4300/1560 
f 2947/170 3896/1096 3495/679 4091/1334 
f 2946/171 4093/1336 3495/679 3896/1096 
f 3127/295 4301/1561 3495/679 4093/1336 
f 3128/297 4091/1334 3495/679 4301/1561 
f 3006/172 4084/1327 3496/680 4056/1296 
f 3007/173 4095/1339 3496/680 4084/1327 
f 3029/180 4096/1340 3496/680 4095/1339 
f 3028/179 4056/1296 3496/680 4096/1340 
f 3007/173 4086/1329 3497/681 4095/1339 
f 3008/174 4097/1341 3497/681 4086/1329 
f 3030/181 4098/1342 3497/681 4097/1341 
f 3029/180 4095/1339 3497/681 4098/1342 
f 3008/174 4088/1331 3498/682 4097/1341 
f 3009/175 4099/1343 3498/682 4088/1331 
f 3031/182 4100/1344 3498/682 4099/1343 
f 3030/181 4097/1341 3498/682 4100/1344 
f 3009/175 4090/1333 3499/683 4099/1343 
f 3010/176 4101/1345 3499/683 4090/1333 
f 3032/183 4102/1346 3499/683 4101/1345 
f 3031/182 4099/1343 3499/683 4102/1346 
f 3010/176 4092/1335 3500/684 4101/1345 
f 3011/177 4103/1347 3500/684 4092/1335 
f 3033/184 4104/1348 3500/684 4103/1347 
f 3032/183 4101/1345 3500/684 4104/1348 
f 3011/177 4094/1338 3501/685 4103/1347 
f 3012/178 4105/1349 3501/685 4094/1338 
f 3034/185 4106/1351 3501/685 4105/1349 
f 3033/184 4103/1347 3501/685 4106/1351 
f 3028/179 4096/1340 3502/686 4066/1307 
f 3029/180 4107/1352 3502/686 4096/1340 
f 3112/277 4253/1509 3502/686 4107/1352 
f 3113/279 4066/1307 3502/686 4253/1509 
f 3029/180 4098/1342 3503/687 4107/1352 
f 3030/181 4109/1354 3503/687 4098/1342 
f 3111/276 4254/1510 3503/687 4109/1354 
f 3112/277 4107/1352 3503/687 4254/1510 
f 3030/181 4100/1344 3504/688 4109/1354 
f 3031/182 4111/1356 3504/688 4100/1344 
f 3110/275 4255/1511 3504/688 4111/1356 
f 3111/276 4109/1354 3504/688 4255/1511 
f 3031/182 4102/1346 3505/689 4111/1356 
f 3032/183 4113/1358 3505/689 4102/1346 
f 3109/274 4256/1512 3505/689 4113/1358 
f 3110/275 4111/1356 3505/689 4256/1512 
f 3032/183 4104/1348 3506/690 4113/1358 
f 3033/184 4115/1360 3506/690 4104/1348 
f 3108/273 4257/1513 3506/690 4115/1360 
f 3109/274 4113/1358 3506/690 4257/1513 
f 3033/184 4106/1351 3507/691 4115/1360 
f 3034/185 4117/1362 3507/691 4106/1351 
f 3107/271 4258/1514 3507/691 4117/1362 
f 3108/273 4115/1360 3507/691 4258/1514 
f 3050/186 4108/1353 3508/692 4076/1318 
f 3051/187 4119/1365 3508/692 4108/1353 
f 3073/194 4120/1366 3508/692 4119/1365 
f 3072/193 4076/1318 3508/692 4120/1366 
f 3051/187 4110/1355 3509/693 4119/1365 
f 3052/188 4121/1367 3509/693 4110/1355 
f 3074/195 4122/1368 3509/693 4121/1367 
f 3073/194 4119/1365 3509/693 4122/1368 
f 3052/188 4112/1357 3510/694 4121/1367 
f 3053/189 4123/1369 3510/694 4112/1357 
f 3075/196 4124/1370 3510/694 4123/1369 
f 3074/195 4121/1367 3510/694 4124/1370 
f 3053/189 4114/1359 3511/695 4123/1369 
f 3054/190 4125/1371 3511/695 4114/1359 
f 3076/197 4126/1372 3511/695 4125/1371 
f 3075/196 4123/1369 3511/695 4126/1372 
f 3054/190 4116/1361 3512/696 4125/1371 
f 3055/191 4127/1373 3512/696 4116/1361 
f 3077/198 4128/1374 3512/696 4127/1373 
f 3076/197 4125/1371 3512/696 4128/1374 
f 3055/191 4118/1364 3513/697 4127/1373 
f 3056/192 4129/1375 3513/697 4118/1364 
f 3078/199 4130/1377 3513/697 4129/1375 
f 3077/198 4127/1373 3513/697 4130/1377 
f 3072/193 4120/1366 3514/698 4082/1325 
f 3073/194 4131/1378 3514/698 4120/1366 
f 3180/357 4384/1652 3514/698 4131/1378 
f 3181/359 4082/1325 3514/698 4384/1652 
f 3073/194 4122/1368 3515/699 4131/1378 
f 3074/195 4132/1379 3515/699 4122/1368 
f 3179/356 4385/1653 3515/699 4132/1379 
f 3180/357 4131/1378 3515/699 4385/1653 
f 3074/195 4124/1370 3516/700 4132/1379 
f 3075/196 4133/1380 3516/700 4124/1370 
f 3178/355 4386/1654 3516/700 4133/1380 
f 3179/356 4132/1379 3516/700 4386/1654 
f 3075/196 4126/1372 3517/701 4133/1380 
f 3076/197 4134/1381 3517/701 4126/1372 
f 3177/354 4387/1655 3517/701 4134/1381 
f 3178/355 4133/1380 3517/701 4387/1655 
f 3076/197 4128/1374 3518/702 4134/1381 
f 3077/198 4135/1382 3518/702 4128/1374 
f 3176/353 4388/1656 3518/702 4135/1382 
f 3177/354 4134/1381 3518/702 4388/1656 
f 3077/198 4130/1377 3519/703 4135/1382 
f 3078/199 4136/1383 3519/703 4130/1377 
f 3175/351 4389/1657 3519/703 4136/1383 
f 3176/353 4135/1382 3519/703 4389/1657 
f 2946/207 3895/1094 3520/704 4093/1337 
f 2939/208 4137/1385 3520/704 3895/1094 
f 3148/320 4302/1562 3520/704 4137/1385 
f 3127/296 4093/1337 3520/704 4302/1562 
f 2939/208 3882/1079 3521/705 4137/1385 
f 2932/209 4139/1387 3521/705 3882/1079 
f 3147/319 4303/1563 3521/705 4139/1387 
f 3148/320 4137/1385 3521/705 4303/1563 
f 2932/209 3869/1064 3522/706 4139/1387 
f 2925/210 4141/1389 3522/706 3869/1064 
f 3146/318 4304/1564 3522/706 4141/1389 
f 3147/319 4139/1387 3522/706 4304/1564 
f 2925/210 3856/1049 3523/707 4141/1389 
f 2918/211 4143/1391 3523/707 3856/1049 
f 3145/317 4305/1565 3523/707 4143/1391 
f 3146/318 4141/1389 3523/707 4305/1565 
f 2918/211 3837/1022 3524/708 4143/1391 
f 2911/212 4281/1541 3524/708 3837/1022 
f 3144/316 4306/1566 3524/708 4281/1541 
f 3145/317 4143/1391 3524/708 4306/1566 
f 3012/213 4138/1386 3525/709 4105/1350 
f 3013/214 4146/1394 3525/709 4138/1386 
f 3035/220 4147/1395 3525/709 4146/1394 
f 3034/219 4105/1350 3525/709 4147/1395 
f 3013/214 4140/1388 3526/710 4146/1394 
f 3014/215 4148/1396 3526/710 4140/1388 
f 3036/221 4149/1397 3526/710 4148/1396 
f 3035/220 4146/1394 3526/710 4149/1397 
f 3014/215 4142/1390 3527/711 4148/1396 
f 3015/216 4150/1398 3527/711 4142/1390 
f 3037/222 4151/1399 3527/711 4150/1398 
f 3036/221 4148/1396 3527/711 4151/1399 
f 3015/216 4144/1392 3528/712 4150/1398 
f 3016/217 4152/1400 3528/712 4144/1392 
f 3038/223 4153/1401 3528/712 4152/1400 
f 3037/222 4150/1398 3528/712 4153/1401 
f 3016/217 4145/1393 3529/713 4152/1400 
f 2995/218 3994/1225 3529/713 4145/1393 
f 3017/224 4154/1402 3529/713 3994/1225 
f 3038/223 4152/1400 3529/713 4154/1402 
f 3034/219 4147/1395 3530/714 4117/1363 
f 3035/220 4155/1403 3530/714 4147/1395 
f 3106/270 4259/1515 3530/714 4155/1403 
f 3107/272 4117/1363 3530/714 4259/1515 
f 3035/220 4149/1397 3531/715 4155/1403 
f 3036/221 4157/1405 3531/715 4149/1397 
f 3105/269 4260/1516 3531/715 4157/1405 
f 3106/270 4155/1403 3531/715 4260/1516 
f 3036/221 4151/1399 3532/716 4157/1405 
f 3037/222 4159/1407 3532/716 4151/1399 
f 3126/294 4261/1517 3532/716 4159/1407 
f 3105/269 4157/1405 3532/716 4261/1517 
f 3037/222 4153/1401 3533/717 4159/1407 
f 3038/223 4161/1409 3533/717 4153/1401 
f 3125/293 4262/1518 3533/717 4161/1409 
f 3126/294 4159/1407 3533/717 4262/1518 
f 3038/223 4154/1402 3534/718 4161/1409 
f 3017/224 4239/1495 3534/718 4154/1402 
f 3124/292 4263/1519 3534/718 4239/1495 
f 3125/293 4161/1409 3534/718 4263/1519 
f 3056/225 4156/1404 3535/719 4129/1376 
f 3057/226 4164/1412 3535/719 4156/1404 
f 3079/232 4165/1413 3535/719 4164/1412 
f 3078/231 4129/1376 3535/719 4165/1413 
f 3057/226 4158/1406 3536/720 4164/1412 
f 3058/227 4166/1414 3536/720 4158/1406 
f 3080/233 4167/1415 3536/720 4166/1414 
f 3079/232 4164/1412 3536/720 4167/1415 
f 3058/227 4160/1408 3537/721 4166/1414 
f 3059/228 4168/1416 3537/721 4160/1408 
f 3081/234 4169/1417 3537/721 4168/1416 
f 3080/233 4166/1414 3537/721 4169/1417 
f 3059/228 4162/1410 3538/722 4168/1416 
f 3060/229 4170/1418 3538/722 4162/1410 
f 3082/235 4171/1419 3538/722 4170/1418 
f 3081/234 4168/1416 3538/722 4171/1419 
f 3060/229 4163/1411 3539/723 4170/1418 
f 3039/230 4020/1255 3539/723 4163/1411 
f 3061/236 4172/1420 3539/723 4020/1255 
f 3082/235 4170/1418 3539/723 4172/1420 
f 3078/231 4165/1413 3540/724 4136/1384 
f 3079/232 4173/1421 3540/724 4165/1413 
f 3174/350 4390/1658 3540/724 4173/1421 
f 3175/352 4136/1384 3540/724 4390/1658 
f 3079/232 4167/1415 3541/725 4173/1421 
f 3080/233 4174/1422 3541/725 4167/1415 
f 3173/349 4391/1659 3541/725 4174/1422 
f 3174/350 4173/1421 3541/725 4391/1659 
f 3080/233 4169/1417 3542/726 4174/1422 
f 3081/234 4175/1423 3542/726 4169/1417 
f 3172/348 4392/1660 3542/726 4175/1423 
f 3173/349 4174/1422 3542/726 4392/1660 
f 3081/234 4171/1419 3543/727 4175/1423 
f 3082/235 4176/1424 3543/727 4171/1419 
f 3171/347 4393/1661 3543/727 4176/1424 
f 3172/348 4175/1423 3543/727 4393/1661 
f 3082/235 4172/1420 3544/728 4176/1424 
f 3061/236 4372/1640 3544/728 4172/1420 
f 3192/372 4394/1662 3544/728 4372/1640 
f 3171/347 4176/1424 3544/728 4394/1662 
f 3101/264 4194/1445 3545/729 4198/1450 
f 3040/109 4006/1238 3545/729 4194/1445 
f 3039/108 4007/1240 3545/729 4006/1238 
f 3102/265 4198/1450 3545/729 4007/1240 
f 3100/263 4193/1444 3546/730 4199/1451 
f 3041/110 4009/1242 3546/730 4193/1444 
f 3040/109 4194/1445 3546/730 4009/1242 
f 3101/264 4199/1451 3546/730 4194/1445 
f 3099/262 4192/1443 3547/731 4200/1452 
f 3042/111 4011/1244 3547/731 4192/1443 
f 3041/110 4193/1444 3547/731 4011/1244 
f 3100/263 4200/1452 3547/731 4193/1444 
f 3098/261 4191/1442 3548/732 4201/1453 
f 3043/112 4013/1246 3548/732 4191/1442 
f 3042/111 4192/1443 3548/732 4013/1246 
f 3099/262 4201/1453 3548/732 4192/1443 
f 3097/260 4190/1441 3549/733 4202/1454 
f 3044/113 4015/1248 3549/733 4190/1441 
f 3043/112 4191/1442 3549/733 4015/1248 
f 3098/261 4202/1454 3549/733 4191/1442 
f 3096/258 4189/1440 3550/734 4203/1455 
f 3045/114 4017/1251 3550/734 4189/1440 
f 3044/113 4190/1441 3550/734 4017/1251 
f 3097/260 4203/1455 3550/734 4190/1441 
f 3342/526 4692/1964 3551/735 4691/1963 
f 3339/523 4689/1961 3551/735 4692/1964 
f 3340/524 4690/1962 3551/735 4689/1961 
f 3341/525 4691/1963 3551/735 4690/1962 
f 3094/256 4187/1437 3552/736 4205/1457 
f 3047/149 4061/1301 3552/736 4187/1437 
f 3046/148 4188/1438 3552/736 4061/1301 
f 3095/257 4205/1457 3552/736 4188/1438 
f 3091/252 4184/1434 3553/737 4208/1460 
f 3050/152 4067/1308 3553/737 4184/1434 
f 3049/151 4185/1435 3553/737 4067/1308 
f 3092/254 4208/1460 3553/737 4185/1435 
f 3338/522 4684/1956 3554/738 4683/1955 
f 3335/519 4681/1953 3554/738 4684/1956 
f 3336/520 4682/1954 3554/738 4681/1953 
f 3337/521 4683/1955 3554/738 4682/1954 
f 3089/250 4182/1431 3555/739 4210/1462 
f 3052/188 4110/1355 3555/739 4182/1431 
f 3051/187 4183/1432 3555/739 4110/1355 
f 3090/251 4210/1462 3555/739 4183/1432 
f 3088/249 4181/1430 3556/740 4211/1463 
f 3053/189 4112/1357 3556/740 4181/1430 
f 3052/188 4182/1431 3556/740 4112/1357 
f 3089/250 4211/1463 3556/740 4182/1431 
f 3087/248 4180/1429 3557/741 4212/1464 
f 3054/190 4114/1359 3557/741 4180/1429 
f 3053/189 4181/1430 3557/741 4114/1359 
f 3088/249 4212/1464 3557/741 4181/1430 
f 3086/247 4179/1428 3558/742 4213/1465 
f 3055/191 4116/1361 3558/742 4179/1428 
f 3054/190 4180/1429 3558/742 4116/1361 
f 3087/248 4213/1465 3558/742 4180/1429 
f 3298/482 4604/1876 3559/743 4603/1875 
f 3295/479 4601/1873 3559/743 4604/1876 
f 3296/480 4602/1874 3559/743 4601/1873 
f 3297/481 4603/1875 3559/743 4602/1874 
f 3084/244 4177/1425 3560/744 4215/1467 
f 3057/226 4156/1404 3560/744 4177/1425 
f 3056/225 4178/1427 3560/744 4156/1404 
f 3085/246 4215/1467 3560/744 4178/1427 
f 3103/267 4196/1448 3561/745 4218/1470 
f 3060/229 4162/1410 3561/745 4196/1448 
f 3059/228 4197/1449 3561/745 4162/1410 
f 3104/268 4218/1470 3561/745 4197/1449 
f 3299/483 4609/1881 3562/746 4612/1884 
f 3300/484 4610/1882 3562/746 4609/1881 
f 3301/485 4611/1883 3562/746 4610/1882 
f 3302/486 4612/1884 3562/746 4611/1883 
f 3123/290 4238/1493 3563/747 4242/1498 
f 3101/264 4198/1450 3563/747 4238/1493 
f 3102/265 4195/1446 3563/747 4198/1450 
f 3124/291 4242/1498 3563/747 4195/1446 
f 3122/289 4237/1492 3564/748 4243/1499 
f 3100/263 4199/1451 3564/748 4237/1492 
f 3101/264 4238/1493 3564/748 4199/1451 
f 3123/290 4243/1499 3564/748 4238/1493 
f 3121/288 4236/1491 3565/749 4244/1500 
f 3099/262 4200/1452 3565/749 4236/1491 
f 3100/263 4237/1492 3565/749 4200/1452 
f 3122/289 4244/1500 3565/749 4237/1492 
f 3120/287 4235/1490 3566/750 4245/1501 
f 3098/261 4201/1453 3566/750 4235/1490 
f 3099/262 4236/1491 3566/750 4201/1453 
f 3121/288 4245/1501 3566/750 4236/1491 
f 3119/286 4234/1489 3567/751 4246/1502 
f 3097/260 4202/1454 3567/751 4234/1489 
f 3098/261 4235/1490 3567/751 4202/1454 
f 3120/287 4246/1502 3567/751 4235/1490 
f 3118/284 4233/1487 3568/752 4247/1503 
f 3096/258 4203/1455 3568/752 4233/1487 
f 3097/260 4234/1489 3568/752 4203/1455 
f 3119/286 4247/1503 3568/752 4234/1489 
f 3117/283 4232/1486 3569/753 4248/1504 
f 3095/257 4204/1456 3569/753 4232/1486 
f 3096/259 4233/1488 3569/753 4204/1456 
f 3118/285 4248/1504 3569/753 4233/1488 
f 3116/282 4231/1485 3570/754 4249/1505 
f 3094/256 4205/1457 3570/754 4231/1485 
f 3095/257 4232/1486 3570/754 4205/1457 
f 3117/283 4249/1505 3570/754 4232/1486 
f 3115/281 4230/1484 3571/755 4250/1506 
f 3093/255 4206/1458 3571/755 4230/1484 
f 3094/256 4231/1485 3571/755 4206/1458 
f 3116/282 4250/1506 3571/755 4231/1485 
f 3114/280 4229/1483 3572/756 4251/1507 
f 3092/254 4207/1459 3572/756 4229/1483 
f 3093/255 4230/1484 3572/756 4207/1459 
f 3115/281 4251/1507 3572/756 4230/1484 
f 3113/278 4228/1481 3573/757 4252/1508 
f 3091/252 4208/1460 3573/757 4228/1481 
f 3092/254 4229/1483 3573/757 4208/1460 
f 3114/280 4252/1508 3573/757 4229/1483 
f 3112/277 4227/1480 3574/758 4253/1509 
f 3090/251 4209/1461 3574/758 4227/1480 
f 3091/253 4228/1482 3574/758 4209/1461 
f 3113/279 4253/1509 3574/758 4228/1482 
f 3111/276 4226/1479 3575/759 4254/1510 
f 3089/250 4210/1462 3575/759 4226/1479 
f 3090/251 4227/1480 3575/759 4210/1462 
f 3112/277 4254/1510 3575/759 4227/1480 
f 3110/275 4225/1478 3576/760 4255/1511 
f 3088/249 4211/1463 3576/760 4225/1478 
f 3089/250 4226/1479 3576/760 4211/1463 
f 3111/276 4255/1511 3576/760 4226/1479 
f 3109/274 4224/1477 3577/761 4256/1512 
f 3087/248 4212/1464 3577/761 4224/1477 
f 3088/249 4225/1478 3577/761 4212/1464 
f 3110/275 4256/1512 3577/761 4225/1478 
f 3108/273 4223/1476 3578/762 4257/1513 
f 3086/247 4213/1465 3578/762 4223/1476 
f 3087/248 4224/1477 3578/762 4213/1465 
f 3109/274 4257/1513 3578/762 4224/1477 
f 3107/271 4222/1474 3579/763 4258/1514 
f 3085/245 4214/1466 3579/763 4222/1474 
f 3086/247 4223/1476 3579/763 4214/1466 
f 3108/273 4258/1514 3579/763 4223/1476 
f 3106/270 4221/1473 3580/764 4259/1515 
f 3084/244 4215/1467 3580/764 4221/1473 
f 3085/246 4222/1475 3580/764 4215/1467 
f 3107/272 4259/1515 3580/764 4222/1475 
f 3105/269 4220/1472 3581/765 4260/1516 
f 3083/243 4216/1468 3581/765 4220/1472 
f 3084/244 4221/1473 3581/765 4216/1468 
f 3106/270 4260/1516 3581/765 4221/1473 
f 3126/294 4241/1497 3582/766 4261/1517 
f 3104/268 4217/1469 3582/766 4241/1497 
f 3083/243 4220/1472 3582/766 4217/1469 
f 3105/269 4261/1517 3582/766 4220/1472 
f 3125/293 4240/1496 3583/767 4262/1518 
f 3103/267 4218/1470 3583/767 4240/1496 
f 3104/268 4241/1497 3583/767 4218/1470 
f 3126/294 4262/1518 3583/767 4241/1497 
f 3124/292 4195/1447 3584/768 4263/1519 
f 3102/266 4219/1471 3584/768 4195/1447 
f 3103/267 4240/1496 3584/768 4219/1471 
f 3125/293 4263/1519 3584/768 4240/1496 
f 3143/314 4280/1539 3585/769 4285/1545 
f 3165/340 4329/1593 3585/769 4280/1539 
f 3166/341 4324/1588 3585/769 4329/1593 
f 3144/315 4285/1545 3585/769 4324/1588 
f 3142/313 4279/1538 3586/770 4286/1546 
f 3164/339 4330/1594 3586/770 4279/1538 
f 3165/340 4280/1539 3586/770 4330/1594 
f 3143/314 4286/1546 3586/770 4280/1539 
f 3141/312 4278/1537 3587/771 4287/1547 
f 3163/338 4331/1595 3587/771 4278/1537 
f 3164/339 4279/1538 3587/771 4331/1595 
f 3142/313 4287/1547 3587/771 4279/1538 
f 3140/311 4277/1536 3588/772 4288/1548 
f 3162/337 4332/1596 3588/772 4277/1536 
f 3163/338 4278/1537 3588/772 4332/1596 
f 3141/312 4288/1548 3588/772 4278/1537 
f 3139/310 4276/1535 3589/773 4289/1549 
f 3161/336 4333/1597 3589/773 4276/1535 
f 3162/337 4277/1536 3589/773 4333/1597 
f 3140/311 4289/1549 3589/773 4277/1536 
f 3138/308 4275/1534 3590/774 4290/1550 
f 3160/334 4334/1598 3590/774 4275/1534 
f 3161/336 4276/1535 3590/774 4334/1598 
f 3139/310 4290/1550 3590/774 4276/1535 
f 3215/399 4441/1713 3591/775 4444/1716 
f 3216/400 4442/1714 3591/775 4441/1713 
f 3217/401 4443/1715 3591/775 4442/1714 
f 3218/402 4444/1716 3591/775 4443/1715 
f 3136/306 4273/1531 3592/776 4292/1552 
f 3158/332 4336/1600 3592/776 4273/1531 
f 3159/333 4274/1532 3592/776 4336/1600 
f 3137/307 4292/1552 3592/776 4274/1532 
f 3133/302 4270/1528 3593/777 4295/1555 
f 3155/328 4339/1603 3593/777 4270/1528 
f 3156/330 4271/1529 3593/777 4339/1603 
f 3134/304 4295/1555 3593/777 4271/1529 
f 3255/439 4521/1793 3594/778 4524/1796 
f 3256/440 4522/1794 3594/778 4521/1793 
f 3257/441 4523/1795 3594/778 4522/1794 
f 3258/442 4524/1796 3594/778 4523/1795 
f 3131/300 4268/1525 3595/779 4297/1557 
f 3153/326 4341/1605 3595/779 4268/1525 
f 3154/327 4269/1526 3595/779 4341/1605 
f 3132/301 4297/1557 3595/779 4269/1526 
f 3130/299 4267/1524 3596/780 4298/1558 
f 3152/325 4342/1606 3596/780 4267/1524 
f 3153/326 4268/1525 3596/780 4342/1606 
f 3131/300 4298/1558 3596/780 4268/1525 
f 3129/298 4266/1523 3597/781 4299/1559 
f 3151/324 4343/1607 3597/781 4266/1523 
f 3152/325 4267/1524 3597/781 4343/1607 
f 3130/299 4299/1559 3597/781 4267/1524 
f 3128/297 4265/1522 3598/782 4300/1560 
f 3150/323 4344/1608 3598/782 4265/1522 
f 3151/324 4266/1523 3598/782 4344/1608 
f 3129/298 4300/1560 3598/782 4266/1523 
f 3259/443 4529/1801 3599/783 4532/1804 
f 3260/444 4530/1802 3599/783 4529/1801 
f 3261/445 4531/1803 3599/783 4530/1802 
f 3262/446 4532/1804 3599/783 4531/1803 
f 3148/320 4284/1544 3600/784 4302/1562 
f 3170/346 4346/1610 3600/784 4284/1544 
f 3149/322 4264/1521 3600/784 4346/1610 
f 3127/296 4302/1562 3600/784 4264/1521 
f 3145/317 4282/1542 3601/785 4305/1565 
f 3167/343 4349/1613 3601/785 4282/1542 
f 3168/344 4283/1543 3601/785 4349/1613 
f 3146/318 4305/1565 3601/785 4283/1543 
f 3221/405 4451/1723 3602/786 4450/1722 
f 3222/406 4452/1724 3602/786 4451/1723 
f 3219/403 4449/1721 3602/786 4452/1724 
f 3220/404 4450/1722 3602/786 4449/1721 
f 3165/340 4323/1586 3603/787 4329/1593 
f 2996/95 3980/1208 3603/787 4323/1586 
f 2995/94 3981/1209 3603/787 3980/1208 
f 3166/341 4329/1593 3603/787 3981/1209 
f 3164/339 4322/1585 3604/788 4330/1594 
f 2997/96 3983/1212 3604/788 4322/1585 
f 2996/95 4323/1586 3604/788 3983/1212 
f 3165/340 4330/1594 3604/788 4323/1586 
f 3163/338 4321/1584 3605/789 4331/1595 
f 2998/97 3985/1214 3605/789 4321/1584 
f 2997/96 4322/1585 3605/789 3985/1214 
f 3164/339 4331/1595 3605/789 4322/1585 
f 3162/337 4320/1583 3606/790 4332/1596 
f 2999/98 3987/1216 3606/790 4320/1583 
f 2998/97 4321/1584 3606/790 3987/1216 
f 3163/338 4332/1596 3606/790 4321/1584 
f 3161/336 4319/1582 3607/791 4333/1597 
f 3000/99 3989/1218 3607/791 4319/1582 
f 2999/98 4320/1583 3607/791 3989/1218 
f 3162/337 4333/1597 3607/791 4320/1583 
f 3160/334 4318/1580 3608/792 4334/1598 
f 3001/100 3991/1221 3608/792 4318/1580 
f 3000/99 4319/1582 3608/792 3991/1221 
f 3161/336 4334/1598 3608/792 4319/1582 
f 3159/333 4317/1579 3609/793 4335/1599 
f 3002/136 4039/1277 3609/793 4317/1579 
f 3001/135 4318/1581 3609/793 4039/1277 
f 3160/335 4335/1599 3609/793 4318/1581 
f 3158/332 4316/1578 3610/794 4336/1600 
f 3003/137 4041/1279 3610/794 4316/1578 
f 3002/136 4317/1579 3610/794 4041/1279 
f 3159/333 4336/1600 3610/794 4317/1579 
f 3157/331 4315/1577 3611/795 4337/1601 
f 3004/138 4043/1281 3611/795 4315/1577 
f 3003/137 4316/1578 3611/795 4043/1281 
f 3158/332 4337/1601 3611/795 4316/1578 
f 3156/330 4314/1576 3612/796 4338/1602 
f 3005/139 4045/1283 3612/796 4314/1576 
f 3004/138 4315/1577 3612/796 4045/1283 
f 3157/331 4338/1602 3612/796 4315/1577 
f 3155/328 4313/1574 3613/797 4339/1603 
f 3006/140 4047/1286 3613/797 4313/1574 
f 3005/139 4314/1576 3613/797 4047/1286 
f 3156/330 4339/1603 3613/797 4314/1576 
f 3154/327 4312/1573 3614/798 4340/1604 
f 3007/173 4084/1327 3614/798 4312/1573 
f 3006/172 4313/1575 3614/798 4084/1327 
f 3155/329 4340/1604 3614/798 4313/1575 
f 3153/326 4311/1572 3615/799 4341/1605 
f 3008/174 4086/1329 3615/799 4311/1572 
f 3007/173 4312/1573 3615/799 4086/1329 
f 3154/327 4341/1605 3615/799 4312/1573 
f 3152/325 4310/1571 3616/800 4342/1606 
f 3009/175 4088/1331 3616/800 4310/1571 
f 3008/174 4311/1572 3616/800 4088/1331 
f 3153/326 4342/1606 3616/800 4311/1572 
f 3151/324 4309/1570 3617/801 4343/1607 
f 3010/176 4090/1333 3617/801 4309/1570 
f 3009/175 4310/1571 3617/801 4090/1333 
f 3152/325 4343/1607 3617/801 4310/1571 
f 3150/323 4308/1569 3618/802 4344/1608 
f 3011/177 4092/1335 3618/802 4308/1569 
f 3010/176 4309/1570 3618/802 4092/1335 
f 3151/324 4344/1608 3618/802 4309/1570 
f 3149/321 4307/1567 3619/803 4345/1609 
f 3012/178 4094/1338 3619/803 4307/1567 
f 3011/177 4308/1569 3619/803 4094/1338 
f 3150/323 4345/1609 3619/803 4308/1569 
f 3170/346 4328/1592 3620/804 4346/1610 
f 3013/214 4138/1386 3620/804 4328/1592 
f 3012/213 4307/1568 3620/804 4138/1386 
f 3149/322 4346/1610 3620/804 4307/1568 
f 3169/345 4327/1591 3621/805 4347/1611 
f 3014/215 4140/1388 3621/805 4327/1591 
f 3013/214 4328/1592 3621/805 4140/1388 
f 3170/346 4347/1611 3621/805 4328/1592 
f 3168/344 4326/1590 3622/806 4348/1612 
f 3015/216 4142/1390 3622/806 4326/1590 
f 3014/215 4327/1591 3622/806 4142/1390 
f 3169/345 4348/1612 3622/806 4327/1591 
f 3167/343 4325/1589 3623/807 4349/1613 
f 3016/217 4144/1392 3623/807 4325/1589 
f 3015/216 4326/1590 3623/807 4144/1392 
f 3168/344 4349/1613 3623/807 4326/1590 
f 3166/342 3981/1210 3624/808 4350/1614 
f 2995/218 4145/1393 3624/808 3981/1210 
f 3016/217 4325/1589 3624/808 4145/1393 
f 3167/343 4350/1614 3624/808 4325/1589 
f 3191/370 4371/1638 3625/809 4373/1641 
f 3213/396 4417/1689 3625/809 4371/1638 
f 3214/397 4416/1687 3625/809 4417/1689 
f 3192/371 4373/1641 3625/809 4416/1687 
f 3190/369 4370/1637 3626/810 4374/1642 
f 3212/395 4418/1690 3626/810 4370/1637 
f 3213/396 4371/1638 3626/810 4418/1690 
f 3191/370 4374/1642 3626/810 4371/1638 
f 3189/368 4369/1636 3627/811 4375/1643 
f 3211/394 4419/1691 3627/811 4369/1636 
f 3212/395 4370/1637 3627/811 4419/1691 
f 3190/369 4375/1643 3627/811 4370/1637 
f 3188/367 4368/1635 3628/812 4376/1644 
f 3210/393 4420/1692 3628/812 4368/1635 
f 3211/394 4369/1636 3628/812 4420/1692 
f 3189/368 4376/1644 3628/812 4369/1636 
f 3187/366 4367/1634 3629/813 4377/1645 
f 3209/392 4421/1693 3629/813 4367/1634 
f 3210/393 4368/1635 3629/813 4421/1693 
f 3188/367 4377/1645 3629/813 4368/1635 
f 3186/364 4366/1632 3630/814 4378/1646 
f 3208/390 4422/1694 3630/814 4366/1632 
f 3209/392 4367/1634 3630/814 4422/1694 
f 3187/366 4378/1646 3630/814 4367/1634 
f 3185/363 4365/1631 3631/815 4379/1647 
f 3207/389 4423/1695 3631/815 4365/1631 
f 3208/391 4366/1633 3631/815 4423/1695 
f 3186/365 4379/1647 3631/815 4366/1633 
f 3184/362 4364/1630 3632/816 4380/1648 
f 3206/388 4424/1696 3632/816 4364/1630 
f 3207/389 4365/1631 3632/816 4424/1696 
f 3185/363 4380/1648 3632/816 4365/1631 
f 3183/361 4363/1629 3633/817 4381/1649 
f 3205/387 4425/1697 3633/817 4363/1629 
f 3206/388 4364/1630 3633/817 4425/1697 
f 3184/362 4381/1649 3633/817 4364/1630 
f 3182/360 4362/1628 3634/818 4382/1650 
f 3204/386 4426/1698 3634/818 4362/1628 
f 3205/387 4363/1629 3634/818 4426/1698 
f 3183/361 4382/1650 3634/818 4363/1629 
f 3181/358 4361/1626 3635/819 4383/1651 
f 3203/384 4427/1699 3635/819 4361/1626 
f 3204/386 4362/1628 3635/819 4427/1699 
f 3182/360 4383/1651 3635/819 4362/1628 
f 3180/357 4360/1625 3636/820 4384/1652 
f 3202/383 4428/1700 3636/820 4360/1625 
f 3203/385 4361/1627 3636/820 4428/1700 
f 3181/359 4384/1652 3636/820 4361/1627 
f 3179/356 4359/1624 3637/821 4385/1653 
f 3201/382 4429/1701 3637/821 4359/1624 
f 3202/383 4360/1625 3637/821 4429/1701 
f 3180/357 4385/1653 3637/821 4360/1625 
f 3178/355 4358/1623 3638/822 4386/1654 
f 3200/381 4430/1702 3638/822 4358/1623 
f 3201/382 4359/1624 3638/822 4430/1702 
f 3179/356 4386/1654 3638/822 4359/1624 
f 3177/354 4357/1622 3639/823 4387/1655 
f 3199/380 4431/1703 3639/823 4357/1622 
f 3200/381 4358/1623 3639/823 4431/1703 
f 3178/355 4387/1655 3639/823 4358/1623 
f 3176/353 4356/1621 3640/824 4388/1656 
f 3198/379 4432/1704 3640/824 4356/1621 
f 3199/380 4357/1622 3640/824 4432/1704 
f 3177/354 4388/1656 3640/824 4357/1622 
f 3175/351 4355/1619 3641/825 4389/1657 
f 3197/377 4433/1705 3641/825 4355/1619 
f 3198/379 4356/1621 3641/825 4433/1705 
f 3176/353 4389/1657 3641/825 4356/1621 
f 3174/350 4354/1618 3642/826 4390/1658 
f 3196/376 4434/1706 3642/826 4354/1618 
f 3197/378 4355/1620 3642/826 4434/1706 
f 3175/352 4390/1658 3642/826 4355/1620 
f 3173/349 4353/1617 3643/827 4391/1659 
f 3195/375 4435/1707 3643/827 4353/1617 
f 3196/376 4354/1618 3643/827 4435/1707 
f 3174/350 4391/1659 3643/827 4354/1618 
f 3172/348 4352/1616 3644/828 4392/1660 
f 3194/374 4436/1708 3644/828 4352/1616 
f 3195/375 4353/1617 3644/828 4436/1708 
f 3173/349 4392/1660 3644/828 4353/1617 
f 3171/347 4351/1615 3645/829 4393/1661 
f 3193/373 4437/1709 3645/829 4351/1615 
f 3194/374 4352/1616 3645/829 4437/1709 
f 3172/348 4393/1661 3645/829 4352/1616 
f 3192/372 4416/1688 3646/830 4394/1662 
f 3214/398 4438/1710 3646/830 4416/1688 
f 3193/373 4351/1615 3646/830 4438/1710 
f 3171/347 4394/1662 3646/830 4351/1615 
f 3213/396 4415/1686 3647/831 4417/1689 
f 2954/123 3908/1115 3647/831 4415/1686 
f 2953/122 4032/1268 3647/831 3908/1115 
f 3214/397 4417/1689 3647/831 4032/1268 
f 3212/395 4414/1685 3648/832 4418/1690 
f 2955/124 3912/1121 3648/832 4414/1685 
f 2954/123 4415/1686 3648/832 3912/1121 
f 3213/396 4418/1690 3648/832 4415/1686 
f 3211/394 4413/1684 3649/833 4419/1691 
f 2956/125 3915/1125 3649/833 4413/1684 
f 2955/124 4414/1685 3649/833 3915/1125 
f 3212/395 4419/1691 3649/833 4414/1685 
f 3210/393 4412/1683 3650/834 4420/1692 
f 2957/126 3918/1129 3650/834 4412/1683 
f 2956/125 4413/1684 3650/834 3918/1129 
f 3211/394 4420/1692 3650/834 4413/1684 
f 3209/392 4411/1682 3651/835 4421/1693 
f 2958/127 3921/1133 3651/835 4411/1682 
f 2957/126 4412/1683 3651/835 3921/1133 
f 3210/393 4421/1693 3651/835 4412/1683 
f 3208/390 4410/1680 3652/836 4422/1694 
f 2959/128 3924/1137 3652/836 4410/1680 
f 2958/127 4411/1682 3652/836 3924/1137 
f 3209/392 4422/1694 3652/836 4411/1682 
f 3207/389 4409/1679 3653/837 4423/1695 
f 2966/160 3925/1139 3653/837 4409/1679 
f 2959/159 4410/1681 3653/837 3925/1139 
f 3208/391 4423/1695 3653/837 4410/1681 
f 3206/388 4408/1678 3654/838 4424/1696 
f 2973/161 3938/1154 3654/838 4408/1678 
f 2966/160 4409/1679 3654/838 3938/1154 
f 3207/389 4424/1696 3654/838 4409/1679 
f 3205/387 4407/1677 3655/839 4425/1697 
f 2980/162 3951/1169 3655/839 4407/1677 
f 2973/161 4408/1678 3655/839 3951/1169 
f 3206/388 4425/1697 3655/839 4408/1678 
f 3204/386 4406/1676 3656/840 4426/1698 
f 2987/163 3964/1184 3656/840 4406/1676 
f 2980/162 4407/1677 3656/840 3964/1184 
f 3205/387 4426/1698 3656/840 4407/1677 
f 3203/384 4405/1674 3657/841 4427/1699 
f 2994/164 3977/1204 3657/841 4405/1674 
f 2987/163 4406/1676 3657/841 3977/1204 
f 3204/386 4427/1699 3657/841 4406/1676 
f 3202/383 4404/1673 3658/842 4428/1700 
f 2993/201 3978/1206 3658/842 4404/1673 
f 2994/200 4405/1675 3658/842 3978/1206 
f 3203/385 4428/1700 3658/842 4405/1675 
f 3201/382 4403/1672 3659/843 4429/1701 
f 2992/202 3976/1202 3659/843 4403/1672 
f 2993/201 4404/1673 3659/843 3976/1202 
f 3202/383 4429/1701 3659/843 4404/1673 
f 3200/381 4402/1671 3660/844 4430/1702 
f 2991/203 3974/1199 3660/844 4402/1671 
f 2992/202 4403/1672 3660/844 3974/1199 
f 3201/382 4430/1702 3660/844 4403/1672 
f 3199/380 4401/1670 3661/845 4431/1703 
f 2990/204 3972/1196 3661/845 4401/1670 
f 2991/203 4402/1671 3661/845 3972/1196 
f 3200/381 4431/1703 3661/845 4402/1671 
f 3198/379 4400/1669 3662/846 4432/1704 
f 2989/205 3970/1193 3662/846 4400/1669 
f 2990/204 4401/1670 3662/846 3970/1193 
f 3199/380 4432/1704 3662/846 4401/1670 
f 3197/377 4399/1667 3663/847 4433/1705 
f 2988/206 3967/1188 3663/847 4399/1667 
f 2989/205 4400/1669 3663/847 3967/1188 
f 3198/379 4433/1705 3663/847 4400/1669 
f 3196/376 4398/1666 3664/848 4434/1706 
f 2981/238 3968/1190 3664/848 4398/1666 
f 2988/237 4399/1668 3664/848 3968/1190 
f 3197/378 4434/1706 3664/848 4399/1668 
f 3195/375 4397/1665 3665/849 4435/1707 
f 2974/239 3955/1174 3665/849 4397/1665 
f 2981/238 4398/1666 3665/849 3955/1174 
f 3196/376 4435/1707 3665/849 4398/1666 
f 3194/374 4396/1664 3666/850 4436/1708 
f 2967/240 3942/1159 3666/850 4396/1664 
f 2974/239 4397/1665 3666/850 3942/1159 
f 3195/375 4436/1708 3666/850 4397/1665 
f 3193/373 4395/1663 3667/851 4437/1709 
f 2960/241 3929/1144 3667/851 4395/1663 
f 2967/240 4396/1664 3667/851 3929/1144 
f 3194/374 4437/1709 3667/851 4396/1664 
f 3214/398 4032/1269 3668/852 4438/1710 
f 2953/242 3911/1119 3668/852 4032/1269 
f 2960/241 4395/1663 3668/852 3911/1119 
f 3193/373 4438/1710 3668/852 4395/1663 
f 3093/255 4186/1436 3669/853 4206/1458 
f 3048/150 4063/1303 3669/853 4186/1436 
f 3047/149 4187/1437 3669/853 4063/1303 
f 3094/256 4206/1458 3669/853 4187/1437 
f 3093/255 4207/1459 3670/854 4186/1436 
f 3092/254 4185/1435 3670/854 4207/1459 
f 3049/151 4065/1305 3670/854 4185/1435 
f 3048/150 4186/1436 3670/854 4065/1305 
f 3157/331 4272/1530 3671/855 4338/1602 
f 3135/305 4294/1554 3671/855 4272/1530 
f 3134/304 4271/1529 3671/855 4294/1554 
f 3156/330 4338/1602 3671/855 4271/1529 
f 3136/306 4293/1553 3672/856 4273/1531 
f 3135/305 4272/1530 3672/856 4293/1553 
f 3157/331 4337/1601 3672/856 4272/1530 
f 3158/332 4273/1531 3672/856 4337/1601 
f 3168/344 4348/1612 3673/857 4283/1543 
f 3169/345 4439/1711 3673/857 4348/1612 
f 3147/319 4304/1564 3673/857 4439/1711 
f 3146/318 4283/1543 3673/857 4304/1564 
f 3169/345 4347/1611 3674/858 4439/1711 
f 3170/346 4284/1544 3674/858 4347/1611 
f 3148/320 4303/1563 3674/858 4284/1544 
f 3147/319 4439/1711 3674/858 4303/1563 
f 3084/244 4216/1468 3675/859 4177/1425 
f 3083/243 4440/1712 3675/859 4216/1468 
f 3058/227 4158/1406 3675/859 4440/1712 
f 3057/226 4177/1425 3675/859 4158/1406 
f 3083/243 4217/1469 3676/860 4440/1712 
f 3104/268 4197/1449 3676/860 4217/1469 
f 3059/228 4160/1408 3676/860 4197/1449 
f 3058/227 4440/1712 3676/860 4160/1408 
f 3137/307 4274/1532 3677/861 4445/1717 
f 3159/333 4446/1718 3677/861 4274/1532 
f 3240/424 4493/1765 3677/861 4446/1718 
f 3241/425 4445/1717 3677/861 4493/1765 
f 3159/333 4335/1599 3678/862 4446/1718 
f 3160/335 4447/1719 3678/862 4335/1599 
f 3239/423 4494/1766 3678/862 4447/1719 
f 3240/424 4446/1718 3678/862 4494/1766 
f 3160/335 4275/1533 3679/863 4447/1719 
f 3138/309 4448/1720 3679/863 4275/1533 
f 3242/426 4495/1767 3679/863 4448/1720 
f 3239/423 4447/1719 3679/863 4495/1767 
f 3138/309 4291/1551 3680/864 4448/1720 
f 3137/307 4445/1717 3680/864 4291/1551 
f 3241/425 4496/1768 3680/864 4445/1717 
f 3242/426 4448/1720 3680/864 4496/1768 
f 3167/343 4282/1542 3681/865 4453/1725 
f 3145/317 4454/1726 3681/865 4282/1542 
f 3225/409 4461/1733 3681/865 4454/1726 
f 3226/410 4453/1725 3681/865 4461/1733 
f 3145/317 4306/1566 3682/866 4454/1726 
f 3144/316 4455/1727 3682/866 4306/1566 
f 3224/408 4462/1734 3682/866 4455/1727 
f 3225/409 4454/1726 3682/866 4462/1734 
f 3144/316 4324/1587 3683/867 4455/1727 
f 3166/342 4456/1728 3683/867 4324/1587 
f 3223/407 4463/1735 3683/867 4456/1728 
f 3224/408 4455/1727 3683/867 4463/1735 
f 3166/342 4350/1614 3684/868 4456/1728 
f 3167/343 4453/1725 3684/868 4350/1614 
f 3226/410 4464/1736 3684/868 4453/1725 
f 3223/407 4456/1728 3684/868 4464/1736 
f 3225/409 4459/1731 3685/869 4461/1733 
f 3229/413 4469/1741 3685/869 4459/1731 
f 3230/414 4460/1732 3685/869 4469/1741 
f 3226/410 4461/1733 3685/869 4460/1732 
f 3224/408 4458/1730 3686/870 4462/1734 
f 3228/412 4470/1742 3686/870 4458/1730 
f 3229/413 4459/1731 3686/870 4470/1742 
f 3225/409 4462/1734 3686/870 4459/1731 
f 3223/407 4457/1729 3687/871 4463/1735 
f 3227/411 4471/1743 3687/871 4457/1729 
f 3228/412 4458/1730 3687/871 4471/1743 
f 3224/408 4463/1735 3687/871 4458/1730 
f 3226/410 4460/1732 3688/872 4464/1736 
f 3230/414 4472/1744 3688/872 4460/1732 
f 3227/411 4457/1729 3688/872 4472/1744 
f 3223/407 4464/1736 3688/872 4457/1729 
f 3229/413 4467/1739 3689/873 4469/1741 
f 3233/417 4477/1749 3689/873 4467/1739 
f 3234/418 4468/1740 3689/873 4477/1749 
f 3230/414 4469/1741 3689/873 4468/1740 
f 3228/412 4466/1738 3690/874 4470/1742 
f 3232/416 4478/1750 3690/874 4466/1738 
f 3233/417 4467/1739 3690/874 4478/1750 
f 3229/413 4470/1742 3690/874 4467/1739 
f 3227/411 4465/1737 3691/875 4471/1743 
f 3231/415 4479/1751 3691/875 4465/1737 
f 3232/416 4466/1738 3691/875 4479/1751 
f 3228/412 4471/1743 3691/875 4466/1738 
f 3230/414 4468/1740 3692/876 4472/1744 
f 3234/418 4480/1752 3692/876 4468/1740 
f 3231/415 4465/1737 3692/876 4480/1752 
f 3227/411 4472/1744 3692/876 4465/1737 
f 3233/417 4475/1747 3693/877 4477/1749 
f 3237/421 4485/1757 3693/877 4475/1747 
f 3238/422 4476/1748 3693/877 4485/1757 
f 3234/418 4477/1749 3693/877 4476/1748 
f 3232/416 4474/1746 3694/878 4478/1750 
f 3236/420 4486/1758 3694/878 4474/1746 
f 3237/421 4475/1747 3694/878 4486/1758 
f 3233/417 4478/1750 3694/878 4475/1747 
f 3231/415 4473/1745 3695/879 4479/1751 
f 3235/419 4487/1759 3695/879 4473/1745 
f 3236/420 4474/1746 3695/879 4487/1759 
f 3232/416 4479/1751 3695/879 4474/1746 
f 3234/418 4476/1748 3696/880 4480/1752 
f 3238/422 4488/1760 3696/880 4476/1748 
f 3235/419 4473/1745 3696/880 4488/1760 
f 3231/415 4480/1752 3696/880 4473/1745 
f 3237/421 4483/1755 3697/881 4485/1757 
f 3220/404 4449/1721 3697/881 4483/1755 
f 3219/403 4484/1756 3697/881 4449/1721 
f 3238/422 4485/1757 3697/881 4484/1756 
f 3236/420 4482/1754 3698/882 4486/1758 
f 3221/405 4450/1722 3698/882 4482/1754 
f 3220/404 4483/1755 3698/882 4450/1722 
f 3237/421 4486/1758 3698/882 4483/1755 
f 3235/419 4481/1753 3699/883 4487/1759 
f 3222/406 4451/1723 3699/883 4481/1753 
f 3221/405 4482/1754 3699/883 4451/1723 
f 3236/420 4487/1759 3699/883 4482/1754 
f 3238/422 4484/1756 3700/884 4488/1760 
f 3219/403 4452/1724 3700/884 4484/1756 
f 3222/406 4481/1753 3700/884 4452/1724 
f 3235/419 4488/1760 3700/884 4481/1753 
f 3240/424 4490/1762 3701/885 4493/1765 
f 3244/428 4501/1773 3701/885 4490/1762 
f 3245/429 4491/1763 3701/885 4501/1773 
f 3241/425 4493/1765 3701/885 4491/1763 
f 3239/423 4489/1761 3702/886 4494/1766 
f 3243/427 4502/1774 3702/886 4489/1761 
f 3244/428 4490/1762 3702/886 4502/1774 
f 3240/424 4494/1766 3702/886 4490/1762 
f 3242/426 4492/1764 3703/887 4495/1767 
f 3246/430 4503/1775 3703/887 4492/1764 
f 3243/427 4489/1761 3703/887 4503/1775 
f 3239/423 4495/1767 3703/887 4489/1761 
f 3241/425 4491/1763 3704/888 4496/1768 
f 3245/429 4504/1776 3704/888 4491/1763 
f 3246/430 4492/1764 3704/888 4504/1776 
f 3242/426 4496/1768 3704/888 4492/1764 
f 3244/428 4498/1770 3705/889 4501/1773 
f 3248/432 4509/1781 3705/889 4498/1770 
f 3249/433 4499/1771 3705/889 4509/1781 
f 3245/429 4501/1773 3705/889 4499/1771 
f 3243/427 4497/1769 3706/890 4502/1774 
f 3247/431 4510/1782 3706/890 4497/1769 
f 3248/432 4498/1770 3706/890 4510/1782 
f 3244/428 4502/1774 3706/890 4498/1770 
f 3246/430 4500/1772 3707/891 4503/1775 
f 3250/434 4511/1783 3707/891 4500/1772 
f 3247/431 4497/1769 3707/891 4511/1783 
f 3243/427 4503/1775 3707/891 4497/1769 
f 3245/429 4499/1771 3708/892 4504/1776 
f 3249/433 4512/1784 3708/892 4499/1771 
f 3250/434 4500/1772 3708/892 4512/1784 
f 3246/430 4504/1776 3708/892 4500/1772 
f 3248/432 4506/1778 3709/893 4509/1781 
f 3252/436 4517/1789 3709/893 4506/1778 
f 3253/437 4507/1779 3709/893 4517/1789 
f 3249/433 4509/1781 3709/893 4507/1779 
f 3247/431 4505/1777 3710/894 4510/1782 
f 3251/435 4518/1790 3710/894 4505/1777 
f 3252/436 4506/1778 3710/894 4518/1790 
f 3248/432 4510/1782 3710/894 4506/1778 
f 3250/434 4508/1780 3711/895 4511/1783 
f 3254/438 4519/1791 3711/895 4508/1780 
f 3251/435 4505/1777 3711/895 4519/1791 
f 3247/431 4511/1783 3711/895 4505/1777 
f 3249/433 4507/1779 3712/896 4512/1784 
f 3253/437 4520/1792 3712/896 4507/1779 
f 3254/438 4508/1780 3712/896 4520/1792 
f 3250/434 4512/1784 3712/896 4508/1780 
f 3252/436 4514/1786 3713/897 4517/1789 
f 3216/400 4441/1713 3713/897 4514/1786 
f 3215/399 4515/1787 3713/897 4441/1713 
f 3253/437 4517/1789 3713/897 4515/1787 
f 3251/435 4513/1785 3714/898 4518/1790 
f 3217/401 4442/1714 3714/898 4513/1785 
f 3216/400 4514/1786 3714/898 4442/1714 
f 3252/436 4518/1790 3714/898 4514/1786 
f 3254/438 4516/1788 3715/899 4519/1791 
f 3218/402 4443/1715 3715/899 4516/1788 
f 3217/401 4513/1785 3715/899 4443/1715 
f 3251/435 4519/1791 3715/899 4513/1785 
f 3253/437 4515/1787 3716/900 4520/1792 
f 3215/399 4444/1716 3716/900 4515/1787 
f 3218/402 4516/1788 3716/900 4444/1716 
f 3254/438 4520/1792 3716/900 4516/1788 
f 3132/301 4269/1526 3717/901 4525/1797 
f 3154/327 4526/1798 3717/901 4269/1526 
f 3276/460 4565/1837 3717/901 4526/1798 
f 3277/461 4525/1797 3717/901 4565/1837 
f 3154/327 4340/1604 3718/902 4526/1798 
f 3155/329 4527/1799 3718/902 4340/1604 
f 3275/459 4566/1838 3718/902 4527/1799 
f 3276/460 4526/1798 3718/902 4566/1838 
f 3155/329 4270/1527 3719/903 4527/1799 
f 3133/303 4528/1800 3719/903 4270/1527 
f 3278/462 4567/1839 3719/903 4528/1800 
f 3275/459 4527/1799 3719/903 4567/1839 
f 3133/303 4296/1556 3720/904 4528/1800 
f 3132/301 4525/1797 3720/904 4296/1556 
f 3277/461 4568/1840 3720/904 4525/1797 
f 3278/462 4528/1800 3720/904 4568/1840 
f 3127/295 4264/1520 3721/905 4533/1805 
f 3149/321 4534/1806 3721/905 4264/1520 
f 3280/464 4573/1845 3721/905 4534/1806 
f 3281/465 4533/1805 3721/905 4573/1845 
f 3149/321 4345/1609 3722/906 4534/1806 
f 3150/323 4535/1807 3722/906 4345/1609 
f 3279/463 4574/1846 3722/906 4535/1807 
f 3280/464 4534/1806 3722/906 4574/1846 
f 3150/323 4265/1522 3723/907 4535/1807 
f 3128/297 4536/1808 3723/907 4265/1522 
f 3282/466 4575/1847 3723/907 4536/1808 
f 3279/463 4535/1807 3723/907 4575/1847 
f 3128/297 4301/1561 3724/908 4536/1808 
f 3127/295 4533/1805 3724/908 4301/1561 
f 3281/465 4576/1848 3724/908 4533/1805 
f 3282/466 4536/1808 3724/908 4576/1848 
f 3264/448 4538/1810 3725/909 4541/1813 
f 3256/440 4521/1793 3725/909 4538/1810 
f 3255/439 4539/1811 3725/909 4521/1793 
f 3265/449 4541/1813 3725/909 4539/1811 
f 3263/447 4537/1809 3726/910 4542/1814 
f 3257/441 4522/1794 3726/910 4537/1809 
f 3256/440 4538/1810 3726/910 4522/1794 
f 3264/448 4542/1814 3726/910 4538/1810 
f 3266/450 4540/1812 3727/911 4543/1815 
f 3258/442 4523/1795 3727/911 4540/1812 
f 3257/441 4537/1809 3727/911 4523/1795 
f 3263/447 4543/1815 3727/911 4537/1809 
f 3265/449 4539/1811 3728/912 4544/1816 
f 3255/439 4524/1796 3728/912 4539/1811 
f 3258/442 4540/1812 3728/912 4524/1796 
f 3266/450 4544/1816 3728/912 4540/1812 
f 3268/452 4546/1818 3729/913 4549/1821 
f 3264/448 4541/1813 3729/913 4546/1818 
f 3265/449 4547/1819 3729/913 4541/1813 
f 3269/453 4549/1821 3729/913 4547/1819 
f 3267/451 4545/1817 3730/914 4550/1822 
f 3263/447 4542/1814 3730/914 4545/1817 
f 3264/448 4546/1818 3730/914 4542/1814 
f 3268/452 4550/1822 3730/914 4546/1818 
f 3270/454 4548/1820 3731/915 4551/1823 
f 3266/450 4543/1815 3731/915 4548/1820 
f 3263/447 4545/1817 3731/915 4543/1815 
f 3267/451 4551/1823 3731/915 4545/1817 
f 3269/453 4547/1819 3732/916 4552/1824 
f 3265/449 4544/1816 3732/916 4547/1819 
f 3266/450 4548/1820 3732/916 4544/1816 
f 3270/454 4552/1824 3732/916 4548/1820 
f 3272/456 4554/1826 3733/917 4557/1829 
f 3268/452 4549/1821 3733/917 4554/1826 
f 3269/453 4555/1827 3733/917 4549/1821 
f 3273/457 4557/1829 3733/917 4555/1827 
f 3271/455 4553/1825 3734/918 4558/1830 
f 3267/451 4550/1822 3734/918 4553/1825 
f 3268/452 4554/1826 3734/918 4550/1822 
f 3272/456 4558/1830 3734/918 4554/1826 
f 3274/458 4556/1828 3735/919 4559/1831 
f 3270/454 4551/1823 3735/919 4556/1828 
f 3267/451 4553/1825 3735/919 4551/1823 
f 3271/455 4559/1831 3735/919 4553/1825 
f 3273/457 4555/1827 3736/920 4560/1832 
f 3269/453 4552/1824 3736/920 4555/1827 
f 3270/454 4556/1828 3736/920 4552/1824 
f 3274/458 4560/1832 3736/920 4556/1828 
f 3276/460 4562/1834 3737/921 4565/1837 
f 3272/456 4557/1829 3737/921 4562/1834 
f 3273/457 4563/1835 3737/921 4557/1829 
f 3277/461 4565/1837 3737/921 4563/1835 
f 3275/459 4561/1833 3738/922 4566/1838 
f 3271/455 4558/1830 3738/922 4561/1833 
f 3272/456 4562/1834 3738/922 4558/1830 
f 3276/460 4566/1838 3738/922 4562/1834 
f 3278/462 4564/1836 3739/923 4567/1839 
f 3274/458 4559/1831 3739/923 4564/1836 
f 3271/455 4561/1833 3739/923 4559/1831 
f 3275/459 4567/1839 3739/923 4561/1833 
f 3277/461 4563/1835 3740/924 4568/1840 
f 3273/457 4560/1832 3740/924 4563/1835 
f 3274/458 4564/1836 3740/924 4560/1832 
f 3278/462 4568/1840 3740/924 4564/1836 
f 3280/464 4570/1842 3741/925 4573/1845 
f 3284/468 4581/1853 3741/925 4570/1842 
f 3285/469 4571/1843 3741/925 4581/1853 
f 3281/465 4573/1845 3741/925 4571/1843 
f 3279/463 4569/1841 3742/926 4574/1846 
f 3283/467 4582/1854 3742/926 4569/1841 
f 3284/468 4570/1842 3742/926 4582/1854 
f 3280/464 4574/1846 3742/926 4570/1842 
f 3282/466 4572/1844 3743/927 4575/1847 
f 3286/470 4583/1855 3743/927 4572/1844 
f 3283/467 4569/1841 3743/927 4583/1855 
f 3279/463 4575/1847 3743/927 4569/1841 
f 3281/465 4571/1843 3744/928 4576/1848 
f 3285/469 4584/1856 3744/928 4571/1843 
f 3286/470 4572/1844 3744/928 4584/1856 
f 3282/466 4576/1848 3744/928 4572/1844 
f 3284/468 4578/1850 3745/929 4581/1853 
f 3288/472 4589/1861 3745/929 4578/1850 
f 3289/473 4579/1851 3745/929 4589/1861 
f 3285/469 4581/1853 3745/929 4579/1851 
f 3283/467 4577/1849 3746/930 4582/1854 
f 3287/471 4590/1862 3746/930 4577/1849 
f 3288/472 4578/1850 3746/930 4590/1862 
f 3284/468 4582/1854 3746/930 4578/1850 
f 3286/470 4580/1852 3747/931 4583/1855 
f 3290/474 4591/1863 3747/931 4580/1852 
f 3287/471 4577/1849 3747/931 4591/1863 
f 3283/467 4583/1855 3747/931 4577/1849 
f 3285/469 4579/1851 3748/932 4584/1856 
f 3289/473 4592/1864 3748/932 4579/1851 
f 3290/474 4580/1852 3748/932 4592/1864 
f 3286/470 4584/1856 3748/932 4580/1852 
f 3288/472 4586/1858 3749/933 4589/1861 
f 3292/476 4597/1869 3749/933 4586/1858 
f 3293/477 4587/1859 3749/933 4597/1869 
f 3289/473 4589/1861 3749/933 4587/1859 
f 3287/471 4585/1857 3750/934 4590/1862 
f 3291/475 4598/1870 3750/934 4585/1857 
f 3292/476 4586/1858 3750/934 4598/1870 
f 3288/472 4590/1862 3750/934 4586/1858 
f 3290/474 4588/1860 3751/935 4591/1863 
f 3294/478 4599/1871 3751/935 4588/1860 
f 3291/475 4585/1857 3751/935 4599/1871 
f 3287/471 4591/1863 3751/935 4585/1857 
f 3289/473 4587/1859 3752/936 4592/1864 
f 3293/477 4600/1872 3752/936 4587/1859 
f 3294/478 4588/1860 3752/936 4600/1872 
f 3290/474 4592/1864 3752/936 4588/1860 
f 3292/476 4594/1866 3753/937 4597/1869 
f 3260/444 4529/1801 3753/937 4594/1866 
f 3259/443 4595/1867 3753/937 4529/1801 
f 3293/477 4597/1869 3753/937 4595/1867 
f 3291/475 4593/1865 3754/938 4598/1870 
f 3261/445 4530/1802 3754/938 4593/1865 
f 3260/444 4594/1866 3754/938 4530/1802 
f 3292/476 4598/1870 3754/938 4594/1866 
f 3294/478 4596/1868 3755/939 4599/1871 
f 3262/446 4531/1803 3755/939 4596/1868 
f 3261/445 4593/1865 3755/939 4531/1803 
f 3291/475 4599/1871 3755/939 4593/1865 
f 3293/477 4595/1867 3756/940 4600/1872 
f 3259/443 4532/1804 3756/940 4595/1867 
f 3262/446 4596/1868 3756/940 4532/1804 
f 3294/478 4600/1872 3756/940 4596/1868 
f 3056/192 4118/1364 3757/941 4605/1877 
f 3055/191 4606/1878 3757/941 4118/1364 
f 3303/487 4621/1893 3757/941 4606/1878 
f 3304/488 4605/1877 3757/941 4621/1893 
f 3055/191 4179/1428 3758/942 4606/1878 
f 3086/247 4607/1879 3758/942 4179/1428 
f 3306/490 4622/1894 3758/942 4607/1879 
f 3303/487 4606/1878 3758/942 4622/1894 
f 3086/247 4214/1466 3759/943 4607/1879 
f 3085/245 4608/1880 3759/943 4214/1466 
f 3305/489 4623/1895 3759/943 4608/1880 
f 3306/490 4607/1879 3759/943 4623/1895 
f 3085/245 4178/1426 3760/944 4608/1880 
f 3056/192 4605/1877 3760/944 4178/1426 
f 3304/488 4624/1896 3760/944 4605/1877 
f 3305/489 4608/1880 3760/944 4624/1896 
f 3102/266 4007/1239 3761/945 4613/1885 
f 3039/230 4614/1886 3761/945 4007/1239 
f 3315/499 4645/1917 3761/945 4614/1886 
f 3316/500 4613/1885 3761/945 4645/1917 
f 3039/230 4163/1411 3762/946 4614/1886 
f 3060/229 4615/1887 3762/946 4163/1411 
f 3318/502 4646/1918 3762/946 4615/1887 
f 3315/499 4614/1886 3762/946 4646/1918 
f 3060/229 4196/1448 3763/947 4615/1887 
f 3103/267 4616/1888 3763/947 4196/1448 
f 3317/501 4647/1919 3763/947 4616/1888 
f 3318/502 4615/1887 3763/947 4647/1919 
f 3103/267 4219/1471 3764/948 4616/1888 
f 3102/266 4613/1885 3764/948 4219/1471 
f 3316/500 4648/1920 3764/948 4613/1885 
f 3317/501 4616/1888 3764/948 4648/1920 
f 3303/487 4617/1889 3765/949 4621/1893 
f 3307/491 4629/1901 3765/949 4617/1889 
f 3308/492 4618/1890 3765/949 4629/1901 
f 3304/488 4621/1893 3765/949 4618/1890 
f 3306/490 4620/1892 3766/950 4622/1894 
f 3310/494 4630/1902 3766/950 4620/1892 
f 3307/491 4617/1889 3766/950 4630/1902 
f 3303/487 4622/1894 3766/950 4617/1889 
f 3305/489 4619/1891 3767/951 4623/1895 
f 3309/493 4631/1903 3767/951 4619/1891 
f 3310/494 4620/1892 3767/951 4631/1903 
f 3306/490 4623/1895 3767/951 4620/1892 
f 3304/488 4618/1890 3768/952 4624/1896 
f 3308/492 4632/1904 3768/952 4618/1890 
f 3309/493 4619/1891 3768/952 4632/1904 
f 3305/489 4624/1896 3768/952 4619/1891 
f 3307/491 4625/1897 3769/953 4629/1901 
f 3311/495 4637/1909 3769/953 4625/1897 
f 3312/496 4626/1898 3769/953 4637/1909 
f 3308/492 4629/1901 3769/953 4626/1898 
f 3310/494 4628/1900 3770/954 4630/1902 
f 3314/498 4638/1910 3770/954 4628/1900 
f 3311/495 4625/1897 3770/954 4638/1910 
f 3307/491 4630/1902 3770/954 4625/1897 
f 3309/493 4627/1899 3771/955 4631/1903 
f 3313/497 4639/1911 3771/955 4627/1899 
f 3314/498 4628/1900 3771/955 4639/1911 
f 3310/494 4631/1903 3771/955 4628/1900 
f 3308/492 4626/1898 3772/956 4632/1904 
f 3312/496 4640/1912 3772/956 4626/1898 
f 3313/497 4627/1899 3772/956 4640/1912 
f 3309/493 4632/1904 3772/956 4627/1899 
f 3311/495 4633/1905 3773/957 4637/1909 
f 3334/518 4677/1949 3773/957 4633/1905 
f 3331/515 4634/1906 3773/957 4677/1949 
f 3312/496 4637/1909 3773/957 4634/1906 
f 3314/498 4636/1908 3774/958 4638/1910 
f 3333/517 4678/1950 3774/958 4636/1908 
f 3334/518 4633/1905 3774/958 4678/1950 
f 3311/495 4638/1910 3774/958 4633/1905 
f 3313/497 4635/1907 3775/959 4639/1911 
f 3332/516 4679/1951 3775/959 4635/1907 
f 3333/517 4636/1908 3775/959 4679/1951 
f 3314/498 4639/1911 3775/959 4636/1908 
f 3312/496 4634/1906 3776/960 4640/1912 
f 3331/515 4680/1952 3776/960 4634/1906 
f 3332/516 4635/1907 3776/960 4680/1952 
f 3313/497 4640/1912 3776/960 4635/1907 
f 3315/499 4641/1913 3777/961 4645/1917 
f 3319/503 4653/1925 3777/961 4641/1913 
f 3320/504 4642/1914 3777/961 4653/1925 
f 3316/500 4645/1917 3777/961 4642/1914 
f 3318/502 4644/1916 3778/962 4646/1918 
f 3322/506 4654/1926 3778/962 4644/1916 
f 3319/503 4641/1913 3778/962 4654/1926 
f 3315/499 4646/1918 3778/962 4641/1913 
f 3317/501 4643/1915 3779/963 4647/1919 
f 3321/505 4655/1927 3779/963 4643/1915 
f 3322/506 4644/1916 3779/963 4655/1927 
f 3318/502 4647/1919 3779/963 4644/1916 
f 3316/500 4642/1914 3780/964 4648/1920 
f 3320/504 4656/1928 3780/964 4642/1914 
f 3321/505 4643/1915 3780/964 4656/1928 
f 3317/501 4648/1920 3780/964 4643/1915 
f 3319/503 4649/1921 3781/965 4653/1925 
f 3323/507 4661/1933 3781/965 4649/1921 
f 3324/508 4650/1922 3781/965 4661/1933 
f 3320/504 4653/1925 3781/965 4650/1922 
f 3322/506 4652/1924 3782/966 4654/1926 
f 3326/510 4662/1934 3782/966 4652/1924 
f 3323/507 4649/1921 3782/966 4662/1934 
f 3319/503 4654/1926 3782/966 4649/1921 
f 3321/505 4651/1923 3783/967 4655/1927 
f 3325/509 4663/1935 3783/967 4651/1923 
f 3326/510 4652/1924 3783/967 4663/1935 
f 3322/506 4655/1927 3783/967 4652/1924 
f 3320/504 4650/1922 3784/968 4656/1928 
f 3324/508 4664/1936 3784/968 4650/1922 
f 3325/509 4651/1923 3784/968 4664/1936 
f 3321/505 4656/1928 3784/968 4651/1923 
f 3323/507 4657/1929 3785/969 4661/1933 
f 3327/511 4669/1941 3785/969 4657/1929 
f 3328/512 4658/1930 3785/969 4669/1941 
f 3324/508 4661/1933 3785/969 4658/1930 
f 3326/510 4660/1932 3786/970 4662/1934 
f 3330/514 4670/1942 3786/970 4660/1932 
f 3327/511 4657/1929 3786/970 4670/1942 
f 3323/507 4662/1934 3786/970 4657/1929 
f 3325/509 4659/1931 3787/971 4663/1935 
f 3329/513 4671/1943 3787/971 4659/1931 
f 3330/514 4660/1932 3787/971 4671/1943 
f 3326/510 4663/1935 3787/971 4660/1932 
f 3324/508 4658/1930 3788/972 4664/1936 
f 3328/512 4672/1944 3788/972 4658/1930 
f 3329/513 4659/1931 3788/972 4672/1944 
f 3325/509 4664/1936 3788/972 4659/1931 
f 3327/511 4665/1937 3789/973 4669/1941 
f 3300/484 4609/1881 3789/973 4665/1937 
f 3299/483 4666/1938 3789/973 4609/1881 
f 3328/512 4669/1941 3789/973 4666/1938 
f 3330/514 4668/1940 3790/974 4670/1942 
f 3301/485 4610/1882 3790/974 4668/1940 
f 3300/484 4665/1937 3790/974 4610/1882 
f 3327/511 4670/1942 3790/974 4665/1937 
f 3329/513 4667/1939 3791/975 4671/1943 
f 3302/486 4611/1883 3791/975 4667/1939 
f 3301/485 4668/1940 3791/975 4611/1883 
f 3330/514 4671/1943 3791/975 4668/1940 
f 3328/512 4666/1938 3792/976 4672/1944 
f 3299/483 4612/1884 3792/976 4666/1938 
f 3302/486 4667/1939 3792/976 4612/1884 
f 3329/513 4672/1944 3792/976 4667/1939 
f 3334/518 4676/1948 3793/977 4677/1949 
f 3296/480 4601/1873 3793/977 4676/1948 
f 3295/479 4673/1945 3793/977 4601/1873 
f 3331/515 4677/1949 3793/977 4673/1945 
f 3333/517 4675/1947 3794/978 4678/1950 
f 3297/481 4602/1874 3794/978 4675/1947 
f 3296/480 4676/1948 3794/978 4602/1874 
f 3334/518 4678/1950 3794/978 4676/1948 
f 3332/516 4674/1946 3795/979 4679/1951 
f 3298/482 4603/1875 3795/979 4674/1946 
f 3297/481 4675/1947 3795/979 4603/1875 
f 3333/517 4679/1951 3795/979 4675/1947 
f 3331/515 4673/1945 3796/980 4680/1952 
f 3295/479 4604/1876 3796/980 4673/1945 
f 3298/482 4674/1946 3796/980 4604/1876 
f 3332/516 4680/1952 3796/980 4674/1946 
f 3051/187 4108/1353 3797/981 4685/1957 
f 3050/186 4686/1958 3797/981 4108/1353 
f 3343/527 4701/1973 3797/981 4686/1958 
f 3344/528 4685/1957 3797/981 4701/1973 
f 3050/186 4184/1433 3798/982 4686/1958 
f 3091/253 4687/1959 3798/982 4184/1433 
f 3346/530 4702/1974 3798/982 4687/1959 
f 3343/527 4686/1958 3798/982 4702/1974 
f 3091/253 4209/1461 3799/983 4687/1959 
f 3090/251 4688/1960 3799/983 4209/1461 
f 3345/529 4703/1975 3799/983 4688/1960 
f 3346/530 4687/1959 3799/983 4703/1975 
f 3090/251 4183/1432 3800/984 4688/1960 
f 3051/187 4685/1957 3800/984 4183/1432 
f 3344/528 4704/1976 3800/984 4685/1957 
f 3345/529 4688/1960 3800/984 4704/1976 
f 3046/148 4059/1299 3801/985 4693/1965 
f 3045/147 4694/1966 3801/985 4059/1299 
f 3359/543 4733/2005 3801/985 4694/1966 
f 3360/544 4693/1965 3801/985 4733/2005 
f 3045/147 4189/1439 3802/986 4694/1966 
f 3096/259 4695/1967 3802/986 4189/1439 
f 3362/546 4734/2006 3802/986 4695/1967 
f 3359/543 4694/1966 3802/986 4734/2006 
f 3096/259 4204/1456 3803/987 4695/1967 
f 3095/257 4696/1968 3803/987 4204/1456 
f 3361/545 4735/2007 3803/987 4696/1968 
f 3362/546 4695/1967 3803/987 4735/2007 
f 3095/257 4188/1438 3804/988 4696/1968 
f 3046/148 4693/1965 3804/988 4188/1438 
f 3360/544 4736/2008 3804/988 4693/1965 
f 3361/545 4696/1968 3804/988 4736/2008 
f 3343/527 4697/1969 3805/989 4701/1973 
f 3347/531 4709/1981 3805/989 4697/1969 
f 3348/532 4698/1970 3805/989 4709/1981 
f 3344/528 4701/1973 3805/989 4698/1970 
f 3346/530 4700/1972 3806/990 4702/1974 
f 3350/534 4710/1982 3806/990 4700/1972 
f 3347/531 4697/1969 3806/990 4710/1982 
f 3343/527 4702/1974 3806/990 4697/1969 
f 3345/529 4699/1971 3807/991 4703/1975 
f 3349/533 4711/1983 3807/991 4699/1971 
f 3350/534 4700/1972 3807/991 4711/1983 
f 3346/530 4703/1975 3807/991 4700/1972 
f 3344/528 4698/1970 3808/992 4704/1976 
f 3348/532 4712/1984 3808/992 4698/1970 
f 3349/533 4699/1971 3808/992 4712/1984 
f 3345/529 4704/1976 3808/992 4699/1971 
f 3347/531 4705/1977 3809/993 4709/1981 
f 3354/538 4717/1989 3809/993 4705/1977 
f 3351/535 4706/1978 3809/993 4717/1989 
f 3348/532 4709/1981 3809/993 4706/1978 
f 3350/534 4708/1980 3810/994 4710/1982 
f 3353/537 4718/1990 3810/994 4708/1980 
f 3354/538 4705/1977 3810/994 4718/1990 
f 3347/531 4710/1982 3810/994 4705/1977 
f 3349/533 4707/1979 3811/995 4711/1983 
f 3352/536 4719/1991 3811/995 4707/1979 
f 3353/537 4708/1980 3811/995 4719/1991 
f 3350/534 4711/1983 3811/995 4708/1980 
f 3348/532 4706/1978 3812/996 4712/1984 
f 3351/535 4720/1992 3812/996 4706/1978 
f 3352/536 4707/1979 3812/996 4720/1992 
f 3349/533 4712/1984 3812/996 4707/1979 
f 3354/538 4716/1988 3813/997 4717/1989 
f 3355/539 4725/1997 3813/997 4716/1988 
f 3356/540 4713/1985 3813/997 4725/1997 
f 3351/535 4717/1989 3813/997 4713/1985 
f 3353/537 4715/1987 3814/998 4718/1990 
f 3358/542 4726/1998 3814/998 4715/1987 
f 3355/539 4716/1988 3814/998 4726/1998 
f 3354/538 4718/1990 3814/998 4716/1988 
f 3352/536 4714/1986 3815/999 4719/1991 
f 3357/541 4727/1999 3815/999 4714/1986 
f 3358/542 4715/1987 3815/999 4727/1999 
f 3353/537 4719/1991 3815/999 4715/1987 
f 3351/535 4713/1985 3816/1000 4720/1992 
f 3356/540 4728/2000 3816/1000 4713/1985 
f 3357/541 4714/1986 3816/1000 4728/2000 
f 3352/536 4720/1992 3816/1000 4714/1986 
f 3355/539 4721/1993 3817/1001 4725/1997 
f 3336/520 4681/1953 3817/1001 4721/1993 
f 3335/519 4722/1994 3817/1001 4681/1953 
f 3356/540 4725/1997 3817/1001 4722/1994 
f 3358/542 4724/1996 3818/1002 4726/1998 
f 3337/521 4682/1954 3818/1002 4724/1996 
f 3336/520 4721/1993 3818/1002 4682/1954 
f 3355/539 4726/1998 3818/1002 4721/1993 
f 3357/541 4723/1995 3819/1003 4727/1999 
f 3338/522 4683/1955 3819/1003 4723/1995 
f 3337/521 4724/1996 3819/1003 4683/1955 
f 3358/542 4727/1999 3819/1003 4724/1996 
f 3356/540 4722/1994 3820/1004 4728/2000 
f 3335/519 4684/1956 3820/1004 4722/1994 
f 3338/522 4723/1995 3820/1004 4684/1956 
f 3357/541 4728/2000 3820/1004 4723/1995 
f 3359/543 4729/2001 3821/1005 4733/2005 
f 3363/547 4741/2013 3821/1005 4729/2001 
f 3364/548 4730/2002 3821/1005 4741/2013 
f 3360/544 4733/2005 3821/1005 4730/2002 
f 3362/546 4732/2004 3822/1006 4734/2006 
f 3366/550 4742/2014 3822/1006 4732/2004 
f 3363/547 4729/2001 3822/1006 4742/2014 
f 3359/543 4734/2006 3822/1006 4729/2001 
f 3361/545 4731/2003 3823/1007 4735/2007 
f 3365/549 4743/2015 3823/1007 4731/2003 
f 3366/550 4732/2004 3823/1007 4743/2015 
f 3362/546 4735/2007 3823/1007 4732/2004 
f 3360/544 4730/2002 3824/1008 4736/2008 
f 3364/548 4744/2016 3824/1008 4730/2002 
f 3365/549 4731/2003 3824/1008 4744/2016 
f 3361/545 4736/2008 3824/1008 4731/2003 
f 3363/547 4737/2009 3825/1009 4741/2013 
f 3367/551 4749/2021 3825/1009 4737/2009 
f 3368/552 4738/2010 3825/1009 4749/2021 
f 3364/548 4741/2013 3825/1009 4738/2010 
f 3366/550 4740/2012 3826/1010 4742/2014 
f 3370/554 4750/2022 3826/1010 4740/2012 
f 3367/551 4737/2009 3826/1010 4750/2022 
f 3363/547 4742/2014 3826/1010 4737/2009 
f 3365/549 4739/2011 3827/1011 4743/2015 
f 3369/553 4751/2023 3827/1011 4739/2011 
f 3370/554 4740/2012 3827/1011 4751/2023 
f 3366/550 4743/2015 3827/1011 4740/2012 
f 3364/548 4738/2010 3828/1012 4744/2016 
f 3368/552 4752/2024 3828/1012 4738/2010 
f 3369/553 4739/2011 3828/1012 4752/2024 
f 3365/549 4744/2016 3828/1012 4739/2011 
f 3367/551 4745/2017 3829/1013 4749/2021 
f 3371/555 4757/2029 3829/1013 4745/2017 
f 3372/556 4746/2018 3829/1013 4757/2029 
f 3368/552 4749/2021 3829/1013 4746/2018 
f 3370/554 4748/2020 3830/1014 4750/2022 
f 3374/558 4758/2030 3830/1014 4748/2020 
f 3371/555 4745/2017 3830/1014 4758/2030 
f 3367/551 4750/2022 3830/1014 4745/2017 
f 3369/553 4747/2019 3831/1015 4751/2023 
f 3373/557 4759/2031 3831/1015 4747/2019 
f 3374/558 4748/2020 3831/1015 4759/2031 
f 3370/554 4751/2023 3831/1015 4748/2020 
f 3368/552 4746/2018 3832/1016 4752/2024 
f 3372/556 4760/2032 3832/1016 4746/2018 
f 3373/557 4747/2019 3832/1016 4760/2032 
f 3369/553 4752/2024 3832/1016 4747/2019 
f 3371/555 4753/2025 3833/1017 4757/2029 
f 3340/524 4689/1961 3833/1017 4753/2025 
f 3339/523 4754/2026 3833/1017 4689/1961 
f 3372/556 4757/2029 3833/1017 4754/2026 
f 3374/558 4756/2028 3834/1018 4758/2030 
f 3341/525 4690/1962 3834/1018 4756/2028 
f 3340/524 4753/2025 3834/1018 4690/1962 
f 3371/555 4758/2030 3834/1018 4753/2025 
f 3373/557 4755/2027 3835/1019 4759/2031 
f 3342/526 4691/1963 3835/1019 4755/2027 
f 3341/525 4756/2028 3835/1019 4691/1963 
f 3374/558 4759/2031 3835/1019 4756/2028 
f 3372/556 4754/2026 3836/1020 4760/2032 
f 3339/523 4692/1964 3836/1020 4754/2026 
f 3342/526 4755/2027 3836/1020 4692/1964 
f 3373/557 4760/2032 3836/1020 4755/2027 
# 1848 polygons

#
# object DiskInnerHerniated
#

v  -22.773212 11.048413 -0.376222
v  -21.928337 11.297023 -0.289110
v  -22.019154 11.138783 -0.117247
v  -26.122940 9.976342 -7.555077
v  -22.530729 11.421356 -0.494145
v  -25.392040 9.942442 -8.540125
v  -25.984596 8.996858 -7.938796
v  -25.559217 8.997423 -8.092777
v  -22.787746 11.144279 -0.327430
v  -23.023235 10.990803 -0.574115
v  -22.926886 10.905234 -0.576430
v  -22.666708 11.035661 -0.331459
v  -22.636246 11.171844 -0.233112
v  -22.812563 10.838511 -0.577594
v  -21.904640 11.230018 -0.378141
v  -21.998522 11.276004 -0.419760
v  -21.992588 11.344944 -0.293784
v  -21.906385 11.285675 -0.218038
v  -21.850565 11.174890 -0.306785
v  -21.980453 11.362088 -0.190281
v  -22.003456 11.036551 -0.172800
v  -21.904678 11.066792 -0.188508
v  -21.962820 11.188842 -0.113400
v  -22.042431 11.255589 -0.080649
v  -22.088753 11.168660 -0.102426
v  -22.106955 11.039779 -0.172906
v  -25.554546 9.973384 -7.866367
v  -26.022665 9.950148 -8.332426
v  -26.682064 9.952436 -7.697136
v  -26.095009 9.987759 -7.000790
v  -25.253134 9.985955 -7.300051
v  -26.888498 9.957402 -6.761569
v  -22.619282 11.344912 -0.626417
v  -22.719162 11.392427 -0.574629
v  -22.562078 11.471383 -0.422464
v  -22.437141 11.411773 -0.474654
v  -22.507874 11.306503 -0.647814
v  -22.430099 11.480762 -0.360931
v  -25.328995 9.906741 -8.870640
v  -26.303455 9.908379 -8.643543
v  -24.904287 9.948180 -8.208532
v  -24.560394 9.908221 -8.493723
v  -25.300449 8.980489 -7.743335
v  -26.079195 8.980417 -7.463398
v  -26.827530 9.022943 -7.534440
v  -26.293459 9.030632 -8.305761
v  -25.443897 9.029878 -8.572348
v  -24.739658 9.015782 -8.209929
v  -25.398176 9.082324 -8.927490
v  -24.486311 9.059036 -8.508718
v  -23.974888 9.057150 -7.780916
v  -24.328941 9.015008 -7.580135
v  -25.076918 8.966181 -7.215497
v  -24.094870 9.011387 -6.930749
v  -24.854610 8.966578 -6.637898
v  -25.821938 8.966524 -6.213260
v  -26.045589 8.965127 -6.856745
v  -26.596693 9.014592 -5.810507
v  -26.897392 9.013031 -6.628773
v  -26.970556 9.061211 -5.589461
v  -27.332886 9.062223 -6.525648
v  -27.217243 9.078658 -7.646497
v  -26.490639 9.085113 -8.607092
v  -27.579384 9.127260 -6.472394
v  -27.437176 9.151725 -7.736156
v  -26.605309 9.159098 -8.817202
v  -25.366219 9.157730 -9.166626
v  -27.607735 9.249631 -7.811316
v  -26.690554 9.255595 -8.988827
v  -25.338093 9.257665 -9.361010
v  -24.209454 9.250369 -8.879320
v  -24.329256 9.138636 -8.719711
v  -26.750790 9.378976 -9.128517
v  -25.312708 9.393275 -9.519600
v  -24.119509 9.394781 -8.998110
v  -25.302299 9.603234 -9.510241
v  -24.136206 9.589685 -8.983198
v  -23.468365 9.576927 -8.097082
v  -23.439243 9.397394 -8.105072
v  -23.563190 9.241522 -8.028097
v  -23.097412 9.393183 -7.228016
v  -23.244099 9.235813 -7.191201
v  -23.451578 9.112879 -7.133702
v  -23.742062 9.123823 -7.914991
v  -23.714872 9.046696 -7.057259
v  -23.248217 9.117890 -6.409346
v  -23.516203 9.056920 -6.365232
v  -23.873812 9.026546 -6.289043
v  -23.276873 9.086655 -5.647143
v  -23.593033 9.052609 -5.596799
v  -24.134987 9.036552 -5.441155
v  -24.552227 8.992622 -6.059378
v  -24.894730 9.075592 -5.050130
v  -25.415333 9.011261 -5.612652
v  -25.413149 9.115535 -4.636690
v  -26.052294 9.057906 -5.161394
v  -25.635479 9.148438 -4.428286
v  -26.341938 9.094105 -4.927791
v  -25.783016 9.199221 -4.277056
v  -26.514822 9.152951 -4.766702
v  -27.181015 9.131045 -5.447846
v  -26.647669 9.256148 -4.634003
v  -27.340187 9.238808 -5.336374
v  -27.769728 9.227147 -6.431845
v  -27.460194 9.377921 -5.250968
v  -27.908789 9.368641 -6.406644
v  -27.735540 9.377119 -7.875462
v  -27.923449 9.592669 -6.423210
v  -27.733976 9.596852 -7.904892
v  -26.725496 9.605619 -9.146122
v  -27.554308 9.747033 -7.872314
v  -26.604017 9.745522 -8.998018
v  -25.305653 9.739501 -9.325493
v  -24.241035 9.731333 -8.852400
v  -26.469713 9.840779 -8.837938
v  -25.313250 9.837336 -9.121786
v  -24.371208 9.836745 -8.695389
v  -24.053322 9.907287 -7.794502
v  -23.802835 9.837656 -7.918138
v  -23.613964 9.726619 -8.020557
v  -23.505039 9.830961 -7.121817
v  -23.293179 9.716423 -7.180222
v  -23.127304 9.567957 -7.221778
v  -23.092583 9.704734 -6.418404
v  -22.919464 9.564680 -6.451117
v  -22.887035 9.393276 -6.460680
v  -22.732363 9.562695 -5.704382
v  -22.683105 9.402368 -5.716122
v  -22.806255 9.248555 -5.705026
v  -23.033499 9.237206 -6.441276
v  -23.019402 9.141724 -5.680001
v  -22.527037 9.290833 -4.933600
v  -22.737076 9.190375 -4.906498
v  -22.975071 9.124780 -4.874634
v  -22.418743 9.274107 -4.075415
v  -22.655365 9.212386 -4.045998
v  -22.913300 9.199705 -4.014616
v  -23.254507 9.097816 -4.830828
v  -23.253075 9.209520 -3.954111
v  -23.673223 9.105523 -4.732662
v  -23.765982 9.245728 -3.788704
v  -24.328718 9.150839 -4.452740
v  -24.160313 9.296537 -3.575810
v  -24.773581 9.198442 -4.132314
v  -24.371624 9.330376 -3.438025
v  -24.974199 9.228081 -3.958947
v  -24.531708 9.366434 -3.327273
v  -25.119530 9.267406 -3.824860
v  -24.673403 9.436126 -3.235591
v  -25.245993 9.344410 -3.709753
v  -25.908159 9.285992 -4.146642
v  -25.346968 9.450922 -3.622656
v  -26.001215 9.405388 -4.045901
v  -26.747099 9.389010 -4.529616
v  -26.016708 9.557506 -4.047856
v  -26.763554 9.564784 -4.523907
v  -27.477741 9.578668 -5.250096
v  -26.681196 9.710663 -4.638780
v  -27.359777 9.737329 -5.357648
v  -27.760256 9.759667 -6.485351
v  -27.203590 9.849063 -5.489919
v  -27.555929 9.863792 -6.557369
v  -27.348194 9.847245 -7.833466
v  -27.296410 9.923978 -6.640774
v  -27.082766 9.915882 -7.779747
v  -26.996344 9.919138 -5.654055
v  -26.657236 9.954391 -5.884078
v  -26.407768 9.882673 -4.958516
v  -26.157383 9.917103 -5.206051
v  -25.601084 9.959346 -5.650472
v  -25.929148 9.989660 -6.299631
v  -24.804075 9.961051 -6.033620
v  -25.045639 9.986443 -6.671216
v  -24.004698 9.896803 -6.244351
v  -24.202923 9.936538 -6.920712
v  -24.464563 9.947217 -7.604751
v  -23.771511 9.896529 -7.045498
v  -23.585855 9.854356 -6.326576
v  -23.315872 9.802658 -6.376651
v  -23.403206 9.822796 -5.604274
v  -23.141426 9.771873 -5.641996
v  -22.911367 9.690765 -5.676228
v  -22.932993 9.773605 -4.883638
v  -22.711576 9.682551 -4.911906
v  -22.516165 9.566367 -4.936324
v  -22.471954 9.731111 -4.113049
v  -22.269455 9.619279 -4.122610
v  -22.127686 9.494355 -4.124475
v  -22.412449 9.426445 -4.948598
v  -22.211361 9.370362 -4.104756
v  -21.899918 9.650912 -3.265227
v  -21.938793 9.529628 -3.233504
v  -22.133827 9.435985 -3.201942
v  -21.811563 9.804036 -2.404023
v  -21.979744 9.711849 -2.368050
v  -22.197813 9.672039 -2.352086
v  -22.370434 9.387034 -3.177375
v  -22.435263 9.671181 -2.347650
v  -22.620420 9.385022 -3.162410
v  -22.674261 9.679646 -2.339360
v  -22.909487 9.398886 -3.135608
v  -22.933256 9.697319 -2.316369
v  -23.279388 9.430143 -3.059691
v  -23.191044 9.728295 -2.272805
v  -23.611683 9.469832 -2.946638
v  -23.408953 9.774977 -2.222420
v  -23.840107 9.506406 -2.848284
v  -23.599630 9.832867 -2.180104
v  -24.015697 9.549682 -2.771236
v  -23.773811 9.898248 -2.154316
v  -24.175194 9.619101 -2.715119
v  -23.926371 9.985349 -2.150089
v  -24.312927 9.718954 -2.686147
v  -24.789524 9.541134 -3.174194
v  -24.394524 9.833287 -2.697985
v  -24.832386 9.666972 -3.186385
v  -25.369242 9.580677 -3.633562
v  -24.778646 9.779875 -3.279082
v  -25.308699 9.697625 -3.741115
v  -25.950026 9.688129 -4.160961
v  -25.218489 9.796120 -3.871465
v  -25.849800 9.783322 -4.306698
v  -26.562607 9.816446 -4.785541
v  -25.727364 9.844316 -4.472428
v  -25.101437 9.866093 -4.016711
v  -24.941341 9.911052 -4.180441
v  -25.544516 9.888657 -4.684607
v  -24.647223 9.947746 -4.394457
v  -25.142458 9.942245 -5.019787
v  -24.090443 9.941030 -4.648128
v  -24.471275 9.944870 -5.353208
v  -23.510548 9.878780 -4.798239
v  -23.770636 9.872058 -5.542443
v  -23.185230 9.831143 -4.850256
v  -23.246618 9.912391 -4.031167
v  -22.946285 9.869422 -4.072536
v  -22.696032 9.817859 -4.097101
v  -22.745085 9.978699 -3.296482
v  -22.499062 9.934608 -3.303704
v  -22.266113 9.869955 -3.302029
v  -22.381807 10.153440 -2.546240
v  -22.154963 10.105371 -2.529188
v  -21.951292 10.024305 -2.496662
v  -22.058205 9.769296 -3.287771
v  -21.796747 9.919765 -2.452149
v  -21.919737 10.342399 -1.798489
v  -21.786364 10.248569 -1.741755
v  -21.784344 10.138869 -1.680524
v  -21.804886 10.584308 -1.141150
v  -21.792772 10.485255 -1.075636
v  -21.896336 10.405961 -1.023622
v  -21.921883 10.053737 -1.636952
v  -22.051546 10.374594 -0.999249
v  -22.111633 10.019580 -1.619498
v  -22.223719 10.382454 -0.997813
v  -22.316257 10.020337 -1.617735
v  -22.393875 10.398829 -0.999863
v  -22.518372 10.029640 -1.616840
v  -22.561226 10.421209 -1.002883
v  -22.714884 10.049526 -1.616086
v  -22.720560 10.453897 -1.005785
v  -22.912432 10.083835 -1.610043
v  -22.875864 10.501430 -1.004689
v  -23.103168 10.134252 -1.599194
v  -23.031076 10.560050 -1.002184
v  -23.287130 10.192081 -1.585699
v  -23.179897 10.624894 -1.004756
v  -23.456274 10.252757 -1.578070
v  -23.313591 10.701838 -1.020633
v  -23.607182 10.329319 -1.587718
v  -23.428740 10.795897 -1.058054
v  -23.730806 10.423785 -1.622359
v  -24.037796 10.086391 -2.172139
v  -23.756882 10.517274 -1.687663
v  -24.029457 10.186828 -2.241758
v  -24.356884 9.941339 -2.775265
v  -23.910324 10.243174 -2.318647
v  -24.242453 10.010910 -2.870254
v  -24.680960 9.868574 -3.392059
v  -24.094669 10.040479 -2.957796
v  -24.551861 9.920872 -3.509715
v  -23.928297 10.058535 -3.042254
v  -24.391876 9.950985 -3.629428
v  -23.720808 10.073503 -3.128408
v  -24.155787 9.970484 -3.761304
v  -23.393385 10.063132 -3.218212
v  -23.717791 9.960677 -3.924356
v  -23.021862 10.019965 -3.275951
v  -23.136190 10.251467 -2.533000
v  -22.863462 10.223158 -2.554469
v  -22.616339 10.189300 -2.554775
v  -22.735531 10.499598 -1.887013
v  -22.525675 10.469172 -1.877635
v  -22.314550 10.440077 -1.861435
v  -22.426008 10.800804 -1.294107
v  -22.243750 10.766811 -1.273861
v  -22.065891 10.730700 -1.247252
v  -22.106043 10.405024 -1.838448
v  -21.912439 10.671794 -1.201888
v  -22.031689 11.005165 -0.818542
v  -21.900841 10.945726 -0.766470
v  -21.808804 10.861506 -0.699958
v  -21.894485 11.114843 -0.529051
v  -21.818680 11.041423 -0.456503
v  -21.798859 10.966159 -0.382680
v  -21.786844 10.770360 -0.630980
v  -21.873013 10.905452 -0.328451
v  -21.866533 10.696671 -0.576161
v  -21.992615 10.874477 -0.305965
v  -22.002998 10.666404 -0.554388
v  -22.121292 10.874367 -0.311336
v  -22.154135 10.668638 -0.559536
v  -22.244871 10.887399 -0.316065
v  -22.301342 10.680615 -0.569346
v  -22.361059 10.910635 -0.317126
v  -22.441563 10.700676 -0.576149
v  -22.469076 10.945162 -0.318021
v  -22.570883 10.732973 -0.579250
v  -22.569042 10.990901 -0.321855
v  -22.691486 10.779122 -0.579423
v  -22.416010 11.112912 -0.176243
v  -22.521366 11.149016 -0.195308
v  -22.387798 11.253466 -0.109449
v  -22.510971 11.278618 -0.143798
v  -22.651831 11.285883 -0.202591
v  -22.841255 11.243001 -0.321322
v  -22.502335 11.403440 -0.133775
v  -22.671049 11.401508 -0.207802
v  -22.889870 11.350611 -0.344716
v  -23.177341 11.192539 -0.637110
v  -23.113386 11.088728 -0.591932
v  -22.665188 11.497229 -0.260453
v  -22.882635 11.431594 -0.419667
v  -23.146593 11.262104 -0.721162
v  -23.408422 10.942829 -1.186370
v  -23.483299 10.888724 -1.116333
v  -22.811060 11.432734 -0.504507
v  -23.035267 11.259974 -0.790515
v  -23.273167 10.952513 -1.236828
v  -23.497601 10.578182 -1.801425
v  -23.651743 10.566499 -1.753448
v  -22.904274 11.221786 -0.841158
v  -23.115244 10.932876 -1.269765
v  -23.323982 10.567172 -1.836115
v  -23.573524 10.257500 -2.435788
v  -23.749971 10.258368 -2.380845
v  -22.950293 10.904721 -1.293315
v  -23.141502 10.550748 -1.864196
v  -23.379145 10.259987 -2.488663
v  -22.943785 10.529739 -1.884082
v  -22.779444 10.872904 -1.307423
v  -22.604149 10.836475 -1.306891
v  -22.626093 11.138621 -0.900670
v  -22.481079 11.101276 -0.901435
v  -22.331770 11.068973 -0.883162
v  -22.389900 11.269181 -0.649158
v  -22.266235 11.235226 -0.636541
v  -22.138706 11.203421 -0.613198
v  -22.179375 11.039179 -0.854008
v  -22.007910 11.168658 -0.580181
v  -22.110218 11.311010 -0.443634
v  -22.221907 11.346104 -0.458553
v  -22.192986 11.422494 -0.317679
v  -22.086821 11.384492 -0.306081
v  -22.178595 11.461743 -0.194516
v  -22.071199 11.416544 -0.186853
v  -22.194408 11.435472 -0.099756
v  -22.087162 11.384558 -0.094645
v  -21.991726 11.327157 -0.106173
v  -22.133305 11.302090 -0.068368
v  -21.906681 11.246546 -0.143657
v  -21.839458 11.118500 -0.234565
v  -22.237560 11.342286 -0.070607
v  -22.276855 11.222787 -0.095152
v  -22.177263 11.194488 -0.095781
v  -22.210016 11.055048 -0.171402
v  -22.312786 11.079733 -0.169619
v  -22.359510 11.378439 -0.090835
v  -22.324965 11.478599 -0.121958
v  -22.481730 11.507608 -0.170247
v  -22.305223 11.502228 -0.214338
v  -22.451162 11.527761 -0.260924
v  -22.618402 11.509907 -0.344517
v  -22.307962 11.457851 -0.332383
v  -22.331476 11.381641 -0.467654
v  -22.766941 11.178556 -0.879187
v  -22.865517 11.037792 -0.436432
v  -22.700766 11.113022 -0.295152
v  -22.781891 10.969321 -0.440450
v  -21.952045 11.294024 -0.341788
v  -21.891632 11.252846 -0.292237
v  -21.948193 11.330721 -0.242482
v  -21.970322 11.111823 -0.137837
v  -22.028828 11.193556 -0.095491
v  -22.055607 11.100485 -0.132927
v  -26.118458 9.965862 -7.905005
v  -25.748253 9.986000 -7.441012
v  -26.502283 9.970635 -7.269195
v  -22.602646 11.417320 -0.518948
v  -22.517570 11.379020 -0.552135
v  -22.483675 11.453897 -0.429015
v  -25.763691 9.930862 -8.674374
v  -25.452717 9.957619 -8.275227
v  -25.004374 9.930712 -8.583010
v  -25.721462 8.983824 -7.784747
v  -26.349464 9.004450 -7.815093
v  -25.214827 9.003236 -8.197386
v  -25.824413 9.011269 -8.267406
v  -24.961895 9.043835 -8.640224
v  -24.312660 9.034530 -8.052526
v  -24.801842 8.991302 -7.708130
v  -24.541142 8.986122 -7.107985
v  -25.460159 8.955359 -6.731618
v  -25.622475 8.965714 -7.306126
v  -26.413761 8.982961 -6.352105
v  -26.534231 8.991669 -7.103926
v  -27.032648 9.033642 -6.097846
v  -27.173063 9.043213 -7.076436
v  -26.796144 9.053376 -8.079607
v  -27.480703 9.101487 -7.088105
v  -27.018385 9.117451 -8.262907
v  -25.979927 9.120282 -8.988138
v  -27.167500 9.203947 -8.404163
v  -26.013691 9.206244 -9.195761
v  -24.759090 9.198762 -9.113632
v  -26.038441 9.311969 -9.378609
v  -24.686098 9.317385 -9.283386
v  -24.653633 9.496168 -9.356968
v  -23.718134 9.489922 -8.577221
v  -23.765875 9.315864 -8.529968
v  -23.294004 9.313112 -7.632884
v  -23.469505 9.171488 -7.559731
v  -23.904116 9.183473 -8.406736
v  -23.691729 9.078627 -7.468004
v  -24.078465 9.088811 -8.252554
v  -23.474373 9.074487 -6.741805
v  -23.771845 9.032187 -6.674125
v  -23.979059 9.031824 -7.348913
v  -23.550869 9.053412 -5.990143
v  -24.012161 9.020945 -5.881332
v  -24.312033 8.994781 -6.505736
v  -24.762093 9.021770 -5.564240
v  -25.178661 8.974022 -6.141841
v  -25.492767 9.063643 -5.093547
v  -26.034729 9.006979 -5.670034
v  -25.890091 9.100995 -4.757989
v  -26.545637 9.052962 -5.327852
v  -26.073526 9.141457 -4.583752
v  -26.781578 9.102079 -5.145360
v  -27.326515 9.088125 -5.967001
v  -26.943550 9.189043 -5.005671
v  -27.524364 9.173725 -5.875278
v  -27.688869 9.184484 -7.104056
v  -27.683367 9.292654 -5.800519
v  -27.858589 9.295251 -7.119967
v  -27.289822 9.306100 -8.525822
v  -27.944454 9.481575 -7.142325
v  -27.341244 9.487808 -8.600971
v  -26.038544 9.495371 -9.471968
v  -27.244833 9.683558 -8.561302
v  -25.993694 9.684612 -9.372458
v  -24.690277 9.673884 -9.256241
v  -25.927164 9.794596 -9.174431
v  -24.760386 9.789572 -9.073385
v  -24.847069 9.876033 -8.870256
v  -24.147766 9.877436 -8.252636
v  -23.956085 9.787824 -8.394178
v  -23.523922 9.784454 -7.555552
v  -23.338638 9.651116 -7.624824
v  -23.804495 9.661725 -8.513666
v  -23.089085 9.642679 -6.812312
v  -22.977509 9.479876 -6.835510
v  -23.234554 9.484234 -7.659092
v  -22.787586 9.481625 -6.086657
v  -22.841547 9.314799 -6.084485
v  -23.044071 9.310574 -6.825303
v  -23.025269 9.176920 -6.062926
v  -23.235144 9.168329 -6.790369
v  -22.771955 9.208271 -5.313798
v  -23.004278 9.128168 -5.284857
v  -23.266579 9.093358 -6.031164
v  -22.694254 9.187682 -4.483036
v  -22.940851 9.145055 -4.449596
v  -23.266586 9.083437 -5.249009
v  -23.243481 9.141118 -4.401995
v  -23.633690 9.063855 -5.180173
v  -23.744404 9.167708 -4.254765
v  -24.257921 9.086715 -4.947351
v  -24.282164 9.217716 -3.990018
v  -24.891609 9.135158 -4.560068
v  -24.580254 9.259246 -3.774235
v  -25.215160 9.170448 -4.275138
v  -24.743641 9.288702 -3.643108
v  -25.372171 9.204655 -4.121776
v  -24.885450 9.341550 -3.528571
v  -25.505619 9.266856 -3.988435
v  -26.214033 9.216217 -4.439075
v  -25.619938 9.363773 -3.872954
v  -26.328400 9.326854 -4.314685
v  -27.073284 9.309420 -4.888404
v  -26.387867 9.476124 -4.253712
v  -27.143112 9.476095 -4.828472
v  -27.767292 9.477194 -5.768703
v  -27.098034 9.653435 -4.888534
v  -27.698895 9.677151 -5.821870
v  -27.851337 9.684469 -7.165374
v  -27.528440 9.811993 -5.926197
v  -27.645210 9.811668 -7.185901
v  -27.066278 9.797964 -8.454533
v  -27.409447 9.893064 -7.205850
v  -26.870155 9.880871 -8.343559
v  -27.087343 9.939629 -7.227568
v  -26.588831 9.934128 -8.183958
v  -27.324526 9.897262 -6.045114
v  -27.045732 9.943372 -6.193570
v  -26.609142 9.922544 -5.376245
v  -26.146307 9.958561 -5.733911
v  -26.460485 9.977331 -6.466029
v  -25.373260 9.982798 -6.179325
v  -25.592800 9.996181 -6.825973
v  -24.488163 9.948711 -6.488284
v  -24.699408 9.968863 -7.139687
v  -25.000862 9.966675 -7.764284
v  -24.064215 9.925711 -7.354061
v  -24.435234 9.930359 -8.059570
v  -23.848503 9.896564 -6.643453
v  -23.528349 9.852912 -6.716701
v  -23.750223 9.875853 -7.470513
v  -23.356644 9.812922 -5.990333
v  -23.111980 9.747299 -6.029863
v  -23.289948 9.770448 -6.769902
v  -22.925535 9.729875 -5.282725
v  -22.713976 9.626687 -5.312617
v  -22.903141 9.636330 -6.064756
v  -22.489101 9.642749 -4.525848
v  -22.309746 9.518947 -4.541313
v  -22.570627 9.488126 -5.334044
v  -22.295273 9.385662 -4.537449
v  -22.594309 9.335053 -5.334198
v  -22.006840 9.496298 -3.683539
v  -22.153255 9.385212 -3.654589
v  -22.467541 9.270608 -4.512877
v  -21.937105 9.603496 -2.790669
v  -22.152826 9.533661 -2.763649
v  -22.382175 9.308453 -3.624901
v  -22.391569 9.514347 -2.750658
v  -22.626083 9.279170 -3.600634
v  -22.643135 9.521868 -2.741326
v  -22.898678 9.284128 -3.573771
v  -22.930950 9.539441 -2.712665
v  -23.284019 9.307005 -3.496788
v  -23.241970 9.568938 -2.650862
v  -23.707857 9.349830 -3.349010
v  -23.504189 9.606714 -2.573261
v  -23.997696 9.391153 -3.204703
v  -23.705158 9.652483 -2.505138
v  -24.182631 9.424388 -3.100441
v  -23.880356 9.710766 -2.455125
v  -24.340382 9.476020 -3.015387
v  -24.039547 9.791887 -2.427321
v  -24.482224 9.563346 -2.953281
v  -25.009857 9.431431 -3.433509
v  -24.583080 9.678570 -2.932667
v  -25.083967 9.550632 -3.396825
v  -25.680845 9.492699 -3.822486
v  -25.066444 9.673949 -3.458962
v  -25.654104 9.627718 -3.887796
v  -26.355742 9.633051 -4.315224
v  -25.571466 9.738033 -4.019213
v  -26.260920 9.752157 -4.453598
v  -26.976017 9.784029 -5.024010
v  -26.140699 9.832308 -4.611331
v  -26.822325 9.874276 -5.180391
v  -25.466976 9.819355 -4.166749
v  -25.334610 9.872975 -4.334088
v  -25.983812 9.878786 -4.800832
v  -25.098461 9.921913 -4.562771
v  -25.655745 9.924440 -5.123643
v  -24.613159 9.951114 -4.862380
v  -25.036446 9.958797 -5.531061
v  -23.941193 9.909603 -5.106608
v  -24.243864 9.919094 -5.818590
v  -23.442966 9.845334 -5.211345
v  -23.659863 9.855098 -5.942749
v  -23.201227 9.866240 -4.445263
v  -22.935730 9.820055 -4.478867
v  -23.165745 9.797945 -5.249444
v  -22.711092 9.890817 -3.691653
v  -22.471857 9.830586 -3.703615
v  -22.700630 9.746930 -4.505139
v  -22.313433 10.008645 -2.914300
v  -22.092773 9.935369 -2.896958
v  -22.254034 9.737488 -3.706023
v  -21.898163 9.831695 -2.866800
v  -22.060345 9.621044 -3.700733
v  -21.843819 10.132200 -2.110908
v  -21.766048 10.023014 -2.055051
v  -21.822010 9.713526 -2.828620
v  -21.775442 10.367031 -1.392512
v  -21.836662 10.269302 -1.334168
v  -21.853607 9.917072 -2.005532
v  -21.990726 10.211060 -1.299163
v  -22.041794 9.853522 -1.978391
v  -22.173124 10.200518 -1.289324
v  -22.258530 9.838348 -1.971397
v  -22.360672 10.211631 -1.289594
v  -22.480354 9.843520 -1.969535
v  -22.543194 10.228658 -1.290791
v  -22.700150 9.855349 -1.964127
v  -22.721233 10.255982 -1.292658
v  -22.925508 9.879569 -1.949586
v  -22.896111 10.297834 -1.291539
v  -23.142185 9.920812 -1.924267
v  -23.069019 10.352339 -1.286339
v  -23.339785 9.976345 -1.896075
v  -23.236362 10.411757 -1.281846
v  -23.522434 10.036256 -1.873955
v  -23.389318 10.479076 -1.287740
v  -23.686636 10.106835 -1.867303
v  -23.526096 10.564237 -1.313610
v  -23.829838 10.196732 -1.881771
v  -24.169666 9.894203 -2.424854
v  -23.901587 10.297892 -1.931340
v  -24.210510 10.003898 -2.470208
v  -24.589577 9.797802 -2.983263
v  -24.132004 10.090120 -2.554710
v  -24.506876 9.894890 -3.083134
v  -24.987257 9.779847 -3.575813
v  -24.382561 9.953541 -3.187294
v  -24.880930 9.860154 -3.702886
v  -24.232635 9.983360 -3.288783
v  -24.744034 9.909211 -3.838491
v  -24.053093 10.004872 -3.390325
v  -24.551483 9.942301 -3.988892
v  -23.754053 10.010640 -3.508209
v  -24.169703 9.954567 -4.184503
v  -23.329330 9.979778 -3.616320
v  -23.622713 9.919021 -4.362821
v  -23.094023 10.130565 -2.894803
v  -22.798517 10.091951 -2.916966
v  -22.969807 9.933090 -3.670580
v  -22.682995 10.336487 -2.211187
v  -22.457367 10.305553 -2.201016
v  -22.550974 10.053967 -2.919600
v  -22.378468 10.619517 -1.560782
v  -22.181059 10.588184 -1.540562
v  -22.234531 10.271927 -2.184642
v  -21.996258 10.543169 -1.507978
v  -22.024178 10.217812 -2.156215
v  -21.973648 10.853209 -0.986722
v  -21.849892 10.779326 -0.929509
v  -21.845339 10.467864 -1.456290
v  -21.847984 11.002709 -0.595695
v  -21.789951 10.918293 -0.522506
v  -21.786362 10.685628 -0.862645
v  -21.817341 10.839638 -0.456681
v  -21.824137 10.595470 -0.799725
v  -21.925924 10.789349 -0.417033
v  -21.947754 10.540312 -0.760017
v  -22.063656 10.776203 -0.411339
v  -22.103989 10.530984 -0.751174
v  -22.202518 10.783895 -0.420881
v  -22.264610 10.543312 -0.757123
v  -22.334084 10.800276 -0.427414
v  -22.421005 10.560779 -0.763291
v  -22.456409 10.827389 -0.430162
v  -22.569962 10.586818 -0.768023
v  -22.568150 10.867571 -0.431368
v  -22.709278 10.625897 -0.769746
v  -22.673620 10.919455 -0.431432
v  -22.846844 10.679654 -0.768220
v  -22.487995 11.054159 -0.239423
v  -22.587433 11.095031 -0.253868
v  -22.456129 11.201546 -0.146949
v  -22.574619 11.226241 -0.183400
v  -22.718060 11.221986 -0.253300
v  -22.580914 11.346803 -0.162244
v  -22.757559 11.330193 -0.250626
v  -23.003729 11.236343 -0.445213
v  -22.776791 11.436855 -0.289811
v  -23.030031 11.333883 -0.505794
v  -23.318743 11.092665 -0.896548
v  -22.971739 11.370859 -0.591389
v  -23.222610 11.124772 -0.968354
v  -23.462051 10.764153 -1.490152
v  -23.082981 11.107997 -1.016754
v  -23.303415 10.760705 -1.528191
v  -23.529116 10.404858 -2.113507
v  -23.131720 10.740766 -1.554740
v  -23.347271 10.396949 -2.154274
v  -23.643970 10.150730 -2.774094
v  -23.145599 10.387750 -2.189674
v  -23.405560 10.153969 -2.842246
v  -22.952599 10.716282 -1.574288
v  -22.765507 10.685754 -1.581929
v  -22.916786 10.366836 -2.210063
v  -22.620445 10.999763 -1.084194
v  -22.458691 10.963707 -1.075485
v  -22.573898 10.651699 -1.575691
v  -22.363998 11.178112 -0.755176
v  -22.226391 11.147235 -0.732449
v  -22.292938 10.930620 -1.053882
v  -22.086433 11.116915 -0.701269
v  -22.126999 10.898711 -1.026243
v  -22.062078 11.245821 -0.510269
v  -21.945965 11.204865 -0.473114
v  -21.953793 11.072622 -0.658045
v  -22.183296 11.278841 -0.533439
v  -22.151478 11.370089 -0.378930
v  -22.045506 11.334709 -0.363422
v  -22.127943 11.428304 -0.248376
v  -22.028860 11.385222 -0.240937
v  -22.126272 11.433695 -0.136160
v  -22.026493 11.381103 -0.136747
v  -22.060242 11.322420 -0.077669
v  -21.970749 11.261346 -0.100262
v  -21.939388 11.314253 -0.155216
v  -21.866364 11.211780 -0.216021
v  -21.894442 11.160186 -0.158696
v  -21.814564 11.078001 -0.335036
v  -21.842051 11.016074 -0.270656
v  -22.205593 11.268503 -0.074786
v  -22.110867 11.234468 -0.079595
v  -22.159409 11.371940 -0.073336
v  -22.146555 11.118526 -0.128505
v  -22.243687 11.140543 -0.124931
v  -22.280596 10.985801 -0.232511
v  -22.346634 11.169643 -0.128396
v  -22.386417 11.015089 -0.232848
v  -22.170162 10.966888 -0.232979
v  -22.314331 11.302015 -0.083145
v  -22.438847 11.331553 -0.111198
v  -22.275249 11.415885 -0.085605
v  -22.414619 11.451525 -0.118333
v  -22.579075 11.464409 -0.181155
v  -22.386486 11.517958 -0.182829
v  -22.552839 11.526819 -0.249783
v  -22.744368 11.486080 -0.369153
v  -22.511131 11.508339 -0.340173
v  -22.674284 11.464529 -0.450343
v  -22.369511 11.500912 -0.287726
v  -22.241776 11.468177 -0.260773
v  -22.260801 11.406490 -0.390408
v  -22.371782 11.438450 -0.403014
v  -22.411425 11.348625 -0.552946
v  -22.299673 11.313134 -0.547807
v  -22.244469 11.480047 -0.149142
v  -22.497183 11.213355 -0.763249
v  -22.778727 11.036868 -1.075331
v  -22.625105 11.252803 -0.750603
v  -22.933065 11.073270 -1.051305
v  -22.748461 11.297027 -0.715339
v  -23.989368 10.129252 -2.635206
v  -23.698912 10.404840 -2.066391
v  -23.824749 10.140797 -2.705531
v  -22.865246 11.343523 -0.661729
v  -23.843424 10.374891 -2.004274
v  -23.589554 10.734755 -1.432495
v  -23.616993 10.661319 -1.365209
v  -23.311359 11.008343 -0.828008
v  -23.220253 10.907724 -0.787711
v  -22.931316 11.132656 -0.426612
v  -22.054876 10.958448 -0.228683
v  -21.938614 10.972269 -0.234630
v  -21.859192 11.145876 -0.411468
v  -23.107674 10.818698 -0.769031
v  -22.982574 10.744271 -0.766006
v  -25.854952 9.876256 -8.969774
v  -24.845837 9.105902 -8.911900
v  -25.922668 9.056765 -8.710098
v  -22.773798 11.093694 -0.346543
v  -22.895771 11.084990 -0.427175
v  -22.976589 10.945925 -0.574150
v  -22.830807 10.997193 -0.444238
v  -22.722168 11.048075 -0.348727
v  -22.640589 11.109045 -0.268760
v  -22.703968 11.169285 -0.267438
v  -22.871506 10.870231 -0.577237
v  -22.726814 10.946100 -0.433402
v  -21.916225 11.271912 -0.323237
v  -21.947752 11.254463 -0.402269
v  -21.996126 11.316013 -0.353360
v  -21.953856 11.320469 -0.289313
v  -21.916641 11.295315 -0.257075
v  -21.875822 11.233809 -0.254571
v  -21.872652 11.203102 -0.344768
v  -21.985771 11.360282 -0.239942
v  -21.941292 11.327681 -0.198662
v  -22.012402 11.098842 -0.135347
v  -21.952141 11.047842 -0.177577
v  -21.930592 11.134060 -0.144315
v  -21.995203 11.161347 -0.111709
v  -22.000652 11.227257 -0.093221
v  -22.068336 11.215559 -0.085886
v  -22.049177 11.153536 -0.108313
v  -22.100227 11.109474 -0.130629
v  -22.055159 11.035193 -0.172121
v  -25.876612 9.977552 -7.698533
v  -25.789967 9.963535 -8.115913
v  -26.385347 9.951273 -8.065218
v  -26.376471 9.967321 -7.627699
v  -26.115776 9.982519 -7.326493
v  -25.673580 9.991959 -7.145729
v  -25.382389 9.980808 -7.593395
v  -26.846546 9.954840 -7.244444
v  -26.521690 9.974430 -6.868851
v  -22.564754 11.394840 -0.543368
v  -22.670441 11.368178 -0.603677
v  -22.637180 11.442028 -0.485673
v  -22.541561 11.445534 -0.460833
v  -22.488791 11.420235 -0.482650
v  -22.465118 11.365175 -0.552808
v  -22.564760 11.324969 -0.640456
v  -22.493896 11.482452 -0.383949
v  -22.427559 11.449257 -0.413180
v  -25.357193 9.930399 -8.697010
v  -25.812176 9.906905 -8.840319
v  -26.186646 9.932104 -8.506290
v  -25.660276 9.947857 -8.482491
v  -25.209938 9.962955 -8.040012
v  -25.169815 9.947037 -8.418930
v  -24.699099 9.930973 -8.360989
v  -24.911690 9.907444 -8.741955
v  -25.768314 8.995058 -8.007883
v  -25.434345 8.989110 -7.951853
v  -25.675602 8.974924 -7.562621
v  -26.038921 8.988547 -7.728387
v  -26.481922 8.998201 -7.472641
v  -26.614677 9.027428 -7.960340
v  -26.131939 9.009209 -8.092831
v  -25.495754 9.009615 -8.311398
v  -25.058733 9.022658 -8.450468
v  -24.983049 8.995880 -7.978566
v  -25.879341 9.031992 -8.516939
v  -25.415131 9.053701 -8.771948
v  -24.899277 9.070377 -8.787189
v  -24.586544 9.034874 -8.379045
v  -24.186565 9.057129 -8.159603
v  -24.117685 9.035835 -7.697031
v  -24.502501 9.014694 -7.909358
v  -24.658705 8.988413 -7.409973
v  -25.184044 8.972321 -7.492501
v  -24.200672 9.012337 -7.253641
v  -24.431477 8.987291 -6.805471
v  -24.970848 8.963642 -6.928469
v  -25.337009 8.959528 -6.433760
v  -25.958118 8.961666 -6.533980
v  -25.553514 8.958444 -7.025659
v  -26.083687 8.971993 -7.169701
v  -26.252651 8.987949 -5.996600
v  -26.785725 9.010025 -6.201543
v  -26.510231 8.986155 -6.725048
v  -26.916546 9.017740 -7.081828
v  -26.821623 9.037245 -5.681711
v  -27.198317 9.058209 -6.025002
v  -27.157024 9.037263 -6.566130
v  -27.346783 9.070367 -7.080834
v  -27.059769 9.049311 -7.592888
v  -26.921501 9.083112 -8.178572
v  -26.408381 9.055748 -8.473158
v  -27.468725 9.091286 -6.495856
v  -27.589756 9.138788 -7.096447
v  -27.338554 9.112339 -7.693779
v  -27.096989 9.157394 -8.336733
v  -26.554180 9.119279 -8.719645
v  -25.998234 9.160132 -9.096577
v  -25.381767 9.116982 -9.056265
v  -25.955748 9.086042 -8.862095
v  -27.526569 9.198188 -7.775046
v  -27.231312 9.254414 -8.466694
v  -26.650322 9.205416 -8.906155
v  -26.026896 9.257298 -9.288752
v  -25.351862 9.204629 -9.266935
v  -24.721893 9.254841 -9.200146
v  -24.266224 9.190945 -8.804136
v  -24.799725 9.149124 -9.019123
v  -26.727329 9.306999 -9.067549
v  -26.043823 9.386059 -9.446095
v  -25.324310 9.316824 -9.452667
v  -24.660435 9.394969 -9.342583
v  -24.155916 9.316211 -8.949558
v  -25.305481 9.498178 -9.539499
v  -24.664108 9.597100 -9.327774
v  -24.114138 9.492397 -9.008249
v  -23.747353 9.582925 -8.557489
v  -23.435110 9.487586 -8.111597
v  -23.722443 9.396355 -8.569250
v  -23.487923 9.315208 -8.074463
v  -23.831932 9.245790 -8.471691
v  -23.239931 9.395613 -7.654655
v  -23.155571 9.311069 -7.213681
v  -23.377090 9.237986 -7.599377
v  -23.341974 9.168356 -7.164565
v  -23.573599 9.117182 -7.515441
v  -23.647097 9.176827 -7.974308
v  -23.985325 9.130589 -8.334044
v  -23.575298 9.073561 -7.098546
v  -23.826134 9.051587 -7.413726
v  -23.850502 9.085205 -7.852049
v  -24.401587 9.094145 -8.621758
v  -23.347645 9.113131 -6.768088
v  -23.375837 9.081165 -6.388953
v  -23.615662 9.048729 -6.710742
v  -23.668221 9.041009 -6.337948
v  -23.988707 9.016867 -6.612329
v  -23.872028 9.028580 -7.008003
v  -23.404186 9.070503 -6.011788
v  -23.417690 9.068015 -5.628050
v  -23.741802 9.038191 -5.951551
v  -23.829773 9.039430 -5.543014
v  -24.354681 9.012022 -5.759043
v  -24.174898 9.006647 -6.200462
v  -24.716969 8.976857 -6.350265
v  -24.515738 9.052053 -5.265692
v  -25.164688 9.041781 -5.331037
v  -24.986546 8.995787 -5.852966
v  -25.637712 8.984615 -5.906438
v  -25.194660 9.096828 -4.827981
v  -25.737509 9.084375 -4.889842
v  -25.776075 9.034170 -5.369865
v  -26.345455 9.032598 -5.466037
v  -25.547817 9.131487 -4.513705
v  -25.989199 9.118392 -4.666467
v  -26.227516 9.075858 -5.024026
v  -26.677076 9.074109 -5.229590
v  -25.712971 9.170148 -4.349694
v  -26.147121 9.173096 -4.508427
v  -26.435757 9.118721 -4.842718
v  -26.867588 9.139512 -5.071831
v  -27.086620 9.091794 -5.513011
v  -27.430710 9.125820 -5.918781
v  -26.584974 9.200035 -4.697643
v  -27.011452 9.246926 -4.945116
v  -27.264950 9.181013 -5.389451
v  -27.608309 9.229961 -5.836017
v  -27.679701 9.172956 -6.450899
v  -27.778374 9.237123 -7.111655
v  -27.408501 9.301539 -5.287164
v  -27.739656 9.371749 -5.775755
v  -27.849518 9.288610 -6.415707
v  -27.917843 9.372269 -7.129891
v  -27.681660 9.303955 -7.845829
v  -27.330606 9.377674 -8.573320
v  -27.937254 9.478537 -6.408815
v  -27.926321 9.595023 -7.154933
v  -27.756561 9.485077 -7.897091
v  -27.314922 9.601452 -8.599915
v  -26.751053 9.490873 -9.157938
v  -26.022026 9.606142 -9.449625
v  -27.657030 9.681467 -7.893037
v  -27.154207 9.745327 -8.505913
v  -26.671476 9.686139 -9.083374
v  -25.959944 9.743267 -9.270660
v  -25.302841 9.680140 -9.429699
v  -24.724812 9.735161 -9.164175
v  -24.182121 9.667272 -8.926195
v  -26.538132 9.796853 -8.918373
v  -25.892965 9.838843 -9.076546
v  -25.309280 9.791924 -9.225252
v  -24.800102 9.836676 -8.977530
v  -24.302109 9.788039 -8.776979
v  -25.317083 9.875664 -9.007906
v  -24.454201 9.876808 -8.603081
v  -24.275230 9.908273 -8.165409
v  -23.916771 9.877316 -7.861067
v  -24.044247 9.837427 -8.326982
v  -23.703094 9.787203 -7.971523
v  -23.877945 9.729099 -8.455860
v  -23.630583 9.836372 -7.514677
v  -23.394297 9.779046 -7.152826
v  -23.427517 9.722052 -7.592487
v  -23.199501 9.646210 -7.204158
v  -23.270061 9.571795 -7.648411
v  -23.531851 9.656567 -8.064571
v  -23.185528 9.710755 -6.792334
v  -22.994570 9.639671 -6.436704
v  -23.014965 9.565845 -6.827487
v  -22.881168 9.480064 -6.459478
v  -22.984589 9.392282 -6.835181
v  -23.090633 9.481214 -7.230224
v  -22.827232 9.563686 -6.078249
v  -22.687246 9.484373 -5.712895
v  -22.790318 9.396533 -6.089046
v  -22.727493 9.321836 -5.712987
v  -22.925217 9.240302 -6.075076
v  -22.944424 9.311769 -6.453615
v  -23.134680 9.235630 -6.809242
v  -22.905243 9.188290 -5.693777
v  -23.139717 9.127117 -6.048225
v  -23.134436 9.171240 -6.426653
v  -22.673037 9.265587 -5.325509
v  -22.625893 9.235998 -4.920871
v  -22.884544 9.162625 -5.299952
v  -22.852930 9.152977 -4.891376
v  -23.131510 9.102553 -5.268035
v  -23.143696 9.109535 -5.664458
v  -22.578949 9.225523 -4.498060
v  -22.535065 9.237701 -4.060617
v  -22.814529 9.159916 -4.467113
v  -22.779325 9.201477 -4.031406
v  -23.081181 9.139866 -4.428540
v  -23.105118 9.106757 -4.855399
v  -23.427862 9.070608 -5.221736
v  -23.063641 9.201804 -3.993401
v  -23.455355 9.150002 -4.350543
v  -23.434673 9.096869 -4.798078
v  -23.903799 9.067713 -5.097614
v  -23.504326 9.224604 -3.883096
v  -24.042664 9.191269 -4.129607
v  -23.997768 9.125389 -4.610085
v  -24.614407 9.112112 -4.758473
v  -23.986626 9.271573 -3.679285
v  -24.461746 9.242044 -3.862670
v  -24.586487 9.176249 -4.283012
v  -25.091278 9.154915 -4.387250
v  -24.281088 9.315023 -3.499254
v  -24.665089 9.273429 -3.706963
v  -24.892509 9.214246 -4.032058
v  -25.297407 9.185710 -4.195917
v  -24.454582 9.345940 -3.380533
v  -24.816799 9.309823 -3.583401
v  -25.049580 9.244373 -3.889684
v  -25.441046 9.230598 -4.052639
v  -24.604744 9.396583 -3.278743
v  -24.949749 9.382535 -3.478610
v  -25.184931 9.301461 -3.765069
v  -25.565411 9.311794 -3.928695
v  -25.848368 9.238265 -4.209495
v  -26.274410 9.268307 -4.374794
v  -25.302933 9.394119 -3.658356
v  -25.661114 9.423755 -3.833466
v  -25.961536 9.341112 -4.088124
v  -26.368668 9.395059 -4.270430
v  -26.704369 9.317467 -4.574243
v  -27.120140 9.383488 -4.846026
v  -26.019905 9.480585 -4.031933
v  -26.384169 9.559104 -4.267614
v  -26.767883 9.475800 -4.511374
v  -27.137360 9.571369 -4.840917
v  -27.485577 9.476672 -5.236938
v  -27.756847 9.586493 -5.782896
v  -26.730934 9.642914 -4.571609
v  -27.039473 9.723815 -4.955005
v  -27.429775 9.664789 -5.295465
v  -27.615427 9.751530 -5.873634
v  -27.855909 9.685413 -6.450818
v  -27.748102 9.754992 -7.175185
v  -27.285854 9.798581 -5.421247
v  -27.433088 9.860062 -5.982407
v  -27.662113 9.818332 -6.520526
v  -27.534908 9.856894 -7.196473
v  -27.454380 9.801659 -7.853508
v  -26.973957 9.842728 -8.402100
v  -27.436157 9.898439 -6.596907
v  -27.262400 9.920528 -7.215670
v  -27.226685 9.885691 -7.809036
v  -26.745052 9.911602 -8.272861
v  -26.394650 9.877946 -8.750210
v  -27.130295 9.942107 -6.690602
v  -26.909359 9.936710 -7.745132
v  -27.108574 9.889288 -5.567324
v  -27.197243 9.924672 -6.115206
v  -26.862425 9.938494 -5.750706
v  -26.817608 9.959034 -6.302935
v  -26.725136 9.903900 -5.272409
v  -26.308678 9.900862 -5.062262
v  -26.430737 9.938124 -5.520534
v  -25.917334 9.939417 -5.417316
v  -25.784325 9.976053 -5.969225
v  -26.331184 9.973866 -6.080969
v  -26.032753 9.991851 -6.650994
v  -25.221205 9.968428 -5.859931
v  -24.934185 9.974962 -6.355310
v  -25.495998 9.994513 -6.498314
v  -25.146420 9.988970 -6.989394
v  -24.376080 9.931593 -6.159464
v  -24.103500 9.917946 -6.582809
v  -24.591982 9.963464 -6.812531
v  -24.316944 9.944798 -7.265144
v  -24.829386 9.968678 -7.460141
v  -24.664776 9.948294 -7.928176
v  -23.946362 9.916628 -6.994213
v  -23.891787 9.904947 -7.418497
v  -24.220898 9.928671 -7.712634
v  -23.757414 9.873422 -6.295170
v  -23.673382 9.877307 -6.683617
v  -23.441648 9.832512 -6.353226
v  -23.403753 9.818814 -6.744773
v  -23.627590 9.869049 -7.087037
v  -23.497383 9.834759 -5.968101
v  -23.266842 9.799585 -5.623810
v  -23.230545 9.785224 -6.010551
v  -23.022240 9.736466 -5.659571
v  -23.002369 9.698039 -6.048016
v  -23.199600 9.759563 -6.398381
v  -23.042168 9.767971 -5.266505
v  -22.819216 9.731902 -4.898267
v  -22.816065 9.682999 -5.298098
v  -22.608120 9.627634 -4.924915
v  -22.628941 9.561531 -5.325020
v  -22.810907 9.632165 -5.691662
v  -22.593021 9.697227 -4.515934
v  -22.367538 9.677532 -4.118517
v  -22.393227 9.583366 -4.534451
v  -22.179335 9.557755 -4.125502
v  -22.267485 9.452157 -4.543344
v  -22.443027 9.497958 -4.945163
v  -22.554070 9.411093 -5.337748
v  -22.145023 9.430471 -4.116814
v  -22.369745 9.323725 -4.526377
v  -22.448174 9.355859 -4.943793
v  -22.001568 9.559164 -3.694484
v  -21.894560 9.588772 -3.250011
v  -22.062096 9.436846 -3.669655
v  -22.024326 9.478060 -3.217228
v  -22.265043 9.342159 -3.639338
v  -22.306721 9.318284 -4.090542
v  -21.858299 9.655155 -2.808734
v  -21.883049 9.752754 -2.383805
v  -22.041069 9.561885 -2.775337
v  -22.085262 9.685672 -2.357892
v  -22.270340 9.518067 -2.755469
v  -22.249969 9.405313 -3.188405
v  -22.503056 9.286615 -3.611818
v  -22.315601 9.668772 -2.349387
v  -22.516003 9.517336 -2.746762
v  -22.492905 9.382129 -3.169607
v  -22.756283 9.280284 -3.588800
v  -22.553431 9.674579 -2.344728
v  -22.779331 9.528913 -2.731057
v  -22.756031 9.390135 -3.153087
v  -23.069260 9.292452 -3.546213
v  -22.801922 9.687059 -2.330282
v  -23.088371 9.552950 -2.685987
v  -23.090546 9.412691 -3.103944
v  -23.508406 9.326545 -3.429665
v  -23.065100 9.710922 -2.296492
v  -23.383366 9.586996 -2.611788
v  -23.456196 9.449835 -3.004449
v  -23.873810 9.372739 -3.269222
v  -23.304684 9.749866 -2.247460
v  -23.609699 9.628430 -2.537104
v  -23.736568 9.488196 -2.894675
v  -24.095358 9.407545 -3.150195
v  -23.506781 9.802969 -2.199646
v  -23.794176 9.679664 -2.477700
v  -23.931562 9.525938 -2.807190
v  -24.263107 9.445829 -3.055489
v  -23.688957 9.863691 -2.164762
v  -23.962536 9.747578 -2.438102
v  -24.097282 9.580526 -2.740261
v  -24.413681 9.515133 -2.981021
v  -23.853241 9.939336 -2.149465
v  -24.109293 9.841496 -2.422874
v  -24.248295 9.666041 -2.696663
v  -24.540520 9.618534 -2.935914
v  -24.737392 9.484807 -3.198467
v  -25.057392 9.487658 -3.403003
v  -24.365417 9.775448 -2.684825
v  -24.602051 9.739607 -2.947223
v  -24.822611 9.603615 -3.169595
v  -25.087635 9.614637 -3.415352
v  -25.369320 9.515151 -3.614431
v  -25.678665 9.563166 -3.840451
v  -24.814596 9.725927 -3.226276
v  -25.029837 9.728907 -3.516250
v  -25.345989 9.641376 -3.679932
v  -25.615568 9.686094 -3.951668
v  -25.990711 9.626950 -4.095309
v  -26.311640 9.697543 -4.382049
v  -25.266506 9.749800 -3.804687
v  -25.521902 9.782724 -4.090789
v  -25.902737 9.740252 -4.231486
v  -26.203848 9.797032 -4.529987
v  -26.625511 9.768500 -4.709717
v  -26.904642 9.834157 -5.098241
v  -25.792154 9.817351 -4.386408
v  -26.068384 9.859165 -4.700617
v  -26.491219 9.854519 -4.867374
v  -25.163719 9.834797 -3.942271
v  -25.405083 9.849060 -4.247661
v  -25.030895 9.890265 -4.094394
v  -25.238192 9.895720 -4.435851
v  -25.652981 9.866198 -4.566568
v  -25.856445 9.898201 -4.934374
v  -24.822025 9.932194 -4.279971
v  -24.896442 9.943172 -4.707423
v  -25.377476 9.917361 -4.842319
v  -25.382236 9.947855 -5.334064
v  -24.391209 9.951768 -4.525375
v  -24.283209 9.941378 -5.003492
v  -24.830069 9.953245 -5.197086
v  -24.647335 9.951223 -5.698085
v  -23.781378 9.912307 -4.738121
v  -23.642612 9.872139 -5.174851
v  -24.097055 9.911627 -5.467144
v  -23.892536 9.880892 -5.898253
v  -23.324478 9.853636 -4.831367
v  -23.298573 9.822749 -5.231179
v  -23.555246 9.844700 -5.582653
v  -23.376526 9.889623 -4.415369
v  -23.080559 9.890329 -4.057009
v  -23.064926 9.844505 -4.462947
v  -22.817936 9.846697 -4.085919
v  -22.814135 9.788870 -4.492954
v  -23.054867 9.805576 -4.867656
v  -22.837923 9.912478 -3.682303
v  -22.620377 9.958034 -3.301178
v  -22.589134 9.864666 -3.698726
v  -22.380222 9.906165 -3.304256
v  -22.359934 9.788289 -3.706116
v  -22.581078 9.778608 -4.106027
v  -22.431437 10.032999 -2.917908
v  -22.266525 10.132430 -2.539258
v  -22.199650 9.977303 -2.907680
v  -22.049728 10.068649 -2.514776
v  -21.992407 9.885836 -2.883031
v  -22.158983 9.823228 -3.296219
v  -22.154167 9.680849 -3.704006
v  -21.860126 9.974380 -2.475484
v  -21.833534 9.773930 -2.848563
v  -21.963158 9.711473 -3.277627
v  -21.929386 10.178543 -2.135540
v  -21.841476 10.298809 -1.771650
v  -21.783897 10.079963 -2.083638
v  -21.766758 10.193316 -1.710294
v  -21.789532 9.966877 -2.028049
v  -21.781677 9.861345 -2.427566
v  -21.795532 10.419632 -1.425223
v  -21.784508 10.534391 -1.107899
v  -21.788132 10.315207 -1.361160
v  -21.833626 10.441036 -1.046864
v  -21.908405 10.233269 -1.313010
v  -21.840803 10.091053 -1.655702
v  -21.942839 9.877866 -1.988610
v  -21.970158 10.384256 -1.007949
v  -22.080130 10.200775 -1.291608
v  -22.013317 10.030792 -1.625399
v  -22.147886 9.841273 -1.973209
v  -22.136951 10.375643 -0.996925
v  -22.267408 10.205673 -1.289568
v  -22.213367 10.017467 -1.617704
v  -22.370447 9.840511 -1.970868
v  -22.309196 10.390079 -0.998752
v  -22.452681 10.219067 -1.289853
v  -22.418053 10.024076 -1.617304
v  -22.589754 9.848194 -1.967315
v  -22.478245 10.409029 -1.001269
v  -22.632587 10.240823 -1.291897
v  -22.616837 10.037989 -1.616773
v  -22.811935 9.865601 -1.958656
v  -22.641756 10.435909 -1.004622
v  -22.809090 10.274775 -1.292673
v  -22.813963 10.064662 -1.613767
v  -23.036911 9.897792 -1.937822
v  -22.798363 10.475940 -1.005672
v  -22.982637 10.324058 -1.289385
v  -23.008667 10.107489 -1.605140
v  -23.242691 9.947404 -1.909994
v  -22.953745 10.529755 -1.003246
v  -23.154011 10.381848 -1.283469
v  -23.196442 10.162754 -1.592336
v  -23.433142 10.006380 -1.883674
v  -23.106922 10.591446 -1.002346
v  -23.315117 10.443642 -1.282820
v  -23.373875 10.221323 -1.580413
v  -23.607115 10.068799 -1.868103
v  -23.248629 10.661339 -1.010439
v  -23.459475 10.518970 -1.297655
v  -23.533928 10.288658 -1.580255
v  -23.760906 10.149700 -1.871783
v  -23.375282 10.747444 -1.036579
v  -23.581247 10.612483 -1.335998
v  -23.676386 10.375025 -1.601207
v  -23.880905 10.246578 -1.900534
v  -23.992311 10.034682 -2.156065
v  -24.207722 9.948755 -2.438790
v  -23.759710 10.473609 -1.652812
v  -23.889790 10.343164 -1.967988
v  -24.049545 10.139532 -2.203053
v  -24.183460 10.053173 -2.511414
v  -24.389009 9.890238 -2.730911
v  -24.554806 9.850461 -3.031621
v  -23.979418 10.221001 -2.281205
v  -24.064516 10.115294 -2.597004
v  -24.306164 9.981625 -2.822712
v  -24.448542 9.929709 -3.135720
v  -24.733965 9.828201 -3.334620
v  -24.937893 9.824390 -3.637932
v  -24.171356 10.029004 -2.914895
v  -24.310179 9.970164 -3.238201
v  -24.620060 9.898658 -3.450570
v  -24.816322 9.888105 -3.769974
v  -24.014181 10.049906 -3.000119
v  -24.147688 9.994478 -3.339377
v  -24.476967 9.937635 -3.569061
v  -24.657831 9.926325 -3.910708
v  -23.835415 10.067613 -3.084593
v  -23.928623 10.011330 -3.445357
v  -24.293087 9.962954 -3.691641
v  -24.397827 9.953070 -4.078378
v  -23.569750 10.072573 -3.174974
v  -23.548063 10.000793 -3.568617
v  -23.955147 9.970521 -3.844026
v  -23.900276 9.944110 -4.286304
v  -23.202858 10.043493 -3.252043
v  -23.126896 9.954806 -3.650561
v  -23.470322 9.938570 -3.986842
v  -23.256039 10.146368 -2.872265
v  -22.999706 10.239008 -2.546756
v  -22.936014 10.110960 -2.909742
v  -22.736885 10.206469 -2.556472
v  -22.673012 10.073101 -2.919308
v  -22.874092 9.998854 -3.289418
v  -22.798315 10.351923 -2.212670
v  -22.630711 10.484175 -1.883473
v  -22.569714 10.320906 -2.206881
v  -22.420216 10.454691 -1.870231
v  -22.345718 10.289528 -2.193601
v  -22.498198 10.172009 -2.551389
v  -22.476757 10.635349 -1.569047
v  -22.335064 10.783628 -1.284666
v  -22.279682 10.603899 -1.551188
v  -22.153076 10.750269 -1.262144
v  -22.085585 10.569050 -1.526845
v  -22.208895 10.424667 -1.851420
v  -22.126465 10.249205 -2.172670
v  -21.985050 10.704805 -1.226921
v  -21.915401 10.509714 -1.484335
v  -22.008793 10.377703 -1.820779
v  -22.047771 10.879388 -1.009062
v  -21.962936 10.978955 -0.794667
v  -21.906925 10.819934 -0.959958
v  -21.848209 10.905765 -0.734370
v  -21.807915 10.733765 -0.896646
v  -21.849958 10.630869 -1.172889
v  -21.896172 11.040758 -0.629350
v  -21.851038 11.079600 -0.494417
v  -21.811745 10.961035 -0.559331
v  -21.798775 11.002964 -0.418355
v  -21.789515 10.876991 -0.487522
v  -21.786385 10.815382 -0.664824
v  -21.790134 10.638377 -0.829630
v  -21.826479 10.932938 -0.352181
v  -21.865465 10.809376 -0.432384
v  -21.816080 10.729405 -0.600435
v  -21.879599 10.561314 -0.775623
v  -21.929844 10.885855 -0.313086
v  -21.993670 10.778607 -0.410171
v  -21.930635 10.676313 -0.561126
v  -22.024063 10.530767 -0.752128
v  -22.056971 10.871651 -0.306970
v  -22.133924 10.779009 -0.416316
v  -22.078228 10.665013 -0.555003
v  -22.185013 10.536614 -0.753919
v  -22.183956 10.879622 -0.314297
v  -22.269287 10.790955 -0.424694
v  -22.228516 10.673773 -0.564551
v  -22.343151 10.551295 -0.760382
v  -22.303942 10.897686 -0.316853
v  -22.396568 10.812281 -0.429189
v  -22.372583 10.689372 -0.573219
v  -22.497000 10.572406 -0.765841
v  -22.416113 10.926399 -0.317344
v  -22.513603 10.845763 -0.430750
v  -22.507595 10.715160 -0.578117
v  -22.640511 10.604490 -0.769453
v  -22.519924 10.967113 -0.319669
v  -22.621128 10.892304 -0.431700
v  -22.631618 10.754258 -0.579675
v  -22.777607 10.650974 -0.769228
v  -22.616819 11.015178 -0.324144
v  -22.752180 10.807675 -0.578526
v  -22.915623 10.711049 -0.767040
v  -22.437706 11.033472 -0.235128
v  -22.468138 11.131405 -0.184045
v  -22.537750 11.075296 -0.245686
v  -22.576389 11.163792 -0.210366
v  -22.400509 11.185702 -0.135536
v  -22.447767 11.267342 -0.124034
v  -22.514000 11.215588 -0.162837
v  -22.577625 11.286028 -0.168761
v  -22.641474 11.229656 -0.212325
v  -22.737701 11.274497 -0.248956
v  -22.812101 11.193047 -0.320128
v  -22.507593 11.341713 -0.133719
v  -22.582169 11.406838 -0.165744
v  -22.662878 11.343927 -0.200104
v  -22.772346 11.385501 -0.262760
v  -22.869621 11.297148 -0.327699
v  -23.027416 11.288622 -0.467767
v  -23.153202 11.142002 -0.609779
v  -22.968513 11.182528 -0.433155
v  -22.672779 11.456342 -0.228627
v  -22.768320 11.473849 -0.326902
v  -22.894686 11.398514 -0.377828
v  -23.011497 11.364004 -0.550074
v  -23.174246 11.234692 -0.677453
v  -23.279608 11.116912 -0.935969
v  -23.458763 10.921465 -1.151942
v  -23.331997 11.055365 -0.857944
v  -22.852291 11.440580 -0.462867
v  -22.919930 11.361635 -0.628889
v  -23.097063 11.268421 -0.758592
v  -23.154737 11.120412 -0.994887
v  -23.345299 10.952490 -1.214323
v  -23.385384 10.765837 -1.511158
v  -23.578159 10.576140 -1.779591
v  -23.530933 10.754257 -1.464241
v  -22.970821 11.243101 -0.817701
v  -23.008652 11.091094 -1.035159
v  -23.195814 10.944952 -1.254911
v  -23.218180 10.751450 -1.542352
v  -23.412333 10.574319 -1.819941
v  -23.439188 10.400393 -2.134250
v  -23.663382 10.258344 -2.408750
v  -23.616032 10.407341 -2.091176
v  -23.033466 10.919344 -1.282584
v  -23.043404 10.728945 -1.565378
v  -23.234196 10.559359 -1.850921
v  -23.250401 10.393181 -2.172955
v  -23.480633 10.258939 -2.462698
v  -23.536798 10.154909 -2.808329
v  -23.736734 10.144877 -2.739757
v  -23.044434 10.541210 -1.875778
v  -23.034012 10.379390 -2.202640
v  -23.263504 10.257977 -2.512866
v  -22.865543 10.889367 -1.301905
v  -22.859802 10.702107 -1.580222
v  -22.692211 10.854955 -1.308937
v  -22.670082 10.668518 -1.580167
v  -22.840355 10.515326 -1.887522
v  -22.700094 11.018532 -1.082051
v  -22.554127 11.119467 -0.903649
v  -22.539925 10.981256 -1.081944
v  -22.406952 11.084590 -0.894213
v  -22.376457 10.946900 -1.065802
v  -22.515560 10.818422 -1.301732
v  -22.431274 11.194963 -0.761472
v  -22.328640 11.251789 -0.644374
v  -22.295620 11.162354 -0.745217
v  -22.203087 11.219227 -0.626038
v  -22.156574 11.132256 -0.717567
v  -22.255558 11.053990 -0.869465
v  -22.209373 10.914635 -1.040453
v  -22.072622 11.187432 -0.598353
v  -22.018120 11.098081 -0.681959
v  -22.104296 11.024073 -0.837678
v  -22.123520 11.262233 -0.522968
v  -22.053480 11.294206 -0.433223
v  -22.001915 11.227427 -0.494074
v  -21.897350 11.177796 -0.446031
v  -21.947655 11.144497 -0.557360
v  -22.241861 11.295768 -0.541710
v  -22.166325 11.328364 -0.451965
v  -22.205780 11.388353 -0.384901
v  -22.138702 11.403555 -0.311884
v  -22.098013 11.352079 -0.371952
v  -22.037512 11.365620 -0.299711
v  -22.183023 11.448498 -0.253813
v  -22.122650 11.439848 -0.189453
v  -22.076553 11.407308 -0.244179
v  -22.023777 11.391167 -0.186737
v  -22.182405 11.457611 -0.141000
v  -22.138597 11.410755 -0.095214
v  -22.074745 11.408218 -0.134712
v  -22.038239 11.357397 -0.098035
v  -21.981411 11.350422 -0.143253
v  -22.108425 11.347785 -0.073544
v  -22.086464 11.280126 -0.072553
v  -22.014477 11.294167 -0.086358
v  -21.930319 11.218504 -0.123126
v  -21.947525 11.291716 -0.119849
v  -21.900887 11.269177 -0.177764
v  -21.870243 11.187119 -0.182194
v  -21.837151 11.146555 -0.268831
v  -21.864544 11.091129 -0.207647
v  -21.815586 11.045754 -0.299877
v  -21.831570 11.111734 -0.373208
v  -21.885784 10.990924 -0.248523
v  -22.183483 11.322703 -0.067526
v  -22.258118 11.285217 -0.076788
v  -22.225681 11.208172 -0.094221
v  -22.156570 11.251657 -0.076076
v  -22.131535 11.181812 -0.098382
v  -22.214558 11.394701 -0.077278
v  -22.194429 11.128572 -0.126593
v  -22.158556 11.046316 -0.172518
v  -22.294395 11.154284 -0.125028
v  -22.261395 11.066219 -0.170000
v  -22.334068 10.999151 -0.232127
v  -22.225971 10.975044 -0.233096
v  -22.330864 11.238249 -0.100025
v  -22.364273 11.095493 -0.171567
v  -22.113140 10.961349 -0.231671
v  -22.296103 11.361156 -0.078193
v  -22.374487 11.317820 -0.094425
v  -22.428188 11.393253 -0.109084
v  -22.256472 11.458186 -0.108287
v  -22.341824 11.434994 -0.099047
v  -22.400074 11.496410 -0.141923
v  -22.493687 11.462366 -0.145142
v  -22.569881 11.508181 -0.208996
v  -22.312489 11.500374 -0.162461
v  -22.375690 11.518636 -0.233836
v  -22.466568 11.528279 -0.211514
v  -22.531929 11.525236 -0.296010
v  -22.645405 11.512959 -0.301155
v  -22.710999 11.480616 -0.411866
v  -22.438488 11.509424 -0.310454
v  -22.589159 11.494444 -0.384322
v  -22.766361 11.415315 -0.541667
v  -22.304005 11.486072 -0.271372
v  -22.368145 11.471833 -0.344214
v  -22.239491 11.482901 -0.202021
v  -22.249493 11.441000 -0.324025
v  -22.277073 11.364063 -0.463731
v  -22.316235 11.423515 -0.396197
v  -22.384766 11.398226 -0.470475
v  -22.356329 11.330801 -0.551596
v  -22.449614 11.287663 -0.650509
v  -22.561775 11.232800 -0.759846
v  -22.856373 11.055027 -1.064821
v  -22.696972 11.158207 -0.892314
v  -22.687292 11.274000 -0.735705
v  -22.836178 11.200009 -0.861894
v  -22.807987 11.320621 -0.690386
v  -23.908724 10.136313 -2.670864
v  -23.833063 10.254469 -2.351335
v  -23.775471 10.394855 -2.037856
v  -23.716106 10.547556 -1.722007
v  -23.623158 10.704243 -1.398342
v  -23.469017 10.844929 -1.084838
v  -23.269791 10.957247 -0.805132
v  -23.165346 10.861099 -0.775694
v  -23.069450 11.038364 -0.580043
v  -21.996368 10.961111 -0.228257
v  -23.046869 10.779945 -0.766281
# 1538 vertices

vt 0.000000 0.000000 0.000000
vt 0.000000 0.000000 0.000000
vt 0.000000 0.000000 0.000000
vt 0.000000 0.000000 0.000000
vt 0.000000 0.000000 0.000000
vt 0.000000 0.000000 0.000000
vt 0.000000 0.000000 0.000000
vt 0.000000 0.000000 0.000000
vt 0.000000 0.000000 0.000000
vt 0.000000 0.000000 0.000000
vt 0.000000 0.000000 0.000000
vt 0.000000 0.000000 0.000000
vt 0.000000 0.000000 0.000000
vt 0.000000 0.000000 0.000000
vt 0.000000 0.000000 0.000000
vt 0.000000 0.000000 0.000000
vt 0.000000 0.000000 0.000000
vt 0.000000 0.000000 0.000000
vt 0.000000 0.000000 0.000000
vt 0.000000 0.000000 0.000000
vt 0.000000 0.000000 0.000000
vt 0.000000 0.000000 0.000000
vt 0.000000 0.000000 0.000000
vt 0.000000 0.000000 0.000000
vt 0.000000 0.000000 0.000000
vt 0.000000 0.000000 0.000000
vt 0.000000 0.000000 0.000000
vt 0.000000 0.000000 0.000000
vt 0.000000 0.000000 0.000000
vt 0.000000 0.000000 0.000000
vt 0.000000 0.000000 0.000000
vt 0.000000 0.000000 0.000000
vt 0.000000 0.000000 0.000000
vt 0.000000 0.000000 0.000000
vt 0.000000 0.000000 0.000000
vt 0.000000 0.000000 0.000000
vt 0.000000 0.000000 0.000000
vt 0.000000 0.000000 0.000000
vt 0.000000 0.000000 0.000000
vt 0.000000 0.000000 0.000000
vt 0.000000 0.000000 0.000000
vt 0.000000 0.000000 0.000000
vt 0.000000 0.000000 0.000000
vt 0.000000 0.000000 0.000000
vt 0.000000 0.000000 0.000000
vt 0.000000 0.000000 0.000000
vt 0.000000 0.000000 0.000000
vt 0.000000 0.000000 0.000000
vt 0.000000 0.000000 0.000000
vt 0.000000 0.000000 0.000000
vt 0.000000 0.000000 0.000000
vt 0.000000 0.000000 0.000000
vt 0.000000 0.000000 0.000000
vt 0.000000 0.000000 0.000000
vt 0.000000 0.000000 0.000000
vt 0.000000 0.000000 0.000000
vt 0.000000 0.000000 0.000000
vt 0.000000 0.000000 0.000000
vt 0.000000 0.000000 0.000000
vt 0.000000 0.000000 0.000000
vt 0.000000 0.000000 0.000000
vt 0.000000 0.000000 0.000000
vt 0.000000 0.000000 0.000000
vt 0.000000 0.000000 0.000000
vt 0.000000 0.000000 0.000000
vt 0.000000 0.000000 0.000000
vt 0.000000 0.000000 0.000000
vt 0.000000 0.000000 0.000000
vt 0.000000 0.000000 0.000000
vt 0.000000 0.000000 0.000000
vt 0.000000 0.000000 0.000000
vt 0.000000 0.000000 0.000000
vt 0.000000 0.000000 0.000000
vt 0.000000 0.000000 0.000000
vt 0.000000 0.000000 0.000000
vt 0.000000 0.000000 0.000000
vt 0.000000 0.000000 0.000000
vt 0.000000 0.000000 0.000000
vt 0.000000 0.000000 0.000000
vt 0.000000 0.000000 0.000000
vt 0.000000 0.000000 0.000000
vt 0.000000 0.000000 0.000000
vt 0.000000 0.000000 0.000000
vt 0.000000 0.000000 0.000000
vt 0.000000 0.000000 0.000000
vt 0.000000 0.000000 0.000000
vt 0.000000 0.000000 0.000000
vt 0.000000 0.000000 0.000000
vt 0.000000 0.000000 0.000000
vt 0.000000 0.000000 0.000000
vt 0.000000 0.000000 0.000000
vt 0.000000 0.000000 0.000000
vt 0.000000 0.000000 0.000000
vt 0.000000 0.000000 0.000000
vt 0.000000 0.000000 0.000000
vt 0.000000 0.000000 0.000000
vt 0.000000 0.000000 0.000000
vt 0.000000 0.000000 0.000000
vt 0.000000 0.000000 0.000000
vt 0.000000 0.000000 0.000000
vt 0.000000 0.000000 0.000000
vt 0.000000 0.000000 0.000000
vt 0.000000 0.000000 0.000000
vt 0.000000 0.000000 0.000000
vt 0.000000 0.000000 0.000000
vt 0.000000 0.000000 0.000000
vt 0.000000 0.000000 0.000000
vt 0.000000 0.000000 0.000000
vt 0.000000 0.000000 0.000000
vt 0.000000 0.000000 0.000000
vt 0.000000 0.000000 0.000000
vt 0.000000 0.000000 0.000000
vt 0.000000 0.000000 0.000000
vt 0.000000 0.000000 0.000000
vt 0.000000 0.000000 0.000000
vt 0.000000 0.000000 0.000000
vt 0.000000 0.000000 0.000000
vt 0.000000 0.000000 0.000000
vt 0.000000 0.000000 0.000000
vt 0.000000 0.000000 0.000000
vt 0.000000 0.000000 0.000000
vt 0.000000 0.000000 0.000000
vt 0.000000 0.000000 0.000000
vt 0.000000 0.000000 0.000000
vt 0.000000 0.000000 0.000000
vt 0.000000 0.000000 0.000000
vt 0.000000 0.000000 0.000000
vt 0.000000 0.000000 0.000000
vt 0.000000 0.000000 0.000000
vt 0.000000 0.000000 0.000000
vt 0.000000 0.000000 0.000000
vt 0.000000 0.000000 0.000000
vt 0.000000 0.000000 0.000000
vt 0.000000 0.000000 0.000000
vt 0.000000 0.000000 0.000000
vt 0.000000 0.000000 0.000000
vt 0.000000 0.000000 0.000000
vt 0.000000 0.000000 0.000000
vt 0.000000 0.000000 0.000000
vt 0.000000 0.000000 0.000000
vt 0.000000 0.000000 0.000000
vt 0.000000 0.000000 0.000000
vt 0.000000 0.000000 0.000000
vt 0.000000 0.000000 0.000000
vt 0.000000 0.000000 0.000000
vt 0.000000 0.000000 0.000000
vt 0.000000 0.000000 0.000000
vt 0.000000 0.000000 0.000000
vt 0.000000 0.000000 0.000000
vt 0.000000 0.000000 0.000000
vt 0.000000 0.000000 0.000000
vt 0.000000 0.000000 0.000000
vt 0.000000 0.000000 0.000000
vt 0.000000 0.000000 0.000000
vt 0.000000 0.000000 0.000000
vt 0.000000 0.000000 0.000000
vt 0.000000 0.000000 0.000000
vt 0.000000 0.000000 0.000000
vt 0.000000 0.000000 0.000000
vt 0.000000 0.000000 0.000000
vt 0.000000 0.000000 0.000000
vt 0.000000 0.000000 0.000000
vt 0.000000 0.000000 0.000000
vt 0.000000 0.000000 0.000000
vt 0.000000 0.000000 0.000000
vt 0.000000 0.000000 0.000000
vt 0.000000 0.000000 0.000000
vt 0.000000 0.000000 0.000000
vt 0.000000 0.000000 0.000000
vt 0.000000 0.000000 0.000000
vt 0.000000 0.000000 0.000000
vt 0.000000 0.000000 0.000000
vt 0.000000 0.000000 0.000000
vt 0.000000 0.000000 0.000000
vt 0.000000 0.000000 0.000000
vt 0.000000 0.000000 0.000000
vt 0.000000 0.000000 0.000000
vt 0.000000 0.000000 0.000000
vt 0.000000 0.000000 0.000000
vt 0.000000 0.000000 0.000000
vt 0.000000 0.000000 0.000000
vt 0.000000 0.000000 0.000000
vt 0.000000 0.000000 0.000000
vt 0.000000 0.000000 0.000000
vt 0.000000 0.000000 0.000000
vt 0.000000 0.000000 0.000000
vt 0.000000 0.000000 0.000000
vt 0.000000 0.000000 0.000000
vt 0.000000 0.000000 0.000000
vt 0.000000 0.000000 0.000000
vt 0.000000 0.000000 0.000000
vt 0.000000 0.000000 0.000000
vt 0.000000 0.000000 0.000000
vt 0.000000 0.000000 0.000000
vt 0.000000 0.000000 0.000000
vt 0.000000 0.000000 0.000000
vt 0.000000 0.000000 0.000000
vt 0.000000 0.000000 0.000000
vt 0.000000 0.000000 0.000000
vt 0.000000 0.000000 0.000000
vt 0.000000 0.000000 0.000000
vt 0.000000 0.000000 0.000000
vt 0.000000 0.000000 0.000000
vt 0.000000 0.000000 0.000000
vt 0.000000 0.000000 0.000000
vt 0.000000 0.000000 0.000000
vt 0.000000 0.000000 0.000000
vt 0.000000 0.000000 0.000000
vt 0.000000 0.000000 0.000000
vt 0.000000 0.000000 0.000000
vt 0.000000 0.000000 0.000000
vt 0.000000 0.000000 0.000000
vt 0.000000 0.000000 0.000000
vt 0.000000 0.000000 0.000000
vt 0.000000 0.000000 0.000000
vt 0.000000 0.000000 0.000000
vt 0.000000 0.000000 0.000000
vt 0.000000 0.000000 0.000000
vt 0.000000 0.000000 0.000000
vt 0.000000 0.000000 0.000000
vt 0.000000 0.000000 0.000000
vt 0.000000 0.000000 0.000000
vt 0.000000 0.000000 0.000000
vt 0.000000 0.000000 0.000000
vt 0.000000 0.000000 0.000000
vt 0.000000 0.000000 0.000000
vt 0.000000 0.000000 0.000000
vt 0.000000 0.000000 0.000000
vt 0.000000 0.000000 0.000000
vt 0.000000 0.000000 0.000000
vt 0.000000 0.000000 0.000000
vt 0.000000 0.000000 0.000000
vt 0.000000 0.000000 0.000000
vt 0.000000 0.000000 0.000000
vt 0.000000 0.000000 0.000000
vt 0.000000 0.000000 0.000000
vt 0.000000 0.000000 0.000000
vt 0.000000 0.000000 0.000000
vt 0.000000 0.000000 0.000000
vt 0.000000 0.000000 0.000000
vt 0.000000 0.000000 0.000000
vt 0.000000 0.000000 0.000000
vt 0.000000 0.000000 0.000000
vt 0.000000 0.000000 0.000000
vt 0.000000 0.000000 0.000000
vt 0.000000 0.000000 0.000000
vt 0.000000 0.000000 0.000000
vt 0.000000 0.000000 0.000000
vt 0.000000 0.000000 0.000000
vt 0.000000 0.000000 0.000000
vt 0.000000 0.000000 0.000000
vt 0.000000 0.000000 0.000000
vt 0.000000 0.000000 0.000000
vt 0.000000 0.000000 0.000000
vt 0.000000 0.000000 0.000000
vt 0.000000 0.000000 0.000000
vt 0.000000 0.000000 0.000000
vt 0.000000 0.000000 0.000000
vt 0.000000 0.000000 0.000000
vt 0.000000 0.000000 0.000000
vt 0.000000 0.000000 0.000000
vt 0.000000 0.000000 0.000000
vt 0.000000 0.000000 0.000000
vt 0.000000 0.000000 0.000000
vt 0.000000 0.000000 0.000000
vt 0.000000 0.000000 0.000000
vt 0.000000 0.000000 0.000000
vt 0.000000 0.000000 0.000000
vt 0.000000 0.000000 0.000000
vt 0.000000 0.000000 0.000000
vt 0.000000 0.000000 0.000000
vt 0.000000 0.000000 0.000000
vt 0.000000 0.000000 0.000000
vt 0.000000 0.000000 0.000000
vt 0.000000 0.000000 0.000000
vt 0.000000 0.000000 0.000000
vt 0.000000 0.000000 0.000000
vt 0.000000 0.000000 0.000000
vt 0.000000 0.000000 0.000000
vt 0.000000 0.000000 0.000000
vt 0.000000 0.000000 0.000000
vt 0.000000 0.000000 0.000000
vt 0.000000 0.000000 0.000000
vt 0.000000 0.000000 0.000000
vt 0.000000 0.000000 0.000000
vt 0.000000 0.000000 0.000000
vt 0.000000 0.000000 0.000000
vt 0.000000 0.000000 0.000000
vt 0.000000 0.000000 0.000000
vt 0.000000 0.000000 0.000000
vt 0.000000 0.000000 0.000000
vt 0.000000 0.000000 0.000000
vt 0.000000 0.000000 0.000000
vt 0.000000 0.000000 0.000000
vt 0.000000 0.000000 0.000000
vt 0.000000 0.000000 0.000000
vt 0.000000 0.000000 0.000000
vt 0.000000 0.000000 0.000000
vt 0.000000 0.000000 0.000000
vt 0.000000 0.000000 0.000000
vt 0.000000 0.000000 0.000000
vt 0.000000 0.000000 0.000000
vt 0.000000 0.000000 0.000000
vt 0.000000 0.000000 0.000000
vt 0.000000 0.000000 0.000000
vt 0.000000 0.000000 0.000000
vt 0.000000 0.000000 0.000000
vt 0.000000 0.000000 0.000000
vt 0.000000 0.000000 0.000000
vt 0.000000 0.000000 0.000000
vt 0.000000 0.000000 0.000000
vt 0.000000 0.000000 0.000000
vt 0.000000 0.000000 0.000000
vt 0.000000 0.000000 0.000000
vt 0.000000 0.000000 0.000000
vt 0.000000 0.000000 0.000000
vt 0.000000 0.000000 0.000000
vt 0.000000 0.000000 0.000000
vt 0.000000 0.000000 0.000000
vt 0.000000 0.000000 0.000000
vt 0.000000 0.000000 0.000000
vt 0.000000 0.000000 0.000000
vt 0.000000 0.000000 0.000000
vt 0.000000 0.000000 0.000000
vt 0.000000 0.000000 0.000000
vt 0.000000 0.000000 0.000000
vt 0.000000 0.000000 0.000000
vt 0.000000 0.000000 0.000000
vt 0.000000 0.000000 0.000000
vt 0.000000 0.000000 0.000000
vt 0.000000 0.000000 0.000000
vt 0.000000 0.000000 0.000000
vt 0.000000 0.000000 0.000000
vt 0.000000 0.000000 0.000000
vt 0.000000 0.000000 0.000000
vt 0.000000 0.000000 0.000000
vt 0.000000 0.000000 0.000000
vt 0.000000 0.000000 0.000000
vt 0.000000 0.000000 0.000000
vt 0.000000 0.000000 0.000000
vt 0.000000 0.000000 0.000000
vt 0.000000 0.000000 0.000000
vt 0.000000 0.000000 0.000000
vt 0.000000 0.000000 0.000000
vt 0.000000 0.000000 0.000000
vt 0.000000 0.000000 0.000000
vt 0.000000 0.000000 0.000000
vt 0.000000 0.000000 0.000000
vt 0.000000 0.000000 0.000000
vt 0.000000 0.000000 0.000000
vt 0.000000 0.000000 0.000000
vt 0.000000 0.000000 0.000000
vt 0.000000 0.000000 0.000000
vt 0.000000 0.000000 0.000000
vt 0.000000 0.000000 0.000000
vt 0.000000 0.000000 0.000000
vt 0.000000 0.000000 0.000000
vt 0.000000 0.000000 0.000000
vt 0.000000 0.000000 0.000000
vt 0.000000 0.000000 0.000000
vt 0.000000 0.000000 0.000000
vt 0.000000 0.000000 0.000000
vt 0.000000 0.000000 0.000000
vt 0.000000 0.000000 0.000000
vt 0.000000 0.000000 0.000000
vt 0.000000 0.000000 0.000000
vt 0.000000 0.000000 0.000000
vt 0.000000 0.000000 0.000000
vt 0.000000 0.000000 0.000000
vt 0.000000 0.000000 0.000000
vt 0.000000 0.000000 0.000000
vt 0.000000 0.000000 0.000000
vt 0.000000 0.000000 0.000000
vt 0.000000 0.000000 0.000000
vt 0.000000 0.000000 0.000000
vt 0.000000 0.000000 0.000000
vt 0.000000 0.000000 0.000000
vt 0.000000 0.000000 0.000000
vt 0.000000 0.000000 0.000000
vt 0.000000 0.000000 0.000000
vt 0.000000 0.000000 0.000000
vt 0.000000 0.000000 0.000000
vt 0.000000 0.000000 0.000000
vt 0.000000 0.000000 0.000000
vt 0.000000 0.000000 0.000000
vt 0.000000 0.000000 0.000000
vt 0.000000 0.000000 0.000000
vt 0.000000 0.000000 0.000000
vt 0.000000 0.000000 0.000000
vt 0.000000 0.000000 0.000000
vt 0.000000 0.000000 0.000000
vt 0.000000 0.000000 0.000000
vt 0.000000 0.000000 0.000000
vt 0.000000 0.000000 0.000000
vt 0.000000 0.000000 0.000000
vt 0.000000 0.000000 0.000000
vt 0.000000 0.000000 0.000000
vt 0.000000 0.000000 0.000000
vt 0.000000 0.000000 0.000000
vt 0.000000 0.000000 0.000000
vt 0.000000 0.000000 0.000000
vt 0.000000 0.000000 0.000000
vt 0.000000 0.000000 0.000000
vt 0.000000 0.000000 0.000000
vt 0.000000 0.000000 0.000000
vt 0.000000 0.000000 0.000000
vt 0.000000 0.000000 0.000000
vt 0.000000 0.000000 0.000000
vt 0.000000 0.000000 0.000000
vt 0.000000 0.000000 0.000000
vt 0.000000 0.000000 0.000000
vt 0.000000 0.000000 0.000000
vt 0.000000 0.000000 0.000000
vt 0.000000 0.000000 0.000000
vt 0.000000 0.000000 0.000000
vt 0.000000 0.000000 0.000000
vt 0.000000 0.000000 0.000000
vt 0.000000 0.000000 0.000000
vt 0.000000 0.000000 0.000000
vt 0.000000 0.000000 0.000000
vt 0.000000 0.000000 0.000000
vt 0.000000 0.000000 0.000000
vt 0.000000 0.000000 0.000000
vt 0.000000 0.000000 0.000000
vt 0.000000 0.000000 0.000000
vt 0.000000 0.000000 0.000000
vt 0.000000 0.000000 0.000000
vt 0.000000 0.000000 0.000000
vt 0.000000 0.000000 0.000000
vt 0.000000 0.000000 0.000000
vt 0.000000 0.000000 0.000000
vt 0.000000 0.000000 0.000000
vt 0.000000 0.000000 0.000000
vt 0.000000 0.000000 0.000000
vt 0.000000 0.000000 0.000000
vt 0.000000 0.000000 0.000000
vt 0.000000 0.000000 0.000000
vt 0.000000 0.000000 0.000000
vt 0.000000 0.000000 0.000000
vt 0.000000 0.000000 0.000000
vt 0.000000 0.000000 0.000000
vt 0.000000 0.000000 0.000000
vt 0.000000 0.000000 0.000000
vt 0.000000 0.000000 0.000000
vt 0.000000 0.000000 0.000000
vt 0.000000 0.000000 0.000000
vt 0.000000 0.000000 0.000000
vt 0.000000 0.000000 0.000000
vt 0.000000 0.000000 0.000000
vt 0.000000 0.000000 0.000000
vt 0.000000 0.000000 0.000000
vt 0.000000 0.000000 0.000000
vt 0.000000 0.000000 0.000000
vt 0.000000 0.000000 0.000000
vt 0.000000 0.000000 0.000000
vt 0.000000 0.000000 0.000000
vt 0.000000 0.000000 0.000000
vt 0.000000 0.000000 0.000000
vt 0.000000 0.000000 0.000000
vt 0.000000 0.000000 0.000000
vt 0.000000 0.000000 0.000000
vt 0.000000 0.000000 0.000000
vt 0.000000 0.000000 0.000000
vt 0.000000 0.000000 0.000000
vt 0.000000 0.000000 0.000000
vt 0.000000 0.000000 0.000000
vt 0.000000 0.000000 0.000000
vt 0.000000 0.000000 0.000000
vt 0.000000 0.000000 0.000000
vt 0.000000 0.000000 0.000000
vt 0.000000 0.000000 0.000000
vt 0.000000 0.000000 0.000000
vt 0.000000 0.000000 0.000000
vt 0.000000 0.000000 0.000000
vt 0.000000 0.000000 0.000000
vt 0.000000 0.000000 0.000000
vt 0.000000 0.000000 0.000000
vt 0.000000 0.000000 0.000000
vt 0.000000 0.000000 0.000000
vt 0.000000 0.000000 0.000000
vt 0.000000 0.000000 0.000000
vt 0.000000 0.000000 0.000000
vt 0.000000 0.000000 0.000000
vt 0.000000 0.000000 0.000000
vt 0.000000 0.000000 0.000000
vt 0.000000 0.000000 0.000000
vt 0.000000 0.000000 0.000000
vt 0.000000 0.000000 0.000000
vt 0.000000 0.000000 0.000000
vt 0.000000 0.000000 0.000000
vt 0.000000 0.000000 0.000000
vt 0.000000 0.000000 0.000000
vt 0.000000 0.000000 0.000000
vt 0.000000 0.000000 0.000000
vt 0.000000 0.000000 0.000000
vt 0.000000 0.000000 0.000000
vt 0.000000 0.000000 0.000000
vt 0.000000 0.000000 0.000000
vt 0.000000 0.000000 0.000000
vt 0.000000 0.000000 0.000000
vt 0.000000 0.000000 0.000000
vt 0.000000 0.000000 0.000000
vt 0.000000 0.000000 0.000000
vt 0.000000 0.000000 0.000000
vt 0.000000 0.000000 0.000000
vt 0.000000 0.000000 0.000000
vt 0.000000 0.000000 0.000000
vt 0.000000 0.000000 0.000000
vt 0.000000 0.000000 0.000000
vt 0.000000 0.000000 0.000000
vt 0.000000 0.000000 0.000000
vt 0.000000 0.000000 0.000000
vt 0.000000 0.000000 0.000000
vt 0.000000 0.000000 0.000000
vt 0.000000 0.000000 0.000000
vt 0.000000 0.000000 0.000000
vt 0.000000 0.000000 0.000000
vt 0.000000 0.000000 0.000000
vt 0.000000 0.000000 0.000000
vt 0.000000 0.000000 0.000000
vt 0.000000 0.000000 0.000000
vt 0.000000 0.000000 0.000000
vt 0.000000 0.000000 0.000000
vt 0.000000 0.000000 0.000000
vt 0.000000 0.000000 0.000000
vt 0.000000 0.000000 0.000000
vt 0.000000 0.000000 0.000000
vt 0.000000 0.000000 0.000000
vt 0.000000 0.000000 0.000000
vt 0.000000 0.000000 0.000000
vt 0.000000 0.000000 0.000000
vt 0.000000 0.000000 0.000000
vt 0.000000 0.000000 0.000000
vt 0.000000 0.000000 0.000000
vt 0.000000 0.000000 0.000000
vt 0.000000 0.000000 0.000000
vt 0.000000 0.000000 0.000000
vt 0.000000 0.000000 0.000000
vt 0.000000 0.000000 0.000000
vt 0.000000 0.000000 0.000000
vt 0.000000 0.000000 0.000000
vt 0.000000 0.000000 0.000000
vt 0.000000 0.000000 0.000000
vt 0.000000 0.000000 0.000000
vt 0.000000 0.000000 0.000000
vt 0.000000 0.000000 0.000000
vt 0.000000 0.000000 0.000000
vt 0.000000 0.000000 0.000000
vt 0.000000 0.000000 0.000000
vt 0.000000 0.000000 0.000000
vt 0.000000 0.000000 0.000000
vt 0.000000 0.000000 0.000000
vt 0.000000 0.000000 0.000000
vt 0.000000 0.000000 0.000000
vt 0.000000 0.000000 0.000000
vt 0.000000 0.000000 0.000000
vt 0.000000 0.000000 0.000000
vt 0.000000 0.000000 0.000000
vt 0.000000 0.000000 0.000000
vt 0.000000 0.000000 0.000000
vt 0.000000 0.000000 0.000000
vt 0.000000 0.000000 0.000000
vt 0.000000 0.000000 0.000000
vt 0.000000 0.000000 0.000000
vt 0.000000 0.000000 0.000000
vt 0.000000 0.000000 0.000000
vt 0.000000 0.000000 0.000000
vt 0.000000 0.000000 0.000000
vt 0.000000 0.000000 0.000000
vt 0.000000 0.000000 0.000000
vt 0.000000 0.000000 0.000000
vt 0.000000 0.000000 0.000000
vt 0.000000 0.000000 0.000000
vt 0.000000 0.000000 0.000000
vt 0.000000 0.000000 0.000000
vt 0.000000 0.000000 0.000000
vt 0.000000 0.000000 0.000000
vt 0.000000 0.000000 0.000000
vt 0.000000 0.000000 0.000000
vt 0.000000 0.000000 0.000000
vt 0.000000 0.000000 0.000000
vt 0.000000 0.000000 0.000000
vt 0.000000 0.000000 0.000000
vt 0.000000 0.000000 0.000000
vt 0.000000 0.000000 0.000000
vt 0.000000 0.000000 0.000000
vt 0.000000 0.000000 0.000000
vt 0.000000 0.000000 0.000000
vt 0.000000 0.000000 0.000000
vt 0.000000 0.000000 0.000000
vt 0.000000 0.000000 0.000000
vt 0.000000 0.000000 0.000000
vt 0.000000 0.000000 0.000000
vt 0.000000 0.000000 0.000000
vt 0.000000 0.000000 0.000000
vt 0.000000 0.000000 0.000000
vt 0.000000 0.000000 0.000000
vt 0.000000 0.000000 0.000000
vt 0.000000 0.000000 0.000000
vt 0.000000 0.000000 0.000000
vt 0.000000 0.000000 0.000000
vt 0.000000 0.000000 0.000000
vt 0.000000 0.000000 0.000000
vt 0.000000 0.000000 0.000000
vt 0.000000 0.000000 0.000000
vt 0.000000 0.000000 0.000000
vt 0.000000 0.000000 0.000000
vt 0.000000 0.000000 0.000000
vt 0.000000 0.000000 0.000000
vt 0.000000 0.000000 0.000000
vt 0.000000 0.000000 0.000000
vt 0.000000 0.000000 0.000000
vt 0.000000 0.000000 0.000000
vt 0.000000 0.000000 0.000000
vt 0.000000 0.000000 0.000000
vt 0.000000 0.000000 0.000000
vt 0.000000 0.000000 0.000000
vt 0.000000 0.000000 0.000000
vt 0.000000 0.000000 0.000000
vt 0.000000 0.000000 0.000000
vt 0.000000 0.000000 0.000000
vt 0.000000 0.000000 0.000000
vt 0.000000 0.000000 0.000000
vt 0.000000 0.000000 0.000000
vt 0.000000 0.000000 0.000000
vt 0.000000 0.000000 0.000000
vt 0.000000 0.000000 0.000000
vt 0.000000 0.000000 0.000000
vt 0.000000 0.000000 0.000000
vt 0.000000 0.000000 0.000000
vt 0.000000 0.000000 0.000000
vt 0.000000 0.000000 0.000000
vt 0.000000 0.000000 0.000000
vt 0.000000 0.000000 0.000000
vt 0.000000 0.000000 0.000000
vt 0.000000 0.000000 0.000000
vt 0.000000 0.000000 0.000000
vt 0.000000 0.000000 0.000000
vt 0.000000 0.000000 0.000000
vt 0.000000 0.000000 0.000000
vt 0.000000 0.000000 0.000000
vt 0.000000 0.000000 0.000000
vt 0.000000 0.000000 0.000000
vt 0.000000 0.000000 0.000000
vt 0.000000 0.000000 0.000000
vt 0.000000 0.000000 0.000000
vt 0.000000 0.000000 0.000000
vt 0.000000 0.000000 0.000000
vt 0.000000 0.000000 0.000000
vt 0.000000 0.000000 0.000000
vt 0.000000 0.000000 0.000000
vt 0.000000 0.000000 0.000000
vt 0.000000 0.000000 0.000000
vt 0.000000 0.000000 0.000000
vt 0.000000 0.000000 0.000000
vt 0.000000 0.000000 0.000000
vt 0.000000 0.000000 0.000000
vt 0.000000 0.000000 0.000000
vt 0.000000 0.000000 0.000000
vt 0.000000 0.000000 0.000000
vt 0.000000 0.000000 0.000000
vt 0.000000 0.000000 0.000000
vt 0.000000 0.000000 0.000000
vt 0.000000 0.000000 0.000000
vt 0.000000 0.000000 0.000000
vt 0.000000 0.000000 0.000000
vt 0.000000 0.000000 0.000000
vt 0.000000 0.000000 0.000000
vt 0.000000 0.000000 0.000000
vt 0.000000 0.000000 0.000000
vt 0.000000 0.000000 0.000000
vt 0.000000 0.000000 0.000000
vt 0.000000 0.000000 0.000000
vt 0.000000 0.000000 0.000000
vt 0.000000 0.000000 0.000000
vt 0.000000 0.000000 0.000000
vt 0.000000 0.000000 0.000000
vt 0.000000 0.000000 0.000000
vt 0.000000 0.000000 0.000000
vt 0.000000 0.000000 0.000000
vt 0.000000 0.000000 0.000000
vt 0.000000 0.000000 0.000000
vt 0.000000 0.000000 0.000000
vt 0.000000 0.000000 0.000000
vt 0.000000 0.000000 0.000000
vt 0.000000 0.000000 0.000000
vt 0.000000 0.000000 0.000000
vt 0.000000 0.000000 0.000000
vt 0.000000 0.000000 0.000000
vt 0.000000 0.000000 0.000000
vt 0.000000 0.000000 0.000000
vt 0.000000 0.000000 0.000000
vt 0.000000 0.000000 0.000000
vt 0.000000 0.000000 0.000000
vt 0.000000 0.000000 0.000000
vt 0.000000 0.000000 0.000000
vt 0.000000 0.000000 0.000000
vt 0.000000 0.000000 0.000000
vt 0.000000 0.000000 0.000000
vt 0.000000 0.000000 0.000000
vt 0.000000 0.000000 0.000000
vt 0.000000 0.000000 0.000000
vt 0.000000 0.000000 0.000000
vt 0.000000 0.000000 0.000000
vt 0.000000 0.000000 0.000000
vt 0.000000 0.000000 0.000000
vt 0.000000 0.000000 0.000000
vt 0.000000 0.000000 0.000000
vt 0.000000 0.000000 0.000000
vt 0.000000 0.000000 0.000000
vt 0.000000 0.000000 0.000000
vt 0.000000 0.000000 0.000000
vt 0.000000 0.000000 0.000000
vt 0.000000 0.000000 0.000000
vt 0.000000 0.000000 0.000000
vt 0.000000 0.000000 0.000000
vt 0.000000 0.000000 0.000000
vt 0.000000 0.000000 0.000000
vt 0.000000 0.000000 0.000000
vt 0.000000 0.000000 0.000000
vt 0.000000 0.000000 0.000000
vt 0.000000 0.000000 0.000000
vt 0.000000 0.000000 0.000000
vt 0.000000 0.000000 0.000000
vt 0.000000 0.000000 0.000000
vt 0.000000 0.000000 0.000000
vt 0.000000 0.000000 0.000000
vt 0.000000 0.000000 0.000000
vt 0.000000 0.000000 0.000000
vt 0.000000 0.000000 0.000000
vt 0.000000 0.000000 0.000000
vt 0.000000 0.000000 0.000000
vt 0.000000 0.000000 0.000000
vt 0.000000 0.000000 0.000000
vt 0.000000 0.000000 0.000000
vt 0.000000 0.000000 0.000000
vt 0.000000 0.000000 0.000000
vt 0.000000 0.000000 0.000000
vt 0.000000 0.000000 0.000000
vt 0.000000 0.000000 0.000000
vt 0.000000 0.000000 0.000000
vt 0.000000 0.000000 0.000000
vt 0.000000 0.000000 0.000000
vt 0.000000 0.000000 0.000000
vt 0.000000 0.000000 0.000000
vt 0.000000 0.000000 0.000000
vt 0.000000 0.000000 0.000000
vt 0.000000 0.000000 0.000000
vt 0.000000 0.000000 0.000000
vt 0.000000 0.000000 0.000000
vt 0.000000 0.000000 0.000000
vt 0.000000 0.000000 0.000000
vt 0.000000 0.000000 0.000000
vt 0.000000 0.000000 0.000000
vt 0.000000 0.000000 0.000000
vt 0.000000 0.000000 0.000000
vt 0.000000 0.000000 0.000000
vt 0.000000 0.000000 0.000000
vt 0.000000 0.000000 0.000000
vt 0.000000 0.000000 0.000000
vt 0.000000 0.000000 0.000000
vt 0.000000 0.000000 0.000000
vt 0.000000 0.000000 0.000000
vt 0.000000 0.000000 0.000000
vt 0.000000 0.000000 0.000000
vt 0.000000 0.000000 0.000000
vt 0.000000 0.000000 0.000000
vt 0.000000 0.000000 0.000000
vt 0.000000 0.000000 0.000000
vt 0.000000 0.000000 0.000000
vt 0.000000 0.000000 0.000000
vt 0.000000 0.000000 0.000000
vt 0.000000 0.000000 0.000000
vt 0.000000 0.000000 0.000000
vt 0.000000 0.000000 0.000000
vt 0.000000 0.000000 0.000000
vt 0.000000 0.000000 0.000000
vt 0.000000 0.000000 0.000000
vt 0.000000 0.000000 0.000000
vt 0.000000 0.000000 0.000000
vt 0.000000 0.000000 0.000000
vt 0.000000 0.000000 0.000000
vt 0.000000 0.000000 0.000000
vt 0.000000 0.000000 0.000000
vt 0.000000 0.000000 0.000000
vt 0.000000 0.000000 0.000000
vt 0.000000 0.000000 0.000000
vt 0.000000 0.000000 0.000000
vt 0.000000 0.000000 0.000000
vt 0.000000 0.000000 0.000000
vt 0.000000 0.000000 0.000000
vt 0.000000 0.000000 0.000000
vt 0.000000 0.000000 0.000000
vt 0.000000 0.000000 0.000000
vt 0.000000 0.000000 0.000000
vt 0.000000 0.000000 0.000000
vt 0.000000 0.000000 0.000000
vt 0.000000 0.000000 0.000000
vt 0.000000 0.000000 0.000000
vt 0.000000 0.000000 0.000000
vt 0.000000 0.000000 0.000000
vt 0.000000 0.000000 0.000000
vt 0.000000 0.000000 0.000000
vt 0.000000 0.000000 0.000000
vt 0.000000 0.000000 0.000000
vt 0.000000 0.000000 0.000000
vt 0.000000 0.000000 0.000000
vt 0.000000 0.000000 0.000000
vt 0.000000 0.000000 0.000000
vt 0.000000 0.000000 0.000000
vt 0.000000 0.000000 0.000000
vt 0.000000 0.000000 0.000000
vt 0.000000 0.000000 0.000000
vt 0.000000 0.000000 0.000000
vt 0.000000 0.000000 0.000000
vt 0.000000 0.000000 0.000000
vt 0.000000 0.000000 0.000000
vt 0.000000 0.000000 0.000000
vt 0.000000 0.000000 0.000000
vt 0.000000 0.000000 0.000000
vt 0.000000 0.000000 0.000000
vt 0.000000 0.000000 0.000000
vt 0.000000 0.000000 0.000000
vt 0.000000 0.000000 0.000000
vt 0.000000 0.000000 0.000000
vt 0.000000 0.000000 0.000000
vt 0.000000 0.000000 0.000000
vt 0.000000 0.000000 0.000000
vt 0.000000 0.000000 0.000000
vt 0.000000 0.000000 0.000000
vt 0.000000 0.000000 0.000000
vt 0.000000 0.000000 0.000000
vt 0.000000 0.000000 0.000000
vt 0.000000 0.000000 0.000000
vt 0.000000 0.000000 0.000000
vt 0.000000 0.000000 0.000000
vt 0.000000 0.000000 0.000000
vt 0.000000 0.000000 0.000000
vt 0.000000 0.000000 0.000000
vt 0.000000 0.000000 0.000000
vt 0.000000 0.000000 0.000000
vt 0.000000 0.000000 0.000000
vt 0.000000 0.000000 0.000000
vt 0.000000 0.000000 0.000000
vt 0.000000 0.000000 0.000000
vt 0.000000 0.000000 0.000000
vt 0.000000 0.000000 0.000000
vt 0.000000 0.000000 0.000000
vt 0.000000 0.000000 0.000000
vt 0.000000 0.000000 0.000000
vt 0.000000 0.000000 0.000000
vt 0.000000 0.000000 0.000000
vt 0.000000 0.000000 0.000000
vt 0.000000 0.000000 0.000000
vt 0.000000 0.000000 0.000000
vt 0.000000 0.000000 0.000000
vt 0.000000 0.000000 0.000000
vt 0.000000 0.000000 0.000000
vt 0.000000 0.000000 0.000000
vt 0.000000 0.000000 0.000000
vt 0.000000 0.000000 0.000000
vt 0.000000 0.000000 0.000000
vt 0.000000 0.000000 0.000000
vt 0.000000 0.000000 0.000000
vt 0.000000 0.000000 0.000000
vt 0.000000 0.000000 0.000000
vt 0.000000 0.000000 0.000000
vt 0.000000 0.000000 0.000000
vt 0.000000 0.000000 0.000000
vt 0.000000 0.000000 0.000000
vt 0.000000 0.000000 0.000000
vt 0.000000 0.000000 0.000000
vt 0.000000 0.000000 0.000000
vt 0.000000 0.000000 0.000000
vt 0.000000 0.000000 0.000000
vt 0.000000 0.000000 0.000000
vt 0.000000 0.000000 0.000000
vt 0.000000 0.000000 0.000000
vt 0.000000 0.000000 0.000000
vt 0.000000 0.000000 0.000000
vt 0.000000 0.000000 0.000000
vt 0.000000 0.000000 0.000000
vt 0.000000 0.000000 0.000000
vt 0.000000 0.000000 0.000000
vt 0.000000 0.000000 0.000000
vt 0.000000 0.000000 0.000000
vt 0.000000 0.000000 0.000000
vt 0.000000 0.000000 0.000000
vt 0.000000 0.000000 0.000000
vt 0.000000 0.000000 0.000000
vt 0.000000 0.000000 0.000000
vt 0.000000 0.000000 0.000000
vt 0.000000 0.000000 0.000000
vt 0.000000 0.000000 0.000000
vt 0.000000 0.000000 0.000000
vt 0.000000 0.000000 0.000000
vt 0.000000 0.000000 0.000000
vt 0.000000 0.000000 0.000000
vt 0.000000 0.000000 0.000000
vt 0.000000 0.000000 0.000000
vt 0.000000 0.000000 0.000000
vt 0.000000 0.000000 0.000000
vt 0.000000 0.000000 0.000000
vt 0.000000 0.000000 0.000000
vt 0.000000 0.000000 0.000000
vt 0.000000 0.000000 0.000000
vt 0.000000 0.000000 0.000000
vt 0.000000 0.000000 0.000000
vt 0.000000 0.000000 0.000000
vt 0.000000 0.000000 0.000000
vt 0.000000 0.000000 0.000000
vt 0.000000 0.000000 0.000000
vt 0.000000 0.000000 0.000000
vt 0.000000 0.000000 0.000000
vt 0.000000 0.000000 0.000000
vt 0.000000 0.000000 0.000000
vt 0.000000 0.000000 0.000000
vt 0.000000 0.000000 0.000000
vt 0.000000 0.000000 0.000000
vt 0.000000 0.000000 0.000000
vt 0.000000 0.000000 0.000000
vt 0.000000 0.000000 0.000000
vt 0.000000 0.000000 0.000000
vt 0.000000 0.000000 0.000000
vt 0.000000 0.000000 0.000000
vt 0.000000 0.000000 0.000000
vt 0.000000 0.000000 0.000000
vt 0.000000 0.000000 0.000000
vt 0.000000 0.000000 0.000000
vt 0.000000 0.000000 0.000000
vt 0.000000 0.000000 0.000000
vt 0.000000 0.000000 0.000000
vt 0.000000 0.000000 0.000000
vt 0.000000 0.000000 0.000000
vt 0.000000 0.000000 0.000000
vt 0.000000 0.000000 0.000000
vt 0.000000 0.000000 0.000000
vt 0.000000 0.000000 0.000000
vt 0.000000 0.000000 0.000000
vt 0.000000 0.000000 0.000000
vt 0.000000 0.000000 0.000000
vt 0.000000 0.000000 0.000000
vt 0.000000 0.000000 0.000000
vt 0.000000 0.000000 0.000000
vt 0.000000 0.000000 0.000000
vt 0.000000 0.000000 0.000000
vt 0.000000 0.000000 0.000000
vt 0.000000 0.000000 0.000000
vt 0.000000 0.000000 0.000000
vt 0.000000 0.000000 0.000000
vt 0.000000 0.000000 0.000000
vt 0.000000 0.000000 0.000000
vt 0.000000 0.000000 0.000000
vt 0.000000 0.000000 0.000000
vt 0.000000 0.000000 0.000000
vt 0.000000 0.000000 0.000000
vt 0.000000 0.000000 0.000000
vt 0.000000 0.000000 0.000000
vt 0.000000 0.000000 0.000000
vt 0.000000 0.000000 0.000000
vt 0.000000 0.000000 0.000000
vt 0.000000 0.000000 0.000000
vt 0.000000 0.000000 0.000000
vt 0.000000 0.000000 0.000000
vt 0.000000 0.000000 0.000000
vt 0.000000 0.000000 0.000000
vt 0.000000 0.000000 0.000000
vt 0.000000 0.000000 0.000000
vt 0.000000 0.000000 0.000000
vt 0.000000 0.000000 0.000000
vt 0.000000 0.000000 0.000000
vt 0.000000 0.000000 0.000000
vt 0.000000 0.000000 0.000000
vt 0.000000 0.000000 0.000000
vt 0.000000 0.000000 0.000000
vt 0.000000 0.000000 0.000000
vt 0.000000 0.000000 0.000000
vt 0.000000 0.000000 0.000000
vt 0.000000 0.000000 0.000000
vt 0.000000 0.000000 0.000000
vt 0.000000 0.000000 0.000000
vt 0.000000 0.000000 0.000000
vt 0.000000 0.000000 0.000000
vt 0.000000 0.000000 0.000000
vt 0.000000 0.000000 0.000000
vt 0.000000 0.000000 0.000000
vt 0.000000 0.000000 0.000000
vt 0.000000 0.000000 0.000000
vt 0.000000 0.000000 0.000000
vt 0.000000 0.000000 0.000000
vt 0.000000 0.000000 0.000000
vt 0.000000 0.000000 0.000000
vt 0.000000 0.000000 0.000000
vt 0.000000 0.000000 0.000000
vt 0.000000 0.000000 0.000000
vt 0.000000 0.000000 0.000000
vt 0.000000 0.000000 0.000000
vt 0.000000 0.000000 0.000000
vt 0.000000 0.000000 0.000000
vt 0.000000 0.000000 0.000000
vt 0.000000 0.000000 0.000000
vt 0.000000 0.000000 0.000000
vt 0.000000 0.000000 0.000000
vt 0.000000 0.000000 0.000000
vt 0.000000 0.000000 0.000000
vt 0.000000 0.000000 0.000000
vt 0.000000 0.000000 0.000000
vt 0.000000 0.000000 0.000000
vt 0.000000 0.000000 0.000000
vt 0.000000 0.000000 0.000000
vt 0.000000 0.000000 0.000000
vt 0.000000 0.000000 0.000000
vt 0.000000 0.000000 0.000000
vt 0.000000 0.000000 0.000000
vt 0.000000 0.000000 0.000000
vt 0.000000 0.000000 0.000000
vt 0.000000 0.000000 0.000000
vt 0.000000 0.000000 0.000000
vt 0.000000 0.000000 0.000000
vt 0.000000 0.000000 0.000000
vt 0.000000 0.000000 0.000000
vt 0.000000 0.000000 0.000000
vt 0.000000 0.000000 0.000000
vt 0.000000 0.000000 0.000000
vt 0.000000 0.000000 0.000000
vt 0.000000 0.000000 0.000000
vt 0.000000 0.000000 0.000000
vt 0.000000 0.000000 0.000000
vt 0.000000 0.000000 0.000000
vt 0.000000 0.000000 0.000000
vt 0.000000 0.000000 0.000000
vt 0.000000 0.000000 0.000000
vt 0.000000 0.000000 0.000000
vt 0.000000 0.000000 0.000000
vt 0.000000 0.000000 0.000000
vt 0.000000 0.000000 0.000000
vt 0.000000 0.000000 0.000000
vt 0.000000 0.000000 0.000000
vt 0.000000 0.000000 0.000000
vt 0.000000 0.000000 0.000000
vt 0.000000 0.000000 0.000000
vt 0.000000 0.000000 0.000000
vt 0.000000 0.000000 0.000000
vt 0.000000 0.000000 0.000000
vt 0.000000 0.000000 0.000000
vt 0.000000 0.000000 0.000000
vt 0.000000 0.000000 0.000000
vt 0.000000 0.000000 0.000000
vt 0.000000 0.000000 0.000000
vt 0.000000 0.000000 0.000000
vt 0.000000 0.000000 0.000000
vt 0.000000 0.000000 0.000000
vt 0.000000 0.000000 0.000000
vt 0.000000 0.000000 0.000000
vt 0.000000 0.000000 0.000000
vt 0.000000 0.000000 0.000000
vt 0.000000 0.000000 0.000000
vt 0.000000 0.000000 0.000000
vt 0.000000 0.000000 0.000000
vt 0.000000 0.000000 0.000000
vt 0.000000 0.000000 0.000000
vt 0.000000 0.000000 0.000000
vt 0.000000 0.000000 0.000000
vt 0.000000 0.000000 0.000000
vt 0.000000 0.000000 0.000000
vt 0.000000 0.000000 0.000000
vt 0.000000 0.000000 0.000000
vt 0.000000 0.000000 0.000000
vt 0.000000 0.000000 0.000000
vt 0.000000 0.000000 0.000000
vt 0.000000 0.000000 0.000000
vt 0.000000 0.000000 0.000000
vt 0.000000 0.000000 0.000000
vt 0.000000 0.000000 0.000000
vt 0.000000 0.000000 0.000000
vt 0.000000 0.000000 0.000000
vt 0.000000 0.000000 0.000000
vt 0.000000 0.000000 0.000000
vt 0.000000 0.000000 0.000000
vt 0.000000 0.000000 0.000000
vt 0.000000 0.000000 0.000000
vt 0.000000 0.000000 0.000000
vt 0.000000 0.000000 0.000000
vt 0.000000 0.000000 0.000000
vt 0.000000 0.000000 0.000000
vt 0.000000 0.000000 0.000000
vt 0.000000 0.000000 0.000000
vt 0.000000 0.000000 0.000000
vt 0.000000 0.000000 0.000000
vt 0.000000 0.000000 0.000000
vt 0.000000 0.000000 0.000000
vt 0.000000 0.000000 0.000000
vt 0.000000 0.000000 0.000000
vt 0.000000 0.000000 0.000000
vt 0.000000 0.000000 0.000000
vt 0.000000 0.000000 0.000000
vt 0.000000 0.000000 0.000000
vt 0.000000 0.000000 0.000000
vt 0.000000 0.000000 0.000000
vt 0.000000 0.000000 0.000000
vt 0.000000 0.000000 0.000000
vt 0.000000 0.000000 0.000000
vt 0.000000 0.000000 0.000000
vt 0.000000 0.000000 0.000000
vt 0.000000 0.000000 0.000000
vt 0.000000 0.000000 0.000000
vt 0.000000 0.000000 0.000000
vt 0.000000 0.000000 0.000000
vt 0.000000 0.000000 0.000000
vt 0.000000 0.000000 0.000000
vt 0.000000 0.000000 0.000000
vt 0.000000 0.000000 0.000000
vt 0.000000 0.000000 0.000000
vt 0.000000 0.000000 0.000000
vt 0.000000 0.000000 0.000000
vt 0.000000 0.000000 0.000000
vt 0.000000 0.000000 0.000000
vt 0.000000 0.000000 0.000000
vt 0.000000 0.000000 0.000000
vt 0.000000 0.000000 0.000000
vt 0.000000 0.000000 0.000000
vt 0.000000 0.000000 0.000000
vt 0.000000 0.000000 0.000000
vt 0.000000 0.000000 0.000000
vt 0.000000 0.000000 0.000000
vt 0.000000 0.000000 0.000000
vt 0.000000 0.000000 0.000000
vt 0.000000 0.000000 0.000000
vt 0.000000 0.000000 0.000000
vt 0.000000 0.000000 0.000000
vt 0.000000 0.000000 0.000000
vt 0.000000 0.000000 0.000000
vt 0.000000 0.000000 0.000000
vt 0.000000 0.000000 0.000000
vt 0.000000 0.000000 0.000000
vt 0.000000 0.000000 0.000000
vt 0.000000 0.000000 0.000000
vt 0.000000 0.000000 0.000000
vt 0.000000 0.000000 0.000000
vt 0.000000 0.000000 0.000000
vt 0.000000 0.000000 0.000000
vt 0.000000 0.000000 0.000000
vt 0.000000 0.000000 0.000000
vt 0.000000 0.000000 0.000000
vt 0.000000 0.000000 0.000000
vt 0.000000 0.000000 0.000000
vt 0.000000 0.000000 0.000000
vt 0.000000 0.000000 0.000000
vt 0.000000 0.000000 0.000000
vt 0.000000 0.000000 0.000000
vt 0.000000 0.000000 0.000000
vt 0.000000 0.000000 0.000000
vt 0.000000 0.000000 0.000000
vt 0.000000 0.000000 0.000000
vt 0.000000 0.000000 0.000000
vt 0.000000 0.000000 0.000000
vt 0.000000 0.000000 0.000000
vt 0.000000 0.000000 0.000000
vt 0.000000 0.000000 0.000000
vt 0.000000 0.000000 0.000000
vt 0.000000 0.000000 0.000000
vt 0.000000 0.000000 0.000000
vt 0.000000 0.000000 0.000000
vt 0.000000 0.000000 0.000000
vt 0.000000 0.000000 0.000000
vt 0.000000 0.000000 0.000000
vt 0.000000 0.000000 0.000000
vt 0.000000 0.000000 0.000000
vt 0.000000 0.000000 0.000000
vt 0.000000 0.000000 0.000000
vt 0.000000 0.000000 0.000000
vt 0.000000 0.000000 0.000000
vt 0.000000 0.000000 0.000000
vt 0.000000 0.000000 0.000000
vt 0.000000 0.000000 0.000000
vt 0.000000 0.000000 0.000000
vt 0.000000 0.000000 0.000000
vt 0.000000 0.000000 0.000000
vt 0.000000 0.000000 0.000000
vt 0.000000 0.000000 0.000000
vt 0.000000 0.000000 0.000000
vt 0.000000 0.000000 0.000000
vt 0.000000 0.000000 0.000000
vt 0.000000 0.000000 0.000000
vt 0.000000 0.000000 0.000000
vt 0.000000 0.000000 0.000000
vt 0.000000 0.000000 0.000000
vt 0.000000 0.000000 0.000000
vt 0.000000 0.000000 0.000000
vt 0.000000 0.000000 0.000000
vt 0.000000 0.000000 0.000000
vt 0.000000 0.000000 0.000000
vt 0.000000 0.000000 0.000000
vt 0.000000 0.000000 0.000000
vt 0.000000 0.000000 0.000000
vt 0.000000 0.000000 0.000000
vt 0.000000 0.000000 0.000000
vt 0.000000 0.000000 0.000000
vt 0.000000 0.000000 0.000000
vt 0.000000 0.000000 0.000000
vt 0.000000 0.000000 0.000000
vt 0.000000 0.000000 0.000000
vt 0.000000 0.000000 0.000000
vt 0.000000 0.000000 0.000000
vt 0.000000 0.000000 0.000000
vt 0.000000 0.000000 0.000000
vt 0.000000 0.000000 0.000000
vt 0.000000 0.000000 0.000000
vt 0.000000 0.000000 0.000000
vt 0.000000 0.000000 0.000000
vt 0.000000 0.000000 0.000000
vt 0.000000 0.000000 0.000000
vt 0.000000 0.000000 0.000000
vt 0.000000 0.000000 0.000000
vt 0.000000 0.000000 0.000000
vt 0.000000 0.000000 0.000000
vt 0.000000 0.000000 0.000000
vt 0.000000 0.000000 0.000000
vt 0.000000 0.000000 0.000000
vt 0.000000 0.000000 0.000000
vt 0.000000 0.000000 0.000000
vt 0.000000 0.000000 0.000000
vt 0.000000 0.000000 0.000000
vt 0.000000 0.000000 0.000000
vt 0.000000 0.000000 0.000000
vt 0.000000 0.000000 0.000000
vt 0.000000 0.000000 0.000000
vt 0.000000 0.000000 0.000000
vt 0.000000 0.000000 0.000000
vt 0.000000 0.000000 0.000000
vt 0.000000 0.000000 0.000000
vt 0.000000 0.000000 0.000000
vt 0.000000 0.000000 0.000000
vt 0.000000 0.000000 0.000000
vt 0.000000 0.000000 0.000000
vt 0.000000 0.000000 0.000000
vt 0.000000 0.000000 0.000000
vt 0.000000 0.000000 0.000000
vt 0.000000 0.000000 0.000000
vt 0.000000 0.000000 0.000000
vt 0.000000 0.000000 0.000000
vt 0.000000 0.000000 0.000000
vt 0.000000 0.000000 0.000000
vt 0.000000 0.000000 0.000000
vt 0.000000 0.000000 0.000000
vt 0.000000 0.000000 0.000000
vt 0.000000 0.000000 0.000000
vt 0.000000 0.000000 0.000000
vt 0.000000 0.000000 0.000000
vt 0.000000 0.000000 0.000000
vt 0.000000 0.000000 0.000000
vt 0.000000 0.000000 0.000000
vt 0.000000 0.000000 0.000000
vt 0.000000 0.000000 0.000000
vt 0.000000 0.000000 0.000000
vt 0.000000 0.000000 0.000000
vt 0.000000 0.000000 0.000000
vt 0.000000 0.000000 0.000000
vt 0.000000 0.000000 0.000000
vt 0.000000 0.000000 0.000000
vt 0.000000 0.000000 0.000000
vt 0.000000 0.000000 0.000000
vt 0.000000 0.000000 0.000000
vt 0.000000 0.000000 0.000000
vt 0.000000 0.000000 0.000000
vt 0.000000 0.000000 0.000000
vt 0.000000 0.000000 0.000000
vt 0.000000 0.000000 0.000000
vt 0.000000 0.000000 0.000000
vt 0.000000 0.000000 0.000000
vt 0.000000 0.000000 0.000000
vt 0.000000 0.000000 0.000000
vt 0.000000 0.000000 0.000000
vt 0.000000 0.000000 0.000000
vt 0.000000 0.000000 0.000000
vt 0.000000 0.000000 0.000000
vt 0.000000 0.000000 0.000000
vt 0.000000 0.000000 0.000000
vt 0.000000 0.000000 0.000000
vt 0.000000 0.000000 0.000000
vt 0.000000 0.000000 0.000000
vt 0.000000 0.000000 0.000000
vt 0.000000 0.000000 0.000000
vt 0.000000 0.000000 0.000000
vt 0.000000 0.000000 0.000000
vt 0.000000 0.000000 0.000000
vt 0.000000 0.000000 0.000000
vt 0.000000 0.000000 0.000000
vt 0.000000 0.000000 0.000000
vt 0.000000 0.000000 0.000000
vt 0.000000 0.000000 0.000000
vt 0.000000 0.000000 0.000000
vt 0.000000 0.000000 0.000000
vt 0.000000 0.000000 0.000000
vt 0.000000 0.000000 0.000000
vt 0.000000 0.000000 0.000000
vt 0.000000 0.000000 0.000000
vt 0.000000 0.000000 0.000000
vt 0.000000 0.000000 0.000000
vt 0.000000 0.000000 0.000000
vt 0.000000 0.000000 0.000000
vt 0.000000 0.000000 0.000000
vt 0.000000 0.000000 0.000000
vt 0.000000 0.000000 0.000000
vt 0.000000 0.000000 0.000000
vt 0.000000 0.000000 0.000000
vt 0.000000 0.000000 0.000000
vt 0.000000 0.000000 0.000000
vt 0.000000 0.000000 0.000000
vt 0.000000 0.000000 0.000000
vt 0.000000 0.000000 0.000000
vt 0.000000 0.000000 0.000000
vt 0.000000 0.000000 0.000000
vt 0.000000 0.000000 0.000000
vt 0.000000 0.000000 0.000000
vt 0.000000 0.000000 0.000000
vt 0.000000 0.000000 0.000000
vt 0.000000 0.000000 0.000000
vt 0.000000 0.000000 0.000000
vt 0.000000 0.000000 0.000000
vt 0.000000 0.000000 0.000000
vt 0.000000 0.000000 0.000000
vt 0.000000 0.000000 0.000000
vt 0.000000 0.000000 0.000000
vt 0.000000 0.000000 0.000000
vt 0.000000 0.000000 0.000000
vt 0.000000 0.000000 0.000000
vt 0.000000 0.000000 0.000000
vt 0.000000 0.000000 0.000000
vt 0.000000 0.000000 0.000000
vt 0.000000 0.000000 0.000000
vt 0.000000 0.000000 0.000000
vt 0.000000 0.000000 0.000000
vt 0.000000 0.000000 0.000000
vt 0.000000 0.000000 0.000000
vt 0.000000 0.000000 0.000000
vt 0.000000 0.000000 0.000000
vt 0.000000 0.000000 0.000000
vt 0.000000 0.000000 0.000000
vt 0.000000 0.000000 0.000000
vt 0.000000 0.000000 0.000000
vt 0.000000 0.000000 0.000000
vt 0.000000 0.000000 0.000000
vt 0.000000 0.000000 0.000000
vt 0.000000 0.000000 0.000000
vt 0.000000 0.000000 0.000000
vt 0.000000 0.000000 0.000000
vt 0.000000 0.000000 0.000000
vt 0.000000 0.000000 0.000000
vt 0.000000 0.000000 0.000000
vt 0.000000 0.000000 0.000000
vt 0.000000 0.000000 0.000000
vt 0.000000 0.000000 0.000000
vt 0.000000 0.000000 0.000000
vt 0.000000 0.000000 0.000000
vt 0.000000 0.000000 0.000000
vt 0.000000 0.000000 0.000000
vt 0.000000 0.000000 0.000000
vt 0.000000 0.000000 0.000000
vt 0.000000 0.000000 0.000000
vt 0.000000 0.000000 0.000000
vt 0.000000 0.000000 0.000000
vt 0.000000 0.000000 0.000000
vt 0.000000 0.000000 0.000000
vt 0.000000 0.000000 0.000000
vt 0.000000 0.000000 0.000000
vt 0.000000 0.000000 0.000000
vt 0.000000 0.000000 0.000000
vt 0.000000 0.000000 0.000000
vt 0.000000 0.000000 0.000000
vt 0.000000 0.000000 0.000000
vt 0.000000 0.000000 0.000000
vt 0.000000 0.000000 0.000000
vt 0.000000 0.000000 0.000000
vt 0.000000 0.000000 0.000000
vt 0.000000 0.000000 0.000000
vt 0.000000 0.000000 0.000000
vt 0.000000 0.000000 0.000000
vt 0.000000 0.000000 0.000000
vt 0.000000 0.000000 0.000000
vt 0.000000 0.000000 0.000000
vt 0.000000 0.000000 0.000000
vt 0.000000 0.000000 0.000000
vt 0.000000 0.000000 0.000000
vt 0.000000 0.000000 0.000000
vt 0.000000 0.000000 0.000000
vt 0.000000 0.000000 0.000000
vt 0.000000 0.000000 0.000000
vt 0.000000 0.000000 0.000000
vt 0.000000 0.000000 0.000000
vt 0.000000 0.000000 0.000000
vt 0.000000 0.000000 0.000000
vt 0.000000 0.000000 0.000000
vt 0.000000 0.000000 0.000000
vt 0.000000 0.000000 0.000000
vt 0.000000 0.000000 0.000000
vt 0.000000 0.000000 0.000000
vt 0.000000 0.000000 0.000000
vt 0.000000 0.000000 0.000000
vt 0.000000 0.000000 0.000000
vt 0.000000 0.000000 0.000000
vt 0.000000 0.000000 0.000000
vt 0.000000 0.000000 0.000000
vt 0.000000 0.000000 0.000000
vt 0.000000 0.000000 0.000000
vt 0.000000 0.000000 0.000000
vt 0.000000 0.000000 0.000000
vt 0.000000 0.000000 0.000000
vt 0.000000 0.000000 0.000000
vt 0.000000 0.000000 0.000000
vt 0.000000 0.000000 0.000000
vt 0.000000 0.000000 0.000000
vt 0.000000 0.000000 0.000000
vt 0.000000 0.000000 0.000000
vt 0.000000 0.000000 0.000000
vt 0.000000 0.000000 0.000000
vt 0.000000 0.000000 0.000000
vt 0.000000 0.000000 0.000000
vt 0.000000 0.000000 0.000000
vt 0.000000 0.000000 0.000000
vt 0.000000 0.000000 0.000000
vt 0.000000 0.000000 0.000000
vt 0.000000 0.000000 0.000000
vt 0.000000 0.000000 0.000000
vt 0.000000 0.000000 0.000000
vt 0.000000 0.000000 0.000000
vt 0.000000 0.000000 0.000000
vt 0.000000 0.000000 0.000000
vt 0.000000 0.000000 0.000000
vt 0.000000 0.000000 0.000000
vt 0.000000 0.000000 0.000000
vt 0.000000 0.000000 0.000000
vt 0.000000 0.000000 0.000000
vt 0.000000 0.000000 0.000000
vt 0.000000 0.000000 0.000000
vt 0.000000 0.000000 0.000000
vt 0.000000 0.000000 0.000000
vt 0.000000 0.000000 0.000000
vt 0.000000 0.000000 0.000000
vt 0.000000 0.000000 0.000000
vt 0.000000 0.000000 0.000000
vt 0.000000 0.000000 0.000000
vt 0.000000 0.000000 0.000000
vt 0.000000 0.000000 0.000000
vt 0.000000 0.000000 0.000000
vt 0.000000 0.000000 0.000000
vt 0.000000 0.000000 0.000000
vt 0.000000 0.000000 0.000000
vt 0.000000 0.000000 0.000000
vt 0.000000 0.000000 0.000000
vt 0.000000 0.000000 0.000000
vt 0.000000 0.000000 0.000000
vt 0.000000 0.000000 0.000000
vt 0.000000 0.000000 0.000000
vt 0.000000 0.000000 0.000000
vt 0.000000 0.000000 0.000000
vt 0.000000 0.000000 0.000000
vt 0.000000 0.000000 0.000000
vt 0.000000 0.000000 0.000000
vt 0.000000 0.000000 0.000000
vt 0.000000 0.000000 0.000000
vt 0.000000 0.000000 0.000000
vt 0.000000 0.000000 0.000000
vt 0.000000 0.000000 0.000000
vt 0.000000 0.000000 0.000000
vt 0.000000 0.000000 0.000000
vt 0.000000 0.000000 0.000000
vt 0.000000 0.000000 0.000000
vt 0.000000 0.000000 0.000000
vt 0.000000 0.000000 0.000000
vt 0.000000 0.000000 0.000000
vt 0.000000 0.000000 0.000000
vt 0.000000 0.000000 0.000000
vt 0.000000 0.000000 0.000000
vt 0.000000 0.000000 0.000000
vt 0.000000 0.000000 0.000000
vt 0.000000 0.000000 0.000000
vt 0.000000 0.000000 0.000000
vt 0.000000 0.000000 0.000000
vt 0.000000 0.000000 0.000000
vt 0.000000 0.000000 0.000000
vt 0.000000 0.000000 0.000000
vt 0.000000 0.000000 0.000000
vt 0.000000 0.000000 0.000000
vt 0.000000 0.000000 0.000000
vt 0.000000 0.000000 0.000000
vt 0.000000 0.000000 0.000000
vt 0.000000 0.000000 0.000000
vt 0.000000 0.000000 0.000000
vt 0.000000 0.000000 0.000000
vt 0.000000 0.000000 0.000000
vt 0.000000 0.000000 0.000000
vt 0.000000 0.000000 0.000000
vt 0.000000 0.000000 0.000000
vt 0.000000 0.000000 0.000000
vt 0.000000 0.000000 0.000000
vt 0.000000 0.000000 0.000000
vt 0.000000 0.000000 0.000000
vt 0.000000 0.000000 0.000000
vt 0.000000 0.000000 0.000000
vt 0.000000 0.000000 0.000000
vt 0.000000 0.000000 0.000000
vt 0.000000 0.000000 0.000000
vt 0.000000 0.000000 0.000000
vt 0.000000 0.000000 0.000000
vt 0.000000 0.000000 0.000000
vt 0.000000 0.000000 0.000000
vt 0.000000 0.000000 0.000000
vt 0.000000 0.000000 0.000000
vt 0.000000 0.000000 0.000000
vt 0.000000 0.000000 0.000000
vt 0.000000 0.000000 0.000000
vt 0.000000 0.000000 0.000000
vt 0.000000 0.000000 0.000000
vt 0.000000 0.000000 0.000000
vt 0.000000 0.000000 0.000000
vt 0.000000 0.000000 0.000000
vt 0.000000 0.000000 0.000000
vt 0.000000 0.000000 0.000000
vt 0.000000 0.000000 0.000000
vt 0.000000 0.000000 0.000000
vt 0.000000 0.000000 0.000000
vt 0.000000 0.000000 0.000000
vt 0.000000 0.000000 0.000000
vt 0.000000 0.000000 0.000000
vt 0.000000 0.000000 0.000000
vt 0.000000 0.000000 0.000000
vt 0.000000 0.000000 0.000000
vt 0.000000 0.000000 0.000000
vt 0.000000 0.000000 0.000000
vt 0.000000 0.000000 0.000000
vt 0.000000 0.000000 0.000000
vt 0.000000 0.000000 0.000000
vt 0.000000 0.000000 0.000000
vt 0.000000 0.000000 0.000000
vt 0.000000 0.000000 0.000000
vt 0.000000 0.000000 0.000000
vt 0.000000 0.000000 0.000000
# 1538 texture coords

o DiskInnerHerniated
g DiskInnerHerniated
usemtl default
f 4761/2033 5531/2803 5147/2419 5534/2806 
f 4769/2034 5532/2804 5147/2419 5531/2803 
f 4770/2035 5533/2805 5147/2419 5532/2804 
f 4771/2036 5534/2806 5147/2419 5533/2805 
f 4761/2033 5535/2807 5148/2420 5531/2803 
f 4772/2037 5536/2808 5148/2420 5535/2807 
f 4773/2038 5537/2809 5148/2420 5536/2808 
f 4769/2034 5531/2803 5148/2420 5537/2809 
f 4761/2033 5534/2806 5149/2421 5535/2807 
f 4771/2036 5538/2810 5149/2421 5534/2806 
f 4774/2039 5539/2811 5149/2421 5538/2810 
f 4772/2037 5535/2807 5149/2421 5539/2811 
f 4762/2040 5540/2812 5150/2422 5543/2815 
f 4775/2041 5541/2813 5150/2422 5540/2812 
f 4776/2042 5542/2814 5150/2422 5541/2813 
f 4777/2043 5543/2815 5150/2422 5542/2814 
f 4762/2040 5544/2816 5151/2423 5540/2812 
f 4778/2044 5545/2817 5151/2423 5544/2816 
f 4779/2045 5546/2818 5151/2423 5545/2817 
f 4775/2041 5540/2812 5151/2423 5546/2818 
f 4762/2040 5543/2815 5152/2424 5544/2816 
f 4777/2043 5547/2819 5152/2424 5543/2815 
f 4780/2046 5548/2820 5152/2424 5547/2819 
f 4778/2044 5544/2816 5152/2424 5548/2820 
f 4763/2047 5549/2821 5153/2425 5552/2824 
f 4781/2048 5550/2822 5153/2425 5549/2821 
f 4782/2049 5551/2823 5153/2425 5550/2822 
f 4783/2050 5552/2824 5153/2425 5551/2823 
f 4763/2047 5552/2824 5154/2426 5555/2827 
f 4783/2050 5553/2825 5154/2426 5552/2824 
f 4784/2051 5554/2826 5154/2426 5553/2825 
f 4785/2052 5555/2827 5154/2426 5554/2826 
f 4763/2047 5555/2827 5155/2427 5549/2821 
f 4785/2052 5556/2828 5155/2427 5555/2827 
f 4786/2053 5557/2829 5155/2427 5556/2828 
f 4781/2048 5549/2821 5155/2427 5557/2829 
f 4764/2054 5558/2830 5156/2428 5561/2833 
f 4787/2055 5559/2831 5156/2428 5558/2830 
f 4788/2056 5560/2832 5156/2428 5559/2831 
f 4789/2057 5561/2833 5156/2428 5560/2832 
f 4764/2054 5562/2834 5157/2429 5558/2830 
f 4790/2058 5563/2835 5157/2429 5562/2834 
f 4791/2059 5564/2836 5157/2429 5563/2835 
f 4787/2055 5558/2830 5157/2429 5564/2836 
f 4764/2054 5561/2833 5158/2430 5562/2834 
f 4789/2057 5565/2837 5158/2430 5561/2833 
f 4792/2060 5566/2838 5158/2430 5565/2837 
f 4790/2058 5562/2834 5158/2430 5566/2838 
f 4765/2061 5567/2839 5159/2431 5570/2842 
f 4793/2062 5568/2840 5159/2431 5567/2839 
f 4794/2063 5569/2841 5159/2431 5568/2840 
f 4795/2064 5570/2842 5159/2431 5569/2841 
f 4765/2061 5571/2843 5160/2432 5567/2839 
f 4796/2065 5572/2844 5160/2432 5571/2843 
f 4797/2066 5573/2845 5160/2432 5572/2844 
f 4793/2062 5567/2839 5160/2432 5573/2845 
f 4765/2061 5570/2842 5161/2433 5571/2843 
f 4795/2064 5574/2846 5161/2433 5570/2842 
f 4798/2067 5575/2847 5161/2433 5574/2846 
f 4796/2065 5571/2843 5161/2433 5575/2847 
f 4766/2068 5576/2848 5162/2434 5579/2851 
f 4799/2069 5577/2849 5162/2434 5576/2848 
f 4800/2070 5578/2850 5162/2434 5577/2849 
f 4788/2056 5579/2851 5162/2434 5578/2850 
f 4766/2068 5579/2851 5163/2435 5581/2853 
f 4788/2056 5559/2831 5163/2435 5579/2851 
f 4787/2055 5580/2852 5163/2435 5559/2831 
f 4801/2071 5581/2853 5163/2435 5580/2852 
f 4766/2068 5581/2853 5164/2436 5576/2848 
f 4801/2071 5582/2854 5164/2436 5581/2853 
f 4802/2072 5583/2855 5164/2436 5582/2854 
f 4799/2069 5576/2848 5164/2436 5583/2855 
f 4767/2073 5584/2856 5165/2437 5587/2859 
f 4768/2074 5585/2857 5165/2437 5584/2856 
f 4803/2075 5586/2858 5165/2437 5585/2857 
f 4804/2076 5587/2859 5165/2437 5586/2858 
f 4767/2073 5587/2859 5166/2438 5590/2862 
f 4804/2076 5588/2860 5166/2438 5587/2859 
f 4805/2077 5589/2861 5166/2438 5588/2860 
f 4806/2078 5590/2862 5166/2438 5589/2861 
f 4768/2074 5591/2863 5167/2439 5585/2857 
f 4807/2079 5592/2864 5167/2439 5591/2863 
f 4808/2080 5593/2865 5167/2439 5592/2864 
f 4803/2075 5585/2857 5167/2439 5593/2865 
f 4768/2074 5584/2856 5168/2440 5591/2863 
f 4767/2073 5590/2862 5168/2440 5584/2856 
f 4806/2078 5594/2866 5168/2440 5590/2862 
f 4807/2079 5591/2863 5168/2440 5594/2866 
f 4808/2080 5592/2864 5169/2441 5597/2869 
f 4807/2079 5595/2867 5169/2441 5592/2864 
f 4809/2081 5596/2868 5169/2441 5595/2867 
f 4810/2082 5597/2869 5169/2441 5596/2868 
f 4808/2080 5597/2869 5170/2442 5600/2872 
f 4810/2082 5598/2870 5170/2442 5597/2869 
f 4811/2083 5599/2871 5170/2442 5598/2870 
f 4812/2084 5600/2872 5170/2442 5599/2871 
f 4808/2080 5600/2872 5171/2443 5593/2865 
f 4812/2084 5601/2873 5171/2443 5600/2872 
f 4813/2085 5602/2874 5171/2443 5601/2873 
f 4803/2075 5593/2865 5171/2443 5602/2874 
f 4813/2085 5601/2873 5172/2444 5605/2877 
f 4812/2084 5603/2875 5172/2444 5601/2873 
f 4814/2086 5604/2876 5172/2444 5603/2875 
f 4815/2087 5605/2877 5172/2444 5604/2876 
f 4813/2085 5605/2877 5173/2445 5608/2880 
f 4815/2087 5606/2878 5173/2445 5605/2877 
f 4816/2088 5607/2879 5173/2445 5606/2878 
f 4817/2089 5608/2880 5173/2445 5607/2879 
f 4813/2085 5608/2880 5174/2446 5602/2874 
f 4817/2089 5609/2881 5174/2446 5608/2880 
f 4804/2076 5586/2858 5174/2446 5609/2881 
f 4803/2075 5602/2874 5174/2446 5586/2858 
f 4817/2089 5607/2879 5175/2447 5612/2884 
f 4816/2088 5610/2882 5175/2447 5607/2879 
f 4818/2090 5611/2883 5175/2447 5610/2882 
f 4819/2091 5612/2884 5175/2447 5611/2883 
f 4817/2089 5612/2884 5176/2448 5609/2881 
f 4819/2091 5613/2885 5176/2448 5612/2884 
f 4805/2077 5588/2860 5176/2448 5613/2885 
f 4804/2076 5609/2881 5176/2448 5588/2860 
f 4819/2091 5611/2883 5177/2449 5616/2888 
f 4818/2090 5614/2886 5177/2449 5611/2883 
f 4820/2092 5615/2887 5177/2449 5614/2886 
f 4821/2093 5616/2888 5177/2449 5615/2887 
f 4819/2091 5616/2888 5178/2450 5613/2885 
f 4821/2093 5617/2889 5178/2450 5616/2888 
f 4822/2094 5618/2890 5178/2450 5617/2889 
f 4805/2077 5613/2885 5178/2450 5618/2890 
f 4822/2094 5619/2891 5179/2451 5618/2890 
f 4823/2095 5620/2892 5179/2451 5619/2891 
f 4806/2078 5589/2861 5179/2451 5620/2892 
f 4805/2077 5618/2890 5179/2451 5589/2861 
f 4822/2094 5617/2889 5180/2452 5623/2895 
f 4821/2093 5621/2893 5180/2452 5617/2889 
f 4824/2096 5622/2894 5180/2452 5621/2893 
f 4825/2097 5623/2895 5180/2452 5622/2894 
f 4822/2094 5623/2895 5181/2453 5619/2891 
f 4825/2097 5624/2896 5181/2453 5623/2895 
f 4826/2098 5625/2897 5181/2453 5624/2896 
f 4823/2095 5619/2891 5181/2453 5625/2897 
f 4826/2098 5626/2898 5182/2454 5625/2897 
f 4827/2099 5627/2899 5182/2454 5626/2898 
f 4809/2081 5628/2900 5182/2454 5627/2899 
f 4823/2095 5625/2897 5182/2454 5628/2900 
f 4826/2098 5624/2896 5183/2455 5631/2903 
f 4825/2097 5629/2901 5183/2455 5624/2896 
f 4828/2100 5630/2902 5183/2455 5629/2901 
f 4829/2101 5631/2903 5183/2455 5630/2902 
f 4826/2098 5631/2903 5184/2456 5626/2898 
f 4829/2101 5632/2904 5184/2456 5631/2903 
f 4830/2102 5633/2905 5184/2456 5632/2904 
f 4827/2099 5626/2898 5184/2456 5633/2905 
f 4830/2102 5634/2906 5185/2457 5633/2905 
f 4831/2103 5635/2907 5185/2457 5634/2906 
f 4832/2104 5636/2908 5185/2457 5635/2907 
f 4827/2099 5633/2905 5185/2457 5636/2908 
f 4830/2102 5632/2904 5186/2458 5639/2911 
f 4829/2101 5637/2909 5186/2458 5632/2904 
f 4833/2105 5638/2910 5186/2458 5637/2909 
f 4834/2106 5639/2911 5186/2458 5638/2910 
f 4830/2102 5639/2911 5187/2459 5634/2906 
f 4834/2106 5640/2912 5187/2459 5639/2911 
f 4835/2107 5641/2913 5187/2459 5640/2912 
f 4831/2103 5634/2906 5187/2459 5641/2913 
f 4835/2107 5640/2912 5188/2460 5644/2916 
f 4834/2106 5642/2914 5188/2460 5640/2912 
f 4836/2108 5643/2915 5188/2460 5642/2914 
f 4837/2109 5644/2916 5188/2460 5643/2915 
f 4835/2107 5644/2916 5189/2461 5647/2919 
f 4837/2109 5645/2917 5189/2461 5644/2916 
f 4838/2110 5646/2918 5189/2461 5645/2917 
f 4839/2111 5647/2919 5189/2461 5646/2918 
f 4835/2107 5647/2919 5190/2462 5641/2913 
f 4839/2111 5648/2920 5190/2462 5647/2919 
f 4840/2112 5649/2921 5190/2462 5648/2920 
f 4831/2103 5641/2913 5190/2462 5649/2921 
f 4840/2112 5648/2920 5191/2463 5652/2924 
f 4839/2111 5650/2922 5191/2463 5648/2920 
f 4841/2113 5651/2923 5191/2463 5650/2922 
f 4842/2114 5652/2924 5191/2463 5651/2923 
f 4840/2112 5652/2924 5192/2464 5655/2927 
f 4842/2114 5653/2925 5192/2464 5652/2924 
f 4843/2115 5654/2926 5192/2464 5653/2925 
f 4844/2116 5655/2927 5192/2464 5654/2926 
f 4840/2112 5655/2927 5193/2465 5649/2921 
f 4844/2116 5656/2928 5193/2465 5655/2927 
f 4832/2104 5635/2907 5193/2465 5656/2928 
f 4831/2103 5649/2921 5193/2465 5635/2907 
f 4844/2116 5654/2926 5194/2466 5659/2931 
f 4843/2115 5657/2929 5194/2466 5654/2926 
f 4845/2117 5658/2930 5194/2466 5657/2929 
f 4811/2083 5659/2931 5194/2466 5658/2930 
f 4844/2116 5659/2931 5195/2467 5656/2928 
f 4811/2083 5598/2870 5195/2467 5659/2931 
f 4810/2082 5660/2932 5195/2467 5598/2870 
f 4832/2104 5656/2928 5195/2467 5660/2932 
f 4845/2117 5657/2929 5196/2468 5663/2935 
f 4843/2115 5661/2933 5196/2468 5657/2929 
f 4846/2118 5662/2934 5196/2468 5661/2933 
f 4847/2119 5663/2935 5196/2468 5662/2934 
f 4845/2117 5663/2935 5197/2469 5666/2938 
f 4847/2119 5664/2936 5197/2469 5663/2935 
f 4848/2120 5665/2937 5197/2469 5664/2936 
f 4814/2086 5666/2938 5197/2469 5665/2937 
f 4845/2117 5666/2938 5198/2470 5658/2930 
f 4814/2086 5603/2875 5198/2470 5666/2938 
f 4812/2084 5599/2871 5198/2470 5603/2875 
f 4811/2083 5658/2930 5198/2470 5599/2871 
f 4848/2120 5664/2936 5199/2471 5669/2941 
f 4847/2119 5667/2939 5199/2471 5664/2936 
f 4849/2121 5668/2940 5199/2471 5667/2939 
f 4850/2122 5669/2941 5199/2471 5668/2940 
f 4848/2120 5669/2941 5200/2472 5672/2944 
f 4850/2122 5670/2942 5200/2472 5669/2941 
f 4851/2123 5671/2943 5200/2472 5670/2942 
f 4852/2124 5672/2944 5200/2472 5671/2943 
f 4848/2120 5672/2944 5201/2473 5665/2937 
f 4852/2124 5673/2945 5201/2473 5672/2944 
f 4815/2087 5604/2876 5201/2473 5673/2945 
f 4814/2086 5665/2937 5201/2473 5604/2876 
f 4852/2124 5671/2943 5202/2474 5676/2948 
f 4851/2123 5674/2946 5202/2474 5671/2943 
f 4853/2125 5675/2947 5202/2474 5674/2946 
f 4854/2126 5676/2948 5202/2474 5675/2947 
f 4852/2124 5676/2948 5203/2475 5673/2945 
f 4854/2126 5677/2949 5203/2475 5676/2948 
f 4816/2088 5606/2878 5203/2475 5677/2949 
f 4815/2087 5673/2945 5203/2475 5606/2878 
f 4854/2126 5675/2947 5204/2476 5680/2952 
f 4853/2125 5678/2950 5204/2476 5675/2947 
f 4855/2127 5679/2951 5204/2476 5678/2950 
f 4856/2128 5680/2952 5204/2476 5679/2951 
f 4854/2126 5680/2952 5205/2477 5677/2949 
f 4856/2128 5681/2953 5205/2477 5680/2952 
f 4818/2090 5610/2882 5205/2477 5681/2953 
f 4816/2088 5677/2949 5205/2477 5610/2882 
f 4856/2128 5679/2951 5206/2478 5684/2956 
f 4855/2127 5682/2954 5206/2478 5679/2951 
f 4857/2129 5683/2955 5206/2478 5682/2954 
f 4858/2130 5684/2956 5206/2478 5683/2955 
f 4856/2128 5684/2956 5207/2479 5681/2953 
f 4858/2130 5685/2957 5207/2479 5684/2956 
f 4820/2092 5614/2886 5207/2479 5685/2957 
f 4818/2090 5681/2953 5207/2479 5614/2886 
f 4858/2130 5683/2955 5208/2480 5688/2960 
f 4857/2129 5686/2958 5208/2480 5683/2955 
f 4859/2131 5687/2959 5208/2480 5686/2958 
f 4860/2132 5688/2960 5208/2480 5687/2959 
f 4858/2130 5688/2960 5209/2481 5685/2957 
f 4860/2132 5689/2961 5209/2481 5688/2960 
f 4861/2133 5690/2962 5209/2481 5689/2961 
f 4820/2092 5685/2957 5209/2481 5690/2962 
f 4861/2133 5691/2963 5210/2482 5690/2962 
f 4824/2096 5621/2893 5210/2482 5691/2963 
f 4821/2093 5615/2887 5210/2482 5621/2893 
f 4820/2092 5690/2962 5210/2482 5615/2887 
f 4861/2133 5689/2961 5211/2483 5694/2966 
f 4860/2132 5692/2964 5211/2483 5689/2961 
f 4862/2134 5693/2965 5211/2483 5692/2964 
f 4863/2135 5694/2966 5211/2483 5693/2965 
f 4861/2133 5694/2966 5212/2484 5691/2963 
f 4863/2135 5695/2967 5212/2484 5694/2966 
f 4864/2136 5696/2968 5212/2484 5695/2967 
f 4824/2096 5691/2963 5212/2484 5696/2968 
f 4864/2136 5697/2969 5213/2485 5696/2968 
f 4828/2100 5629/2901 5213/2485 5697/2969 
f 4825/2097 5622/2894 5213/2485 5629/2901 
f 4824/2096 5696/2968 5213/2485 5622/2894 
f 4864/2136 5695/2967 5214/2486 5700/2972 
f 4863/2135 5698/2970 5214/2486 5695/2967 
f 4865/2137 5699/2971 5214/2486 5698/2970 
f 4866/2138 5700/2972 5214/2486 5699/2971 
f 4864/2136 5700/2972 5215/2487 5697/2969 
f 4866/2138 5701/2973 5215/2487 5700/2972 
f 4867/2139 5702/2974 5215/2487 5701/2973 
f 4828/2100 5697/2969 5215/2487 5702/2974 
f 4867/2139 5703/2975 5216/2488 5702/2974 
f 4833/2105 5637/2909 5216/2488 5703/2975 
f 4829/2101 5630/2902 5216/2488 5637/2909 
f 4828/2100 5702/2974 5216/2488 5630/2902 
f 4867/2139 5701/2973 5217/2489 5706/2978 
f 4866/2138 5704/2976 5217/2489 5701/2973 
f 4868/2140 5705/2977 5217/2489 5704/2976 
f 4869/2141 5706/2978 5217/2489 5705/2977 
f 4867/2139 5706/2978 5218/2490 5703/2975 
f 4869/2141 5707/2979 5218/2490 5706/2978 
f 4870/2142 5708/2980 5218/2490 5707/2979 
f 4833/2105 5703/2975 5218/2490 5708/2980 
f 4870/2142 5709/2981 5219/2491 5708/2980 
f 4836/2108 5642/2914 5219/2491 5709/2981 
f 4834/2106 5638/2910 5219/2491 5642/2914 
f 4833/2105 5708/2980 5219/2491 5638/2910 
f 4870/2142 5707/2979 5220/2492 5712/2984 
f 4869/2141 5710/2982 5220/2492 5707/2979 
f 4871/2143 5711/2983 5220/2492 5710/2982 
f 4872/2144 5712/2984 5220/2492 5711/2983 
f 4870/2142 5712/2984 5221/2493 5709/2981 
f 4872/2144 5713/2985 5221/2493 5712/2984 
f 4873/2145 5714/2986 5221/2493 5713/2985 
f 4836/2108 5709/2981 5221/2493 5714/2986 
f 4873/2145 5715/2987 5222/2494 5714/2986 
f 4874/2146 5716/2988 5222/2494 5715/2987 
f 4837/2109 5643/2915 5222/2494 5716/2988 
f 4836/2108 5714/2986 5222/2494 5643/2915 
f 4873/2145 5713/2985 5223/2495 5719/2991 
f 4872/2144 5717/2989 5223/2495 5713/2985 
f 4875/2147 5718/2990 5223/2495 5717/2989 
f 4876/2148 5719/2991 5223/2495 5718/2990 
f 4873/2145 5719/2991 5224/2496 5715/2987 
f 4876/2148 5720/2992 5224/2496 5719/2991 
f 4877/2149 5721/2993 5224/2496 5720/2992 
f 4874/2146 5715/2987 5224/2496 5721/2993 
f 4877/2149 5720/2992 5225/2497 5723/2995 
f 4876/2148 5722/2994 5225/2497 5720/2992 
f 4799/2069 5583/2855 5225/2497 5722/2994 
f 4802/2072 5723/2995 5225/2497 5583/2855 
f 4877/2149 5723/2995 5226/2498 5726/2998 
f 4802/2072 5724/2996 5226/2498 5723/2995 
f 4878/2150 5725/2997 5226/2498 5724/2996 
f 4879/2151 5726/2998 5226/2498 5725/2997 
f 4877/2149 5726/2998 5227/2499 5721/2993 
f 4879/2151 5727/2999 5227/2499 5726/2998 
f 4880/2152 5728/3000 5227/2499 5727/2999 
f 4874/2146 5721/2993 5227/2499 5728/3000 
f 4880/2152 5727/2999 5228/2500 5731/3003 
f 4879/2151 5729/3001 5228/2500 5727/2999 
f 4881/2153 5730/3002 5228/2500 5729/3001 
f 4882/2154 5731/3003 5228/2500 5730/3002 
f 4880/2152 5731/3003 5229/2501 5734/3006 
f 4882/2154 5732/3004 5229/2501 5731/3003 
f 4883/2155 5733/3005 5229/2501 5732/3004 
f 4838/2110 5734/3006 5229/2501 5733/3005 
f 4880/2152 5734/3006 5230/2502 5728/3000 
f 4838/2110 5645/2917 5230/2502 5734/3006 
f 4837/2109 5716/2988 5230/2502 5645/2917 
f 4874/2146 5728/3000 5230/2502 5716/2988 
f 4883/2155 5732/3004 5231/2503 5737/3009 
f 4882/2154 5735/3007 5231/2503 5732/3004 
f 4884/2156 5736/3008 5231/2503 5735/3007 
f 4885/2157 5737/3009 5231/2503 5736/3008 
f 4883/2155 5737/3009 5232/2504 5740/3012 
f 4885/2157 5738/3010 5232/2504 5737/3009 
f 4886/2158 5739/3011 5232/2504 5738/3010 
f 4841/2113 5740/3012 5232/2504 5739/3011 
f 4883/2155 5740/3012 5233/2505 5733/3005 
f 4841/2113 5650/2922 5233/2505 5740/3012 
f 4839/2111 5646/2918 5233/2505 5650/2922 
f 4838/2110 5733/3005 5233/2505 5646/2918 
f 4886/2158 5738/3010 5234/2506 5743/3015 
f 4885/2157 5741/3013 5234/2506 5738/3010 
f 4887/2159 5742/3014 5234/2506 5741/3013 
f 4888/2160 5743/3015 5234/2506 5742/3014 
f 4886/2158 5743/3015 5235/2507 5746/3018 
f 4888/2160 5744/3016 5235/2507 5743/3015 
f 4889/2161 5745/3017 5235/2507 5744/3016 
f 4890/2162 5746/3018 5235/2507 5745/3017 
f 4886/2158 5746/3018 5236/2508 5739/3011 
f 4890/2162 5747/3019 5236/2508 5746/3018 
f 4842/2114 5651/2923 5236/2508 5747/3019 
f 4841/2113 5739/3011 5236/2508 5651/2923 
f 4890/2162 5745/3017 5237/2509 5750/3022 
f 4889/2161 5748/3020 5237/2509 5745/3017 
f 4891/2163 5749/3021 5237/2509 5748/3020 
f 4846/2118 5750/3022 5237/2509 5749/3021 
f 4890/2162 5750/3022 5238/2510 5747/3019 
f 4846/2118 5661/2933 5238/2510 5750/3022 
f 4843/2115 5653/2925 5238/2510 5661/2933 
f 4842/2114 5747/3019 5238/2510 5653/2925 
f 4891/2163 5748/3020 5239/2511 5753/3025 
f 4889/2161 5751/3023 5239/2511 5748/3020 
f 4892/2164 5752/3024 5239/2511 5751/3023 
f 4893/2165 5753/3025 5239/2511 5752/3024 
f 4891/2163 5753/3025 5240/2512 5756/3028 
f 4893/2165 5754/3026 5240/2512 5753/3025 
f 4894/2166 5755/3027 5240/2512 5754/3026 
f 4849/2121 5756/3028 5240/2512 5755/3027 
f 4891/2163 5756/3028 5241/2513 5749/3021 
f 4849/2121 5667/2939 5241/2513 5756/3028 
f 4847/2119 5662/2934 5241/2513 5667/2939 
f 4846/2118 5749/3021 5241/2513 5662/2934 
f 4894/2166 5754/3026 5242/2514 5759/3031 
f 4893/2165 5757/3029 5242/2514 5754/3026 
f 4895/2167 5758/3030 5242/2514 5757/3029 
f 4896/2168 5759/3031 5242/2514 5758/3030 
f 4894/2166 5759/3031 5243/2515 5762/3034 
f 4896/2168 5760/3032 5243/2515 5759/3031 
f 4897/2169 5761/3033 5243/2515 5760/3032 
f 4898/2170 5762/3034 5243/2515 5761/3033 
f 4894/2166 5762/3034 5244/2516 5755/3027 
f 4898/2170 5763/3035 5244/2516 5762/3034 
f 4850/2122 5668/2940 5244/2516 5763/3035 
f 4849/2121 5755/3027 5244/2516 5668/2940 
f 4898/2170 5761/3033 5245/2517 5766/3038 
f 4897/2169 5764/3036 5245/2517 5761/3033 
f 4899/2171 5765/3037 5245/2517 5764/3036 
f 4900/2172 5766/3038 5245/2517 5765/3037 
f 4898/2170 5766/3038 5246/2518 5763/3035 
f 4900/2172 5767/3039 5246/2518 5766/3038 
f 4851/2123 5670/2942 5246/2518 5767/3039 
f 4850/2122 5763/3035 5246/2518 5670/2942 
f 4900/2172 5765/3037 5247/2519 5770/3042 
f 4899/2171 5768/3040 5247/2519 5765/3037 
f 4901/2173 5769/3041 5247/2519 5768/3040 
f 4902/2174 5770/3042 5247/2519 5769/3041 
f 4900/2172 5770/3042 5248/2520 5767/3039 
f 4902/2174 5771/3043 5248/2520 5770/3042 
f 4853/2125 5674/2946 5248/2520 5771/3043 
f 4851/2123 5767/3039 5248/2520 5674/2946 
f 4902/2174 5769/3041 5249/2521 5774/3046 
f 4901/2173 5772/3044 5249/2521 5769/3041 
f 4903/2175 5773/3045 5249/2521 5772/3044 
f 4904/2176 5774/3046 5249/2521 5773/3045 
f 4902/2174 5774/3046 5250/2522 5771/3043 
f 4904/2176 5775/3047 5250/2522 5774/3046 
f 4855/2127 5678/2950 5250/2522 5775/3047 
f 4853/2125 5771/3043 5250/2522 5678/2950 
f 4904/2176 5773/3045 5251/2523 5778/3050 
f 4903/2175 5776/3048 5251/2523 5773/3045 
f 4905/2177 5777/3049 5251/2523 5776/3048 
f 4906/2178 5778/3050 5251/2523 5777/3049 
f 4904/2176 5778/3050 5252/2524 5775/3047 
f 4906/2178 5779/3051 5252/2524 5778/3050 
f 4857/2129 5682/2954 5252/2524 5779/3051 
f 4855/2127 5775/3047 5252/2524 5682/2954 
f 4906/2178 5777/3049 5253/2525 5782/3054 
f 4905/2177 5780/3052 5253/2525 5777/3049 
f 4907/2179 5781/3053 5253/2525 5780/3052 
f 4908/2180 5782/3054 5253/2525 5781/3053 
f 4906/2178 5782/3054 5254/2526 5779/3051 
f 4908/2180 5783/3055 5254/2526 5782/3054 
f 4859/2131 5686/2958 5254/2526 5783/3055 
f 4857/2129 5779/3051 5254/2526 5686/2958 
f 4908/2180 5781/3053 5255/2527 5786/3058 
f 4907/2179 5784/3056 5255/2527 5781/3053 
f 4909/2181 5785/3057 5255/2527 5784/3056 
f 4910/2182 5786/3058 5255/2527 5785/3057 
f 4908/2180 5786/3058 5256/2528 5783/3055 
f 4910/2182 5787/3059 5256/2528 5786/3058 
f 4911/2183 5788/3060 5256/2528 5787/3059 
f 4859/2131 5783/3055 5256/2528 5788/3060 
f 4911/2183 5789/3061 5257/2529 5788/3060 
f 4862/2134 5692/2964 5257/2529 5789/3061 
f 4860/2132 5687/2959 5257/2529 5692/2964 
f 4859/2131 5788/3060 5257/2529 5687/2959 
f 4911/2183 5787/3059 5258/2530 5792/3064 
f 4910/2182 5790/3062 5258/2530 5787/3059 
f 4912/2184 5791/3063 5258/2530 5790/3062 
f 4913/2185 5792/3064 5258/2530 5791/3063 
f 4911/2183 5792/3064 5259/2531 5789/3061 
f 4913/2185 5793/3065 5259/2531 5792/3064 
f 4914/2186 5794/3066 5259/2531 5793/3065 
f 4862/2134 5789/3061 5259/2531 5794/3066 
f 4914/2186 5795/3067 5260/2532 5794/3066 
f 4865/2137 5698/2970 5260/2532 5795/3067 
f 4863/2135 5693/2965 5260/2532 5698/2970 
f 4862/2134 5794/3066 5260/2532 5693/2965 
f 4914/2186 5793/3065 5261/2533 5798/3070 
f 4913/2185 5796/3068 5261/2533 5793/3065 
f 4915/2187 5797/3069 5261/2533 5796/3068 
f 4916/2188 5798/3070 5261/2533 5797/3069 
f 4914/2186 5798/3070 5262/2534 5795/3067 
f 4916/2188 5799/3071 5262/2534 5798/3070 
f 4917/2189 5800/3072 5262/2534 5799/3071 
f 4865/2137 5795/3067 5262/2534 5800/3072 
f 4917/2189 5801/3073 5263/2535 5800/3072 
f 4868/2140 5704/2976 5263/2535 5801/3073 
f 4866/2138 5699/2971 5263/2535 5704/2976 
f 4865/2137 5800/3072 5263/2535 5699/2971 
f 4917/2189 5799/3071 5264/2536 5804/3076 
f 4916/2188 5802/3074 5264/2536 5799/3071 
f 4918/2190 5803/3075 5264/2536 5802/3074 
f 4919/2191 5804/3076 5264/2536 5803/3075 
f 4917/2189 5804/3076 5265/2537 5801/3073 
f 4919/2191 5805/3077 5265/2537 5804/3076 
f 4920/2192 5806/3078 5265/2537 5805/3077 
f 4868/2140 5801/3073 5265/2537 5806/3078 
f 4920/2192 5807/3079 5266/2538 5806/3078 
f 4871/2143 5710/2982 5266/2538 5807/3079 
f 4869/2141 5705/2977 5266/2538 5710/2982 
f 4868/2140 5806/3078 5266/2538 5705/2977 
f 4920/2192 5805/3077 5267/2539 5810/3082 
f 4919/2191 5808/3080 5267/2539 5805/3077 
f 4921/2193 5809/3081 5267/2539 5808/3080 
f 4922/2194 5810/3082 5267/2539 5809/3081 
f 4920/2192 5810/3082 5268/2540 5807/3079 
f 4922/2194 5811/3083 5268/2540 5810/3082 
f 4923/2195 5812/3084 5268/2540 5811/3083 
f 4871/2143 5807/3079 5268/2540 5812/3084 
f 4923/2195 5813/3085 5269/2541 5812/3084 
f 4875/2147 5717/2989 5269/2541 5813/3085 
f 4872/2144 5711/2983 5269/2541 5717/2989 
f 4871/2143 5812/3084 5269/2541 5711/2983 
f 4923/2195 5811/3083 5270/2542 5816/3088 
f 4922/2194 5814/3086 5270/2542 5811/3083 
f 4924/2196 5815/3087 5270/2542 5814/3086 
f 4925/2197 5816/3088 5270/2542 5815/3087 
f 4923/2195 5816/3088 5271/2543 5813/3085 
f 4925/2197 5817/3089 5271/2543 5816/3088 
f 4800/2070 5818/3090 5271/2543 5817/3089 
f 4875/2147 5813/3085 5271/2543 5818/3090 
f 4925/2197 5815/3087 5272/2544 5820/3092 
f 4924/2196 5819/3091 5272/2544 5815/3087 
f 4792/2060 5565/2837 5272/2544 5819/3091 
f 4789/2057 5820/3092 5272/2544 5565/2837 
f 4925/2197 5820/3092 5273/2545 5817/3089 
f 4789/2057 5560/2832 5273/2545 5820/3092 
f 4788/2056 5578/2850 5273/2545 5560/2832 
f 4800/2070 5817/3089 5273/2545 5578/2850 
f 4924/2196 5814/3086 5274/2546 5822/3094 
f 4922/2194 5809/3081 5274/2546 5814/3086 
f 4921/2193 5821/3093 5274/2546 5809/3081 
f 4926/2198 5822/3094 5274/2546 5821/3093 
f 4924/2196 5822/3094 5275/2547 5819/3091 
f 4926/2198 5823/3095 5275/2547 5822/3094 
f 4927/2199 5824/3096 5275/2547 5823/3095 
f 4792/2060 5819/3091 5275/2547 5824/3096 
f 4927/2199 5823/3095 5276/2548 5827/3099 
f 4926/2198 5825/3097 5276/2548 5823/3095 
f 4928/2200 5826/3098 5276/2548 5825/3097 
f 4929/2201 5827/3099 5276/2548 5826/3098 
f 4927/2199 5827/3099 5277/2549 5830/3102 
f 4929/2201 5828/3100 5277/2549 5827/3099 
f 4930/2202 5829/3101 5277/2549 5828/3100 
f 4931/2203 5830/3102 5277/2549 5829/3101 
f 4927/2199 5830/3102 5278/2550 5824/3096 
f 4931/2203 5831/3103 5278/2550 5830/3102 
f 4790/2058 5566/2838 5278/2550 5831/3103 
f 4792/2060 5824/3096 5278/2550 5566/2838 
f 4931/2203 5829/3101 5279/2551 5834/3106 
f 4930/2202 5832/3104 5279/2551 5829/3101 
f 4932/2204 5833/3105 5279/2551 5832/3104 
f 4933/2205 5834/3106 5279/2551 5833/3105 
f 4931/2203 5834/3106 5280/2552 5831/3103 
f 4933/2205 5835/3107 5280/2552 5834/3106 
f 4791/2059 5563/2835 5280/2552 5835/3107 
f 4790/2058 5831/3103 5280/2552 5563/2835 
f 4933/2205 5833/3105 5281/2553 5838/3110 
f 4932/2204 5836/3108 5281/2553 5833/3105 
f 4934/2206 5837/3109 5281/2553 5836/3108 
f 4935/2207 5838/3110 5281/2553 5837/3109 
f 4933/2205 5838/3110 5282/2554 5835/3107 
f 4935/2207 5839/3111 5282/2554 5838/3110 
f 4936/2208 5840/3112 5282/2554 5839/3111 
f 4791/2059 5835/3107 5282/2554 5840/3112 
f 4936/2208 5841/3113 5283/2555 5840/3112 
f 4801/2071 5580/2852 5283/2555 5841/3113 
f 4787/2055 5564/2836 5283/2555 5580/2852 
f 4791/2059 5840/3112 5283/2555 5564/2836 
f 4936/2208 5839/3111 5284/2556 5844/3116 
f 4935/2207 5842/3114 5284/2556 5839/3111 
f 4937/2209 5843/3115 5284/2556 5842/3114 
f 4878/2150 5844/3116 5284/2556 5843/3115 
f 4936/2208 5844/3116 5285/2557 5841/3113 
f 4878/2150 5724/2996 5285/2557 5844/3116 
f 4802/2072 5582/2854 5285/2557 5724/2996 
f 4801/2071 5841/3113 5285/2557 5582/2854 
f 4937/2209 5842/3114 5286/2558 5846/3118 
f 4935/2207 5837/3109 5286/2558 5842/3114 
f 4934/2206 5845/3117 5286/2558 5837/3109 
f 4938/2210 5846/3118 5286/2558 5845/3117 
f 4937/2209 5846/3118 5287/2559 5849/3121 
f 4938/2210 5847/3119 5287/2559 5846/3118 
f 4939/2211 5848/3120 5287/2559 5847/3119 
f 4881/2153 5849/3121 5287/2559 5848/3120 
f 4937/2209 5849/3121 5288/2560 5843/3115 
f 4881/2153 5729/3001 5288/2560 5849/3121 
f 4879/2151 5725/2997 5288/2560 5729/3001 
f 4878/2150 5843/3115 5288/2560 5725/2997 
f 4939/2211 5847/3119 5289/2561 5852/3124 
f 4938/2210 5850/3122 5289/2561 5847/3119 
f 4940/2212 5851/3123 5289/2561 5850/3122 
f 4941/2213 5852/3124 5289/2561 5851/3123 
f 4939/2211 5852/3124 5290/2562 5855/3127 
f 4941/2213 5853/3125 5290/2562 5852/3124 
f 4942/2214 5854/3126 5290/2562 5853/3125 
f 4884/2156 5855/3127 5290/2562 5854/3126 
f 4939/2211 5855/3127 5291/2563 5848/3120 
f 4884/2156 5735/3007 5291/2563 5855/3127 
f 4882/2154 5730/3002 5291/2563 5735/3007 
f 4881/2153 5848/3120 5291/2563 5730/3002 
f 4942/2214 5853/3125 5292/2564 5858/3130 
f 4941/2213 5856/3128 5292/2564 5853/3125 
f 4943/2215 5857/3129 5292/2564 5856/3128 
f 4944/2216 5858/3130 5292/2564 5857/3129 
f 4942/2214 5858/3130 5293/2565 5861/3133 
f 4944/2216 5859/3131 5293/2565 5858/3130 
f 4945/2217 5860/3132 5293/2565 5859/3131 
f 4887/2159 5861/3133 5293/2565 5860/3132 
f 4942/2214 5861/3133 5294/2566 5854/3126 
f 4887/2159 5741/3013 5294/2566 5861/3133 
f 4885/2157 5736/3008 5294/2566 5741/3013 
f 4884/2156 5854/3126 5294/2566 5736/3008 
f 4945/2217 5859/3131 5295/2567 5864/3136 
f 4944/2216 5862/3134 5295/2567 5859/3131 
f 4946/2218 5863/3135 5295/2567 5862/3134 
f 4947/2219 5864/3136 5295/2567 5863/3135 
f 4945/2217 5864/3136 5296/2568 5867/3139 
f 4947/2219 5865/3137 5296/2568 5864/3136 
f 4948/2220 5866/3138 5296/2568 5865/3137 
f 4949/2221 5867/3139 5296/2568 5866/3138 
f 4945/2217 5867/3139 5297/2569 5860/3132 
f 4949/2221 5868/3140 5297/2569 5867/3139 
f 4888/2160 5742/3014 5297/2569 5868/3140 
f 4887/2159 5860/3132 5297/2569 5742/3014 
f 4949/2221 5866/3138 5298/2570 5871/3143 
f 4948/2220 5869/3141 5298/2570 5866/3138 
f 4950/2222 5870/3142 5298/2570 5869/3141 
f 4892/2164 5871/3143 5298/2570 5870/3142 
f 4949/2221 5871/3143 5299/2571 5868/3140 
f 4892/2164 5751/3023 5299/2571 5871/3143 
f 4889/2161 5744/3016 5299/2571 5751/3023 
f 4888/2160 5868/3140 5299/2571 5744/3016 
f 4950/2222 5869/3141 5300/2572 5874/3146 
f 4948/2220 5872/3144 5300/2572 5869/3141 
f 4951/2223 5873/3145 5300/2572 5872/3144 
f 4952/2224 5874/3146 5300/2572 5873/3145 
f 4950/2222 5874/3146 5301/2573 5877/3149 
f 4952/2224 5875/3147 5301/2573 5874/3146 
f 4953/2225 5876/3148 5301/2573 5875/3147 
f 4895/2167 5877/3149 5301/2573 5876/3148 
f 4950/2222 5877/3149 5302/2574 5870/3142 
f 4895/2167 5757/3029 5302/2574 5877/3149 
f 4893/2165 5752/3024 5302/2574 5757/3029 
f 4892/2164 5870/3142 5302/2574 5752/3024 
f 4953/2225 5875/3147 5303/2575 5880/3152 
f 4952/2224 5878/3150 5303/2575 5875/3147 
f 4954/2226 5879/3151 5303/2575 5878/3150 
f 4955/2227 5880/3152 5303/2575 5879/3151 
f 4953/2225 5880/3152 5304/2576 5883/3155 
f 4955/2227 5881/3153 5304/2576 5880/3152 
f 4956/2228 5882/3154 5304/2576 5881/3153 
f 4957/2229 5883/3155 5304/2576 5882/3154 
f 4953/2225 5883/3155 5305/2577 5876/3148 
f 4957/2229 5884/3156 5305/2577 5883/3155 
f 4896/2168 5758/3030 5305/2577 5884/3156 
f 4895/2167 5876/3148 5305/2577 5758/3030 
f 4957/2229 5882/3154 5306/2578 5887/3159 
f 4956/2228 5885/3157 5306/2578 5882/3154 
f 4958/2230 5886/3158 5306/2578 5885/3157 
f 4959/2231 5887/3159 5306/2578 5886/3158 
f 4957/2229 5887/3159 5307/2579 5884/3156 
f 4959/2231 5888/3160 5307/2579 5887/3159 
f 4897/2169 5760/3032 5307/2579 5888/3160 
f 4896/2168 5884/3156 5307/2579 5760/3032 
f 4959/2231 5886/3158 5308/2580 5891/3163 
f 4958/2230 5889/3161 5308/2580 5886/3158 
f 4960/2232 5890/3162 5308/2580 5889/3161 
f 4961/2233 5891/3163 5308/2580 5890/3162 
f 4959/2231 5891/3163 5309/2581 5888/3160 
f 4961/2233 5892/3164 5309/2581 5891/3163 
f 4899/2171 5764/3036 5309/2581 5892/3164 
f 4897/2169 5888/3160 5309/2581 5764/3036 
f 4961/2233 5890/3162 5310/2582 5895/3167 
f 4960/2232 5893/3165 5310/2582 5890/3162 
f 4962/2234 5894/3166 5310/2582 5893/3165 
f 4963/2235 5895/3167 5310/2582 5894/3166 
f 4961/2233 5895/3167 5311/2583 5892/3164 
f 4963/2235 5896/3168 5311/2583 5895/3167 
f 4901/2173 5768/3040 5311/2583 5896/3168 
f 4899/2171 5892/3164 5311/2583 5768/3040 
f 4963/2235 5894/3166 5312/2584 5899/3171 
f 4962/2234 5897/3169 5312/2584 5894/3166 
f 4964/2236 5898/3170 5312/2584 5897/3169 
f 4965/2237 5899/3171 5312/2584 5898/3170 
f 4963/2235 5899/3171 5313/2585 5896/3168 
f 4965/2237 5900/3172 5313/2585 5899/3171 
f 4903/2175 5772/3044 5313/2585 5900/3172 
f 4901/2173 5896/3168 5313/2585 5772/3044 
f 4965/2237 5898/3170 5314/2586 5903/3175 
f 4964/2236 5901/3173 5314/2586 5898/3170 
f 4966/2238 5902/3174 5314/2586 5901/3173 
f 4967/2239 5903/3175 5314/2586 5902/3174 
f 4965/2237 5903/3175 5315/2587 5900/3172 
f 4967/2239 5904/3176 5315/2587 5903/3175 
f 4905/2177 5776/3048 5315/2587 5904/3176 
f 4903/2175 5900/3172 5315/2587 5776/3048 
f 4967/2239 5902/3174 5316/2588 5907/3179 
f 4966/2238 5905/3177 5316/2588 5902/3174 
f 4968/2240 5906/3178 5316/2588 5905/3177 
f 4969/2241 5907/3179 5316/2588 5906/3178 
f 4967/2239 5907/3179 5317/2589 5904/3176 
f 4969/2241 5908/3180 5317/2589 5907/3179 
f 4907/2179 5780/3052 5317/2589 5908/3180 
f 4905/2177 5904/3176 5317/2589 5780/3052 
f 4969/2241 5906/3178 5318/2590 5911/3183 
f 4968/2240 5909/3181 5318/2590 5906/3178 
f 4970/2242 5910/3182 5318/2590 5909/3181 
f 4971/2243 5911/3183 5318/2590 5910/3182 
f 4969/2241 5911/3183 5319/2591 5908/3180 
f 4971/2243 5912/3184 5319/2591 5911/3183 
f 4909/2181 5784/3056 5319/2591 5912/3184 
f 4907/2179 5908/3180 5319/2591 5784/3056 
f 4971/2243 5910/3182 5320/2592 5915/3187 
f 4970/2242 5913/3185 5320/2592 5910/3182 
f 4972/2244 5914/3186 5320/2592 5913/3185 
f 4973/2245 5915/3187 5320/2592 5914/3186 
f 4971/2243 5915/3187 5321/2593 5912/3184 
f 4973/2245 5916/3188 5321/2593 5915/3187 
f 4974/2246 5917/3189 5321/2593 5916/3188 
f 4909/2181 5912/3184 5321/2593 5917/3189 
f 4974/2246 5918/3190 5322/2594 5917/3189 
f 4912/2184 5790/3062 5322/2594 5918/3190 
f 4910/2182 5785/3057 5322/2594 5790/3062 
f 4909/2181 5917/3189 5322/2594 5785/3057 
f 4974/2246 5916/3188 5323/2595 5921/3193 
f 4973/2245 5919/3191 5323/2595 5916/3188 
f 4975/2247 5920/3192 5323/2595 5919/3191 
f 4976/2248 5921/3193 5323/2595 5920/3192 
f 4974/2246 5921/3193 5324/2596 5918/3190 
f 4976/2248 5922/3194 5324/2596 5921/3193 
f 4977/2249 5923/3195 5324/2596 5922/3194 
f 4912/2184 5918/3190 5324/2596 5923/3195 
f 4977/2249 5924/3196 5325/2597 5923/3195 
f 4915/2187 5796/3068 5325/2597 5924/3196 
f 4913/2185 5791/3063 5325/2597 5796/3068 
f 4912/2184 5923/3195 5325/2597 5791/3063 
f 4977/2249 5922/3194 5326/2598 5927/3199 
f 4976/2248 5925/3197 5326/2598 5922/3194 
f 4978/2250 5926/3198 5326/2598 5925/3197 
f 4979/2251 5927/3199 5326/2598 5926/3198 
f 4977/2249 5927/3199 5327/2599 5924/3196 
f 4979/2251 5928/3200 5327/2599 5927/3199 
f 4980/2252 5929/3201 5327/2599 5928/3200 
f 4915/2187 5924/3196 5327/2599 5929/3201 
f 4980/2252 5930/3202 5328/2600 5929/3201 
f 4918/2190 5802/3074 5328/2600 5930/3202 
f 4916/2188 5797/3069 5328/2600 5802/3074 
f 4915/2187 5929/3201 5328/2600 5797/3069 
f 4980/2252 5928/3200 5329/2601 5933/3205 
f 4979/2251 5931/3203 5329/2601 5928/3200 
f 4981/2253 5932/3204 5329/2601 5931/3203 
f 4982/2254 5933/3205 5329/2601 5932/3204 
f 4980/2252 5933/3205 5330/2602 5930/3202 
f 4982/2254 5934/3206 5330/2602 5933/3205 
f 4983/2255 5935/3207 5330/2602 5934/3206 
f 4918/2190 5930/3202 5330/2602 5935/3207 
f 4983/2255 5936/3208 5331/2603 5935/3207 
f 4921/2193 5808/3080 5331/2603 5936/3208 
f 4919/2191 5803/3075 5331/2603 5808/3080 
f 4918/2190 5935/3207 5331/2603 5803/3075 
f 4983/2255 5934/3206 5332/2604 5939/3211 
f 4982/2254 5937/3209 5332/2604 5934/3206 
f 4984/2256 5938/3210 5332/2604 5937/3209 
f 4928/2200 5939/3211 5332/2604 5938/3210 
f 4983/2255 5939/3211 5333/2605 5936/3208 
f 4928/2200 5825/3097 5333/2605 5939/3211 
f 4926/2198 5821/3093 5333/2605 5825/3097 
f 4921/2193 5936/3208 5333/2605 5821/3093 
f 4984/2256 5937/3209 5334/2606 5941/3213 
f 4982/2254 5932/3204 5334/2606 5937/3209 
f 4981/2253 5940/3212 5334/2606 5932/3204 
f 4985/2257 5941/3213 5334/2606 5940/3212 
f 4984/2256 5941/3213 5335/2607 5944/3216 
f 4985/2257 5942/3214 5335/2607 5941/3213 
f 4986/2258 5943/3215 5335/2607 5942/3214 
f 4987/2259 5944/3216 5335/2607 5943/3215 
f 4984/2256 5944/3216 5336/2608 5938/3210 
f 4987/2259 5945/3217 5336/2608 5944/3216 
f 4929/2201 5826/3098 5336/2608 5945/3217 
f 4928/2200 5938/3210 5336/2608 5826/3098 
f 4987/2259 5943/3215 5337/2609 5948/3220 
f 4986/2258 5946/3218 5337/2609 5943/3215 
f 4988/2260 5947/3219 5337/2609 5946/3218 
f 4989/2261 5948/3220 5337/2609 5947/3219 
f 4987/2259 5948/3220 5338/2610 5945/3217 
f 4989/2261 5949/3221 5338/2610 5948/3220 
f 4930/2202 5828/3100 5338/2610 5949/3221 
f 4929/2201 5945/3217 5338/2610 5828/3100 
f 4989/2261 5947/3219 5339/2611 5952/3224 
f 4988/2260 5950/3222 5339/2611 5947/3219 
f 4990/2262 5951/3223 5339/2611 5950/3222 
f 4991/2263 5952/3224 5339/2611 5951/3223 
f 4989/2261 5952/3224 5340/2612 5949/3221 
f 4991/2263 5953/3225 5340/2612 5952/3224 
f 4932/2204 5832/3104 5340/2612 5953/3225 
f 4930/2202 5949/3221 5340/2612 5832/3104 
f 4991/2263 5951/3223 5341/2613 5956/3228 
f 4990/2262 5954/3226 5341/2613 5951/3223 
f 4992/2264 5955/3227 5341/2613 5954/3226 
f 4993/2265 5956/3228 5341/2613 5955/3227 
f 4991/2263 5956/3228 5342/2614 5953/3225 
f 4993/2265 5957/3229 5342/2614 5956/3228 
f 4934/2206 5836/3108 5342/2614 5957/3229 
f 4932/2204 5953/3225 5342/2614 5836/3108 
f 4993/2265 5955/3227 5343/2615 5960/3232 
f 4992/2264 5958/3230 5343/2615 5955/3227 
f 4994/2266 5959/3231 5343/2615 5958/3230 
f 4940/2212 5960/3232 5343/2615 5959/3231 
f 4993/2265 5960/3232 5344/2616 5957/3229 
f 4940/2212 5850/3122 5344/2616 5960/3232 
f 4938/2210 5845/3117 5344/2616 5850/3122 
f 4934/2206 5957/3229 5344/2616 5845/3117 
f 4994/2266 5958/3230 5345/2617 5963/3235 
f 4992/2264 5961/3233 5345/2617 5958/3230 
f 4995/2267 5962/3234 5345/2617 5961/3233 
f 4996/2268 5963/3235 5345/2617 5962/3234 
f 4994/2266 5963/3235 5346/2618 5966/3238 
f 4996/2268 5964/3236 5346/2618 5963/3235 
f 4997/2269 5965/3237 5346/2618 5964/3236 
f 4943/2215 5966/3238 5346/2618 5965/3237 
f 4994/2266 5966/3238 5347/2619 5959/3231 
f 4943/2215 5856/3128 5347/2619 5966/3238 
f 4941/2213 5851/3123 5347/2619 5856/3128 
f 4940/2212 5959/3231 5347/2619 5851/3123 
f 4997/2269 5964/3236 5348/2620 5969/3241 
f 4996/2268 5967/3239 5348/2620 5964/3236 
f 4998/2270 5968/3240 5348/2620 5967/3239 
f 4999/2271 5969/3241 5348/2620 5968/3240 
f 4997/2269 5969/3241 5349/2621 5972/3244 
f 4999/2271 5970/3242 5349/2621 5969/3241 
f 5000/2272 5971/3243 5349/2621 5970/3242 
f 4946/2218 5972/3244 5349/2621 5971/3243 
f 4997/2269 5972/3244 5350/2622 5965/3237 
f 4946/2218 5862/3134 5350/2622 5972/3244 
f 4944/2216 5857/3129 5350/2622 5862/3134 
f 4943/2215 5965/3237 5350/2622 5857/3129 
f 5000/2272 5970/3242 5351/2623 5975/3247 
f 4999/2271 5973/3245 5351/2623 5970/3242 
f 5001/2273 5974/3246 5351/2623 5973/3245 
f 5002/2274 5975/3247 5351/2623 5974/3246 
f 5000/2272 5975/3247 5352/2624 5978/3250 
f 5002/2274 5976/3248 5352/2624 5975/3247 
f 5003/2275 5977/3249 5352/2624 5976/3248 
f 5004/2276 5978/3250 5352/2624 5977/3249 
f 5000/2272 5978/3250 5353/2625 5971/3243 
f 5004/2276 5979/3251 5353/2625 5978/3250 
f 4947/2219 5863/3135 5353/2625 5979/3251 
f 4946/2218 5971/3243 5353/2625 5863/3135 
f 5004/2276 5977/3249 5354/2626 5982/3254 
f 5003/2275 5980/3252 5354/2626 5977/3249 
f 5005/2277 5981/3253 5354/2626 5980/3252 
f 4951/2223 5982/3254 5354/2626 5981/3253 
f 5004/2276 5982/3254 5355/2627 5979/3251 
f 4951/2223 5872/3144 5355/2627 5982/3254 
f 4948/2220 5865/3137 5355/2627 5872/3144 
f 4947/2219 5979/3251 5355/2627 5865/3137 
f 5005/2277 5980/3252 5356/2628 5985/3257 
f 5003/2275 5983/3255 5356/2628 5980/3252 
f 5006/2278 5984/3256 5356/2628 5983/3255 
f 5007/2279 5985/3257 5356/2628 5984/3256 
f 5005/2277 5985/3257 5357/2629 5988/3260 
f 5007/2279 5986/3258 5357/2629 5985/3257 
f 5008/2280 5987/3259 5357/2629 5986/3258 
f 4954/2226 5988/3260 5357/2629 5987/3259 
f 5005/2277 5988/3260 5358/2630 5981/3253 
f 4954/2226 5878/3150 5358/2630 5988/3260 
f 4952/2224 5873/3145 5358/2630 5878/3150 
f 4951/2223 5981/3253 5358/2630 5873/3145 
f 5008/2280 5986/3258 5359/2631 5991/3263 
f 5007/2279 5989/3261 5359/2631 5986/3258 
f 5009/2281 5990/3262 5359/2631 5989/3261 
f 5010/2282 5991/3263 5359/2631 5990/3262 
f 5008/2280 5991/3263 5360/2632 5994/3266 
f 5010/2282 5992/3264 5360/2632 5991/3263 
f 5011/2283 5993/3265 5360/2632 5992/3264 
f 5012/2284 5994/3266 5360/2632 5993/3265 
f 5008/2280 5994/3266 5361/2633 5987/3259 
f 5012/2284 5995/3267 5361/2633 5994/3266 
f 4955/2227 5879/3151 5361/2633 5995/3267 
f 4954/2226 5987/3259 5361/2633 5879/3151 
f 5012/2284 5993/3265 5362/2634 5998/3270 
f 5011/2283 5996/3268 5362/2634 5993/3265 
f 5013/2285 5997/3269 5362/2634 5996/3268 
f 5014/2286 5998/3270 5362/2634 5997/3269 
f 5012/2284 5998/3270 5363/2635 5995/3267 
f 5014/2286 5999/3271 5363/2635 5998/3270 
f 4956/2228 5881/3153 5363/2635 5999/3271 
f 4955/2227 5995/3267 5363/2635 5881/3153 
f 5014/2286 5997/3269 5364/2636 6002/3274 
f 5013/2285 6000/3272 5364/2636 5997/3269 
f 5015/2287 6001/3273 5364/2636 6000/3272 
f 5016/2288 6002/3274 5364/2636 6001/3273 
f 5014/2286 6002/3274 5365/2637 5999/3271 
f 5016/2288 6003/3275 5365/2637 6002/3274 
f 4958/2230 5885/3157 5365/2637 6003/3275 
f 4956/2228 5999/3271 5365/2637 5885/3157 
f 5016/2288 6001/3273 5366/2638 6006/3278 
f 5015/2287 6004/3276 5366/2638 6001/3273 
f 5017/2289 6005/3277 5366/2638 6004/3276 
f 5018/2290 6006/3278 5366/2638 6005/3277 
f 5016/2288 6006/3278 5367/2639 6003/3275 
f 5018/2290 6007/3279 5367/2639 6006/3278 
f 4960/2232 5889/3161 5367/2639 6007/3279 
f 4958/2230 6003/3275 5367/2639 5889/3161 
f 5018/2290 6005/3277 5368/2640 6010/3282 
f 5017/2289 6008/3280 5368/2640 6005/3277 
f 5019/2291 6009/3281 5368/2640 6008/3280 
f 5020/2292 6010/3282 5368/2640 6009/3281 
f 5018/2290 6010/3282 5369/2641 6007/3279 
f 5020/2292 6011/3283 5369/2641 6010/3282 
f 4962/2234 5893/3165 5369/2641 6011/3283 
f 4960/2232 6007/3279 5369/2641 5893/3165 
f 5020/2292 6009/3281 5370/2642 6014/3286 
f 5019/2291 6012/3284 5370/2642 6009/3281 
f 5021/2293 6013/3285 5370/2642 6012/3284 
f 5022/2294 6014/3286 5370/2642 6013/3285 
f 5020/2292 6014/3286 5371/2643 6011/3283 
f 5022/2294 6015/3287 5371/2643 6014/3286 
f 4964/2236 5897/3169 5371/2643 6015/3287 
f 4962/2234 6011/3283 5371/2643 5897/3169 
f 5022/2294 6013/3285 5372/2644 6018/3290 
f 5021/2293 6016/3288 5372/2644 6013/3285 
f 5023/2295 6017/3289 5372/2644 6016/3288 
f 5024/2296 6018/3290 5372/2644 6017/3289 
f 5022/2294 6018/3290 5373/2645 6015/3287 
f 5024/2296 6019/3291 5373/2645 6018/3290 
f 4966/2238 5901/3173 5373/2645 6019/3291 
f 4964/2236 6015/3287 5373/2645 5901/3173 
f 5024/2296 6017/3289 5374/2646 6022/3294 
f 5023/2295 6020/3292 5374/2646 6017/3289 
f 5025/2297 6021/3293 5374/2646 6020/3292 
f 5026/2298 6022/3294 5374/2646 6021/3293 
f 5024/2296 6022/3294 5375/2647 6019/3291 
f 5026/2298 6023/3295 5375/2647 6022/3294 
f 4968/2240 5905/3177 5375/2647 6023/3295 
f 4966/2238 6019/3291 5375/2647 5905/3177 
f 5026/2298 6021/3293 5376/2648 6026/3298 
f 5025/2297 6024/3296 5376/2648 6021/3293 
f 5027/2299 6025/3297 5376/2648 6024/3296 
f 5028/2300 6026/3298 5376/2648 6025/3297 
f 5026/2298 6026/3298 5377/2649 6023/3295 
f 5028/2300 6027/3299 5377/2649 6026/3298 
f 4970/2242 5909/3181 5377/2649 6027/3299 
f 4968/2240 6023/3295 5377/2649 5909/3181 
f 5028/2300 6025/3297 5378/2650 6030/3302 
f 5027/2299 6028/3300 5378/2650 6025/3297 
f 5029/2301 6029/3301 5378/2650 6028/3300 
f 5030/2302 6030/3302 5378/2650 6029/3301 
f 5028/2300 6030/3302 5379/2651 6027/3299 
f 5030/2302 6031/3303 5379/2651 6030/3302 
f 4972/2244 5913/3185 5379/2651 6031/3303 
f 4970/2242 6027/3299 5379/2651 5913/3185 
f 5030/2302 6029/3301 5380/2652 6034/3306 
f 5029/2301 6032/3304 5380/2652 6029/3301 
f 5031/2303 6033/3305 5380/2652 6032/3304 
f 5032/2304 6034/3306 5380/2652 6033/3305 
f 5030/2302 6034/3306 5381/2653 6031/3303 
f 5032/2304 6035/3307 5381/2653 6034/3306 
f 5033/2305 6036/3308 5381/2653 6035/3307 
f 4972/2244 6031/3303 5381/2653 6036/3308 
f 5033/2305 6037/3309 5382/2654 6036/3308 
f 4975/2247 5919/3191 5382/2654 6037/3309 
f 4973/2245 5914/3186 5382/2654 5919/3191 
f 4972/2244 6036/3308 5382/2654 5914/3186 
f 5033/2305 6035/3307 5383/2655 6040/3312 
f 5032/2304 6038/3310 5383/2655 6035/3307 
f 5034/2306 6039/3311 5383/2655 6038/3310 
f 5035/2307 6040/3312 5383/2655 6039/3311 
f 5033/2305 6040/3312 5384/2656 6037/3309 
f 5035/2307 6041/3313 5384/2656 6040/3312 
f 5036/2308 6042/3314 5384/2656 6041/3313 
f 4975/2247 6037/3309 5384/2656 6042/3314 
f 5036/2308 6043/3315 5385/2657 6042/3314 
f 4978/2250 5925/3197 5385/2657 6043/3315 
f 4976/2248 5920/3192 5385/2657 5925/3197 
f 4975/2247 6042/3314 5385/2657 5920/3192 
f 5036/2308 6041/3313 5386/2658 6046/3318 
f 5035/2307 6044/3316 5386/2658 6041/3313 
f 5037/2309 6045/3317 5386/2658 6044/3316 
f 5038/2310 6046/3318 5386/2658 6045/3317 
f 5036/2308 6046/3318 5387/2659 6043/3315 
f 5038/2310 6047/3319 5387/2659 6046/3318 
f 5039/2311 6048/3320 5387/2659 6047/3319 
f 4978/2250 6043/3315 5387/2659 6048/3320 
f 5039/2311 6049/3321 5388/2660 6048/3320 
f 4981/2253 5931/3203 5388/2660 6049/3321 
f 4979/2251 5926/3198 5388/2660 5931/3203 
f 4978/2250 6048/3320 5388/2660 5926/3198 
f 5039/2311 6047/3319 5389/2661 6052/3324 
f 5038/2310 6050/3322 5389/2661 6047/3319 
f 5040/2312 6051/3323 5389/2661 6050/3322 
f 5041/2313 6052/3324 5389/2661 6051/3323 
f 5039/2311 6052/3324 5390/2662 6049/3321 
f 5041/2313 6053/3325 5390/2662 6052/3324 
f 4985/2257 5940/3212 5390/2662 6053/3325 
f 4981/2253 6049/3321 5390/2662 5940/3212 
f 5041/2313 6051/3323 5391/2663 6056/3328 
f 5040/2312 6054/3326 5391/2663 6051/3323 
f 5042/2314 6055/3327 5391/2663 6054/3326 
f 5043/2315 6056/3328 5391/2663 6055/3327 
f 5041/2313 6056/3328 5392/2664 6053/3325 
f 5043/2315 6057/3329 5392/2664 6056/3328 
f 4986/2258 5942/3214 5392/2664 6057/3329 
f 4985/2257 6053/3325 5392/2664 5942/3214 
f 5043/2315 6055/3327 5393/2665 6060/3332 
f 5042/2314 6058/3330 5393/2665 6055/3327 
f 5044/2316 6059/3331 5393/2665 6058/3330 
f 5045/2317 6060/3332 5393/2665 6059/3331 
f 5043/2315 6060/3332 5394/2666 6057/3329 
f 5045/2317 6061/3333 5394/2666 6060/3332 
f 4988/2260 5946/3218 5394/2666 6061/3333 
f 4986/2258 6057/3329 5394/2666 5946/3218 
f 5045/2317 6059/3331 5395/2667 6064/3336 
f 5044/2316 6062/3334 5395/2667 6059/3331 
f 5046/2318 6063/3335 5395/2667 6062/3334 
f 5047/2319 6064/3336 5395/2667 6063/3335 
f 5045/2317 6064/3336 5396/2668 6061/3333 
f 5047/2319 6065/3337 5396/2668 6064/3336 
f 4990/2262 5950/3222 5396/2668 6065/3337 
f 4988/2260 6061/3333 5396/2668 5950/3222 
f 5047/2319 6063/3335 5397/2669 6068/3340 
f 5046/2318 6066/3338 5397/2669 6063/3335 
f 5048/2320 6067/3339 5397/2669 6066/3338 
f 4995/2267 6068/3340 5397/2669 6067/3339 
f 5047/2319 6068/3340 5398/2670 6065/3337 
f 4995/2267 5961/3233 5398/2670 6068/3340 
f 4992/2264 5954/3226 5398/2670 5961/3233 
f 4990/2262 6065/3337 5398/2670 5954/3226 
f 5048/2320 6066/3338 5399/2671 6071/3343 
f 5046/2318 6069/3341 5399/2671 6066/3338 
f 5049/2321 6070/3342 5399/2671 6069/3341 
f 5050/2322 6071/3343 5399/2671 6070/3342 
f 5048/2320 6071/3343 5400/2672 6074/3346 
f 5050/2322 6072/3344 5400/2672 6071/3343 
f 5051/2323 6073/3345 5400/2672 6072/3344 
f 4998/2270 6074/3346 5400/2672 6073/3345 
f 5048/2320 6074/3346 5401/2673 6067/3339 
f 4998/2270 5967/3239 5401/2673 6074/3346 
f 4996/2268 5962/3234 5401/2673 5967/3239 
f 4995/2267 6067/3339 5401/2673 5962/3234 
f 5051/2323 6072/3344 5402/2674 6077/3349 
f 5050/2322 6075/3347 5402/2674 6072/3344 
f 5052/2324 6076/3348 5402/2674 6075/3347 
f 5053/2325 6077/3349 5402/2674 6076/3348 
f 5051/2323 6077/3349 5403/2675 6080/3352 
f 5053/2325 6078/3350 5403/2675 6077/3349 
f 5054/2326 6079/3351 5403/2675 6078/3350 
f 5001/2273 6080/3352 5403/2675 6079/3351 
f 5051/2323 6080/3352 5404/2676 6073/3345 
f 5001/2273 5973/3245 5404/2676 6080/3352 
f 4999/2271 5968/3240 5404/2676 5973/3245 
f 4998/2270 6073/3345 5404/2676 5968/3240 
f 5054/2326 6078/3350 5405/2677 6083/3355 
f 5053/2325 6081/3353 5405/2677 6078/3350 
f 5055/2327 6082/3354 5405/2677 6081/3353 
f 5056/2328 6083/3355 5405/2677 6082/3354 
f 5054/2326 6083/3355 5406/2678 6086/3358 
f 5056/2328 6084/3356 5406/2678 6083/3355 
f 5057/2329 6085/3357 5406/2678 6084/3356 
f 5058/2330 6086/3358 5406/2678 6085/3357 
f 5054/2326 6086/3358 5407/2679 6079/3351 
f 5058/2330 6087/3359 5407/2679 6086/3358 
f 5002/2274 5974/3246 5407/2679 6087/3359 
f 5001/2273 6079/3351 5407/2679 5974/3246 
f 5058/2330 6085/3357 5408/2680 6090/3362 
f 5057/2329 6088/3360 5408/2680 6085/3357 
f 5059/2331 6089/3361 5408/2680 6088/3360 
f 5006/2278 6090/3362 5408/2680 6089/3361 
f 5058/2330 6090/3362 5409/2681 6087/3359 
f 5006/2278 5983/3255 5409/2681 6090/3362 
f 5003/2275 5976/3248 5409/2681 5983/3255 
f 5002/2274 6087/3359 5409/2681 5976/3248 
f 5059/2331 6088/3360 5410/2682 6093/3365 
f 5057/2329 6091/3363 5410/2682 6088/3360 
f 5060/2332 6092/3364 5410/2682 6091/3363 
f 5061/2333 6093/3365 5410/2682 6092/3364 
f 5059/2331 6093/3365 5411/2683 6096/3368 
f 5061/2333 6094/3366 5411/2683 6093/3365 
f 5062/2334 6095/3367 5411/2683 6094/3366 
f 5009/2281 6096/3368 5411/2683 6095/3367 
f 5059/2331 6096/3368 5412/2684 6089/3361 
f 5009/2281 5989/3261 5412/2684 6096/3368 
f 5007/2279 5984/3256 5412/2684 5989/3261 
f 5006/2278 6089/3361 5412/2684 5984/3256 
f 5062/2334 6094/3366 5413/2685 6099/3371 
f 5061/2333 6097/3369 5413/2685 6094/3366 
f 5063/2335 6098/3370 5413/2685 6097/3369 
f 5064/2336 6099/3371 5413/2685 6098/3370 
f 5062/2334 6099/3371 5414/2686 6102/3374 
f 5064/2336 6100/3372 5414/2686 6099/3371 
f 5065/2337 6101/3373 5414/2686 6100/3372 
f 5066/2338 6102/3374 5414/2686 6101/3373 
f 5062/2334 6102/3374 5415/2687 6095/3367 
f 5066/2338 6103/3375 5415/2687 6102/3374 
f 5010/2282 5990/3262 5415/2687 6103/3375 
f 5009/2281 6095/3367 5415/2687 5990/3262 
f 5066/2338 6101/3373 5416/2688 6106/3378 
f 5065/2337 6104/3376 5416/2688 6101/3373 
f 5067/2339 6105/3377 5416/2688 6104/3376 
f 5068/2340 6106/3378 5416/2688 6105/3377 
f 5066/2338 6106/3378 5417/2689 6103/3375 
f 5068/2340 6107/3379 5417/2689 6106/3378 
f 5011/2283 5992/3264 5417/2689 6107/3379 
f 5010/2282 6103/3375 5417/2689 5992/3264 
f 5068/2340 6105/3377 5418/2690 6110/3382 
f 5067/2339 6108/3380 5418/2690 6105/3377 
f 5069/2341 6109/3381 5418/2690 6108/3380 
f 5070/2342 6110/3382 5418/2690 6109/3381 
f 5068/2340 6110/3382 5419/2691 6107/3379 
f 5070/2342 6111/3383 5419/2691 6110/3382 
f 5013/2285 5996/3268 5419/2691 6111/3383 
f 5011/2283 6107/3379 5419/2691 5996/3268 
f 5070/2342 6109/3381 5420/2692 6114/3386 
f 5069/2341 6112/3384 5420/2692 6109/3381 
f 5071/2343 6113/3385 5420/2692 6112/3384 
f 5072/2344 6114/3386 5420/2692 6113/3385 
f 5070/2342 6114/3386 5421/2693 6111/3383 
f 5072/2344 6115/3387 5421/2693 6114/3386 
f 5015/2287 6000/3272 5421/2693 6115/3387 
f 5013/2285 6111/3383 5421/2693 6000/3272 
f 5072/2344 6113/3385 5422/2694 6118/3390 
f 5071/2343 6116/3388 5422/2694 6113/3385 
f 5073/2345 6117/3389 5422/2694 6116/3388 
f 5074/2346 6118/3390 5422/2694 6117/3389 
f 5072/2344 6118/3390 5423/2695 6115/3387 
f 5074/2346 6119/3391 5423/2695 6118/3390 
f 5017/2289 6004/3276 5423/2695 6119/3391 
f 5015/2287 6115/3387 5423/2695 6004/3276 
f 5074/2346 6117/3389 5424/2696 6122/3394 
f 5073/2345 6120/3392 5424/2696 6117/3389 
f 5075/2347 6121/3393 5424/2696 6120/3392 
f 5076/2348 6122/3394 5424/2696 6121/3393 
f 5074/2346 6122/3394 5425/2697 6119/3391 
f 5076/2348 6123/3395 5425/2697 6122/3394 
f 5019/2291 6008/3280 5425/2697 6123/3395 
f 5017/2289 6119/3391 5425/2697 6008/3280 
f 5076/2348 6121/3393 5426/2698 6126/3398 
f 5075/2347 6124/3396 5426/2698 6121/3393 
f 5077/2349 6125/3397 5426/2698 6124/3396 
f 5078/2350 6126/3398 5426/2698 6125/3397 
f 5076/2348 6126/3398 5427/2699 6123/3395 
f 5078/2350 6127/3399 5427/2699 6126/3398 
f 5021/2293 6012/3284 5427/2699 6127/3399 
f 5019/2291 6123/3395 5427/2699 6012/3284 
f 5078/2350 6125/3397 5428/2700 6130/3402 
f 5077/2349 6128/3400 5428/2700 6125/3397 
f 5079/2351 6129/3401 5428/2700 6128/3400 
f 5080/2352 6130/3402 5428/2700 6129/3401 
f 5078/2350 6130/3402 5429/2701 6127/3399 
f 5080/2352 6131/3403 5429/2701 6130/3402 
f 5023/2295 6016/3288 5429/2701 6131/3403 
f 5021/2293 6127/3399 5429/2701 6016/3288 
f 5080/2352 6129/3401 5430/2702 6133/3405 
f 5079/2351 6132/3404 5430/2702 6129/3401 
f 4772/2037 5539/2811 5430/2702 6132/3404 
f 4774/2039 6133/3405 5430/2702 5539/2811 
f 5080/2352 6133/3405 5431/2703 6131/3403 
f 4774/2039 6134/3406 5431/2703 6133/3405 
f 5025/2297 6020/3292 5431/2703 6134/3406 
f 5023/2295 6131/3403 5431/2703 6020/3292 
f 5079/2351 6128/3400 5432/2704 6137/3409 
f 5077/2349 6135/3407 5432/2704 6128/3400 
f 5081/2353 6136/3408 5432/2704 6135/3407 
f 5082/2354 6137/3409 5432/2704 6136/3408 
f 5079/2351 6137/3409 5433/2705 6132/3404 
f 5082/2354 6138/3410 5433/2705 6137/3409 
f 4773/2038 5536/2808 5433/2705 6138/3410 
f 4772/2037 6132/3404 5433/2705 5536/2808 
f 5082/2354 6136/3408 5434/2706 6141/3413 
f 5081/2353 6139/3411 5434/2706 6136/3408 
f 5083/2355 6140/3412 5434/2706 6139/3411 
f 5084/2356 6141/3413 5434/2706 6140/3412 
f 5082/2354 6141/3413 5435/2707 6138/3410 
f 5084/2356 6142/3414 5435/2707 6141/3413 
f 5085/2357 6143/3415 5435/2707 6142/3414 
f 4773/2038 6138/3410 5435/2707 6143/3415 
f 5085/2357 6144/3416 5436/2708 6143/3415 
f 5086/2358 6145/3417 5436/2708 6144/3416 
f 4769/2034 5537/2809 5436/2708 6145/3417 
f 4773/2038 6143/3415 5436/2708 5537/2809 
f 5085/2357 6142/3414 5437/2709 6148/3420 
f 5084/2356 6146/3418 5437/2709 6142/3414 
f 5087/2359 6147/3419 5437/2709 6146/3418 
f 5088/2360 6148/3420 5437/2709 6147/3419 
f 5085/2357 6148/3420 5438/2710 6144/3416 
f 5088/2360 6149/3421 5438/2710 6148/3420 
f 5089/2361 6150/3422 5438/2710 6149/3421 
f 5086/2358 6144/3416 5438/2710 6150/3422 
f 5089/2361 6151/3423 5439/2711 6150/3422 
f 5090/2362 6152/3424 5439/2711 6151/3423 
f 5091/2363 6153/3425 5439/2711 6152/3424 
f 5086/2358 6150/3422 5439/2711 6153/3425 
f 5089/2361 6149/3421 5440/2712 6156/3428 
f 5088/2360 6154/3426 5440/2712 6149/3421 
f 5092/2364 6155/3427 5440/2712 6154/3426 
f 5093/2365 6156/3428 5440/2712 6155/3427 
f 5089/2361 6156/3428 5441/2713 6151/3423 
f 5093/2365 6157/3429 5441/2713 6156/3428 
f 5094/2366 6158/3430 5441/2713 6157/3429 
f 5090/2362 6151/3423 5441/2713 6158/3430 
f 5094/2366 6159/3431 5442/2714 6158/3430 
f 5095/2367 6160/3432 5442/2714 6159/3431 
f 5096/2368 6161/3433 5442/2714 6160/3432 
f 5090/2362 6158/3430 5442/2714 6161/3433 
f 5094/2366 6157/3429 5443/2715 6164/3436 
f 5093/2365 6162/3434 5443/2715 6157/3429 
f 5097/2369 6163/3435 5443/2715 6162/3434 
f 5098/2370 6164/3436 5443/2715 6163/3435 
f 5094/2366 6164/3436 5444/2716 6159/3431 
f 5098/2370 6165/3437 5444/2716 6164/3436 
f 5099/2371 6166/3438 5444/2716 6165/3437 
f 5095/2367 6159/3431 5444/2716 6166/3438 
f 5099/2371 6167/3439 5445/2717 6166/3438 
f 5100/2372 6168/3440 5445/2717 6167/3439 
f 5101/2373 6169/3441 5445/2717 6168/3440 
f 5095/2367 6166/3438 5445/2717 6169/3441 
f 5099/2371 6165/3437 5446/2718 6172/3444 
f 5098/2370 6170/3442 5446/2718 6165/3437 
f 5102/2374 6171/3443 5446/2718 6170/3442 
f 5103/2375 6172/3444 5446/2718 6171/3443 
f 5099/2371 6172/3444 5447/2719 6167/3439 
f 5103/2375 6173/3445 5447/2719 6172/3444 
f 5104/2376 6174/3446 5447/2719 6173/3445 
f 5100/2372 6167/3439 5447/2719 6174/3446 
f 5104/2376 6175/3447 5448/2720 6174/3446 
f 5105/2377 6176/3448 5448/2720 6175/3447 
f 5106/2378 6177/3449 5448/2720 6176/3448 
f 5100/2372 6174/3446 5448/2720 6177/3449 
f 5104/2376 6173/3445 5449/2721 6180/3452 
f 5103/2375 6178/3450 5449/2721 6173/3445 
f 5107/2379 6179/3451 5449/2721 6178/3450 
f 5108/2380 6180/3452 5449/2721 6179/3451 
f 5104/2376 6180/3452 5450/2722 6175/3447 
f 5108/2380 6181/3453 5450/2722 6180/3452 
f 5109/2381 6182/3454 5450/2722 6181/3453 
f 5105/2377 6175/3447 5450/2722 6182/3454 
f 5109/2381 6183/3455 5451/2723 6182/3454 
f 5044/2316 6058/3330 5451/2723 6183/3455 
f 5042/2314 6184/3456 5451/2723 6058/3330 
f 5105/2377 6182/3454 5451/2723 6184/3456 
f 5109/2381 6181/3453 5452/2724 6187/3459 
f 5108/2380 6185/3457 5452/2724 6181/3453 
f 5110/2382 6186/3458 5452/2724 6185/3457 
f 5049/2321 6187/3459 5452/2724 6186/3458 
f 5109/2381 6187/3459 5453/2725 6183/3455 
f 5049/2321 6069/3341 5453/2725 6187/3459 
f 5046/2318 6062/3334 5453/2725 6069/3341 
f 5044/2316 6183/3455 5453/2725 6062/3334 
f 5110/2382 6185/3457 5454/2726 6189/3461 
f 5108/2380 6179/3451 5454/2726 6185/3457 
f 5107/2379 6188/3460 5454/2726 6179/3451 
f 5111/2383 6189/3461 5454/2726 6188/3460 
f 5110/2382 6189/3461 5455/2727 6192/3464 
f 5111/2383 6190/3462 5455/2727 6189/3461 
f 5112/2384 6191/3463 5455/2727 6190/3462 
f 5052/2324 6192/3464 5455/2727 6191/3463 
f 5110/2382 6192/3464 5456/2728 6186/3458 
f 5052/2324 6075/3347 5456/2728 6192/3464 
f 5050/2322 6070/3342 5456/2728 6075/3347 
f 5049/2321 6186/3458 5456/2728 6070/3342 
f 5112/2384 6190/3462 5457/2729 6195/3467 
f 5111/2383 6193/3465 5457/2729 6190/3462 
f 5113/2385 6194/3466 5457/2729 6193/3465 
f 5114/2386 6195/3467 5457/2729 6194/3466 
f 5112/2384 6195/3467 5458/2730 6198/3470 
f 5114/2386 6196/3468 5458/2730 6195/3467 
f 5115/2387 6197/3469 5458/2730 6196/3468 
f 5055/2327 6198/3470 5458/2730 6197/3469 
f 5112/2384 6198/3470 5459/2731 6191/3463 
f 5055/2327 6081/3353 5459/2731 6198/3470 
f 5053/2325 6076/3348 5459/2731 6081/3353 
f 5052/2324 6191/3463 5459/2731 6076/3348 
f 5115/2387 6196/3468 5460/2732 6201/3473 
f 5114/2386 6199/3471 5460/2732 6196/3468 
f 5116/2388 6200/3472 5460/2732 6199/3471 
f 5117/2389 6201/3473 5460/2732 6200/3472 
f 5115/2387 6201/3473 5461/2733 6204/3476 
f 5117/2389 6202/3474 5461/2733 6201/3473 
f 5118/2390 6203/3475 5461/2733 6202/3474 
f 5119/2391 6204/3476 5461/2733 6203/3475 
f 5115/2387 6204/3476 5462/2734 6197/3469 
f 5119/2391 6205/3477 5462/2734 6204/3476 
f 5056/2328 6082/3354 5462/2734 6205/3477 
f 5055/2327 6197/3469 5462/2734 6082/3354 
f 5119/2391 6203/3475 5463/2735 6208/3480 
f 5118/2390 6206/3478 5463/2735 6203/3475 
f 5120/2392 6207/3479 5463/2735 6206/3478 
f 5060/2332 6208/3480 5463/2735 6207/3479 
f 5119/2391 6208/3480 5464/2736 6205/3477 
f 5060/2332 6091/3363 5464/2736 6208/3480 
f 5057/2329 6084/3356 5464/2736 6091/3363 
f 5056/2328 6205/3477 5464/2736 6084/3356 
f 5120/2392 6206/3478 5465/2737 6211/3483 
f 5118/2390 6209/3481 5465/2737 6206/3478 
f 5121/2393 6210/3482 5465/2737 6209/3481 
f 4776/2042 6211/3483 5465/2737 6210/3482 
f 5120/2392 6211/3483 5466/2738 6213/3485 
f 4776/2042 5541/2813 5466/2738 6211/3483 
f 4775/2041 6212/3484 5466/2738 5541/2813 
f 5063/2335 6213/3485 5466/2738 6212/3484 
f 5120/2392 6213/3485 5467/2739 6207/3479 
f 5063/2335 6097/3369 5467/2739 6213/3485 
f 5061/2333 6092/3364 5467/2739 6097/3369 
f 5060/2332 6207/3479 5467/2739 6092/3364 
f 5121/2393 6209/3481 5468/2740 6215/3487 
f 5118/2390 6202/3474 5468/2740 6209/3481 
f 5117/2389 6214/3486 5468/2740 6202/3474 
f 5122/2394 6215/3487 5468/2740 6214/3486 
f 5121/2393 6215/3487 5469/2741 6218/3490 
f 5122/2394 6216/3488 5469/2741 6215/3487 
f 5123/2395 6217/3489 5469/2741 6216/3488 
f 5124/2396 6218/3490 5469/2741 6217/3489 
f 5121/2393 6218/3490 5470/2742 6210/3482 
f 5124/2396 6219/3491 5470/2742 6218/3490 
f 4777/2043 5542/2814 5470/2742 6219/3491 
f 4776/2042 6210/3482 5470/2742 5542/2814 
f 5124/2396 6217/3489 5471/2743 6222/3494 
f 5123/2395 6220/3492 5471/2743 6217/3489 
f 5125/2397 6221/3493 5471/2743 6220/3492 
f 5126/2398 6222/3494 5471/2743 6221/3493 
f 5124/2396 6222/3494 5472/2744 6219/3491 
f 5126/2398 6223/3495 5472/2744 6222/3494 
f 4780/2046 5547/2819 5472/2744 6223/3495 
f 4777/2043 6219/3491 5472/2744 5547/2819 
f 5126/2398 6221/3493 5473/2745 6226/3498 
f 5125/2397 6224/3496 5473/2745 6221/3493 
f 5127/2399 6225/3497 5473/2745 6224/3496 
f 5128/2400 6226/3498 5473/2745 6225/3497 
f 5126/2398 6226/3498 5474/2746 6223/3495 
f 5128/2400 6227/3499 5474/2746 6226/3498 
f 5129/2401 6228/3500 5474/2746 6227/3499 
f 4780/2046 6223/3495 5474/2746 6228/3500 
f 5129/2401 6227/3499 5475/2747 6231/3503 
f 5128/2400 6229/3501 5475/2747 6227/3499 
f 5130/2402 6230/3502 5475/2747 6229/3501 
f 4784/2051 6231/3503 5475/2747 6230/3502 
f 5129/2401 6231/3503 5476/2748 6233/3505 
f 4784/2051 5553/2825 5476/2748 6231/3503 
f 4783/2050 6232/3504 5476/2748 5553/2825 
f 5131/2403 6233/3505 5476/2748 6232/3504 
f 5129/2401 6233/3505 5477/2749 6228/3500 
f 5131/2403 6234/3506 5477/2749 6233/3505 
f 4778/2044 5548/2820 5477/2749 6234/3506 
f 4780/2046 6228/3500 5477/2749 5548/2820 
f 5131/2403 6235/3507 5478/2750 6234/3506 
f 5132/2404 6236/3508 5478/2750 6235/3507 
f 4779/2045 5545/2817 5478/2750 6236/3508 
f 4778/2044 6234/3506 5478/2750 5545/2817 
f 5131/2403 6232/3504 5479/2751 6235/3507 
f 4783/2050 5551/2823 5479/2751 6232/3504 
f 4782/2049 6237/3509 5479/2751 5551/2823 
f 5132/2404 6235/3507 5479/2751 6237/3509 
f 5132/2404 6238/3510 5480/2752 6236/3508 
f 5065/2337 6100/3372 5480/2752 6238/3510 
f 5064/2336 6239/3511 5480/2752 6100/3372 
f 4779/2045 6236/3508 5480/2752 6239/3511 
f 5132/2404 6237/3509 5481/2753 6238/3510 
f 4782/2049 6240/3512 5481/2753 6237/3509 
f 5067/2339 6104/3376 5481/2753 6240/3512 
f 5065/2337 6238/3510 5481/2753 6104/3376 
f 5130/2402 6241/3513 5482/2754 6244/3516 
f 5133/2405 6242/3514 5482/2754 6241/3513 
f 5134/2406 6243/3515 5482/2754 6242/3514 
f 5135/2407 6244/3516 5482/2754 6243/3515 
f 5130/2402 6244/3516 5483/2755 6230/3502 
f 5135/2407 6245/3517 5483/2755 6244/3516 
f 4785/2052 5554/2826 5483/2755 6245/3517 
f 4784/2051 6230/3502 5483/2755 5554/2826 
f 5130/2402 6229/3501 5484/2756 6241/3513 
f 5128/2400 6225/3497 5484/2756 6229/3501 
f 5127/2399 6246/3518 5484/2756 6225/3497 
f 5133/2405 6241/3513 5484/2756 6246/3518 
f 5135/2407 6247/3519 5485/2757 6245/3517 
f 5136/2408 6248/3520 5485/2757 6247/3519 
f 4786/2053 5556/2828 5485/2757 6248/3520 
f 4785/2052 6245/3517 5485/2757 5556/2828 
f 5135/2407 6243/3515 5486/2758 6247/3519 
f 5134/2406 6249/3521 5486/2758 6243/3515 
f 5137/2409 6250/3522 5486/2758 6249/3521 
f 5136/2408 6247/3519 5486/2758 6250/3522 
f 5137/2409 6251/3523 5487/2759 6250/3522 
f 5075/2347 6120/3392 5487/2759 6251/3523 
f 5073/2345 6252/3524 5487/2759 6120/3392 
f 5136/2408 6250/3522 5487/2759 6252/3524 
f 5137/2409 6249/3521 5488/2760 6254/3526 
f 5134/2406 6253/3525 5488/2760 6249/3521 
f 5083/2355 6139/3411 5488/2760 6253/3525 
f 5081/2353 6254/3526 5488/2760 6139/3411 
f 5137/2409 6254/3526 5489/2761 6251/3523 
f 5081/2353 6135/3407 5489/2761 6254/3526 
f 5077/2349 6124/3396 5489/2761 6135/3407 
f 5075/2347 6251/3523 5489/2761 6124/3396 
f 5136/2408 6252/3524 5490/2762 6248/3520 
f 5073/2345 6116/3388 5490/2762 6252/3524 
f 5071/2343 6255/3527 5490/2762 6116/3388 
f 4786/2053 6248/3520 5490/2762 6255/3527 
f 5134/2406 6242/3514 5491/2763 6253/3525 
f 5133/2405 6256/3528 5491/2763 6242/3514 
f 5138/2410 6257/3529 5491/2763 6256/3528 
f 5083/2355 6253/3525 5491/2763 6257/3529 
f 5138/2410 6258/3530 5492/2764 6257/3529 
f 5087/2359 6146/3418 5492/2764 6258/3530 
f 5084/2356 6140/3412 5492/2764 6146/3418 
f 5083/2355 6257/3529 5492/2764 6140/3412 
f 5138/2410 6256/3528 5493/2765 6260/3532 
f 5133/2405 6246/3518 5493/2765 6256/3528 
f 5127/2399 6259/3531 5493/2765 6246/3518 
f 5139/2411 6260/3532 5493/2765 6259/3531 
f 5138/2410 6260/3532 5494/2766 6258/3530 
f 5139/2411 6261/3533 5494/2766 6260/3532 
f 5140/2412 6262/3534 5494/2766 6261/3533 
f 5087/2359 6258/3530 5494/2766 6262/3534 
f 5140/2412 6263/3535 5495/2767 6262/3534 
f 5092/2364 6154/3426 5495/2767 6263/3535 
f 5088/2360 6147/3419 5495/2767 6154/3426 
f 5087/2359 6262/3534 5495/2767 6147/3419 
f 5140/2412 6261/3533 5496/2768 6266/3538 
f 5139/2411 6264/3536 5496/2768 6261/3533 
f 5141/2413 6265/3537 5496/2768 6264/3536 
f 5142/2414 6266/3538 5496/2768 6265/3537 
f 5140/2412 6266/3538 5497/2769 6263/3535 
f 5142/2414 6267/3539 5497/2769 6266/3538 
f 5143/2415 6268/3540 5497/2769 6267/3539 
f 5092/2364 6263/3535 5497/2769 6268/3540 
f 5143/2415 6269/3541 5498/2770 6268/3540 
f 5097/2369 6162/3434 5498/2770 6269/3541 
f 5093/2365 6155/3427 5498/2770 6162/3434 
f 5092/2364 6268/3540 5498/2770 6155/3427 
f 5143/2415 6267/3539 5499/2771 6271/3543 
f 5142/2414 6270/3542 5499/2771 6267/3539 
f 4798/2067 5574/2846 5499/2771 6270/3542 
f 4795/2064 6271/3543 5499/2771 5574/2846 
f 5143/2415 6271/3543 5500/2772 6269/3541 
f 4795/2064 5569/2841 5500/2772 6271/3543 
f 4794/2063 6272/3544 5500/2772 5569/2841 
f 5097/2369 6269/3541 5500/2772 6272/3544 
f 5142/2414 6265/3537 5501/2773 6270/3542 
f 5141/2413 6273/3545 5501/2773 6265/3537 
f 5144/2416 6274/3546 5501/2773 6273/3545 
f 4798/2067 6270/3542 5501/2773 6274/3546 
f 5144/2416 6273/3545 5502/2774 6276/3548 
f 5141/2413 6275/3547 5502/2774 6273/3545 
f 5125/2397 6220/3492 5502/2774 6275/3547 
f 5123/2395 6276/3548 5502/2774 6220/3492 
f 5144/2416 6276/3548 5503/2775 6278/3550 
f 5123/2395 6216/3488 5503/2775 6276/3548 
f 5122/2394 6277/3549 5503/2775 6216/3488 
f 5145/2417 6278/3550 5503/2775 6277/3549 
f 5144/2416 6278/3550 5504/2776 6274/3546 
f 5145/2417 6279/3551 5504/2776 6278/3550 
f 4796/2065 5575/2847 5504/2776 6279/3551 
f 4798/2067 6274/3546 5504/2776 5575/2847 
f 5145/2417 6280/3552 5505/2777 6279/3551 
f 5116/2388 6281/3553 5505/2777 6280/3552 
f 4797/2066 5572/2844 5505/2777 6281/3553 
f 4796/2065 6279/3551 5505/2777 5572/2844 
f 5145/2417 6277/3549 5506/2778 6280/3552 
f 5122/2394 6214/3486 5506/2778 6277/3549 
f 5117/2389 6200/3472 5506/2778 6214/3486 
f 5116/2388 6280/3552 5506/2778 6200/3472 
f 5141/2413 6264/3536 5507/2779 6275/3547 
f 5139/2411 6259/3531 5507/2779 6264/3536 
f 5127/2399 6224/3496 5507/2779 6259/3531 
f 5125/2397 6275/3547 5507/2779 6224/3496 
f 5116/2388 6199/3471 5508/2780 6281/3553 
f 5114/2386 6194/3466 5508/2780 6199/3471 
f 5113/2385 6282/3554 5508/2780 6194/3466 
f 4797/2066 6281/3553 5508/2780 6282/3554 
f 5113/2385 6193/3465 5509/2781 6284/3556 
f 5111/2383 6188/3460 5509/2781 6193/3465 
f 5107/2379 6283/3555 5509/2781 6188/3460 
f 5146/2418 6284/3556 5509/2781 6283/3555 
f 5113/2385 6284/3556 5510/2782 6282/3554 
f 5146/2418 6285/3557 5510/2782 6284/3556 
f 4793/2062 5573/2845 5510/2782 6285/3557 
f 4797/2066 6282/3554 5510/2782 5573/2845 
f 5146/2418 6283/3555 5511/2783 6286/3558 
f 5107/2379 6178/3450 5511/2783 6283/3555 
f 5103/2375 6171/3443 5511/2783 6178/3450 
f 5102/2374 6286/3558 5511/2783 6171/3443 
f 5146/2418 6286/3558 5512/2784 6285/3557 
f 5102/2374 6287/3559 5512/2784 6286/3558 
f 4794/2063 5568/2840 5512/2784 6287/3559 
f 4793/2062 6285/3557 5512/2784 5568/2840 
f 5106/2378 6288/3560 5513/2785 6289/3561 
f 5040/2312 6050/3322 5513/2785 6288/3560 
f 5038/2310 6045/3317 5513/2785 6050/3322 
f 5037/2309 6289/3561 5513/2785 6045/3317 
f 5106/2378 6289/3561 5514/2786 6177/3449 
f 5037/2309 6290/3562 5514/2786 6289/3561 
f 5101/2373 6168/3440 5514/2786 6290/3562 
f 5100/2372 6177/3449 5514/2786 6168/3440 
f 5106/2378 6176/3448 5515/2787 6288/3560 
f 5105/2377 6184/3456 5515/2787 6176/3448 
f 5042/2314 6054/3326 5515/2787 6184/3456 
f 5040/2312 6288/3560 5515/2787 6054/3326 
f 5102/2374 6170/3442 5516/2788 6287/3559 
f 5098/2370 6163/3435 5516/2788 6170/3442 
f 5097/2369 6272/3544 5516/2788 6163/3435 
f 4794/2063 6287/3559 5516/2788 6272/3544 
f 5101/2373 6290/3562 5517/2789 6291/3563 
f 5037/2309 6044/3316 5517/2789 6290/3562 
f 5035/2307 6039/3311 5517/2789 6044/3316 
f 5034/2306 6291/3563 5517/2789 6039/3311 
f 5101/2373 6291/3563 5518/2790 6169/3441 
f 5034/2306 6292/3564 5518/2790 6291/3563 
f 5096/2368 6160/3432 5518/2790 6292/3564 
f 5095/2367 6169/3441 5518/2790 6160/3432 
f 5096/2368 6292/3564 5519/2791 6293/3565 
f 5034/2306 6038/3310 5519/2791 6292/3564 
f 5032/2304 6033/3305 5519/2791 6038/3310 
f 5031/2303 6293/3565 5519/2791 6033/3305 
f 5096/2368 6293/3565 5520/2792 6161/3433 
f 5031/2303 6294/3566 5520/2792 6293/3565 
f 5091/2363 6152/3424 5520/2792 6294/3566 
f 5090/2362 6161/3433 5520/2792 6152/3424 
f 5091/2363 6294/3566 5521/2793 6296/3568 
f 5031/2303 6032/3304 5521/2793 6294/3566 
f 5029/2301 6295/3567 5521/2793 6032/3304 
f 4770/2035 6296/3568 5521/2793 6295/3567 
f 5091/2363 6296/3568 5522/2794 6153/3425 
f 4770/2035 5532/2804 5522/2794 6296/3568 
f 4769/2034 6145/3417 5522/2794 5532/2804 
f 5086/2358 6153/3425 5522/2794 6145/3417 
f 5071/2343 6112/3384 5523/2795 6255/3527 
f 5069/2341 6297/3569 5523/2795 6112/3384 
f 4781/2048 5557/2829 5523/2795 6297/3569 
f 4786/2053 6255/3527 5523/2795 5557/2829 
f 5069/2341 6108/3380 5524/2796 6297/3569 
f 5067/2339 6240/3512 5524/2796 6108/3380 
f 4782/2049 5550/2822 5524/2796 6240/3512 
f 4781/2048 6297/3569 5524/2796 5550/2822 
f 5064/2336 6098/3370 5525/2797 6239/3511 
f 5063/2335 6212/3484 5525/2797 6098/3370 
f 4775/2041 5546/2818 5525/2797 6212/3484 
f 4779/2045 6239/3511 5525/2797 5546/2818 
f 5029/2301 6028/3300 5526/2798 6295/3567 
f 5027/2299 6298/3570 5526/2798 6028/3300 
f 4771/2036 5533/2805 5526/2798 6298/3570 
f 4770/2035 6295/3567 5526/2798 5533/2805 
f 5027/2299 6024/3296 5527/2799 6298/3570 
f 5025/2297 6134/3406 5527/2799 6024/3296 
f 4774/2039 5538/2810 5527/2799 6134/3406 
f 4771/2036 6298/3570 5527/2799 5538/2810 
f 4876/2148 5718/2990 5528/2800 5722/2994 
f 4875/2147 5818/3090 5528/2800 5718/2990 
f 4800/2070 5577/2849 5528/2800 5818/3090 
f 4799/2069 5722/2994 5528/2800 5577/2849 
f 4832/2104 5660/2932 5529/2801 5636/2908 
f 4810/2082 5596/2868 5529/2801 5660/2932 
f 4809/2081 5627/2899 5529/2801 5596/2868 
f 4827/2099 5636/2908 5529/2801 5627/2899 
f 4823/2095 5628/2900 5530/2802 5620/2892 
f 4809/2081 5595/2867 5530/2802 5628/2900 
f 4807/2079 5594/2866 5530/2802 5595/2867 
f 4806/2078 5620/2892 5530/2802 5594/2866 
# 1536 polygons

#
# object DiskOuterHerniated
#

v  -20.350376 11.268667 -0.262741
v  -20.469421 11.336283 -0.229980
v  -31.005678 10.916616 -0.382230
v  -24.878195 10.294077 -1.867234
v  -30.971680 11.059464 -0.556478
v  -21.165901 10.524609 -0.788757
v  -21.080160 10.692207 -0.951280
v  -29.084557 8.946207 -5.031413
v  -20.446352 11.156702 -0.277273
v  -20.373959 10.882513 -0.440407
v  -20.278236 10.963084 -0.509719
v  -20.367805 10.996595 -0.581725
v  -20.436121 11.226356 -0.362327
v  -23.767349 11.102701 -1.474759
v  -23.741253 10.950531 -1.542069
v  -23.599535 10.871280 -1.604465
v  -23.733864 11.006909 -1.626283
v  -20.557207 11.190199 -0.406946
v  -20.583515 11.278507 -0.285906
v  -20.573912 11.098349 -0.281984
v  -31.169044 11.069566 -0.312076
v  -31.360741 10.801929 -0.546571
v  -31.055611 10.724459 -0.533136
v  -30.713760 10.938255 -0.361438
v  -30.751616 11.199281 -0.230028
v  -30.691416 10.695320 -0.550268
v  -24.596918 10.134461 -1.985728
v  -24.390945 10.496931 -1.753119
v  -24.731920 10.548028 -1.719625
v  -25.461027 10.112422 -1.982550
v  -25.443592 9.747014 -2.397962
v  -25.453588 10.449107 -1.748428
v  -31.158220 11.145923 -0.426259
v  -30.742554 11.263643 -0.323159
v  -30.692375 11.095675 -0.539715
v  -30.664019 10.895300 -0.758402
v  -31.015814 10.912515 -0.726604
v  -31.332930 10.899879 -0.645833
v  -21.278126 10.700085 -0.666446
v  -21.462864 10.353605 -1.062978
v  -21.231369 10.264366 -1.078105
v  -21.012791 10.209902 -1.085708
v  -21.003677 10.557467 -0.718205
v  -21.062275 10.802756 -0.518636
v  -20.928791 10.738463 -0.887335
v  -20.945980 10.426967 -1.276425
v  -21.156132 10.449008 -1.260350
v  -21.399616 10.516953 -1.221418
v  -21.203472 10.843672 -0.825573
v  -20.999866 10.946047 -0.690301
v  -29.949558 8.876982 -5.255921
v  -29.616901 8.798713 -6.717221
v  -29.119473 8.841126 -6.625859
v  -29.640015 9.167419 -3.731148
v  -30.243244 9.136117 -3.792630
v  -28.717545 8.876457 -6.618694
v  -28.461348 8.941926 -5.373924
v  -27.917210 9.170962 -4.148291
v  -28.321651 9.252741 -3.561635
v  -27.624294 9.154624 -4.405841
v  -26.367035 9.269525 -3.740989
v  -26.561769 9.307240 -3.462839
v  -28.074148 8.995713 -5.539527
v  -27.345169 9.190956 -4.655113
v  -26.188906 9.317231 -4.011684
v  -24.872854 9.620753 -3.399085
v  -25.005924 9.487666 -3.141317
v  -27.157259 9.378921 -4.832113
v  -26.115135 9.576622 -4.134964
v  -24.998970 9.879855 -3.290513
v  -24.331913 10.182250 -2.442841
v  -24.076435 10.007230 -2.534989
v  -26.230585 9.823676 -3.957509
v  -25.199257 10.028645 -3.048464
v  -24.596157 10.290387 -2.307324
v  -24.410872 10.589743 -1.947024
v  -24.113178 10.502023 -2.006577
v  -25.393406 10.095106 -2.803803
v  -24.917690 10.387079 -2.168667
v  -24.807142 10.663921 -1.897178
v  -24.743896 10.926269 -1.718135
v  -24.335766 10.872099 -1.748039
v  -25.564537 10.453879 -2.053364
v  -25.500679 10.718138 -1.836370
v  -25.476135 10.968316 -1.665208
v  -25.463615 11.251950 -1.479677
v  -24.698193 11.228274 -1.528609
v  -26.636778 10.774296 -1.659662
v  -26.613947 11.020494 -1.488210
v  -26.585297 11.271228 -1.311232
v  -26.565792 11.238369 -1.196221
v  -25.448120 11.273254 -1.335861
v  -27.921770 11.078129 -1.132226
v  -27.859154 11.301481 -0.954533
v  -27.828543 11.237469 -0.870781
v  -27.870838 10.965486 -0.995136
v  -26.589230 10.971954 -1.312427
v  -29.204683 11.313149 -0.548521
v  -29.177822 11.231842 -0.463661
v  -29.215914 10.959408 -0.605776
v  -29.269485 10.702001 -0.776488
v  -27.916113 10.704028 -1.146955
v  -30.208315 11.207098 -0.262484
v  -30.201967 10.942151 -0.403925
v  -30.198074 10.689772 -0.602575
v  -30.223551 10.422284 -0.840653
v  -29.337770 10.440040 -0.980423
v  -30.695147 10.424053 -0.814491
v  -30.727747 10.071894 -1.276611
v  -30.300257 10.103576 -1.226041
v  -31.065098 10.448763 -0.810683
v  -31.070858 10.086930 -1.320120
v  -31.387833 10.521257 -0.848066
v  -31.366362 10.176903 -1.393011
v  -31.277742 9.758625 -2.494604
v  -31.024828 9.608465 -2.418484
v  -30.699957 9.577740 -2.336792
v  -30.941334 9.155548 -3.894437
v  -30.608519 9.124928 -3.828051
v  -30.369091 9.585769 -2.265478
v  -29.747854 9.593213 -2.241935
v  -29.496122 10.133821 -1.324486
v  -28.347191 9.581990 -2.398442
v  -28.094631 10.074743 -1.649208
v  -27.971384 10.434443 -1.328777
v  -26.707901 10.051423 -1.929800
v  -26.645288 10.409195 -1.636962
v  -26.614189 10.698536 -1.457316
v  -25.452944 10.739408 -1.582926
v  -25.450750 11.017218 -1.442670
v  -24.705681 10.785998 -1.592090
v  -24.682335 11.054900 -1.464403
v  -24.673317 11.296093 -1.366161
v  -24.285389 11.051460 -1.475033
v  -24.270704 11.291663 -1.380890
v  -24.282885 11.192181 -1.549626
v  -23.951462 11.238510 -1.409410
v  -23.976582 11.097161 -1.594540
v  -24.034142 10.807440 -1.775774
v  -23.735880 10.726507 -1.790359
v  -23.815577 10.394510 -2.040576
v  -23.584282 10.644447 -1.741991
v  -23.690596 10.287958 -1.977121
v  -24.030804 9.843307 -2.418601
v  -23.903923 10.320993 -1.882687
v  -24.242107 9.898313 -2.234859
v  -25.197878 9.524833 -2.891116
v  -24.427334 9.996297 -2.103038
v  -25.357491 9.596465 -2.667071
v  -26.753521 9.371578 -3.130003
v  -26.830242 9.564553 -2.567626
v  -24.152128 10.405931 -1.811942
v  -24.041054 10.721436 -1.636770
v  -24.317036 10.771406 -1.606534
v  -23.782848 10.664106 -1.681088
v  -23.987064 11.006750 -1.501140
v  -30.686268 8.926099 -5.432524
v  -30.361984 8.881646 -5.353645
v  -30.290173 8.854784 -6.921183
v  -29.991583 8.790060 -6.830903
v  -29.795433 8.840611 -8.376898
v  -29.514723 8.790962 -8.260609
v  -29.201273 8.803975 -8.129898
v  -28.870922 8.882740 -9.642222
v  -28.587704 8.855692 -9.460798
v  -28.256241 8.852180 -9.246254
v  -28.841372 8.830266 -7.991985
v  -27.942526 8.896523 -9.010185
v  -28.497076 8.874434 -7.878085
v  -27.674442 8.977746 -8.797285
v  -28.164284 8.959382 -7.777758
v  -28.324690 8.942900 -6.641450
v  -27.886879 9.140034 -7.697362
v  -28.004210 9.128615 -6.659549
v  -27.777702 9.190585 -5.662267
v  -27.886305 9.469536 -6.664158
v  -27.711889 9.540418 -5.692030
v  -27.180040 9.682358 -4.816379
v  -27.874907 9.837953 -5.618981
v  -27.385433 9.866800 -4.632872
v  -26.409306 9.933516 -3.676217
v  -27.647797 9.942786 -4.422821
v  -26.582472 9.965781 -3.428961
v  -25.815464 10.159488 -2.543941
v  -27.068546 10.000109 -3.086168
v  -26.720884 10.217541 -2.259758
v  -26.664776 10.519658 -1.876184
v  -28.185785 10.306623 -1.896406
v  -28.060196 10.589492 -1.537419
v  -27.980740 10.843098 -1.310475
v  -29.410543 10.659842 -1.167306
v  -29.325111 10.885044 -0.942198
v  -29.263355 11.107841 -0.744661
v  -30.185360 10.888093 -0.798082
v  -30.208038 11.108278 -0.569722
v  -30.219284 11.297894 -0.355576
v  -30.197512 10.666853 -1.045547
v  -30.660730 10.679581 -1.035776
v  -30.268110 10.429645 -1.451148
v  -30.697906 10.445528 -1.487213
v  -31.064730 10.446554 -1.512095
v  -31.038307 10.696119 -1.015106
v  -31.363983 10.365627 -1.488014
v  -31.353266 10.654982 -0.954039
v  -31.067518 10.181471 -2.556772
v  -31.317947 10.021604 -2.560309
v  -31.036177 10.039309 -4.033714
v  -31.197052 9.731433 -4.030715
v  -31.166065 9.395211 -3.977478
v  -30.922812 9.525370 -5.545241
v  -30.889187 9.185201 -5.507639
v  -30.497604 9.425794 -7.004161
v  -30.464483 9.100063 -6.982125
v  -29.995926 9.411557 -8.452403
v  -29.971725 9.101625 -8.442816
v  -29.378838 9.448710 -9.974820
v  -29.307013 9.153908 -9.913884
v  -29.128880 8.946617 -9.804021
v  -28.286018 9.135164 -11.418660
v  -28.105732 8.940530 -11.199772
v  -27.897112 8.898469 -10.935270
v  -26.431019 8.960143 -11.959994
v  -26.356413 8.899716 -11.646436
v  -26.279488 8.885178 -11.268704
v  -27.667479 8.886494 -10.638253
v  -26.172783 8.884409 -10.743866
v  -27.371090 8.888454 -10.238138
v  -26.085670 8.898723 -10.292996
v  -27.133911 8.917521 -9.853528
v  -26.011513 8.958966 -9.906755
v  -26.940027 8.980920 -9.535537
v  -25.955189 9.133890 -9.597457
v  -26.785000 9.156493 -9.283688
v  -27.451611 9.157256 -8.624422
v  -26.713516 9.459368 -9.173433
v  -27.338509 9.448544 -8.539738
v  -27.772110 9.445819 -7.665236
v  -27.433903 9.737980 -8.615084
v  -27.869350 9.744523 -7.695896
v  -28.021778 9.790525 -6.656406
v  -28.118326 9.940153 -7.772779
v  -28.296881 9.990329 -6.645635
v  -28.171328 9.988833 -5.495020
v  -28.650351 10.063272 -6.631552
v  -28.509151 10.035646 -5.355302
v  -27.925213 9.962230 -4.240856
v  -29.041086 10.049380 -5.184360
v  -28.676640 9.977881 -3.826579
v  -28.370739 10.044762 -2.653822
v  -29.960392 10.018476 -3.782784
v  -29.837496 10.114417 -2.388253
v  -29.577446 10.405958 -1.515577
v  -30.383924 10.153311 -2.414795
v  -30.380943 10.057994 -3.887995
v  -30.729597 10.097004 -3.974987
v  -30.735603 10.184598 -2.495337
v  -30.214695 10.071733 -5.396355
v  -30.551531 10.039835 -5.483608
v  -30.818892 9.859130 -5.545624
v  -30.203842 9.981677 -6.929566
v  -30.432524 9.745020 -6.994430
v  -29.753021 9.968213 -8.356775
v  -29.951200 9.722274 -8.432404
v  -29.104946 9.935409 -9.808862
v  -29.290632 9.745700 -9.932299
v  -28.092506 10.019848 -11.179713
v  -28.264536 9.876254 -11.393826
v  -28.343882 9.491138 -11.496249
v  -26.529770 9.863852 -12.208988
v  -26.539745 9.493612 -12.328212
v  -26.496593 9.152967 -12.221250
v  -24.480335 9.489965 -12.293032
v  -24.500877 9.154786 -12.183857
v  -24.559038 8.959545 -11.920689
v  -22.757441 9.152607 -11.303589
v  -22.921759 8.964756 -11.085394
v  -23.117065 8.918586 -10.825099
v  -24.634144 8.901200 -11.606839
v  -23.339659 8.899008 -10.519897
v  -24.711416 8.885496 -11.226489
v  -23.623028 8.898542 -10.136273
v  -24.825512 8.885059 -10.705557
v  -23.849861 8.922988 -9.777009
v  -24.913460 8.898799 -10.267159
v  -24.049150 8.988053 -9.462070
v  -24.992622 8.956905 -9.875289
v  -24.206573 9.158916 -9.218459
v  -25.056381 9.125585 -9.565501
v  -24.277679 9.469696 -9.118954
v  -25.082531 9.462016 -9.446139
v  -25.933468 9.462362 -9.484400
v  -25.057175 9.798301 -9.577183
v  -25.956629 9.784356 -9.607767
v  -26.781044 9.757297 -9.280589
v  -26.013710 9.987668 -9.901953
v  -26.933521 9.949554 -9.527864
v  -27.649178 9.930956 -8.785731
v  -27.122065 10.037156 -9.841255
v  -27.906689 10.020108 -8.991832
v  -28.423506 10.040388 -7.867483
v  -28.205513 10.060254 -9.214947
v  -28.748369 10.072289 -7.974914
v  -29.052097 10.081573 -6.642072
v  -29.118372 10.070218 -8.106393
v  -29.481548 10.089344 -6.720381
v  -29.793892 10.076442 -5.260469
v  -29.905392 10.070340 -6.840874
v  -29.478306 10.053645 -8.243299
v  -28.557314 10.056663 -9.433391
v  -28.859783 10.015360 -9.625854
v  -27.666349 10.070595 -10.616052
v  -27.898705 10.059063 -10.920877
v  -26.288076 10.078389 -11.261504
v  -26.369957 10.066962 -11.638544
v  -26.460197 10.017035 -11.939487
v  -24.631371 10.068173 -11.608932
v  -24.562155 10.014604 -11.926520
v  -24.504349 9.840459 -12.206489
v  -22.919937 10.012349 -11.091292
v  -22.753128 9.842189 -11.316079
v  -22.695253 9.495215 -11.387448
v  -21.618898 9.806784 -9.925527
v  -21.534899 9.494841 -9.984598
v  -21.621284 9.183996 -9.924678
v  -20.773685 9.486020 -8.548433
v  -20.857597 9.155884 -8.510233
v  -21.094196 8.961523 -8.394828
v  -21.823734 9.005621 -9.778134
v  -21.392460 8.908583 -8.245698
v  -22.076740 8.937020 -9.583241
v  -21.740265 8.899300 -8.088818
v  -22.371670 8.908059 -9.364094
v  -22.142599 8.901278 -7.920649
v  -22.714403 8.911381 -9.126074
v  -22.499969 8.925482 -7.782441
v  -23.033302 8.943572 -8.895962
v  -22.828297 8.989551 -7.659124
v  -23.311977 9.004313 -8.693396
v  -23.107616 9.163486 -7.555079
v  -23.552063 9.176107 -8.526561
v  -23.228245 9.480047 -7.509266
v  -23.669449 9.477823 -8.451153
v  -23.097137 9.790889 -7.555805
v  -23.547495 9.776172 -8.529926
v  -24.205425 9.777206 -9.222971
v  -23.307941 9.948702 -8.697734
v  -24.048397 9.961379 -9.461174
v  -24.994259 9.994021 -9.874402
v  -23.848783 10.036252 -9.779027
v  -24.916689 10.064494 -10.255789
v  -26.087429 10.061876 -10.281422
v  -24.822044 10.078175 -10.711916
v  -26.178623 10.078746 -10.738371
v  -27.363138 10.068802 -10.217903
v  -24.710907 10.078052 -11.231598
v  -23.611862 10.063326 -10.148495
v  -23.331940 10.064955 -10.527419
v  -23.115681 10.050013 -10.823938
v  -22.366581 10.051976 -9.367671
v  -22.077805 10.024917 -9.580697
v  -21.819122 9.975862 -9.780010
v  -21.387566 10.055789 -8.245315
v  -21.084377 10.011611 -8.394008
v  -20.846468 9.815721 -8.509659
v  -20.664431 9.979098 -7.010355
v  -20.412144 9.790968 -7.097922
v  -20.332575 9.470707 -7.128545
v  -20.126612 9.745994 -5.848276
v  -20.029072 9.447710 -5.878483
v  -20.155430 9.157689 -5.838622
v  -20.435337 9.158362 -7.097486
v  -20.424202 9.023256 -5.758006
v  -20.682026 8.975694 -7.013435
v  -20.737286 8.976568 -5.664053
v  -21.000650 8.911621 -6.909204
v  -21.079367 8.947530 -5.565295
v  -21.368500 8.890124 -6.797014
v  -21.466396 8.941627 -5.459390
v  -21.793156 8.895729 -6.681034
v  -21.798992 8.947941 -5.369837
v  -22.151596 8.908948 -6.586899
v  -22.118492 8.967762 -5.282592
v  -22.495342 8.954710 -6.494426
v  -22.413692 9.091811 -5.195281
v  -22.795029 9.124987 -6.412127
v  -22.539021 9.403480 -5.143971
v  -22.911144 9.467506 -6.371744
v  -22.374594 9.709083 -5.173111
v  -22.774139 9.807022 -6.394169
v  -22.072601 9.842025 -5.252364
v  -22.474365 9.984900 -6.467657
v  -22.819643 9.971128 -7.660263
v  -22.133959 10.036576 -6.560355
v  -22.495365 10.040940 -7.782653
v  -23.023806 10.020564 -8.904696
v  -22.134308 10.064552 -7.924932
v  -22.705986 10.053028 -9.132332
v  -21.734879 10.065543 -8.091384
v  -21.770145 10.053370 -6.660586
v  -21.342648 10.059480 -6.785892
v  -20.980867 10.037271 -6.904821
v  -21.025055 9.924453 -5.573654
v  -20.698317 9.919816 -5.675646
v  -20.390326 9.893316 -5.767209
v  -20.470343 9.822606 -4.465943
v  -20.183321 9.831509 -4.521615
v  -19.916445 9.731852 -4.566552
v  -20.155598 9.856524 -3.254264
v  -19.925613 9.786246 -3.255885
v  -19.825090 9.558574 -3.222227
v  -19.830730 9.440723 -4.572613
v  -19.954937 9.337337 -3.174578
v  -19.962894 9.166054 -4.536300
v  -20.195465 9.298890 -3.151198
v  -20.225605 9.090424 -4.480013
v  -20.445053 9.282566 -3.127054
v  -20.514948 9.063408 -4.420700
v  -20.702526 9.279533 -3.100591
v  -20.822206 9.045539 -4.355037
v  -20.968239 9.279082 -3.066826
v  -21.137506 9.024888 -4.276046
v  -21.237505 9.274239 -3.022137
v  -21.439552 9.015725 -4.191624
v  -21.504692 9.295275 -2.982311
v  -21.734003 9.024174 -4.112803
v  -21.770618 9.345259 -2.952584
v  -22.020741 9.105228 -4.038963
v  -21.883366 9.509583 -2.979080
v  -22.120491 9.352581 -4.024733
v  -21.707535 9.670494 -3.043902
v  -21.944504 9.563852 -4.084715
v  -21.452431 9.733974 -3.094233
v  -21.675669 9.667914 -4.163433
v  -21.185886 9.773302 -3.141186
v  -21.385088 9.729039 -4.246038
v  -21.749952 9.888553 -5.345752
v  -21.082623 9.767000 -4.329092
v  -21.407970 9.913499 -5.450180
v  -20.761765 9.795341 -4.405653
v  -20.919395 9.802569 -3.182564
v  -20.657404 9.831607 -3.213686
v  -20.404301 9.853998 -3.236879
v  -20.698185 10.090159 -2.049764
v  -20.478130 10.110378 -2.057728
v  -20.264080 10.116711 -2.061948
v  -20.570694 10.456713 -1.252541
v  -20.393360 10.475055 -1.224183
v  -20.228275 10.467172 -1.185477
v  -20.066408 10.074320 -2.044423
v  -20.133919 10.375142 -1.103688
v  -19.972301 9.900767 -1.973351
v  -20.250971 10.257691 -1.028414
v  -20.102673 9.735164 -1.911984
v  -20.436979 10.219010 -1.028146
v  -20.307329 9.709269 -1.904574
v  -20.620712 10.197544 -1.049353
v  -20.523584 9.699437 -1.898542
v  -20.811378 10.193709 -1.072444
v  -20.748867 9.707392 -1.898496
v  -20.988440 9.719868 -1.895433
v  -21.245995 9.741685 -1.892214
v  -21.490437 9.770886 -1.893755
v  -21.720387 10.476954 -1.074210
v  -21.736605 9.827852 -1.913948
v  -21.855742 10.614020 -1.147013
v  -21.862211 9.941862 -1.968709
v  -21.648670 10.596894 -1.188895
v  -21.669914 10.024268 -2.009117
v  -21.430973 10.049311 -2.020548
v  -21.171921 10.056265 -2.030171
v  -20.935951 10.068352 -2.040664
v  -20.755936 10.433634 -1.271765
v  -20.780491 10.737986 -0.881688
v  -20.618290 10.744791 -0.874677
v  -20.826664 10.970941 -0.650268
v  -20.662687 10.981539 -0.630665
v  -20.509926 10.990411 -0.611409
v  -20.459219 10.754658 -0.854742
v  -20.306244 10.754227 -0.817218
v  -20.212139 10.698862 -0.739396
v  -20.318577 10.609441 -0.670869
v  -20.539352 10.843521 -0.432759
v  -20.495899 10.566514 -0.662494
v  -20.698906 10.828410 -0.443717
v  -20.661728 10.550297 -0.676466
v  -20.869619 10.823451 -0.466166
v  -20.832451 10.548580 -0.695670
v  -20.733036 11.101954 -0.270145
v  -20.912163 11.091455 -0.289940
v  -21.150082 11.059774 -0.359868
v  -21.469843 10.930522 -0.571287
v  -20.923914 11.290301 -0.278946
v  -21.173773 11.259869 -0.339164
v  -21.560772 11.127462 -0.584427
v  -21.100212 11.141579 -0.507436
v  -21.397064 11.004603 -0.711591
v  -20.880859 11.169305 -0.451145
v  -20.732738 11.287308 -0.269525
v  -20.704275 11.176147 -0.431933
# 499 vertices

vt 0.000000 0.000000 0.000000
# 1 texture coords

o DiskOuterHerniated
g DiskOuterHerniated
usemtl default
f 6299/3571 6307/3571 6308/3571 6309/3571 
f 6299/3571 6309/3571 6310/3571 6311/3571 
f 6299/3571 6311/3571 6300/3571 6307/3571 
f 6300/3571 6311/3571 6316/3571 6317/3571 
f 6300/3571 6317/3571 6318/3571 6307/3571 
f 6301/3571 6319/3571 6320/3571 6321/3571 
f 6301/3571 6322/3571 6323/3571 6319/3571 
f 6301/3571 6321/3571 6324/3571 6322/3571 
f 6302/3571 6325/3571 6326/3571 6327/3571 
f 6302/3571 6328/3571 6329/3571 6325/3571 
f 6302/3571 6327/3571 6330/3571 6328/3571 
f 6303/3571 6331/3571 6332/3571 6333/3571 
f 6303/3571 6333/3571 6334/3571 6335/3571 
f 6303/3571 6335/3571 6336/3571 6331/3571 
f 6304/3571 6337/3571 6338/3571 6339/3571 
f 6304/3571 6339/3571 6340/3571 6341/3571 
f 6304/3571 6341/3571 6342/3571 6337/3571 
f 6305/3571 6343/3571 6344/3571 6345/3571 
f 6305/3571 6345/3571 6346/3571 6347/3571 
f 6305/3571 6347/3571 6348/3571 6343/3571 
f 6306/3571 6349/3571 6350/3571 6351/3571 
f 6306/3571 6352/3571 6353/3571 6349/3571 
f 6306/3571 6351/3571 6354/3571 6355/3571 
f 6306/3571 6356/3571 6357/3571 6352/3571 
f 6306/3571 6355/3571 6358/3571 6356/3571 
f 6358/3571 6359/3571 6360/3571 6356/3571 
f 6358/3571 6355/3571 6361/3571 6362/3571 
f 6358/3571 6362/3571 6363/3571 6359/3571 
f 6363/3571 6364/3571 6365/3571 6359/3571 
f 6363/3571 6362/3571 6366/3571 6367/3571 
f 6363/3571 6367/3571 6368/3571 6364/3571 
f 6368/3571 6369/3571 6370/3571 6364/3571 
f 6368/3571 6367/3571 6371/3571 6372/3571 
f 6368/3571 6372/3571 6373/3571 6369/3571 
f 6373/3571 6374/3571 6375/3571 6369/3571 
f 6373/3571 6372/3571 6376/3571 6377/3571 
f 6373/3571 6377/3571 6378/3571 6374/3571 
f 6378/3571 6379/3571 6380/3571 6374/3571 
f 6378/3571 6377/3571 6381/3571 6382/3571 
f 6378/3571 6382/3571 6383/3571 6379/3571 
f 6383/3571 6384/3571 6385/3571 6379/3571 
f 6383/3571 6382/3571 6386/3571 6387/3571 
f 6383/3571 6387/3571 6388/3571 6384/3571 
f 6388/3571 6389/3571 6390/3571 6384/3571 
f 6388/3571 6387/3571 6391/3571 6392/3571 
f 6388/3571 6392/3571 6393/3571 6389/3571 
f 6393/3571 6394/3571 6395/3571 6389/3571 
f 6393/3571 6392/3571 6396/3571 6397/3571 
f 6393/3571 6397/3571 6398/3571 6394/3571 
f 6398/3571 6399/3571 6400/3571 6394/3571 
f 6398/3571 6397/3571 6401/3571 6402/3571 
f 6398/3571 6402/3571 6403/3571 6399/3571 
f 6403/3571 6404/3571 6405/3571 6399/3571 
f 6403/3571 6402/3571 6322/3571 6324/3571 
f 6403/3571 6324/3571 6406/3571 6404/3571 
f 6406/3571 6407/3571 6408/3571 6404/3571 
f 6406/3571 6324/3571 6321/3571 6409/3571 
f 6406/3571 6409/3571 6410/3571 6407/3571 
f 6410/3571 6409/3571 6411/3571 6412/3571 
f 6410/3571 6412/3571 6413/3571 6414/3571 
f 6410/3571 6414/3571 6415/3571 6407/3571 
f 6415/3571 6414/3571 6416/3571 6417/3571 
f 6415/3571 6417/3571 6353/3571 6418/3571 
f 6415/3571 6418/3571 6408/3571 6407/3571 
f 6418/3571 6353/3571 6352/3571 6419/3571 
f 6418/3571 6419/3571 6420/3571 6408/3571 
f 6420/3571 6419/3571 6421/3571 6422/3571 
f 6420/3571 6422/3571 6423/3571 6405/3571 
f 6420/3571 6405/3571 6404/3571 6408/3571 
f 6423/3571 6422/3571 6424/3571 6425/3571 
f 6423/3571 6425/3571 6426/3571 6400/3571 
f 6423/3571 6400/3571 6399/3571 6405/3571 
f 6426/3571 6425/3571 6330/3571 6427/3571 
f 6426/3571 6427/3571 6428/3571 6395/3571 
f 6426/3571 6395/3571 6394/3571 6400/3571 
f 6428/3571 6427/3571 6429/3571 6430/3571 
f 6428/3571 6430/3571 6431/3571 6390/3571 
f 6428/3571 6390/3571 6389/3571 6395/3571 
f 6431/3571 6430/3571 6432/3571 6433/3571 
f 6431/3571 6433/3571 6434/3571 6385/3571 
f 6431/3571 6385/3571 6384/3571 6390/3571 
f 6434/3571 6433/3571 6435/3571 6436/3571 
f 6434/3571 6436/3571 6437/3571 6380/3571 
f 6434/3571 6380/3571 6379/3571 6385/3571 
f 6437/3571 6436/3571 6315/3571 6438/3571 
f 6437/3571 6438/3571 6439/3571 6375/3571 
f 6437/3571 6375/3571 6374/3571 6380/3571 
f 6439/3571 6438/3571 6440/3571 6441/3571 
f 6439/3571 6441/3571 6442/3571 6370/3571 
f 6439/3571 6370/3571 6369/3571 6375/3571 
f 6442/3571 6441/3571 6443/3571 6444/3571 
f 6442/3571 6444/3571 6445/3571 6365/3571 
f 6442/3571 6365/3571 6364/3571 6370/3571 
f 6445/3571 6444/3571 6446/3571 6447/3571 
f 6445/3571 6447/3571 6448/3571 6360/3571 
f 6445/3571 6360/3571 6359/3571 6365/3571 
f 6448/3571 6447/3571 6329/3571 6449/3571 
f 6448/3571 6449/3571 6421/3571 6357/3571 
f 6448/3571 6357/3571 6356/3571 6360/3571 
f 6449/3571 6329/3571 6328/3571 6424/3571 
f 6449/3571 6424/3571 6422/3571 6421/3571 
f 6447/3571 6446/3571 6325/3571 6329/3571 
f 6446/3571 6450/3571 6326/3571 6325/3571 
f 6446/3571 6444/3571 6443/3571 6450/3571 
f 6450/3571 6451/3571 6452/3571 6326/3571 
f 6450/3571 6443/3571 6453/3571 6451/3571 
f 6453/3571 6313/3571 6454/3571 6451/3571 
f 6453/3571 6443/3571 6441/3571 6440/3571 
f 6453/3571 6440/3571 6314/3571 6313/3571 
f 6454/3571 6313/3571 6312/3571 6435/3571 
f 6454/3571 6435/3571 6433/3571 6432/3571 
f 6454/3571 6432/3571 6452/3571 6451/3571 
f 6452/3571 6432/3571 6430/3571 6429/3571 
f 6452/3571 6429/3571 6327/3571 6326/3571 
f 6440/3571 6438/3571 6315/3571 6314/3571 
f 6436/3571 6435/3571 6312/3571 6315/3571 
f 6429/3571 6427/3571 6330/3571 6327/3571 
f 6425/3571 6424/3571 6328/3571 6330/3571 
f 6421/3571 6419/3571 6352/3571 6357/3571 
f 6417/3571 6416/3571 6455/3571 6456/3571 
f 6417/3571 6456/3571 6349/3571 6353/3571 
f 6456/3571 6455/3571 6457/3571 6458/3571 
f 6456/3571 6458/3571 6350/3571 6349/3571 
f 6458/3571 6457/3571 6459/3571 6460/3571 
f 6458/3571 6460/3571 6461/3571 6350/3571 
f 6461/3571 6460/3571 6462/3571 6463/3571 
f 6461/3571 6463/3571 6464/3571 6465/3571 
f 6461/3571 6465/3571 6351/3571 6350/3571 
f 6465/3571 6464/3571 6466/3571 6467/3571 
f 6465/3571 6467/3571 6354/3571 6351/3571 
f 6467/3571 6466/3571 6468/3571 6469/3571 
f 6467/3571 6469/3571 6470/3571 6354/3571 
f 6470/3571 6361/3571 6355/3571 6354/3571 
f 6470/3571 6469/3571 6471/3571 6472/3571 
f 6470/3571 6472/3571 6473/3571 6361/3571 
f 6473/3571 6366/3571 6362/3571 6361/3571 
f 6473/3571 6472/3571 6474/3571 6475/3571 
f 6473/3571 6475/3571 6476/3571 6366/3571 
f 6476/3571 6371/3571 6367/3571 6366/3571 
f 6476/3571 6475/3571 6477/3571 6478/3571 
f 6476/3571 6478/3571 6479/3571 6371/3571 
f 6479/3571 6376/3571 6372/3571 6371/3571 
f 6479/3571 6478/3571 6480/3571 6481/3571 
f 6479/3571 6481/3571 6482/3571 6376/3571 
f 6482/3571 6381/3571 6377/3571 6376/3571 
f 6482/3571 6481/3571 6483/3571 6484/3571 
f 6482/3571 6484/3571 6485/3571 6381/3571 
f 6485/3571 6386/3571 6382/3571 6381/3571 
f 6485/3571 6484/3571 6486/3571 6487/3571 
f 6485/3571 6487/3571 6488/3571 6386/3571 
f 6488/3571 6391/3571 6387/3571 6386/3571 
f 6488/3571 6487/3571 6489/3571 6490/3571 
f 6488/3571 6490/3571 6491/3571 6391/3571 
f 6491/3571 6396/3571 6392/3571 6391/3571 
f 6491/3571 6490/3571 6492/3571 6493/3571 
f 6491/3571 6493/3571 6494/3571 6396/3571 
f 6494/3571 6401/3571 6397/3571 6396/3571 
f 6494/3571 6493/3571 6333/3571 6332/3571 
f 6494/3571 6332/3571 6323/3571 6401/3571 
f 6493/3571 6492/3571 6334/3571 6333/3571 
f 6492/3571 6490/3571 6489/3571 6495/3571 
f 6492/3571 6495/3571 6496/3571 6334/3571 
f 6496/3571 6495/3571 6497/3571 6498/3571 
f 6496/3571 6498/3571 6499/3571 6500/3571 
f 6496/3571 6500/3571 6335/3571 6334/3571 
f 6500/3571 6499/3571 6501/3571 6502/3571 
f 6500/3571 6502/3571 6336/3571 6335/3571 
f 6502/3571 6501/3571 6412/3571 6411/3571 
f 6502/3571 6411/3571 6320/3571 6336/3571 
f 6501/3571 6499/3571 6503/3571 6504/3571 
f 6501/3571 6504/3571 6413/3571 6412/3571 
f 6504/3571 6503/3571 6505/3571 6506/3571 
f 6504/3571 6506/3571 6507/3571 6413/3571 
f 6507/3571 6506/3571 6508/3571 6509/3571 
f 6507/3571 6509/3571 6455/3571 6416/3571 
f 6507/3571 6416/3571 6414/3571 6413/3571 
f 6509/3571 6508/3571 6510/3571 6511/3571 
f 6509/3571 6511/3571 6457/3571 6455/3571 
f 6511/3571 6510/3571 6512/3571 6513/3571 
f 6511/3571 6513/3571 6459/3571 6457/3571 
f 6513/3571 6512/3571 6514/3571 6515/3571 
f 6513/3571 6515/3571 6516/3571 6459/3571 
f 6516/3571 6515/3571 6517/3571 6518/3571 
f 6516/3571 6518/3571 6519/3571 6462/3571 
f 6516/3571 6462/3571 6460/3571 6459/3571 
f 6519/3571 6518/3571 6520/3571 6521/3571 
f 6519/3571 6521/3571 6522/3571 6523/3571 
f 6519/3571 6523/3571 6463/3571 6462/3571 
f 6523/3571 6522/3571 6524/3571 6525/3571 
f 6523/3571 6525/3571 6464/3571 6463/3571 
f 6525/3571 6524/3571 6526/3571 6527/3571 
f 6525/3571 6527/3571 6466/3571 6464/3571 
f 6527/3571 6526/3571 6528/3571 6529/3571 
f 6527/3571 6529/3571 6468/3571 6466/3571 
f 6529/3571 6528/3571 6530/3571 6531/3571 
f 6529/3571 6531/3571 6532/3571 6468/3571 
f 6532/3571 6471/3571 6469/3571 6468/3571 
f 6532/3571 6531/3571 6533/3571 6534/3571 
f 6532/3571 6534/3571 6535/3571 6471/3571 
f 6535/3571 6474/3571 6472/3571 6471/3571 
f 6535/3571 6534/3571 6536/3571 6537/3571 
f 6535/3571 6537/3571 6538/3571 6474/3571 
f 6538/3571 6477/3571 6475/3571 6474/3571 
f 6538/3571 6537/3571 6539/3571 6540/3571 
f 6538/3571 6540/3571 6541/3571 6477/3571 
f 6541/3571 6480/3571 6478/3571 6477/3571 
f 6541/3571 6540/3571 6542/3571 6543/3571 
f 6541/3571 6543/3571 6544/3571 6480/3571 
f 6544/3571 6483/3571 6481/3571 6480/3571 
f 6544/3571 6543/3571 6545/3571 6546/3571 
f 6544/3571 6546/3571 6547/3571 6483/3571 
f 6547/3571 6486/3571 6484/3571 6483/3571 
f 6547/3571 6546/3571 6548/3571 6549/3571 
f 6547/3571 6549/3571 6550/3571 6486/3571 
f 6550/3571 6489/3571 6487/3571 6486/3571 
f 6550/3571 6549/3571 6551/3571 6497/3571 
f 6550/3571 6497/3571 6495/3571 6489/3571 
f 6551/3571 6549/3571 6548/3571 6552/3571 
f 6551/3571 6552/3571 6553/3571 6554/3571 
f 6551/3571 6554/3571 6498/3571 6497/3571 
f 6554/3571 6553/3571 6505/3571 6503/3571 
f 6554/3571 6503/3571 6499/3571 6498/3571 
f 6553/3571 6552/3571 6555/3571 6556/3571 
f 6553/3571 6556/3571 6557/3571 6505/3571 
f 6557/3571 6556/3571 6558/3571 6559/3571 
f 6557/3571 6559/3571 6510/3571 6508/3571 
f 6557/3571 6508/3571 6506/3571 6505/3571 
f 6559/3571 6558/3571 6560/3571 6561/3571 
f 6559/3571 6561/3571 6512/3571 6510/3571 
f 6561/3571 6560/3571 6562/3571 6563/3571 
f 6561/3571 6563/3571 6514/3571 6512/3571 
f 6563/3571 6562/3571 6564/3571 6565/3571 
f 6563/3571 6565/3571 6566/3571 6514/3571 
f 6566/3571 6565/3571 6567/3571 6568/3571 
f 6566/3571 6568/3571 6569/3571 6517/3571 
f 6566/3571 6517/3571 6515/3571 6514/3571 
f 6569/3571 6568/3571 6570/3571 6571/3571 
f 6569/3571 6571/3571 6572/3571 6520/3571 
f 6569/3571 6520/3571 6518/3571 6517/3571 
f 6572/3571 6571/3571 6573/3571 6574/3571 
f 6572/3571 6574/3571 6575/3571 6576/3571 
f 6572/3571 6576/3571 6521/3571 6520/3571 
f 6576/3571 6575/3571 6577/3571 6578/3571 
f 6576/3571 6578/3571 6522/3571 6521/3571 
f 6578/3571 6577/3571 6579/3571 6580/3571 
f 6578/3571 6580/3571 6524/3571 6522/3571 
f 6580/3571 6579/3571 6581/3571 6582/3571 
f 6580/3571 6582/3571 6526/3571 6524/3571 
f 6582/3571 6581/3571 6583/3571 6584/3571 
f 6582/3571 6584/3571 6528/3571 6526/3571 
f 6584/3571 6583/3571 6585/3571 6586/3571 
f 6584/3571 6586/3571 6530/3571 6528/3571 
f 6586/3571 6585/3571 6587/3571 6588/3571 
f 6586/3571 6588/3571 6589/3571 6530/3571 
f 6589/3571 6533/3571 6531/3571 6530/3571 
f 6589/3571 6588/3571 6590/3571 6591/3571 
f 6589/3571 6591/3571 6592/3571 6533/3571 
f 6592/3571 6536/3571 6534/3571 6533/3571 
f 6592/3571 6591/3571 6593/3571 6594/3571 
f 6592/3571 6594/3571 6595/3571 6536/3571 
f 6595/3571 6539/3571 6537/3571 6536/3571 
f 6595/3571 6594/3571 6596/3571 6597/3571 
f 6595/3571 6597/3571 6598/3571 6539/3571 
f 6598/3571 6542/3571 6540/3571 6539/3571 
f 6598/3571 6597/3571 6599/3571 6600/3571 
f 6598/3571 6600/3571 6601/3571 6542/3571 
f 6601/3571 6545/3571 6543/3571 6542/3571 
f 6601/3571 6600/3571 6602/3571 6603/3571 
f 6601/3571 6603/3571 6604/3571 6545/3571 
f 6604/3571 6548/3571 6546/3571 6545/3571 
f 6604/3571 6603/3571 6605/3571 6555/3571 
f 6604/3571 6555/3571 6552/3571 6548/3571 
f 6605/3571 6603/3571 6602/3571 6606/3571 
f 6605/3571 6606/3571 6560/3571 6558/3571 
f 6605/3571 6558/3571 6556/3571 6555/3571 
f 6606/3571 6602/3571 6607/3571 6608/3571 
f 6606/3571 6608/3571 6562/3571 6560/3571 
f 6608/3571 6607/3571 6609/3571 6610/3571 
f 6608/3571 6610/3571 6564/3571 6562/3571 
f 6610/3571 6609/3571 6611/3571 6612/3571 
f 6610/3571 6612/3571 6613/3571 6564/3571 
f 6613/3571 6612/3571 6614/3571 6615/3571 
f 6613/3571 6615/3571 6616/3571 6567/3571 
f 6613/3571 6567/3571 6565/3571 6564/3571 
f 6616/3571 6615/3571 6617/3571 6618/3571 
f 6616/3571 6618/3571 6619/3571 6570/3571 
f 6616/3571 6570/3571 6568/3571 6567/3571 
f 6619/3571 6618/3571 6620/3571 6621/3571 
f 6619/3571 6621/3571 6622/3571 6573/3571 
f 6619/3571 6573/3571 6571/3571 6570/3571 
f 6622/3571 6621/3571 6623/3571 6624/3571 
f 6622/3571 6624/3571 6625/3571 6626/3571 
f 6622/3571 6626/3571 6574/3571 6573/3571 
f 6626/3571 6625/3571 6627/3571 6628/3571 
f 6626/3571 6628/3571 6575/3571 6574/3571 
f 6628/3571 6627/3571 6629/3571 6630/3571 
f 6628/3571 6630/3571 6577/3571 6575/3571 
f 6630/3571 6629/3571 6631/3571 6632/3571 
f 6630/3571 6632/3571 6579/3571 6577/3571 
f 6632/3571 6631/3571 6633/3571 6634/3571 
f 6632/3571 6634/3571 6581/3571 6579/3571 
f 6634/3571 6633/3571 6635/3571 6636/3571 
f 6634/3571 6636/3571 6583/3571 6581/3571 
f 6636/3571 6635/3571 6637/3571 6638/3571 
f 6636/3571 6638/3571 6585/3571 6583/3571 
f 6638/3571 6637/3571 6639/3571 6640/3571 
f 6638/3571 6640/3571 6587/3571 6585/3571 
f 6640/3571 6639/3571 6641/3571 6642/3571 
f 6640/3571 6642/3571 6643/3571 6587/3571 
f 6643/3571 6590/3571 6588/3571 6587/3571 
f 6643/3571 6642/3571 6644/3571 6645/3571 
f 6643/3571 6645/3571 6646/3571 6590/3571 
f 6646/3571 6593/3571 6591/3571 6590/3571 
f 6646/3571 6645/3571 6647/3571 6648/3571 
f 6646/3571 6648/3571 6649/3571 6593/3571 
f 6649/3571 6596/3571 6594/3571 6593/3571 
f 6649/3571 6648/3571 6650/3571 6651/3571 
f 6649/3571 6651/3571 6652/3571 6596/3571 
f 6652/3571 6599/3571 6597/3571 6596/3571 
f 6652/3571 6651/3571 6611/3571 6609/3571 
f 6652/3571 6609/3571 6607/3571 6599/3571 
f 6651/3571 6650/3571 6653/3571 6611/3571 
f 6653/3571 6650/3571 6654/3571 6655/3571 
f 6653/3571 6655/3571 6656/3571 6614/3571 
f 6653/3571 6614/3571 6612/3571 6611/3571 
f 6656/3571 6655/3571 6657/3571 6658/3571 
f 6656/3571 6658/3571 6659/3571 6617/3571 
f 6656/3571 6617/3571 6615/3571 6614/3571 
f 6659/3571 6658/3571 6660/3571 6661/3571 
f 6659/3571 6661/3571 6662/3571 6620/3571 
f 6659/3571 6620/3571 6618/3571 6617/3571 
f 6662/3571 6661/3571 6663/3571 6664/3571 
f 6662/3571 6664/3571 6665/3571 6623/3571 
f 6662/3571 6623/3571 6621/3571 6620/3571 
f 6665/3571 6664/3571 6666/3571 6667/3571 
f 6665/3571 6667/3571 6668/3571 6669/3571 
f 6665/3571 6669/3571 6624/3571 6623/3571 
f 6669/3571 6668/3571 6670/3571 6671/3571 
f 6669/3571 6671/3571 6625/3571 6624/3571 
f 6671/3571 6670/3571 6672/3571 6673/3571 
f 6671/3571 6673/3571 6627/3571 6625/3571 
f 6673/3571 6672/3571 6674/3571 6675/3571 
f 6673/3571 6675/3571 6629/3571 6627/3571 
f 6675/3571 6674/3571 6676/3571 6677/3571 
f 6675/3571 6677/3571 6631/3571 6629/3571 
f 6677/3571 6676/3571 6678/3571 6679/3571 
f 6677/3571 6679/3571 6633/3571 6631/3571 
f 6679/3571 6678/3571 6680/3571 6681/3571 
f 6679/3571 6681/3571 6635/3571 6633/3571 
f 6681/3571 6680/3571 6682/3571 6683/3571 
f 6681/3571 6683/3571 6637/3571 6635/3571 
f 6683/3571 6682/3571 6684/3571 6685/3571 
f 6683/3571 6685/3571 6639/3571 6637/3571 
f 6685/3571 6684/3571 6686/3571 6687/3571 
f 6685/3571 6687/3571 6641/3571 6639/3571 
f 6687/3571 6686/3571 6688/3571 6689/3571 
f 6687/3571 6689/3571 6690/3571 6641/3571 
f 6690/3571 6644/3571 6642/3571 6641/3571 
f 6690/3571 6689/3571 6691/3571 6692/3571 
f 6690/3571 6692/3571 6693/3571 6644/3571 
f 6693/3571 6647/3571 6645/3571 6644/3571 
f 6693/3571 6692/3571 6694/3571 6695/3571 
f 6693/3571 6695/3571 6654/3571 6647/3571 
f 6695/3571 6694/3571 6696/3571 6657/3571 
f 6695/3571 6657/3571 6655/3571 6654/3571 
f 6696/3571 6694/3571 6697/3571 6698/3571 
f 6696/3571 6698/3571 6699/3571 6660/3571 
f 6696/3571 6660/3571 6658/3571 6657/3571 
f 6699/3571 6698/3571 6700/3571 6701/3571 
f 6699/3571 6701/3571 6702/3571 6663/3571 
f 6699/3571 6663/3571 6661/3571 6660/3571 
f 6702/3571 6701/3571 6703/3571 6704/3571 
f 6702/3571 6704/3571 6705/3571 6666/3571 
f 6702/3571 6666/3571 6664/3571 6663/3571 
f 6705/3571 6704/3571 6706/3571 6707/3571 
f 6705/3571 6707/3571 6708/3571 6709/3571 
f 6705/3571 6709/3571 6667/3571 6666/3571 
f 6709/3571 6708/3571 6710/3571 6711/3571 
f 6709/3571 6711/3571 6668/3571 6667/3571 
f 6711/3571 6710/3571 6712/3571 6713/3571 
f 6711/3571 6713/3571 6670/3571 6668/3571 
f 6713/3571 6712/3571 6714/3571 6715/3571 
f 6713/3571 6715/3571 6672/3571 6670/3571 
f 6715/3571 6714/3571 6716/3571 6717/3571 
f 6715/3571 6717/3571 6674/3571 6672/3571 
f 6717/3571 6716/3571 6718/3571 6719/3571 
f 6717/3571 6719/3571 6676/3571 6674/3571 
f 6719/3571 6718/3571 6720/3571 6721/3571 
f 6719/3571 6721/3571 6678/3571 6676/3571 
f 6721/3571 6720/3571 6722/3571 6723/3571 
f 6721/3571 6723/3571 6680/3571 6678/3571 
f 6723/3571 6722/3571 6724/3571 6725/3571 
f 6723/3571 6725/3571 6682/3571 6680/3571 
f 6725/3571 6724/3571 6726/3571 6727/3571 
f 6725/3571 6727/3571 6684/3571 6682/3571 
f 6727/3571 6726/3571 6728/3571 6729/3571 
f 6727/3571 6729/3571 6686/3571 6684/3571 
f 6729/3571 6728/3571 6730/3571 6731/3571 
f 6729/3571 6731/3571 6688/3571 6686/3571 
f 6731/3571 6730/3571 6732/3571 6733/3571 
f 6731/3571 6733/3571 6734/3571 6688/3571 
f 6734/3571 6691/3571 6689/3571 6688/3571 
f 6734/3571 6733/3571 6735/3571 6736/3571 
f 6734/3571 6736/3571 6697/3571 6691/3571 
f 6736/3571 6735/3571 6737/3571 6700/3571 
f 6736/3571 6700/3571 6698/3571 6697/3571 
f 6737/3571 6735/3571 6738/3571 6739/3571 
f 6737/3571 6739/3571 6740/3571 6703/3571 
f 6737/3571 6703/3571 6701/3571 6700/3571 
f 6740/3571 6739/3571 6741/3571 6742/3571 
f 6740/3571 6742/3571 6743/3571 6706/3571 
f 6740/3571 6706/3571 6704/3571 6703/3571 
f 6743/3571 6742/3571 6744/3571 6745/3571 
f 6743/3571 6745/3571 6746/3571 6747/3571 
f 6743/3571 6747/3571 6707/3571 6706/3571 
f 6747/3571 6746/3571 6748/3571 6749/3571 
f 6747/3571 6749/3571 6708/3571 6707/3571 
f 6749/3571 6748/3571 6750/3571 6751/3571 
f 6749/3571 6751/3571 6710/3571 6708/3571 
f 6751/3571 6750/3571 6752/3571 6753/3571 
f 6751/3571 6753/3571 6712/3571 6710/3571 
f 6753/3571 6752/3571 6754/3571 6755/3571 
f 6753/3571 6755/3571 6714/3571 6712/3571 
f 6755/3571 6754/3571 6756/3571 6757/3571 
f 6755/3571 6757/3571 6716/3571 6714/3571 
f 6757/3571 6756/3571 6340/3571 6758/3571 
f 6757/3571 6758/3571 6718/3571 6716/3571 
f 6758/3571 6340/3571 6339/3571 6759/3571 
f 6758/3571 6759/3571 6720/3571 6718/3571 
f 6759/3571 6339/3571 6338/3571 6760/3571 
f 6759/3571 6760/3571 6722/3571 6720/3571 
f 6760/3571 6338/3571 6761/3571 6762/3571 
f 6760/3571 6762/3571 6724/3571 6722/3571 
f 6762/3571 6761/3571 6763/3571 6764/3571 
f 6762/3571 6764/3571 6726/3571 6724/3571 
f 6764/3571 6763/3571 6765/3571 6766/3571 
f 6764/3571 6766/3571 6728/3571 6726/3571 
f 6766/3571 6765/3571 6346/3571 6767/3571 
f 6766/3571 6767/3571 6730/3571 6728/3571 
f 6767/3571 6346/3571 6345/3571 6768/3571 
f 6767/3571 6768/3571 6732/3571 6730/3571 
f 6768/3571 6345/3571 6344/3571 6769/3571 
f 6768/3571 6769/3571 6738/3571 6732/3571 
f 6769/3571 6344/3571 6770/3571 6741/3571 
f 6769/3571 6741/3571 6739/3571 6738/3571 
f 6770/3571 6344/3571 6343/3571 6771/3571 
f 6770/3571 6771/3571 6772/3571 6744/3571 
f 6770/3571 6744/3571 6742/3571 6741/3571 
f 6772/3571 6771/3571 6773/3571 6774/3571 
f 6772/3571 6774/3571 6775/3571 6776/3571 
f 6772/3571 6776/3571 6745/3571 6744/3571 
f 6776/3571 6775/3571 6310/3571 6777/3571 
f 6776/3571 6777/3571 6746/3571 6745/3571 
f 6777/3571 6310/3571 6309/3571 6778/3571 
f 6777/3571 6778/3571 6748/3571 6746/3571 
f 6778/3571 6309/3571 6308/3571 6779/3571 
f 6778/3571 6779/3571 6750/3571 6748/3571 
f 6779/3571 6308/3571 6780/3571 6781/3571 
f 6779/3571 6781/3571 6752/3571 6750/3571 
f 6781/3571 6780/3571 6782/3571 6783/3571 
f 6781/3571 6783/3571 6754/3571 6752/3571 
f 6783/3571 6782/3571 6784/3571 6785/3571 
f 6783/3571 6785/3571 6756/3571 6754/3571 
f 6785/3571 6784/3571 6342/3571 6341/3571 
f 6785/3571 6341/3571 6340/3571 6756/3571 
f 6784/3571 6782/3571 6786/3571 6787/3571 
f 6784/3571 6787/3571 6788/3571 6342/3571 
f 6788/3571 6789/3571 6337/3571 6342/3571 
f 6788/3571 6787/3571 6790/3571 6791/3571 
f 6788/3571 6791/3571 6792/3571 6789/3571 
f 6792/3571 6763/3571 6761/3571 6789/3571 
f 6792/3571 6791/3571 6793/3571 6794/3571 
f 6792/3571 6794/3571 6765/3571 6763/3571 
f 6794/3571 6793/3571 6348/3571 6347/3571 
f 6794/3571 6347/3571 6346/3571 6765/3571 
f 6793/3571 6791/3571 6790/3571 6795/3571 
f 6793/3571 6795/3571 6773/3571 6348/3571 
f 6795/3571 6790/3571 6796/3571 6797/3571 
f 6795/3571 6797/3571 6774/3571 6773/3571 
f 6797/3571 6796/3571 6317/3571 6316/3571 
f 6797/3571 6316/3571 6775/3571 6774/3571 
f 6796/3571 6790/3571 6787/3571 6786/3571 
f 6796/3571 6786/3571 6318/3571 6317/3571 
f 6789/3571 6761/3571 6338/3571 6337/3571 
f 6786/3571 6782/3571 6780/3571 6318/3571 
f 6780/3571 6308/3571 6307/3571 6318/3571 
f 6775/3571 6316/3571 6311/3571 6310/3571 
f 6773/3571 6771/3571 6343/3571 6348/3571 
f 6738/3571 6735/3571 6733/3571 6732/3571 
f 6697/3571 6694/3571 6692/3571 6691/3571 
f 6654/3571 6650/3571 6648/3571 6647/3571 
f 6607/3571 6602/3571 6600/3571 6599/3571 
f 6411/3571 6409/3571 6321/3571 6320/3571 
f 6402/3571 6401/3571 6323/3571 6322/3571 
f 6336/3571 6320/3571 6319/3571 6331/3571 
f 6332/3571 6331/3571 6319/3571 6323/3571 
f 6312/3571 6313/3571 6314/3571 6315/3571 
# 497 polygons

